filename,field,crop_index,p_low,p_high,source_count
J0225.9-4154_aFix_pol_I_Farcsec_5pln_cor_crop_0173.npy,J0225.9-4154_aFix_pol_I_Farcsec_5pln_cor,173,-1.4831659427727573e-05,3.976373773184605e-05,
J0540.1-4050_aFix_pol_I_Farcsec_5pln_cor_crop_0066.npy,J0540.1-4050_aFix_pol_I_Farcsec_5pln_cor,66,-1.9781218725256625e-05,3.538576129358262e-05,
J0637.3-4828_aFix_pol_I_Farcsec_5pln_cor_crop_0201.npy,J0637.3-4828_aFix_pol_I_Farcsec_5pln_cor,201,-1.5409788829856552e-05,3.9739050407661125e-05,
J0607.0-4928_aFix_pol_I_Farcsec_5pln_cor_crop_0202.npy,J0607.0-4928_aFix_pol_I_Farcsec_5pln_cor,202,-1.727664130157791e-05,3.109658064204268e-05,
Abell_3376copy_aFix_pol_I_Farcsec_5pln_cor_crop_0176.npy,Abell_3376copy_aFix_pol_I_Farcsec_5pln_cor,176,-1.6748330381233245e-05,4.895990059594624e-05,
J0510.2-4519_aFix_pol_I_Farcsec_5pln_cor_crop_0172.npy,J0510.2-4519_aFix_pol_I_Farcsec_5pln_cor,172,-1.650593003432732e-05,3.797405952354893e-05,
J0328.6-5542_aFix_pol_I_Farcsec_5pln_cor_crop_0193.npy,J0328.6-5542_aFix_pol_I_Farcsec_5pln_cor,193,-1.7376105461153202e-05,3.237917189835571e-05,
J1248.7-4118_aFix_pol_I_Farcsec_5pln_cor_crop_0081.npy,J1248.7-4118_aFix_pol_I_Farcsec_5pln_cor,81,-3.831612048088573e-05,5.340838833944872e-05,
J2340.1-8510_aFix_pol_I_Farcsec_5pln_cor_crop_0099.npy,J2340.1-8510_aFix_pol_I_Farcsec_5pln_cor,99,-1.53458950080676e-05,3.938611553166993e-05,
J2104.9-8243_aFix_pol_I_Farcsec_5pln_cor_crop_0045.npy,J2104.9-8243_aFix_pol_I_Farcsec_5pln_cor,45,-1.633186730032321e-05,3.551336703822017e-05,
J0757.7-5315_aFix_pol_I_Farcsec_5pln_cor_crop_0011.npy,J0757.7-5315_aFix_pol_I_Farcsec_5pln_cor,11,-1.5817182429600507e-05,3.550770634319633e-05,
J0948.6-8327_aFix_pol_I_Farcsec_5pln_cor_crop_0115.npy,J0948.6-8327_aFix_pol_I_Farcsec_5pln_cor,115,-1.3834469427820297e-05,3.5308996302774176e-05,
J0943.4-7619_aFix_pol_I_Farcsec_5pln_cor_crop_0146.npy,J0943.4-7619_aFix_pol_I_Farcsec_5pln_cor,146,-2.481557567080017e-05,4.054028249811381e-05,
J1201.0-4623_aFix_pol_I_Farcsec_5pln_cor_crop_0015.npy,J1201.0-4623_aFix_pol_I_Farcsec_5pln_cor,15,-1.437526134395739e-05,3.895712870871648e-05,
Abell_194_aFix_pol_I_Farcsec_5pln_cor_crop_0130.npy,Abell_194_aFix_pol_I_Farcsec_5pln_cor,130,-3.945245043723844e-05,0.0001343678013654,
Abell_3376_aFix_pol_I_Farcsec_5pln_cor_crop_0025.npy,Abell_3376_aFix_pol_I_Farcsec_5pln_cor,25,-1.6748330381233245e-05,4.895990059594624e-05,
J0027.3-5015_aFix_pol_I_Farcsec_5pln_cor_crop_0077.npy,J0027.3-5015_aFix_pol_I_Farcsec_5pln_cor,77,-1.4346433999889996e-05,3.467470014584251e-05,
RXCJ2351.0-19_noFix_pol_I_Farcsec_5pln_cor_crop_0035.npy,RXCJ2351.0-19_noFix_pol_I_Farcsec_5pln_cor,35,-1.7816319086705334e-05,4.150596214458346e-05,
J1145.6-5420_aFix_pol_I_Farcsec_5pln_cor_crop_0072.npy,J1145.6-5420_aFix_pol_I_Farcsec_5pln_cor,72,-1.6585625417064875e-05,3.3761494705686346e-05,
J2023.4-5535_aFix_pol_I_Farcsec_5pln_cor_crop_0185.npy,J2023.4-5535_aFix_pol_I_Farcsec_5pln_cor,185,-2.326385947526433e-05,4.042817090521567e-05,
J0416.7-5525_aFix_pol_I_Farcsec_5pln_cor_crop_0105.npy,J0416.7-5525_aFix_pol_I_Farcsec_5pln_cor,105,-1.4703909073432442e-05,4.304752292227931e-05,
J0943.4-7619_aFix_pol_I_Farcsec_5pln_cor_crop_0158.npy,J0943.4-7619_aFix_pol_I_Farcsec_5pln_cor,158,-2.481557567080017e-05,4.054028249811381e-05,
J1539.5-8335_aFix_pol_I_Farcsec_5pln_cor_crop_0154.npy,J1539.5-8335_aFix_pol_I_Farcsec_5pln_cor,154,-1.7301776097156107e-05,3.6628662201110274e-05,
J0351.1-8212_aFix_pol_I_Farcsec_5pln_cor_crop_0003.npy,J0351.1-8212_aFix_pol_I_Farcsec_5pln_cor,3,-1.34867677843431e-05,3.901409581885673e-05,
J1653.0-5943_aFix_pol_I_Farcsec_5pln_cor_crop_0152.npy,J1653.0-5943_aFix_pol_I_Farcsec_5pln_cor,152,-2.6878653443418443e-05,3.650951839517802e-05,
J1518.3-4632_aFix_pol_I_Farcsec_5pln_cor_crop_0152.npy,J1518.3-4632_aFix_pol_I_Farcsec_5pln_cor,152,-2.6316898583900183e-05,3.836355244857259e-05,
J0625.2-5521_aFix_pol_I_Farcsec_5pln_cor_crop_0110.npy,J0625.2-5521_aFix_pol_I_Farcsec_5pln_cor,110,-2.603908251330722e-05,3.9954342355486006e-05,
J0645.4-5413_aFix_pol_I_Farcsec_5pln_cor_crop_0105.npy,J0645.4-5413_aFix_pol_I_Farcsec_5pln_cor,105,-1.871160566224717e-05,4.457303657545708e-05,
ElGordo_aFix_pol_I_Farcsec_5pln_cor_crop_0133.npy,ElGordo_aFix_pol_I_Farcsec_5pln_cor,133,-1.8438237020745877e-05,3.2559692044742405e-05,
J0712.0-6030_aFix_pol_I_Farcsec_5pln_cor_crop_0089.npy,J0712.0-6030_aFix_pol_I_Farcsec_5pln_cor,89,-1.3525442227546591e-05,3.74543305952102e-05,
J0637.3-4828_aFix_pol_I_Farcsec_5pln_cor_crop_0151.npy,J0637.3-4828_aFix_pol_I_Farcsec_5pln_cor,151,-1.5409788829856552e-05,3.9739050407661125e-05,
Abell_168_aFix_pol_I_Farcsec_5pln_cor_crop_0083.npy,Abell_168_aFix_pol_I_Farcsec_5pln_cor,83,-2.51656529144384e-05,4.1941199015127495e-05,
J1518.3-4632_aFix_pol_I_Farcsec_5pln_cor_crop_0090.npy,J1518.3-4632_aFix_pol_I_Farcsec_5pln_cor,90,-2.6316898583900183e-05,3.836355244857259e-05,
J1705.1-8210_aFix_pol_I_Farcsec_5pln_cor_crop_0115.npy,J1705.1-8210_aFix_pol_I_Farcsec_5pln_cor,115,-2.258976564917248e-05,4.054370947415009e-05,
Abell_2645_noFix_pol_I_Farcsec_5pln_cor_crop_0143.npy,Abell_2645_noFix_pol_I_Farcsec_5pln_cor,143,-3.2132909836946055e-05,5.223612970439717e-05,
J1130.0-4213_aFix_pol_I_Farcsec_5pln_cor_crop_0001.npy,J1130.0-4213_aFix_pol_I_Farcsec_5pln_cor,1,-1.5924631952657364e-05,3.826789543381892e-05,
Abell_3558_aFix_pol_I_Farcsec_5pln_cor_crop_0217.npy,Abell_3558_aFix_pol_I_Farcsec_5pln_cor,217,-2.058644531643949e-05,4.082424857188016e-05,
J1240.2-4825_aFix_pol_I_Farcsec_5pln_cor_crop_0193.npy,J1240.2-4825_aFix_pol_I_Farcsec_5pln_cor,193,-1.6159494407474995e-05,3.676811684272252e-05,
J1705.1-8210_aFix_pol_I_Farcsec_5pln_cor_crop_0178.npy,J1705.1-8210_aFix_pol_I_Farcsec_5pln_cor,178,-2.258976564917248e-05,4.054370947415009e-05,
RXCJ0225.1-22928_aFix_pol_I_Farcsec_5pln_cor_crop_0065.npy,RXCJ0225.1-22928_aFix_pol_I_Farcsec_5pln_cor,65,-3.11890325974673e-05,5.4694857681170106e-05,
J1040.7-7047_aFix_pol_I_Farcsec_5pln_cor_crop_0191.npy,J1040.7-7047_aFix_pol_I_Farcsec_5pln_cor,191,-2.545410461607389e-05,4.294725295039825e-05,
J0943.4-7619_aFix_pol_I_Farcsec_5pln_cor_crop_0084.npy,J0943.4-7619_aFix_pol_I_Farcsec_5pln_cor,84,-2.481557567080017e-05,4.054028249811381e-05,
Bullet_aFix_pol_I_Farcsec_5pln_cor_crop_0138.npy,Bullet_aFix_pol_I_Farcsec_5pln_cor,138,-1.5211503523460124e-05,4.380349491839297e-05,
Abell_2813_noFix_pol_I_Farcsec_5pln_cor_crop_0187.npy,Abell_2813_noFix_pol_I_Farcsec_5pln_cor,187,-2.1553638362092897e-05,4.1060964576900005e-05,
Abell_3376_aFix_pol_I_Farcsec_5pln_cor_crop_0041.npy,Abell_3376_aFix_pol_I_Farcsec_5pln_cor,41,-1.6748330381233245e-05,4.895990059594624e-05,
J1705.1-8210_aFix_pol_I_Farcsec_5pln_cor_crop_0020.npy,J1705.1-8210_aFix_pol_I_Farcsec_5pln_cor,20,-2.258976564917248e-05,4.054370947415009e-05,
RXCJ2351.0-19_noFix_pol_I_Farcsec_5pln_cor_crop_0027.npy,RXCJ2351.0-19_noFix_pol_I_Farcsec_5pln_cor,27,-1.7816319086705334e-05,4.150596214458346e-05,
J0626.3-5341_aFix_pol_I_Farcsec_5pln_cor_crop_0132.npy,J0626.3-5341_aFix_pol_I_Farcsec_5pln_cor,132,-2.286754715896677e-05,4.3426152842585e-05,
Abell_194_aFix_pol_I_Farcsec_5pln_cor_crop_0121.npy,Abell_194_aFix_pol_I_Farcsec_5pln_cor,121,-3.945245043723844e-05,0.0001343678013654,
Abell_85_aFix_pol_I_Farcsec_5pln_cor_crop_0164.npy,Abell_85_aFix_pol_I_Farcsec_5pln_cor,164,-1.6969566786428913e-05,4.114058901905082e-05,
Bullet_aFix_pol_I_Farcsec_5pln_cor_crop_0039.npy,Bullet_aFix_pol_I_Farcsec_5pln_cor,39,-1.5211503523460124e-05,4.380349491839297e-05,
Abell_370_afix_pol_I_Farcsec_5pln_cor_crop_0136.npy,Abell_370_afix_pol_I_Farcsec_5pln_cor,136,-3.905647463398054e-05,5.590072396444157e-05,
J0303.7-7752_aFix_pol_I_Farcsec_5pln_cor_crop_0195.npy,J0303.7-7752_aFix_pol_I_Farcsec_5pln_cor,195,-1.6216928997891955e-05,3.944924537790939e-05,
Bullet_aFix_pol_I_Farcsec_5pln_cor_crop_0075.npy,Bullet_aFix_pol_I_Farcsec_5pln_cor,75,-1.5211503523460124e-05,4.380349491839297e-05,
J0545.5-4756_aFix_pol_I_Farcsec_5pln_cor_crop_0171.npy,J0545.5-4756_aFix_pol_I_Farcsec_5pln_cor,171,-1.6526179024367593e-05,4.097030614502728e-05,
Abell_168_aFix_pol_I_Farcsec_5pln_cor_crop_0060.npy,Abell_168_aFix_pol_I_Farcsec_5pln_cor,60,-2.51656529144384e-05,4.1941199015127495e-05,
J0738.1-7506_aFix_pol_I_Farcsec_5pln_cor_crop_0087.npy,J0738.1-7506_aFix_pol_I_Farcsec_5pln_cor,87,-1.3090567335893866e-05,3.692142854561098e-05,
J2023.4-5535_aFix_pol_I_Farcsec_5pln_cor_crop_0006.npy,J2023.4-5535_aFix_pol_I_Farcsec_5pln_cor,6,-2.326385947526433e-05,4.042817090521567e-05,
J0145.0-5300_aFix_pol_I_Farcsec_5pln_cor_crop_0179.npy,J0145.0-5300_aFix_pol_I_Farcsec_5pln_cor,179,-1.4464765627053566e-05,3.505407221382484e-05,
J1601.7-7544_aFix_pol_I_Farcsec_5pln_cor_crop_0014.npy,J1601.7-7544_aFix_pol_I_Farcsec_5pln_cor,14,-1.893065564217977e-05,4.2162908357568085e-05,
MACS_J0257.6-2209_noFix_pol_I_Farcsec_5pln_cor_crop_0025.npy,MACS_J0257.6-2209_noFix_pol_I_Farcsec_5pln_cor,25,-2.3381955543300137e-05,4.110854570171796e-05,
MACSJ0417.5-1155_aFix_pol_I_Farcsec_5pln_cor_crop_0162.npy,MACSJ0417.5-1155_aFix_pol_I_Farcsec_5pln_cor,162,-1.759273436618969e-05,4.197344605927356e-05,
J0352.4-7401_aFix_pol_I_Farcsec_5pln_cor_crop_0182.npy,J0352.4-7401_aFix_pol_I_Farcsec_5pln_cor,182,-1.3432473679131364e-05,3.414728053030558e-05,
J1518.3-4632_aFix_pol_I_Farcsec_5pln_cor_crop_0196.npy,J1518.3-4632_aFix_pol_I_Farcsec_5pln_cor,196,-2.6316898583900183e-05,3.836355244857259e-05,
J1601.7-7544_aFix_pol_I_Farcsec_5pln_cor_crop_0150.npy,J1601.7-7544_aFix_pol_I_Farcsec_5pln_cor,150,-1.893065564217977e-05,4.2162908357568085e-05,
ElGordo_aFix_pol_I_Farcsec_5pln_cor_crop_0081.npy,ElGordo_aFix_pol_I_Farcsec_5pln_cor,81,-1.8438237020745877e-05,3.2559692044742405e-05,
J0638.7-5358_aFix_pol_I_Farcsec_5pln_cor_crop_0186.npy,J0638.7-5358_aFix_pol_I_Farcsec_5pln_cor,186,-1.4472521797870286e-05,3.7130746932234615e-05,
J0812.5-5714_aFix_pol_I_Farcsec_5pln_cor_crop_0176.npy,J0812.5-5714_aFix_pol_I_Farcsec_5pln_cor,176,-1.797733420971781e-05,3.096696309512481e-05,
J0607.0-4928_aFix_pol_I_Farcsec_5pln_cor_crop_0000.npy,J0607.0-4928_aFix_pol_I_Farcsec_5pln_cor,0,-1.727664130157791e-05,3.109658064204268e-05,
Abell_13_noFix_pol_I_Farcsec_5pln_cor_crop_0070.npy,Abell_13_noFix_pol_I_Farcsec_5pln_cor,70,-1.9173105101799592e-05,3.867880150210112e-05,
Abell_33_noFix_pol_I_Farcsec_5pln_cor_crop_0163.npy,Abell_33_noFix_pol_I_Farcsec_5pln_cor,163,-2.8547556212288328e-05,4.8568657803116366e-05,
MACSJ0417.5-1155_aFix_pol_I_Farcsec_5pln_cor_crop_0167.npy,MACSJ0417.5-1155_aFix_pol_I_Farcsec_5pln_cor,167,-1.759273436618969e-05,4.197344605927356e-05,
J0406.7-7116_aFix_pol_I_Farcsec_5pln_cor_crop_0010.npy,J0406.7-7116_aFix_pol_I_Farcsec_5pln_cor,10,-1.6727117326809093e-05,3.893847315339372e-05,
J0027.3-5015_aFix_pol_I_Farcsec_5pln_cor_crop_0033.npy,J0027.3-5015_aFix_pol_I_Farcsec_5pln_cor,33,-1.4346433999889996e-05,3.467470014584251e-05,
Abell_2597_noFix_pol_I_Farcsec_5pln_cor_crop_0041.npy,Abell_2597_noFix_pol_I_Farcsec_5pln_cor,41,-5.033568595536053e-05,6.417310942197219e-05,
Abell_85_aFix_pol_I_Farcsec_5pln_cor_crop_0185.npy,Abell_85_aFix_pol_I_Farcsec_5pln_cor,185,-1.6969566786428913e-05,4.114058901905082e-05,
J0540.1-4050_aFix_pol_I_Farcsec_5pln_cor_crop_0127.npy,J0540.1-4050_aFix_pol_I_Farcsec_5pln_cor,127,-1.9781218725256625e-05,3.538576129358262e-05,
J0336.3-4037_aFix_pol_I_Farcsec_5pln_cor_crop_0058.npy,J0336.3-4037_aFix_pol_I_Farcsec_5pln_cor,58,-1.9070150301558897e-05,3.8439713534899056e-05,
J0745.1-5404_aFix_pol_I_Farcsec_5pln_cor_crop_0086.npy,J0745.1-5404_aFix_pol_I_Farcsec_5pln_cor,86,-1.8277149138157256e-05,3.714456397574395e-05,
J1240.2-4825_aFix_pol_I_Farcsec_5pln_cor_crop_0052.npy,J1240.2-4825_aFix_pol_I_Farcsec_5pln_cor,52,-1.6159494407474995e-05,3.676811684272252e-05,
J0314.3-4525_aFix_pol_I_Farcsec_5pln_cor_crop_0164.npy,J0314.3-4525_aFix_pol_I_Farcsec_5pln_cor,164,-1.2252019587322138e-05,3.824526356766e-05,
J2023.4-5535_aFix_pol_I_Farcsec_5pln_cor_crop_0019.npy,J2023.4-5535_aFix_pol_I_Farcsec_5pln_cor,19,-2.326385947526433e-05,4.042817090521567e-05,
Abell_4038_aFix_pol_I_Farcsec_5pln_cor_crop_0113.npy,Abell_4038_aFix_pol_I_Farcsec_5pln_cor,113,-1.8985389033332467e-05,4.2698269680840895e-05,
J1535.1-4658_aFix_pol_I_Farcsec_5pln_cor_crop_0133.npy,J1535.1-4658_aFix_pol_I_Farcsec_5pln_cor,133,-2.547855729062576e-05,3.796764576691203e-05,
J1601.7-7544_aFix_pol_I_Farcsec_5pln_cor_crop_0139.npy,J1601.7-7544_aFix_pol_I_Farcsec_5pln_cor,139,-1.893065564217977e-05,4.2162908357568085e-05,
J0626.3-5341_aFix_pol_I_Farcsec_5pln_cor_crop_0062.npy,J0626.3-5341_aFix_pol_I_Farcsec_5pln_cor,62,-2.286754715896677e-05,4.3426152842585e-05,
J0416.7-5525_aFix_pol_I_Farcsec_5pln_cor_crop_0097.npy,J0416.7-5525_aFix_pol_I_Farcsec_5pln_cor,97,-1.4703909073432442e-05,4.304752292227931e-05,
Abell_141_aFix_pol_I_Farcsec_5pln_cor_crop_0075.npy,Abell_141_aFix_pol_I_Farcsec_5pln_cor,75,-1.6963114831014536e-05,3.675864718388766e-05,
J0317.9-4414_aFix_pol_I_Farcsec_5pln_cor_crop_0143.npy,J0317.9-4414_aFix_pol_I_Farcsec_5pln_cor,143,-1.825527215260081e-05,4.13110428780783e-05,
J1130.0-4213_aFix_pol_I_Farcsec_5pln_cor_crop_0091.npy,J1130.0-4213_aFix_pol_I_Farcsec_5pln_cor,91,-1.5924631952657364e-05,3.826789543381892e-05,
MACS_J0257.6-2209_noFix_pol_I_Farcsec_5pln_cor_crop_0039.npy,MACS_J0257.6-2209_noFix_pol_I_Farcsec_5pln_cor,39,-2.3381955543300137e-05,4.110854570171796e-05,
J0631.3-5610_aFix_pol_I_Farcsec_5pln_cor_crop_0057.npy,J0631.3-5610_aFix_pol_I_Farcsec_5pln_cor,57,-1.3746558579441626e-05,3.730034950422123e-05,
J0627.2-5428_aFix_pol_I_Farcsec_5pln_cor_crop_0119.npy,J0627.2-5428_aFix_pol_I_Farcsec_5pln_cor,119,-3.725358692463488e-05,5.157724808668718e-05,
Abell_521_noFix_pol_I_Farcsec_5pln_cor_crop_0134.npy,Abell_521_noFix_pol_I_Farcsec_5pln_cor,134,-1.8806747902999632e-05,4.423171412781812e-05,
J0516.6-5430_aFix_pol_I_Farcsec_5pln_cor_crop_0015.npy,J0516.6-5430_aFix_pol_I_Farcsec_5pln_cor,15,-1.4557363101630472e-05,3.583080251701176e-05,
Abell_3365_noFix_pol_I_Farcsec_5pln_cor_crop_0172.npy,Abell_3365_noFix_pol_I_Farcsec_5pln_cor,172,-3.684182956931181e-05,5.151375808054581e-05,
J0545.5-4756_aFix_pol_I_Farcsec_5pln_cor_crop_0140.npy,J0545.5-4756_aFix_pol_I_Farcsec_5pln_cor,140,-1.6526179024367593e-05,4.097030614502728e-05,
J0449.9-4440_aFix_pol_I_Farcsec_5pln_cor_crop_0012.npy,J0449.9-4440_aFix_pol_I_Farcsec_5pln_cor,12,-1.3652566849486902e-05,3.79539851564914e-05,
J0525.8-4715_aFix_pol_I_Farcsec_5pln_cor_crop_0105.npy,J0525.8-4715_aFix_pol_I_Farcsec_5pln_cor,105,-1.611813422641717e-05,4.044059460284189e-05,
J1410.4-4246_aFix_pol_I_Farcsec_5pln_cor_crop_0037.npy,J1410.4-4246_aFix_pol_I_Farcsec_5pln_cor,37,-2.2075269953347743e-05,4.486642137635499e-05,
J0352.4-7401_aFix_pol_I_Farcsec_5pln_cor_crop_0082.npy,J0352.4-7401_aFix_pol_I_Farcsec_5pln_cor,82,-1.3432473679131364e-05,3.414728053030558e-05,
J1358.9-4750_aFix_pol_I_Farcsec_5pln_cor_crop_0165.npy,J1358.9-4750_aFix_pol_I_Farcsec_5pln_cor,165,-2.6460520530235957e-05,4.666853419621475e-05,
PLCK_G200.9-28.2_aFix_pol_I_Farcsec_5pln_cor_crop_0007.npy,PLCK_G200.9-28.2_aFix_pol_I_Farcsec_5pln_cor,7,-2.0549477994791232e-05,4.693285882240161e-05,
J0712.0-6030_aFix_pol_I_Farcsec_5pln_cor_crop_0055.npy,J0712.0-6030_aFix_pol_I_Farcsec_5pln_cor,55,-1.3525442227546591e-05,3.74543305952102e-05,
J0027.3-5015_aFix_pol_I_Farcsec_5pln_cor_crop_0154.npy,J0027.3-5015_aFix_pol_I_Farcsec_5pln_cor,154,-1.4346433999889996e-05,3.467470014584251e-05,
J0217.2-5244_aFix_pol_I_Farcsec_5pln_cor_crop_0094.npy,J0217.2-5244_aFix_pol_I_Farcsec_5pln_cor,94,-1.7379512428306043e-05,3.482505780993961e-05,
J2222.2-5235_aFix_pol_I_Farcsec_5pln_cor_crop_0071.npy,J2222.2-5235_aFix_pol_I_Farcsec_5pln_cor,71,-2.0340692572062835e-05,4.029700721730478e-05,
Abell_209_aFix_pol_I_Farcsec_5pln_cor_crop_0051.npy,Abell_209_aFix_pol_I_Farcsec_5pln_cor,51,-2.1105859559611417e-05,4.098449426237494e-05,
J0351.1-8212_aFix_pol_I_Farcsec_5pln_cor_crop_0014.npy,J0351.1-8212_aFix_pol_I_Farcsec_5pln_cor,14,-1.34867677843431e-05,3.901409581885673e-05,
J2319.2-6750_aFix_pol_I_Farcsec_5pln_cor_crop_0186.npy,J2319.2-6750_aFix_pol_I_Farcsec_5pln_cor,186,-1.762574174790643e-05,3.985196599387564e-05,
J0217.2-5244_aFix_pol_I_Farcsec_5pln_cor_crop_0083.npy,J0217.2-5244_aFix_pol_I_Farcsec_5pln_cor,83,-1.7379512428306043e-05,3.482505780993961e-05,
Abell_S1063_nofix_pol_I_Farcsec_5pln_cor_crop_0107.npy,Abell_S1063_nofix_pol_I_Farcsec_5pln_cor,107,-1.3156100976630114e-05,3.549207394826226e-05,
J0317.9-4414_aFix_pol_I_Farcsec_5pln_cor_crop_0194.npy,J0317.9-4414_aFix_pol_I_Farcsec_5pln_cor,194,-1.825527215260081e-05,4.13110428780783e-05,
J0540.1-4322_aFix_pol_I_Farcsec_5pln_cor_crop_0194.npy,J0540.1-4322_aFix_pol_I_Farcsec_5pln_cor,194,-2.016680991800968e-05,3.639713395386934e-05,
RXCJ2351.0-19_noFix_pol_I_Farcsec_5pln_cor_crop_0042.npy,RXCJ2351.0-19_noFix_pol_I_Farcsec_5pln_cor,42,-1.7816319086705334e-05,4.150596214458346e-05,
Abell_133_aFix_pol_I_Farcsec_5pln_cor_crop_0126.npy,Abell_133_aFix_pol_I_Farcsec_5pln_cor,126,-1.6750700524426065e-05,3.861152799800038e-05,
J2104.9-8243_aFix_pol_I_Farcsec_5pln_cor_crop_0087.npy,J2104.9-8243_aFix_pol_I_Farcsec_5pln_cor,87,-1.633186730032321e-05,3.551336703822017e-05,
J0232.2-4420_aFix_pol_I_Farcsec_5pln_cor_crop_0033.npy,J0232.2-4420_aFix_pol_I_Farcsec_5pln_cor,33,-1.3283781299833208e-05,3.414206730667502e-05,
J1358.9-4750_aFix_pol_I_Farcsec_5pln_cor_crop_0117.npy,J1358.9-4750_aFix_pol_I_Farcsec_5pln_cor,117,-2.6460520530235957e-05,4.666853419621475e-05,
ElGordo_aFix_pol_I_Farcsec_5pln_cor_crop_0102.npy,ElGordo_aFix_pol_I_Farcsec_5pln_cor,102,-1.8438237020745877e-05,3.2559692044742405e-05,
J0616.8-4748_aFix_pol_I_Farcsec_5pln_cor_crop_0055.npy,J0616.8-4748_aFix_pol_I_Farcsec_5pln_cor,55,-1.6417492588516325e-05,3.9486680179834366e-05,
J0540.1-4050_aFix_pol_I_Farcsec_5pln_cor_crop_0009.npy,J0540.1-4050_aFix_pol_I_Farcsec_5pln_cor,9,-1.9781218725256625e-05,3.538576129358262e-05,
J2104.9-8243_aFix_pol_I_Farcsec_5pln_cor_crop_0032.npy,J2104.9-8243_aFix_pol_I_Farcsec_5pln_cor,32,-1.633186730032321e-05,3.551336703822017e-05,
J2104.9-8243_aFix_pol_I_Farcsec_5pln_cor_crop_0019.npy,J2104.9-8243_aFix_pol_I_Farcsec_5pln_cor,19,-1.633186730032321e-05,3.551336703822017e-05,
J0528.9-3927_B_aFix_pol_I_Farcsec_5pln_cor_crop_0065.npy,J0528.9-3927_B_aFix_pol_I_Farcsec_5pln_cor,65,-1.3992802450957242e-05,3.4315333323320374e-05,
J1358.9-4750_aFix_pol_I_Farcsec_5pln_cor_crop_0174.npy,J1358.9-4750_aFix_pol_I_Farcsec_5pln_cor,174,-2.6460520530235957e-05,4.666853419621475e-05,
J0352.4-7401_aFix_pol_I_Farcsec_5pln_cor_crop_0144.npy,J0352.4-7401_aFix_pol_I_Farcsec_5pln_cor,144,-1.3432473679131364e-05,3.414728053030558e-05,
Abell_209_aFix_pol_I_Farcsec_5pln_cor_crop_0075.npy,Abell_209_aFix_pol_I_Farcsec_5pln_cor,75,-2.1105859559611417e-05,4.098449426237494e-05,
J1145.6-5420_aFix_pol_I_Farcsec_5pln_cor_crop_0135.npy,J1145.6-5420_aFix_pol_I_Farcsec_5pln_cor,135,-1.6585625417064875e-05,3.3761494705686346e-05,
Abell_3376_aFix_pol_I_Farcsec_5pln_cor_crop_0008.npy,Abell_3376_aFix_pol_I_Farcsec_5pln_cor,8,-1.6748330381233245e-05,4.895990059594624e-05,
J0542.8-4100_aFix_pol_I_Farcsec_5pln_cor_crop_0103.npy,J0542.8-4100_aFix_pol_I_Farcsec_5pln_cor,103,-1.260944191017188e-05,3.595814996515401e-05,
J0948.6-8327_aFix_pol_I_Farcsec_5pln_cor_crop_0029.npy,J0948.6-8327_aFix_pol_I_Farcsec_5pln_cor,29,-1.3834469427820297e-05,3.5308996302774176e-05,
Abell_85_aFix_pol_I_Farcsec_5pln_cor_crop_0035.npy,Abell_85_aFix_pol_I_Farcsec_5pln_cor,35,-1.6969566786428913e-05,4.114058901905082e-05,
J0216.3-4816_aFix_pol_I_Farcsec_5pln_cor_crop_0062.npy,J0216.3-4816_aFix_pol_I_Farcsec_5pln_cor,62,-1.5618124962202273e-05,5.211478855926544e-05,
J2023.4-5535_aFix_pol_I_Farcsec_5pln_cor_crop_0193.npy,J2023.4-5535_aFix_pol_I_Farcsec_5pln_cor,193,-2.326385947526433e-05,4.042817090521567e-05,
J0757.7-5315_aFix_pol_I_Farcsec_5pln_cor_crop_0035.npy,J0757.7-5315_aFix_pol_I_Farcsec_5pln_cor,35,-1.5817182429600507e-05,3.550770634319633e-05,
J0545.5-4756_aFix_pol_I_Farcsec_5pln_cor_crop_0132.npy,J0545.5-4756_aFix_pol_I_Farcsec_5pln_cor,132,-1.6526179024367593e-05,4.097030614502728e-05,
J0812.5-5714_aFix_pol_I_Farcsec_5pln_cor_crop_0090.npy,J0812.5-5714_aFix_pol_I_Farcsec_5pln_cor,90,-1.797733420971781e-05,3.096696309512481e-05,
J0645.4-5413_aFix_pol_I_Farcsec_5pln_cor_crop_0036.npy,J0645.4-5413_aFix_pol_I_Farcsec_5pln_cor,36,-1.871160566224717e-05,4.457303657545708e-05,
J1645.4-7334_aFix_pol_I_Farcsec_5pln_cor_crop_0163.npy,J1645.4-7334_aFix_pol_I_Farcsec_5pln_cor,163,-2.7542228053789582e-05,5.101114220451564e-05,
J0616.8-4748_aFix_pol_I_Farcsec_5pln_cor_crop_0094.npy,J0616.8-4748_aFix_pol_I_Farcsec_5pln_cor,94,-1.6417492588516325e-05,3.9486680179834366e-05,
Abell_370_afix_pol_I_Farcsec_5pln_cor_crop_0106.npy,Abell_370_afix_pol_I_Farcsec_5pln_cor,106,-3.905647463398054e-05,5.590072396444157e-05,
J0510.2-4519_aFix_pol_I_Farcsec_5pln_cor_crop_0046.npy,J0510.2-4519_aFix_pol_I_Farcsec_5pln_cor,46,-1.650593003432732e-05,3.797405952354893e-05,
J0658.5-5556_aFix_pol_I_Farcsec_5pln_cor_crop_0195.npy,J0658.5-5556_aFix_pol_I_Farcsec_5pln_cor,195,-1.5211503523460124e-05,4.380349491839297e-05,
J0542.8-4100_aFix_pol_I_Farcsec_5pln_cor_crop_0005.npy,J0542.8-4100_aFix_pol_I_Farcsec_5pln_cor,5,-1.260944191017188e-05,3.595814996515401e-05,
Abell_209_aFix_pol_I_Farcsec_5pln_cor_crop_0004.npy,Abell_209_aFix_pol_I_Farcsec_5pln_cor,4,-2.1105859559611417e-05,4.098449426237494e-05,
Abell_22_aFix_pol_I_Farcsec_5pln_cor_crop_0037.npy,Abell_22_aFix_pol_I_Farcsec_5pln_cor,37,-1.7687332729110494e-05,3.791484050452709e-05,
Abell_2645_noFix_pol_I_Farcsec_5pln_cor_crop_0161.npy,Abell_2645_noFix_pol_I_Farcsec_5pln_cor,161,-3.2132909836946055e-05,5.223612970439717e-05,
J0600.8-5835_aFix_pol_I_Farcsec_5pln_cor_crop_0090.npy,J0600.8-5835_aFix_pol_I_Farcsec_5pln_cor,90,-1.2947120012540836e-05,3.535595169523731e-05,
J0948.6-8327_aFix_pol_I_Farcsec_5pln_cor_crop_0185.npy,J0948.6-8327_aFix_pol_I_Farcsec_5pln_cor,185,-1.3834469427820297e-05,3.5308996302774176e-05,
J0820.9-5704_aFix_pol_I_Farcsec_5pln_cor_crop_0043.npy,J0820.9-5704_aFix_pol_I_Farcsec_5pln_cor,43,-1.654735388001427e-05,3.4318985854042694e-05,
Abell_2813_noFix_pol_I_Farcsec_5pln_cor_crop_0058.npy,Abell_2813_noFix_pol_I_Farcsec_5pln_cor,58,-2.1553638362092897e-05,4.1060964576900005e-05,
MACS_J0257.6-2209_aFix_pol_I_Farcsec_5pln_cor_crop_0069.npy,MACS_J0257.6-2209_aFix_pol_I_Farcsec_5pln_cor,69,-2.1241523427306674e-05,4.082491795998067e-05,
J0658.5-5556_aFix_pol_I_Farcsec_5pln_cor_crop_0043.npy,J0658.5-5556_aFix_pol_I_Farcsec_5pln_cor,43,-1.5211503523460124e-05,4.380349491839297e-05,
J0625.2-5521_aFix_pol_I_Farcsec_5pln_cor_crop_0066.npy,J0625.2-5521_aFix_pol_I_Farcsec_5pln_cor,66,-2.603908251330722e-05,3.9954342355486006e-05,
J0610.5-4848_aFix_pol_I_Farcsec_5pln_cor_crop_0178.npy,J0610.5-4848_aFix_pol_I_Farcsec_5pln_cor,178,-1.432743010809645e-05,3.869758802466095e-05,
Abell_3376_aFix_pol_I_Farcsec_5pln_cor_crop_0161.npy,Abell_3376_aFix_pol_I_Farcsec_5pln_cor,161,-1.6748330381233245e-05,4.895990059594624e-05,
Abell_2645_noFix_pol_I_Farcsec_5pln_cor_crop_0008.npy,Abell_2645_noFix_pol_I_Farcsec_5pln_cor,8,-3.2132909836946055e-05,5.223612970439717e-05,
Abell_2744_aFix_pol_I_Farcsec_5pln_cor_crop_0123.npy,Abell_2744_aFix_pol_I_Farcsec_5pln_cor,123,-1.4511139852402266e-05,3.865708276862279e-05,
J0625.2-5521_aFix_pol_I_Farcsec_5pln_cor_crop_0024.npy,J0625.2-5521_aFix_pol_I_Farcsec_5pln_cor,24,-2.603908251330722e-05,3.9954342355486006e-05,
J1040.7-7047_aFix_pol_I_Farcsec_5pln_cor_crop_0053.npy,J1040.7-7047_aFix_pol_I_Farcsec_5pln_cor,53,-2.545410461607389e-05,4.294725295039825e-05,
J1423.7-5412_aFix_pol_I_Farcsec_5pln_cor_crop_0141.npy,J1423.7-5412_aFix_pol_I_Farcsec_5pln_cor,141,-1.8973547412315384e-05,4.0196806367021054e-05,
Abell_22_aFix_pol_I_Farcsec_5pln_cor_crop_0013.npy,Abell_22_aFix_pol_I_Farcsec_5pln_cor,13,-1.7687332729110494e-05,3.791484050452709e-05,
Abell_2751_aFix_pol_I_Farcsec_5pln_cor_crop_0159.npy,Abell_2751_aFix_pol_I_Farcsec_5pln_cor,159,-2.5066670787055045e-05,4.310646909289062e-05,
J0314.3-4525_aFix_pol_I_Farcsec_5pln_cor_crop_0213.npy,J0314.3-4525_aFix_pol_I_Farcsec_5pln_cor,213,-1.2252019587322138e-05,3.824526356766e-05,
RXCJ1314_aFix_pol_I_Farcsec_5pln_cor_crop_0066.npy,RXCJ1314_aFix_pol_I_Farcsec_5pln_cor,66,-2.6271653041476384e-05,4.702054502558895e-05,
Abell_3562_aFix_pol_I_Farcsec_5pln_cor_crop_0059.npy,Abell_3562_aFix_pol_I_Farcsec_5pln_cor,59,-2.032673728535883e-05,4.53729007858783e-05,
J1518.3-4632_aFix_pol_I_Farcsec_5pln_cor_crop_0178.npy,J1518.3-4632_aFix_pol_I_Farcsec_5pln_cor,178,-2.6316898583900183e-05,3.836355244857259e-05,
Abell_2645_noFix_pol_I_Farcsec_5pln_cor_crop_0188.npy,Abell_2645_noFix_pol_I_Farcsec_5pln_cor,188,-3.2132909836946055e-05,5.223612970439717e-05,
Abell_S1121_noFix_pol_I_Farcsec_5pln_cor_crop_0113.npy,Abell_S1121_noFix_pol_I_Farcsec_5pln_cor,113,-4.2447074520168826e-05,6.132334965514019e-05,
J0225.9-4154_aFix_pol_I_Farcsec_5pln_cor_crop_0030.npy,J0225.9-4154_aFix_pol_I_Farcsec_5pln_cor,30,-1.4831659427727573e-05,3.976373773184605e-05,
J0943.4-7619_aFix_pol_I_Farcsec_5pln_cor_crop_0195.npy,J0943.4-7619_aFix_pol_I_Farcsec_5pln_cor,195,-2.481557567080017e-05,4.054028249811381e-05,
J0317.9-4414_aFix_pol_I_Farcsec_5pln_cor_crop_0187.npy,J0317.9-4414_aFix_pol_I_Farcsec_5pln_cor,187,-1.825527215260081e-05,4.13110428780783e-05,
Abell_3376_aFix_pol_I_Farcsec_5pln_cor_crop_0144.npy,Abell_3376_aFix_pol_I_Farcsec_5pln_cor,144,-1.6748330381233245e-05,4.895990059594624e-05,
J0108.5-4020_aFix_pol_I_Farcsec_5pln_cor_crop_0041.npy,J0108.5-4020_aFix_pol_I_Farcsec_5pln_cor,41,-1.5436331523233093e-05,3.3178752346429974e-05,
J0232.2-4420_aFix_pol_I_Farcsec_5pln_cor_crop_0080.npy,J0232.2-4420_aFix_pol_I_Farcsec_5pln_cor,80,-1.3283781299833208e-05,3.414206730667502e-05,
J1240.2-4825_aFix_pol_I_Farcsec_5pln_cor_crop_0110.npy,J1240.2-4825_aFix_pol_I_Farcsec_5pln_cor,110,-1.6159494407474995e-05,3.676811684272252e-05,
J1423.7-5412_aFix_pol_I_Farcsec_5pln_cor_crop_0059.npy,J1423.7-5412_aFix_pol_I_Farcsec_5pln_cor,59,-1.8973547412315384e-05,4.0196806367021054e-05,
J0540.1-4322_aFix_pol_I_Farcsec_5pln_cor_crop_0056.npy,J0540.1-4322_aFix_pol_I_Farcsec_5pln_cor,56,-2.016680991800968e-05,3.639713395386934e-05,
J0328.6-5542_aFix_pol_I_Farcsec_5pln_cor_crop_0033.npy,J0328.6-5542_aFix_pol_I_Farcsec_5pln_cor,33,-1.7376105461153202e-05,3.237917189835571e-05,
J1040.7-7047_aFix_pol_I_Farcsec_5pln_cor_crop_0081.npy,J1040.7-7047_aFix_pol_I_Farcsec_5pln_cor,81,-2.545410461607389e-05,4.294725295039825e-05,
J0317.9-4414_aFix_pol_I_Farcsec_5pln_cor_crop_0127.npy,J0317.9-4414_aFix_pol_I_Farcsec_5pln_cor,127,-1.825527215260081e-05,4.13110428780783e-05,
Abell_85_aFix_pol_I_Farcsec_5pln_cor_crop_0196.npy,Abell_85_aFix_pol_I_Farcsec_5pln_cor,196,-1.6969566786428913e-05,4.114058901905082e-05,
J2023.4-5535_aFix_pol_I_Farcsec_5pln_cor_crop_0154.npy,J2023.4-5535_aFix_pol_I_Farcsec_5pln_cor,154,-2.326385947526433e-05,4.042817090521567e-05,
Abell_548_Cen_aFix_pol_I_Farcsec_5pln_cor_crop_0005.npy,Abell_548_Cen_aFix_pol_I_Farcsec_5pln_cor,5,-1.6901160051929764e-05,5.435498314909637e-05,
J0610.5-4848_aFix_pol_I_Farcsec_5pln_cor_crop_0103.npy,J0610.5-4848_aFix_pol_I_Farcsec_5pln_cor,103,-1.432743010809645e-05,3.869758802466095e-05,
J1840.6-7709_aFix_pol_I_Farcsec_5pln_cor_crop_0046.npy,J1840.6-7709_aFix_pol_I_Farcsec_5pln_cor,46,-1.7610127542866394e-05,4.188125240034424e-05,
J0314.3-4525_aFix_pol_I_Farcsec_5pln_cor_crop_0208.npy,J0314.3-4525_aFix_pol_I_Farcsec_5pln_cor,208,-1.2252019587322138e-05,3.824526356766e-05,
Abell_3667_aFix_pol_I_Farcsec_5pln_cor_crop_0049.npy,Abell_3667_aFix_pol_I_Farcsec_5pln_cor,49,-3.163510700687766e-05,0.0001603437995072,
Abell_3376copy_aFix_pol_I_Farcsec_5pln_cor_crop_0053.npy,Abell_3376copy_aFix_pol_I_Farcsec_5pln_cor,53,-1.6748330381233245e-05,4.895990059594624e-05,
J0637.3-4828_aFix_pol_I_Farcsec_5pln_cor_crop_0084.npy,J0637.3-4828_aFix_pol_I_Farcsec_5pln_cor,84,-1.5409788829856552e-05,3.9739050407661125e-05,
J0014.3-6604_aFix_pol_I_Farcsec_5pln_cor_crop_0099.npy,J0014.3-6604_aFix_pol_I_Farcsec_5pln_cor,99,-1.2331886864558328e-05,3.584220394259319e-05,
J0812.5-5714_aFix_pol_I_Farcsec_5pln_cor_crop_0152.npy,J0812.5-5714_aFix_pol_I_Farcsec_5pln_cor,152,-1.797733420971781e-05,3.096696309512481e-05,
J1645.4-7334_aFix_pol_I_Farcsec_5pln_cor_crop_0064.npy,J1645.4-7334_aFix_pol_I_Farcsec_5pln_cor,64,-2.7542228053789582e-05,5.101114220451564e-05,
J0616.8-4748_aFix_pol_I_Farcsec_5pln_cor_crop_0050.npy,J0616.8-4748_aFix_pol_I_Farcsec_5pln_cor,50,-1.6417492588516325e-05,3.9486680179834366e-05,
J0542.8-4100_aFix_pol_I_Farcsec_5pln_cor_crop_0039.npy,J0542.8-4100_aFix_pol_I_Farcsec_5pln_cor,39,-1.260944191017188e-05,3.595814996515401e-05,
J0631.3-5610_aFix_pol_I_Farcsec_5pln_cor_crop_0016.npy,J0631.3-5610_aFix_pol_I_Farcsec_5pln_cor,16,-1.3746558579441626e-05,3.730034950422123e-05,
Abell_33_noFix_pol_I_Farcsec_5pln_cor_crop_0184.npy,Abell_33_noFix_pol_I_Farcsec_5pln_cor,184,-2.8547556212288328e-05,4.8568657803116366e-05,
J0406.7-7116_aFix_pol_I_Farcsec_5pln_cor_crop_0167.npy,J0406.7-7116_aFix_pol_I_Farcsec_5pln_cor,167,-1.6727117326809093e-05,3.893847315339372e-05,
J0431.4-6126_aFix_pol_I_Farcsec_5pln_cor_crop_0081.npy,J0431.4-6126_aFix_pol_I_Farcsec_5pln_cor,81,-2.59030784945935e-05,4.582747351378202e-05,
J1601.7-7544_aFix_pol_I_Farcsec_5pln_cor_crop_0083.npy,J1601.7-7544_aFix_pol_I_Farcsec_5pln_cor,83,-1.893065564217977e-05,4.2162908357568085e-05,
J0014.3-6604_aFix_pol_I_Farcsec_5pln_cor_crop_0125.npy,J0014.3-6604_aFix_pol_I_Farcsec_5pln_cor,125,-1.2331886864558328e-05,3.584220394259319e-05,
Abell_2744_aFix_pol_I_Farcsec_5pln_cor_crop_0130.npy,Abell_2744_aFix_pol_I_Farcsec_5pln_cor,130,-1.4511139852402266e-05,3.865708276862279e-05,
J0232.2-4420_aFix_pol_I_Farcsec_5pln_cor_crop_0184.npy,J0232.2-4420_aFix_pol_I_Farcsec_5pln_cor,184,-1.3283781299833208e-05,3.414206730667502e-05,
Abell_3376_aFix_pol_I_Farcsec_5pln_cor_crop_0002.npy,Abell_3376_aFix_pol_I_Farcsec_5pln_cor,2,-1.6748330381233245e-05,4.895990059594624e-05,
J0027.3-5015_aFix_pol_I_Farcsec_5pln_cor_crop_0038.npy,J0027.3-5015_aFix_pol_I_Farcsec_5pln_cor,38,-1.4346433999889996e-05,3.467470014584251e-05,
J1535.1-4658_aFix_pol_I_Farcsec_5pln_cor_crop_0155.npy,J1535.1-4658_aFix_pol_I_Farcsec_5pln_cor,155,-2.547855729062576e-05,3.796764576691203e-05,
J1240.2-4825_aFix_pol_I_Farcsec_5pln_cor_crop_0071.npy,J1240.2-4825_aFix_pol_I_Farcsec_5pln_cor,71,-1.6159494407474995e-05,3.676811684272252e-05,
J1358.9-4750_aFix_pol_I_Farcsec_5pln_cor_crop_0080.npy,J1358.9-4750_aFix_pol_I_Farcsec_5pln_cor,80,-2.6460520530235957e-05,4.666853419621475e-05,
Abell_3376_aFix_pol_I_Farcsec_5pln_cor_crop_0154.npy,Abell_3376_aFix_pol_I_Farcsec_5pln_cor,154,-1.6748330381233245e-05,4.895990059594624e-05,
MACSJ0417.5-1155_aFix_pol_I_Farcsec_5pln_cor_crop_0142.npy,MACSJ0417.5-1155_aFix_pol_I_Farcsec_5pln_cor,142,-1.759273436618969e-05,4.197344605927356e-05,
MACS_J0257.6-2209_aFix_pol_I_Farcsec_5pln_cor_crop_0120.npy,MACS_J0257.6-2209_aFix_pol_I_Farcsec_5pln_cor,120,-2.1241523427306674e-05,4.082491795998067e-05,
Abell_133_aFix_pol_I_Farcsec_5pln_cor_crop_0217.npy,Abell_133_aFix_pol_I_Farcsec_5pln_cor,217,-1.6750700524426065e-05,3.861152799800038e-05,
J0342.8-5338_aFix_pol_I_Farcsec_5pln_cor_crop_0063.npy,J0342.8-5338_aFix_pol_I_Farcsec_5pln_cor,63,-1.83263164217351e-05,3.698056025314145e-05,
Abell_S295_aFix_pol_I_Farcsec_5pln_cor_crop_0145.npy,Abell_S295_aFix_pol_I_Farcsec_5pln_cor,145,-1.2192884241812862e-05,4.2860785470111296e-05,
J0712.0-6030_aFix_pol_I_Farcsec_5pln_cor_crop_0028.npy,J0712.0-6030_aFix_pol_I_Farcsec_5pln_cor,28,-1.3525442227546591e-05,3.74543305952102e-05,
J0616.8-4748_aFix_pol_I_Farcsec_5pln_cor_crop_0126.npy,J0616.8-4748_aFix_pol_I_Farcsec_5pln_cor,126,-1.6417492588516325e-05,3.9486680179834366e-05,
Abell_S1121_noFix_pol_I_Farcsec_5pln_cor_crop_0025.npy,Abell_S1121_noFix_pol_I_Farcsec_5pln_cor,25,-4.2447074520168826e-05,6.132334965514019e-05,
J0406.7-7116_aFix_pol_I_Farcsec_5pln_cor_crop_0093.npy,J0406.7-7116_aFix_pol_I_Farcsec_5pln_cor,93,-1.6727117326809093e-05,3.893847315339372e-05,
J0712.0-6030_aFix_pol_I_Farcsec_5pln_cor_crop_0131.npy,J0712.0-6030_aFix_pol_I_Farcsec_5pln_cor,131,-1.3525442227546591e-05,3.74543305952102e-05,
RXC_J0520.7-1328_aFix_pol_I_Farcsec_5pln_cor_crop_0046.npy,RXC_J0520.7-1328_aFix_pol_I_Farcsec_5pln_cor,46,-4.763286779052578e-05,6.618209590669721e-05,
Abell_2645_noFix_pol_I_Farcsec_5pln_cor_crop_0181.npy,Abell_2645_noFix_pol_I_Farcsec_5pln_cor,181,-3.2132909836946055e-05,5.223612970439717e-05,
J2222.2-5235_aFix_pol_I_Farcsec_5pln_cor_crop_0168.npy,J2222.2-5235_aFix_pol_I_Farcsec_5pln_cor,168,-2.0340692572062835e-05,4.029700721730478e-05,
Abell_S1063_nofix_pol_I_Farcsec_5pln_cor_crop_0098.npy,Abell_S1063_nofix_pol_I_Farcsec_5pln_cor,98,-1.3156100976630114e-05,3.549207394826226e-05,
Abell_194_aFix_pol_I_Farcsec_5pln_cor_crop_0021.npy,Abell_194_aFix_pol_I_Farcsec_5pln_cor,21,-3.945245043723844e-05,0.0001343678013654,
Abell_4038_aFix_pol_I_Farcsec_5pln_cor_crop_0080.npy,Abell_4038_aFix_pol_I_Farcsec_5pln_cor,80,-1.8985389033332467e-05,4.2698269680840895e-05,
J1358.9-4750_aFix_pol_I_Farcsec_5pln_cor_crop_0017.npy,J1358.9-4750_aFix_pol_I_Farcsec_5pln_cor,17,-2.6460520530235957e-05,4.666853419621475e-05,
J1653.0-5943_aFix_pol_I_Farcsec_5pln_cor_crop_0148.npy,J1653.0-5943_aFix_pol_I_Farcsec_5pln_cor,148,-2.6878653443418443e-05,3.650951839517802e-05,
J0625.2-5521_aFix_pol_I_Farcsec_5pln_cor_crop_0062.npy,J0625.2-5521_aFix_pol_I_Farcsec_5pln_cor,62,-2.603908251330722e-05,3.9954342355486006e-05,
Abell_545_aFix_pol_I_Farcsec_5pln_cor_crop_0176.npy,Abell_545_aFix_pol_I_Farcsec_5pln_cor,176,-1.9454066205071285e-05,4.5050637709209695e-05,
Abell_194_aFix_pol_I_Farcsec_5pln_cor_crop_0068.npy,Abell_194_aFix_pol_I_Farcsec_5pln_cor,68,-3.945245043723844e-05,0.0001343678013654,
Abell_2667_noFix_pol_I_Farcsec_5pln_cor_crop_0123.npy,Abell_2667_noFix_pol_I_Farcsec_5pln_cor,123,-1.5058354620123282e-05,4.20943797507789e-05,
J1535.1-4658_aFix_pol_I_Farcsec_5pln_cor_crop_0072.npy,J1535.1-4658_aFix_pol_I_Farcsec_5pln_cor,72,-2.547855729062576e-05,3.796764576691203e-05,
J0351.1-8212_aFix_pol_I_Farcsec_5pln_cor_crop_0068.npy,J0351.1-8212_aFix_pol_I_Farcsec_5pln_cor,68,-1.34867677843431e-05,3.901409581885673e-05,
J2340.1-8510_aFix_pol_I_Farcsec_5pln_cor_crop_0092.npy,J2340.1-8510_aFix_pol_I_Farcsec_5pln_cor,92,-1.53458950080676e-05,3.938611553166993e-05,
J0145.0-5300_aFix_pol_I_Farcsec_5pln_cor_crop_0068.npy,J0145.0-5300_aFix_pol_I_Farcsec_5pln_cor,68,-1.4464765627053566e-05,3.505407221382484e-05,
J2023.4-5535_aFix_pol_I_Farcsec_5pln_cor_crop_0137.npy,J2023.4-5535_aFix_pol_I_Farcsec_5pln_cor,137,-2.326385947526433e-05,4.042817090521567e-05,
Abell_2645_noFix_pol_I_Farcsec_5pln_cor_crop_0007.npy,Abell_2645_noFix_pol_I_Farcsec_5pln_cor,7,-3.2132909836946055e-05,5.223612970439717e-05,
J0712.0-6030_aFix_pol_I_Farcsec_5pln_cor_crop_0114.npy,J0712.0-6030_aFix_pol_I_Farcsec_5pln_cor,114,-1.3525442227546591e-05,3.74543305952102e-05,
J1240.2-4825_aFix_pol_I_Farcsec_5pln_cor_crop_0023.npy,J1240.2-4825_aFix_pol_I_Farcsec_5pln_cor,23,-1.6159494407474995e-05,3.676811684272252e-05,
J0542.8-4100_aFix_pol_I_Farcsec_5pln_cor_crop_0112.npy,J0542.8-4100_aFix_pol_I_Farcsec_5pln_cor,112,-1.260944191017188e-05,3.595814996515401e-05,
J0145.2-6033_aFix_pol_I_Farcsec_5pln_cor_crop_0179.npy,J0145.2-6033_aFix_pol_I_Farcsec_5pln_cor,179,-1.2114905985072257e-05,3.299051968497224e-05,
Abell_2751_aFix_pol_I_Farcsec_5pln_cor_crop_0106.npy,Abell_2751_aFix_pol_I_Farcsec_5pln_cor,106,-2.5066670787055045e-05,4.310646909289062e-05,
J0351.1-8212_aFix_pol_I_Farcsec_5pln_cor_crop_0146.npy,J0351.1-8212_aFix_pol_I_Farcsec_5pln_cor,146,-1.34867677843431e-05,3.901409581885673e-05,
J0416.7-5525_aFix_pol_I_Farcsec_5pln_cor_crop_0111.npy,J0416.7-5525_aFix_pol_I_Farcsec_5pln_cor,111,-1.4703909073432442e-05,4.304752292227931e-05,
Abell_33_noFix_pol_I_Farcsec_5pln_cor_crop_0007.npy,Abell_33_noFix_pol_I_Farcsec_5pln_cor,7,-2.8547556212288328e-05,4.8568657803116366e-05,
J0745.1-5404_aFix_pol_I_Farcsec_5pln_cor_crop_0215.npy,J0745.1-5404_aFix_pol_I_Farcsec_5pln_cor,215,-1.8277149138157256e-05,3.714456397574395e-05,
J0637.3-4828_aFix_pol_I_Farcsec_5pln_cor_crop_0139.npy,J0637.3-4828_aFix_pol_I_Farcsec_5pln_cor,139,-1.5409788829856552e-05,3.9739050407661125e-05,
Abell_2813_noFix_pol_I_Farcsec_5pln_cor_crop_0007.npy,Abell_2813_noFix_pol_I_Farcsec_5pln_cor,7,-2.1553638362092897e-05,4.1060964576900005e-05,
Abell_168_aFix_pol_I_Farcsec_5pln_cor_crop_0163.npy,Abell_168_aFix_pol_I_Farcsec_5pln_cor,163,-2.51656529144384e-05,4.1941199015127495e-05,
Bullet_aFix_pol_I_Farcsec_5pln_cor_crop_0050.npy,Bullet_aFix_pol_I_Farcsec_5pln_cor,50,-1.5211503523460124e-05,4.380349491839297e-05,
J0745.1-5404_aFix_pol_I_Farcsec_5pln_cor_crop_0075.npy,J0745.1-5404_aFix_pol_I_Farcsec_5pln_cor,75,-1.8277149138157256e-05,3.714456397574395e-05,
Abell_3667_aFix_pol_I_Farcsec_5pln_cor_crop_0136.npy,Abell_3667_aFix_pol_I_Farcsec_5pln_cor,136,-3.163510700687766e-05,0.0001603437995072,
J0625.2-5521_aFix_pol_I_Farcsec_5pln_cor_crop_0151.npy,J0625.2-5521_aFix_pol_I_Farcsec_5pln_cor,151,-2.603908251330722e-05,3.9954342355486006e-05,
Abell_548_Cen_aFix_pol_I_Farcsec_5pln_cor_crop_0186.npy,Abell_548_Cen_aFix_pol_I_Farcsec_5pln_cor,186,-1.6901160051929764e-05,5.435498314909637e-05,
J0542.8-4100_aFix_pol_I_Farcsec_5pln_cor_crop_0169.npy,J0542.8-4100_aFix_pol_I_Farcsec_5pln_cor,169,-1.260944191017188e-05,3.595814996515401e-05,
J2340.1-8510_aFix_pol_I_Farcsec_5pln_cor_crop_0025.npy,J2340.1-8510_aFix_pol_I_Farcsec_5pln_cor,25,-1.53458950080676e-05,3.938611553166993e-05,
J0117.8-5455_aFix_pol_I_Farcsec_5pln_cor_crop_0100.npy,J0117.8-5455_aFix_pol_I_Farcsec_5pln_cor,100,-1.313004395342432e-05,3.596906753955409e-05,
J0212.8-4707_aFix_pol_I_Farcsec_5pln_cor_crop_0194.npy,J0212.8-4707_aFix_pol_I_Farcsec_5pln_cor,194,-1.7747841411619447e-05,3.736264625331387e-05,
Abell_370_afix_pol_I_Farcsec_5pln_cor_crop_0191.npy,Abell_370_afix_pol_I_Farcsec_5pln_cor,191,-3.905647463398054e-05,5.590072396444157e-05,
J1705.1-8210_aFix_pol_I_Farcsec_5pln_cor_crop_0122.npy,J1705.1-8210_aFix_pol_I_Farcsec_5pln_cor,122,-2.258976564917248e-05,4.054370947415009e-05,
Abell_S1121_noFix_pol_I_Farcsec_5pln_cor_crop_0172.npy,Abell_S1121_noFix_pol_I_Farcsec_5pln_cor,172,-4.2447074520168826e-05,6.132334965514019e-05,
J2319.2-6750_aFix_pol_I_Farcsec_5pln_cor_crop_0179.npy,J2319.2-6750_aFix_pol_I_Farcsec_5pln_cor,179,-1.762574174790643e-05,3.985196599387564e-05,
Abell_209_aFix_pol_I_Farcsec_5pln_cor_crop_0125.npy,Abell_209_aFix_pol_I_Farcsec_5pln_cor,125,-2.1105859559611417e-05,4.098449426237494e-05,
J0108.5-4020_aFix_pol_I_Farcsec_5pln_cor_crop_0112.npy,J0108.5-4020_aFix_pol_I_Farcsec_5pln_cor,112,-1.5436331523233093e-05,3.3178752346429974e-05,
J0645.4-5413_aFix_pol_I_Farcsec_5pln_cor_crop_0126.npy,J0645.4-5413_aFix_pol_I_Farcsec_5pln_cor,126,-1.871160566224717e-05,4.457303657545708e-05,
Abell_370_afix_pol_I_Farcsec_5pln_cor_crop_0163.npy,Abell_370_afix_pol_I_Farcsec_5pln_cor,163,-3.905647463398054e-05,5.590072396444157e-05,
J0625.2-5521_aFix_pol_I_Farcsec_5pln_cor_crop_0111.npy,J0625.2-5521_aFix_pol_I_Farcsec_5pln_cor,111,-2.603908251330722e-05,3.9954342355486006e-05,
J0540.1-4322_aFix_pol_I_Farcsec_5pln_cor_crop_0184.npy,J0540.1-4322_aFix_pol_I_Farcsec_5pln_cor,184,-2.016680991800968e-05,3.639713395386934e-05,
J0948.6-8327_aFix_pol_I_Farcsec_5pln_cor_crop_0095.npy,J0948.6-8327_aFix_pol_I_Farcsec_5pln_cor,95,-1.3834469427820297e-05,3.5308996302774176e-05,
J0528.9-3927_B_aFix_pol_I_Farcsec_5pln_cor_crop_0179.npy,J0528.9-3927_B_aFix_pol_I_Farcsec_5pln_cor,179,-1.3992802450957242e-05,3.4315333323320374e-05,
Abell_2667_noFix_pol_I_Farcsec_5pln_cor_crop_0100.npy,Abell_2667_noFix_pol_I_Farcsec_5pln_cor,100,-1.5058354620123282e-05,4.20943797507789e-05,
J0812.5-5714_aFix_pol_I_Farcsec_5pln_cor_crop_0100.npy,J0812.5-5714_aFix_pol_I_Farcsec_5pln_cor,100,-1.797733420971781e-05,3.096696309512481e-05,
Abell_2645_noFix_pol_I_Farcsec_5pln_cor_crop_0019.npy,Abell_2645_noFix_pol_I_Farcsec_5pln_cor,19,-3.2132909836946055e-05,5.223612970439717e-05,
J0217.2-5244_aFix_pol_I_Farcsec_5pln_cor_crop_0088.npy,J0217.2-5244_aFix_pol_I_Farcsec_5pln_cor,88,-1.7379512428306043e-05,3.482505780993961e-05,
Abell_545_aFix_pol_I_Farcsec_5pln_cor_crop_0091.npy,Abell_545_aFix_pol_I_Farcsec_5pln_cor,91,-1.9454066205071285e-05,4.5050637709209695e-05,
Abell_194_aFix_pol_I_Farcsec_5pln_cor_crop_0160.npy,Abell_194_aFix_pol_I_Farcsec_5pln_cor,160,-3.945245043723844e-05,0.0001343678013654,
J1145.6-5420_aFix_pol_I_Farcsec_5pln_cor_crop_0040.npy,J1145.6-5420_aFix_pol_I_Farcsec_5pln_cor,40,-1.6585625417064875e-05,3.3761494705686346e-05,
J1423.7-5412_aFix_pol_I_Farcsec_5pln_cor_crop_0001.npy,J1423.7-5412_aFix_pol_I_Farcsec_5pln_cor,1,-1.8973547412315384e-05,4.0196806367021054e-05,
J0351.1-8212_aFix_pol_I_Farcsec_5pln_cor_crop_0123.npy,J0351.1-8212_aFix_pol_I_Farcsec_5pln_cor,123,-1.34867677843431e-05,3.901409581885673e-05,
Abell_2813_noFix_pol_I_Farcsec_5pln_cor_crop_0016.npy,Abell_2813_noFix_pol_I_Farcsec_5pln_cor,16,-2.1553638362092897e-05,4.1060964576900005e-05,
J1535.1-4658_aFix_pol_I_Farcsec_5pln_cor_crop_0053.npy,J1535.1-4658_aFix_pol_I_Farcsec_5pln_cor,53,-2.547855729062576e-05,3.796764576691203e-05,
J1358.9-4750_aFix_pol_I_Farcsec_5pln_cor_crop_0110.npy,J1358.9-4750_aFix_pol_I_Farcsec_5pln_cor,110,-2.6460520530235957e-05,4.666853419621475e-05,
J0812.5-5714_aFix_pol_I_Farcsec_5pln_cor_crop_0169.npy,J0812.5-5714_aFix_pol_I_Farcsec_5pln_cor,169,-1.797733420971781e-05,3.096696309512481e-05,
J0232.2-4420_aFix_pol_I_Farcsec_5pln_cor_crop_0160.npy,J0232.2-4420_aFix_pol_I_Farcsec_5pln_cor,160,-1.3283781299833208e-05,3.414206730667502e-05,
Abell_141_aFix_pol_I_Farcsec_5pln_cor_crop_0137.npy,Abell_141_aFix_pol_I_Farcsec_5pln_cor,137,-1.6963114831014536e-05,3.675864718388766e-05,
J0225.9-4154_aFix_pol_I_Farcsec_5pln_cor_crop_0122.npy,J0225.9-4154_aFix_pol_I_Farcsec_5pln_cor,122,-1.4831659427727573e-05,3.976373773184605e-05,
J2340.1-8510_aFix_pol_I_Farcsec_5pln_cor_crop_0104.npy,J2340.1-8510_aFix_pol_I_Farcsec_5pln_cor,104,-1.53458950080676e-05,3.938611553166993e-05,
J0631.3-5610_aFix_pol_I_Farcsec_5pln_cor_crop_0154.npy,J0631.3-5610_aFix_pol_I_Farcsec_5pln_cor,154,-1.3746558579441626e-05,3.730034950422123e-05,
Abell_521_noFix_pol_I_Farcsec_5pln_cor_crop_0181.npy,Abell_521_noFix_pol_I_Farcsec_5pln_cor,181,-1.8806747902999632e-05,4.423171412781812e-05,
J0117.8-5455_aFix_pol_I_Farcsec_5pln_cor_crop_0080.npy,J0117.8-5455_aFix_pol_I_Farcsec_5pln_cor,80,-1.313004395342432e-05,3.596906753955409e-05,
J0626.3-5341_aFix_pol_I_Farcsec_5pln_cor_crop_0027.npy,J0626.3-5341_aFix_pol_I_Farcsec_5pln_cor,27,-2.286754715896677e-05,4.3426152842585e-05,
J0336.3-4037_aFix_pol_I_Farcsec_5pln_cor_crop_0046.npy,J0336.3-4037_aFix_pol_I_Farcsec_5pln_cor,46,-1.9070150301558897e-05,3.8439713534899056e-05,
J0216.3-4816_aFix_pol_I_Farcsec_5pln_cor_crop_0176.npy,J0216.3-4816_aFix_pol_I_Farcsec_5pln_cor,176,-1.5618124962202273e-05,5.211478855926544e-05,
Abell_3562_aFix_pol_I_Farcsec_5pln_cor_crop_0050.npy,Abell_3562_aFix_pol_I_Farcsec_5pln_cor,50,-2.032673728535883e-05,4.53729007858783e-05,
J0607.0-4928_aFix_pol_I_Farcsec_5pln_cor_crop_0186.npy,J0607.0-4928_aFix_pol_I_Farcsec_5pln_cor,186,-1.727664130157791e-05,3.109658064204268e-05,
J0738.1-7506_aFix_pol_I_Farcsec_5pln_cor_crop_0086.npy,J0738.1-7506_aFix_pol_I_Farcsec_5pln_cor,86,-1.3090567335893866e-05,3.692142854561098e-05,
J1705.1-8210_aFix_pol_I_Farcsec_5pln_cor_crop_0065.npy,J1705.1-8210_aFix_pol_I_Farcsec_5pln_cor,65,-2.258976564917248e-05,4.054370947415009e-05,
Abell_209_aFix_pol_I_Farcsec_5pln_cor_crop_0026.npy,Abell_209_aFix_pol_I_Farcsec_5pln_cor,26,-2.1105859559611417e-05,4.098449426237494e-05,
J0812.5-5714_aFix_pol_I_Farcsec_5pln_cor_crop_0163.npy,J0812.5-5714_aFix_pol_I_Farcsec_5pln_cor,163,-1.797733420971781e-05,3.096696309512481e-05,
Abell_141_aFix_pol_I_Farcsec_5pln_cor_crop_0052.npy,Abell_141_aFix_pol_I_Farcsec_5pln_cor,52,-1.6963114831014536e-05,3.675864718388766e-05,
Abell_548_Cen_aFix_pol_I_Farcsec_5pln_cor_crop_0108.npy,Abell_548_Cen_aFix_pol_I_Farcsec_5pln_cor,108,-1.6901160051929764e-05,5.435498314909637e-05,
J1423.7-5412_aFix_pol_I_Farcsec_5pln_cor_crop_0192.npy,J1423.7-5412_aFix_pol_I_Farcsec_5pln_cor,192,-1.8973547412315384e-05,4.0196806367021054e-05,
Abell_22_aFix_pol_I_Farcsec_5pln_cor_crop_0182.npy,Abell_22_aFix_pol_I_Farcsec_5pln_cor,182,-1.7687332729110494e-05,3.791484050452709e-05,
MACS_J0257.6-2209_aFix_pol_I_Farcsec_5pln_cor_crop_0154.npy,MACS_J0257.6-2209_aFix_pol_I_Farcsec_5pln_cor,154,-2.1241523427306674e-05,4.082491795998067e-05,
J0545.5-4756_aFix_pol_I_Farcsec_5pln_cor_crop_0038.npy,J0545.5-4756_aFix_pol_I_Farcsec_5pln_cor,38,-1.6526179024367593e-05,4.097030614502728e-05,
MACSJ_0025.4-1222B_aFix_pol_I_Farcsec_5pln_cor_crop_0113.npy,MACSJ_0025.4-1222B_aFix_pol_I_Farcsec_5pln_cor,113,-2.179453076678328e-05,4.608399467542768e-05,
J1358.9-4750_aFix_pol_I_Farcsec_5pln_cor_crop_0163.npy,J1358.9-4750_aFix_pol_I_Farcsec_5pln_cor,163,-2.6460520530235957e-05,4.666853419621475e-05,
Abell_22_aFix_pol_I_Farcsec_5pln_cor_crop_0004.npy,Abell_22_aFix_pol_I_Farcsec_5pln_cor,4,-1.7687332729110494e-05,3.791484050452709e-05,
Abell_133_aFix_pol_I_Farcsec_5pln_cor_crop_0030.npy,Abell_133_aFix_pol_I_Farcsec_5pln_cor,30,-1.6750700524426065e-05,3.861152799800038e-05,
J0600.8-5835_aFix_pol_I_Farcsec_5pln_cor_crop_0169.npy,J0600.8-5835_aFix_pol_I_Farcsec_5pln_cor,169,-1.2947120012540836e-05,3.535595169523731e-05,
Abell_133_aFix_pol_I_Farcsec_5pln_cor_crop_0159.npy,Abell_133_aFix_pol_I_Farcsec_5pln_cor,159,-1.6750700524426065e-05,3.861152799800038e-05,
Abell_545_aFix_pol_I_Farcsec_5pln_cor_crop_0052.npy,Abell_545_aFix_pol_I_Farcsec_5pln_cor,52,-1.9454066205071285e-05,4.5050637709209695e-05,
J1145.6-5420_aFix_pol_I_Farcsec_5pln_cor_crop_0141.npy,J1145.6-5420_aFix_pol_I_Farcsec_5pln_cor,141,-1.6585625417064875e-05,3.3761494705686346e-05,
J1518.3-4632_aFix_pol_I_Farcsec_5pln_cor_crop_0014.npy,J1518.3-4632_aFix_pol_I_Farcsec_5pln_cor,14,-2.6316898583900183e-05,3.836355244857259e-05,
J0314.3-4525_aFix_pol_I_Farcsec_5pln_cor_crop_0080.npy,J0314.3-4525_aFix_pol_I_Farcsec_5pln_cor,80,-1.2252019587322138e-05,3.824526356766e-05,
J1410.4-4246_aFix_pol_I_Farcsec_5pln_cor_crop_0140.npy,J1410.4-4246_aFix_pol_I_Farcsec_5pln_cor,140,-2.2075269953347743e-05,4.486642137635499e-05,
J0543.4-4430_aFix_pol_I_Farcsec_5pln_cor_crop_0042.npy,J0543.4-4430_aFix_pol_I_Farcsec_5pln_cor,42,-1.920615613926202e-05,4.022587017971091e-05,
Abell_3365A_noFix_pol_I_Farcsec_5pln_cor_crop_0033.npy,Abell_3365A_noFix_pol_I_Farcsec_5pln_cor,33,-1.5037990124255884e-05,3.877880590152927e-05,
RXCJ1314_aFix_pol_I_Farcsec_5pln_cor_crop_0108.npy,RXCJ1314_aFix_pol_I_Farcsec_5pln_cor,108,-2.6271653041476384e-05,4.702054502558895e-05,
Abell_22_aFix_pol_I_Farcsec_5pln_cor_crop_0059.npy,Abell_22_aFix_pol_I_Farcsec_5pln_cor,59,-1.7687332729110494e-05,3.791484050452709e-05,
J0525.8-4715_aFix_pol_I_Farcsec_5pln_cor_crop_0173.npy,J0525.8-4715_aFix_pol_I_Farcsec_5pln_cor,173,-1.611813422641717e-05,4.044059460284189e-05,
J0351.1-8212_aFix_pol_I_Farcsec_5pln_cor_crop_0060.npy,J0351.1-8212_aFix_pol_I_Farcsec_5pln_cor,60,-1.34867677843431e-05,3.901409581885673e-05,
J0342.8-5338_aFix_pol_I_Farcsec_5pln_cor_crop_0014.npy,J0342.8-5338_aFix_pol_I_Farcsec_5pln_cor,14,-1.83263164217351e-05,3.698056025314145e-05,
J1645.4-7334_aFix_pol_I_Farcsec_5pln_cor_crop_0161.npy,J1645.4-7334_aFix_pol_I_Farcsec_5pln_cor,161,-2.7542228053789582e-05,5.101114220451564e-05,
MACSJ_0025.4-1222B_aFix_pol_I_Farcsec_5pln_cor_crop_0000.npy,MACSJ_0025.4-1222B_aFix_pol_I_Farcsec_5pln_cor,0,-2.179453076678328e-05,4.608399467542768e-05,
J0745.1-5404_aFix_pol_I_Farcsec_5pln_cor_crop_0207.npy,J0745.1-5404_aFix_pol_I_Farcsec_5pln_cor,207,-1.8277149138157256e-05,3.714456397574395e-05,
Abell_3376copy_aFix_pol_I_Farcsec_5pln_cor_crop_0220.npy,Abell_3376copy_aFix_pol_I_Farcsec_5pln_cor,220,-1.6748330381233245e-05,4.895990059594624e-05,
J0542.8-4100_aFix_pol_I_Farcsec_5pln_cor_crop_0091.npy,J0542.8-4100_aFix_pol_I_Farcsec_5pln_cor,91,-1.260944191017188e-05,3.595814996515401e-05,
Abell_2597_noFix_pol_I_Farcsec_5pln_cor_crop_0173.npy,Abell_2597_noFix_pol_I_Farcsec_5pln_cor,173,-5.033568595536053e-05,6.417310942197219e-05,
J0117.8-5455_aFix_pol_I_Farcsec_5pln_cor_crop_0140.npy,J0117.8-5455_aFix_pol_I_Farcsec_5pln_cor,140,-1.313004395342432e-05,3.596906753955409e-05,
J0610.5-4848_aFix_pol_I_Farcsec_5pln_cor_crop_0008.npy,J0610.5-4848_aFix_pol_I_Farcsec_5pln_cor,8,-1.432743010809645e-05,3.869758802466095e-05,
J1840.6-7709_aFix_pol_I_Farcsec_5pln_cor_crop_0168.npy,J1840.6-7709_aFix_pol_I_Farcsec_5pln_cor,168,-1.7610127542866394e-05,4.188125240034424e-05,
Abell_548_aFix_pol_I_Farcsec_5pln_cor_crop_0016.npy,Abell_548_aFix_pol_I_Farcsec_5pln_cor,16,-1.682372203504201e-05,5.429780867416412e-05,
J0645.4-5413_aFix_pol_I_Farcsec_5pln_cor_crop_0169.npy,J0645.4-5413_aFix_pol_I_Farcsec_5pln_cor,169,-1.871160566224717e-05,4.457303657545708e-05,
J1840.6-7709_aFix_pol_I_Farcsec_5pln_cor_crop_0186.npy,J1840.6-7709_aFix_pol_I_Farcsec_5pln_cor,186,-1.7610127542866394e-05,4.188125240034424e-05,
ElGordo_aFix_pol_I_Farcsec_5pln_cor_crop_0119.npy,ElGordo_aFix_pol_I_Farcsec_5pln_cor,119,-1.8438237020745877e-05,3.2559692044742405e-05,
Abell_2813_noFix_pol_I_Farcsec_5pln_cor_crop_0125.npy,Abell_2813_noFix_pol_I_Farcsec_5pln_cor,125,-2.1553638362092897e-05,4.1060964576900005e-05,
J0352.4-7401_aFix_pol_I_Farcsec_5pln_cor_crop_0126.npy,J0352.4-7401_aFix_pol_I_Farcsec_5pln_cor,126,-1.3432473679131364e-05,3.414728053030558e-05,
J0658.5-5556_aFix_pol_I_Farcsec_5pln_cor_crop_0085.npy,J0658.5-5556_aFix_pol_I_Farcsec_5pln_cor,85,-1.5211503523460124e-05,4.380349491839297e-05,
J0232.2-4420_aFix_pol_I_Farcsec_5pln_cor_crop_0134.npy,J0232.2-4420_aFix_pol_I_Farcsec_5pln_cor,134,-1.3283781299833208e-05,3.414206730667502e-05,
J0108.5-4020_aFix_pol_I_Farcsec_5pln_cor_crop_0183.npy,J0108.5-4020_aFix_pol_I_Farcsec_5pln_cor,183,-1.5436331523233093e-05,3.3178752346429974e-05,
J0351.1-8212_aFix_pol_I_Farcsec_5pln_cor_crop_0189.npy,J0351.1-8212_aFix_pol_I_Farcsec_5pln_cor,189,-1.34867677843431e-05,3.901409581885673e-05,
Abell_2751_aFix_pol_I_Farcsec_5pln_cor_crop_0107.npy,Abell_2751_aFix_pol_I_Farcsec_5pln_cor,107,-2.5066670787055045e-05,4.310646909289062e-05,
Abell_3376_aFix_pol_I_Farcsec_5pln_cor_crop_0201.npy,Abell_3376_aFix_pol_I_Farcsec_5pln_cor,201,-1.6748330381233245e-05,4.895990059594624e-05,
Abell_2744_aFix_pol_I_Farcsec_5pln_cor_crop_0115.npy,Abell_2744_aFix_pol_I_Farcsec_5pln_cor,115,-1.4511139852402266e-05,3.865708276862279e-05,
Abell_3376copy_aFix_pol_I_Farcsec_5pln_cor_crop_0193.npy,Abell_3376copy_aFix_pol_I_Farcsec_5pln_cor,193,-1.6748330381233245e-05,4.895990059594624e-05,
Abell_S1063_nofix_pol_I_Farcsec_5pln_cor_crop_0058.npy,Abell_S1063_nofix_pol_I_Farcsec_5pln_cor,58,-1.3156100976630114e-05,3.549207394826226e-05,
J1358.9-4750_aFix_pol_I_Farcsec_5pln_cor_crop_0114.npy,J1358.9-4750_aFix_pol_I_Farcsec_5pln_cor,114,-2.6460520530235957e-05,4.666853419621475e-05,
J0027.3-5015_aFix_pol_I_Farcsec_5pln_cor_crop_0116.npy,J0027.3-5015_aFix_pol_I_Farcsec_5pln_cor,116,-1.4346433999889996e-05,3.467470014584251e-05,
J1653.0-5943_aFix_pol_I_Farcsec_5pln_cor_crop_0141.npy,J1653.0-5943_aFix_pol_I_Farcsec_5pln_cor,141,-2.6878653443418443e-05,3.650951839517802e-05,
Abell_545_aFix_pol_I_Farcsec_5pln_cor_crop_0162.npy,Abell_545_aFix_pol_I_Farcsec_5pln_cor,162,-1.9454066205071285e-05,4.5050637709209695e-05,
Abell_2485_noFix_pol_I_Farcsec_5pln_cor_crop_0059.npy,Abell_2485_noFix_pol_I_Farcsec_5pln_cor,59,-1.5763916962896474e-05,3.792858478846029e-05,
J0616.8-4748_aFix_pol_I_Farcsec_5pln_cor_crop_0025.npy,J0616.8-4748_aFix_pol_I_Farcsec_5pln_cor,25,-1.6417492588516325e-05,3.9486680179834366e-05,
MACS_J0257.6-2209_aFix_pol_I_Farcsec_5pln_cor_crop_0047.npy,MACS_J0257.6-2209_aFix_pol_I_Farcsec_5pln_cor,47,-2.1241523427306674e-05,4.082491795998067e-05,
Abell_141_aFix_pol_I_Farcsec_5pln_cor_crop_0110.npy,Abell_141_aFix_pol_I_Farcsec_5pln_cor,110,-1.6963114831014536e-05,3.675864718388766e-05,
Abell_22_aFix_pol_I_Farcsec_5pln_cor_crop_0019.npy,Abell_22_aFix_pol_I_Farcsec_5pln_cor,19,-1.7687332729110494e-05,3.791484050452709e-05,
J2319.2-6750_aFix_pol_I_Farcsec_5pln_cor_crop_0065.npy,J2319.2-6750_aFix_pol_I_Farcsec_5pln_cor,65,-1.762574174790643e-05,3.985196599387564e-05,
Abell_168_aFix_pol_I_Farcsec_5pln_cor_crop_0006.npy,Abell_168_aFix_pol_I_Farcsec_5pln_cor,6,-2.51656529144384e-05,4.1941199015127495e-05,
J1518.3-4632_aFix_pol_I_Farcsec_5pln_cor_crop_0205.npy,J1518.3-4632_aFix_pol_I_Farcsec_5pln_cor,205,-2.6316898583900183e-05,3.836355244857259e-05,
J0948.6-8327_aFix_pol_I_Farcsec_5pln_cor_crop_0190.npy,J0948.6-8327_aFix_pol_I_Farcsec_5pln_cor,190,-1.3834469427820297e-05,3.5308996302774176e-05,
MACSJ_0025.4-1222B_aFix_pol_I_Farcsec_5pln_cor_crop_0073.npy,MACSJ_0025.4-1222B_aFix_pol_I_Farcsec_5pln_cor,73,-2.179453076678328e-05,4.608399467542768e-05,
J0232.2-4420_aFix_pol_I_Farcsec_5pln_cor_crop_0111.npy,J0232.2-4420_aFix_pol_I_Farcsec_5pln_cor,111,-1.3283781299833208e-05,3.414206730667502e-05,
J0645.4-5413_aFix_pol_I_Farcsec_5pln_cor_crop_0148.npy,J0645.4-5413_aFix_pol_I_Farcsec_5pln_cor,148,-1.871160566224717e-05,4.457303657545708e-05,
J0626.3-5341_aFix_pol_I_Farcsec_5pln_cor_crop_0006.npy,J0626.3-5341_aFix_pol_I_Farcsec_5pln_cor,6,-2.286754715896677e-05,4.3426152842585e-05,
RXCJ0225.1-22928_aFix_pol_I_Farcsec_5pln_cor_crop_0135.npy,RXCJ0225.1-22928_aFix_pol_I_Farcsec_5pln_cor,135,-3.11890325974673e-05,5.4694857681170106e-05,
Abell_3365A_noFix_pol_I_Farcsec_5pln_cor_crop_0125.npy,Abell_3365A_noFix_pol_I_Farcsec_5pln_cor,125,-1.5037990124255884e-05,3.877880590152927e-05,
Abell_4038_aFix_pol_I_Farcsec_5pln_cor_crop_0222.npy,Abell_4038_aFix_pol_I_Farcsec_5pln_cor,222,-1.8985389033332467e-05,4.2698269680840895e-05,
Abell_545_aFix_pol_I_Farcsec_5pln_cor_crop_0057.npy,Abell_545_aFix_pol_I_Farcsec_5pln_cor,57,-1.9454066205071285e-05,4.5050637709209695e-05,
Abell_2811_noFix_pol_I_Farcsec_5pln_cor_crop_0180.npy,Abell_2811_noFix_pol_I_Farcsec_5pln_cor,180,-5.993724334985018e-05,7.318957068491727e-05,
Abell_S295_aFix_pol_I_Farcsec_5pln_cor_crop_0060.npy,Abell_S295_aFix_pol_I_Farcsec_5pln_cor,60,-1.2192884241812862e-05,4.2860785470111296e-05,
MACS_J0257.6-2209_noFix_pol_I_Farcsec_5pln_cor_crop_0029.npy,MACS_J0257.6-2209_noFix_pol_I_Farcsec_5pln_cor,29,-2.3381955543300137e-05,4.110854570171796e-05,
J1539.5-8335_aFix_pol_I_Farcsec_5pln_cor_crop_0057.npy,J1539.5-8335_aFix_pol_I_Farcsec_5pln_cor,57,-1.7301776097156107e-05,3.6628662201110274e-05,
Abell_133_aFix_pol_I_Farcsec_5pln_cor_crop_0060.npy,Abell_133_aFix_pol_I_Farcsec_5pln_cor,60,-1.6750700524426065e-05,3.861152799800038e-05,
J1535.1-4658_aFix_pol_I_Farcsec_5pln_cor_crop_0163.npy,J1535.1-4658_aFix_pol_I_Farcsec_5pln_cor,163,-2.547855729062576e-05,3.796764576691203e-05,
J0027.3-5015_aFix_pol_I_Farcsec_5pln_cor_crop_0022.npy,J0027.3-5015_aFix_pol_I_Farcsec_5pln_cor,22,-1.4346433999889996e-05,3.467470014584251e-05,
Abell_2485_noFix_pol_I_Farcsec_5pln_cor_crop_0031.npy,Abell_2485_noFix_pol_I_Farcsec_5pln_cor,31,-1.5763916962896474e-05,3.792858478846029e-05,
J0658.5-5556_aFix_pol_I_Farcsec_5pln_cor_crop_0005.npy,J0658.5-5556_aFix_pol_I_Farcsec_5pln_cor,5,-1.5211503523460124e-05,4.380349491839297e-05,
PLCK_G200.9-28.2_aFix_pol_I_Farcsec_5pln_cor_crop_0170.npy,PLCK_G200.9-28.2_aFix_pol_I_Farcsec_5pln_cor,170,-2.0549477994791232e-05,4.693285882240161e-05,
J0449.9-4440_aFix_pol_I_Farcsec_5pln_cor_crop_0114.npy,J0449.9-4440_aFix_pol_I_Farcsec_5pln_cor,114,-1.3652566849486902e-05,3.79539851564914e-05,
J0820.9-5704_aFix_pol_I_Farcsec_5pln_cor_crop_0207.npy,J0820.9-5704_aFix_pol_I_Farcsec_5pln_cor,207,-1.654735388001427e-05,3.4318985854042694e-05,
J0516.6-5430_aFix_pol_I_Farcsec_5pln_cor_crop_0030.npy,J0516.6-5430_aFix_pol_I_Farcsec_5pln_cor,30,-1.4557363101630472e-05,3.583080251701176e-05,
J0416.7-5525_aFix_pol_I_Farcsec_5pln_cor_crop_0115.npy,J0416.7-5525_aFix_pol_I_Farcsec_5pln_cor,115,-1.4703909073432442e-05,4.304752292227931e-05,
Abell_545_aFix_pol_I_Farcsec_5pln_cor_crop_0167.npy,Abell_545_aFix_pol_I_Farcsec_5pln_cor,167,-1.9454066205071285e-05,4.5050637709209695e-05,
J1423.7-5412_aFix_pol_I_Farcsec_5pln_cor_crop_0104.npy,J1423.7-5412_aFix_pol_I_Farcsec_5pln_cor,104,-1.8973547412315384e-05,4.0196806367021054e-05,
J0342.8-5338_aFix_pol_I_Farcsec_5pln_cor_crop_0140.npy,J0342.8-5338_aFix_pol_I_Farcsec_5pln_cor,140,-1.83263164217351e-05,3.698056025314145e-05,
J0314.3-4525_aFix_pol_I_Farcsec_5pln_cor_crop_0212.npy,J0314.3-4525_aFix_pol_I_Farcsec_5pln_cor,212,-1.2252019587322138e-05,3.824526356766e-05,
J0631.3-5610_aFix_pol_I_Farcsec_5pln_cor_crop_0053.npy,J0631.3-5610_aFix_pol_I_Farcsec_5pln_cor,53,-1.3746558579441626e-05,3.730034950422123e-05,
Abell_85_aFix_pol_I_Farcsec_5pln_cor_crop_0161.npy,Abell_85_aFix_pol_I_Farcsec_5pln_cor,161,-1.6969566786428913e-05,4.114058901905082e-05,
J1645.4-7334_aFix_pol_I_Farcsec_5pln_cor_crop_0080.npy,J1645.4-7334_aFix_pol_I_Farcsec_5pln_cor,80,-2.7542228053789582e-05,5.101114220451564e-05,
J0145.0-5300_aFix_pol_I_Farcsec_5pln_cor_crop_0125.npy,J0145.0-5300_aFix_pol_I_Farcsec_5pln_cor,125,-1.4464765627053566e-05,3.505407221382484e-05,
J1423.7-5412_aFix_pol_I_Farcsec_5pln_cor_crop_0084.npy,J1423.7-5412_aFix_pol_I_Farcsec_5pln_cor,84,-1.8973547412315384e-05,4.0196806367021054e-05,
J0225.9-4154_aFix_pol_I_Farcsec_5pln_cor_crop_0117.npy,J0225.9-4154_aFix_pol_I_Farcsec_5pln_cor,117,-1.4831659427727573e-05,3.976373773184605e-05,
Abell_3562_aFix_pol_I_Farcsec_5pln_cor_crop_0181.npy,Abell_3562_aFix_pol_I_Farcsec_5pln_cor,181,-2.032673728535883e-05,4.53729007858783e-05,
J0217.2-5244_aFix_pol_I_Farcsec_5pln_cor_crop_0025.npy,J0217.2-5244_aFix_pol_I_Farcsec_5pln_cor,25,-1.7379512428306043e-05,3.482505780993961e-05,
Abell_33_noFix_pol_I_Farcsec_5pln_cor_crop_0018.npy,Abell_33_noFix_pol_I_Farcsec_5pln_cor,18,-2.8547556212288328e-05,4.8568657803116366e-05,
J0625.2-5521_aFix_pol_I_Farcsec_5pln_cor_crop_0075.npy,J0625.2-5521_aFix_pol_I_Farcsec_5pln_cor,75,-2.603908251330722e-05,3.9954342355486006e-05,
Abell_548_aFix_pol_I_Farcsec_5pln_cor_crop_0158.npy,Abell_548_aFix_pol_I_Farcsec_5pln_cor,158,-1.682372203504201e-05,5.429780867416412e-05,
J1201.0-4623_aFix_pol_I_Farcsec_5pln_cor_crop_0035.npy,J1201.0-4623_aFix_pol_I_Farcsec_5pln_cor,35,-1.437526134395739e-05,3.895712870871648e-05,
J1358.9-4750_aFix_pol_I_Farcsec_5pln_cor_crop_0207.npy,J1358.9-4750_aFix_pol_I_Farcsec_5pln_cor,207,-2.6460520530235957e-05,4.666853419621475e-05,
J0607.0-4928_aFix_pol_I_Farcsec_5pln_cor_crop_0153.npy,J0607.0-4928_aFix_pol_I_Farcsec_5pln_cor,153,-1.727664130157791e-05,3.109658064204268e-05,
J1201.0-4623_aFix_pol_I_Farcsec_5pln_cor_crop_0172.npy,J1201.0-4623_aFix_pol_I_Farcsec_5pln_cor,172,-1.437526134395739e-05,3.895712870871648e-05,
Abell_133_aFix_pol_I_Farcsec_5pln_cor_crop_0097.npy,Abell_133_aFix_pol_I_Farcsec_5pln_cor,97,-1.6750700524426065e-05,3.861152799800038e-05,
J0943.4-7619_aFix_pol_I_Farcsec_5pln_cor_crop_0021.npy,J0943.4-7619_aFix_pol_I_Farcsec_5pln_cor,21,-2.481557567080017e-05,4.054028249811381e-05,
Abell_168_aFix_pol_I_Farcsec_5pln_cor_crop_0219.npy,Abell_168_aFix_pol_I_Farcsec_5pln_cor,219,-2.51656529144384e-05,4.1941199015127495e-05,
J0449.9-4440_aFix_pol_I_Farcsec_5pln_cor_crop_0110.npy,J0449.9-4440_aFix_pol_I_Farcsec_5pln_cor,110,-1.3652566849486902e-05,3.79539851564914e-05,
J0607.0-4928_aFix_pol_I_Farcsec_5pln_cor_crop_0137.npy,J0607.0-4928_aFix_pol_I_Farcsec_5pln_cor,137,-1.727664130157791e-05,3.109658064204268e-05,
Abell_22_aFix_pol_I_Farcsec_5pln_cor_crop_0139.npy,Abell_22_aFix_pol_I_Farcsec_5pln_cor,139,-1.7687332729110494e-05,3.791484050452709e-05,
Abell_168_aFix_pol_I_Farcsec_5pln_cor_crop_0146.npy,Abell_168_aFix_pol_I_Farcsec_5pln_cor,146,-2.51656529144384e-05,4.1941199015127495e-05,
RXCJ0225.1-22928_aFix_pol_I_Farcsec_5pln_cor_crop_0136.npy,RXCJ0225.1-22928_aFix_pol_I_Farcsec_5pln_cor,136,-3.11890325974673e-05,5.4694857681170106e-05,
Abell_548_Cen_aFix_pol_I_Farcsec_5pln_cor_crop_0107.npy,Abell_548_Cen_aFix_pol_I_Farcsec_5pln_cor,107,-1.6901160051929764e-05,5.435498314909637e-05,
J2340.1-8510_aFix_pol_I_Farcsec_5pln_cor_crop_0117.npy,J2340.1-8510_aFix_pol_I_Farcsec_5pln_cor,117,-1.53458950080676e-05,3.938611553166993e-05,
Abell_548_aFix_pol_I_Farcsec_5pln_cor_crop_0053.npy,Abell_548_aFix_pol_I_Farcsec_5pln_cor,53,-1.682372203504201e-05,5.429780867416412e-05,
Abell_33_noFix_pol_I_Farcsec_5pln_cor_crop_0097.npy,Abell_33_noFix_pol_I_Farcsec_5pln_cor,97,-2.8547556212288328e-05,4.8568657803116366e-05,
RXCJ1314_aFix_pol_I_Farcsec_5pln_cor_crop_0052.npy,RXCJ1314_aFix_pol_I_Farcsec_5pln_cor,52,-2.6271653041476384e-05,4.702054502558895e-05,
J0406.7-7116_aFix_pol_I_Farcsec_5pln_cor_crop_0102.npy,J0406.7-7116_aFix_pol_I_Farcsec_5pln_cor,102,-1.6727117326809093e-05,3.893847315339372e-05,
J0545.5-4756_aFix_pol_I_Farcsec_5pln_cor_crop_0129.npy,J0545.5-4756_aFix_pol_I_Farcsec_5pln_cor,129,-1.6526179024367593e-05,4.097030614502728e-05,
Abell_2895_noFix_pol_I_Farcsec_5pln_cor_crop_0138.npy,Abell_2895_noFix_pol_I_Farcsec_5pln_cor,138,-1.7904101696331054e-05,3.5388853575568646e-05,
J1248.7-4118_aFix_pol_I_Farcsec_5pln_cor_crop_0099.npy,J1248.7-4118_aFix_pol_I_Farcsec_5pln_cor,99,-3.831612048088573e-05,5.340838833944872e-05,
Abell_3376_aFix_pol_I_Farcsec_5pln_cor_crop_0135.npy,Abell_3376_aFix_pol_I_Farcsec_5pln_cor,135,-1.6748330381233245e-05,4.895990059594624e-05,
Abell_545_aFix_pol_I_Farcsec_5pln_cor_crop_0169.npy,Abell_545_aFix_pol_I_Farcsec_5pln_cor,169,-1.9454066205071285e-05,4.5050637709209695e-05,
Abell_521_noFix_pol_I_Farcsec_5pln_cor_crop_0020.npy,Abell_521_noFix_pol_I_Farcsec_5pln_cor,20,-1.8806747902999632e-05,4.423171412781812e-05,
Abell_3376copy_aFix_pol_I_Farcsec_5pln_cor_crop_0025.npy,Abell_3376copy_aFix_pol_I_Farcsec_5pln_cor,25,-1.6748330381233245e-05,4.895990059594624e-05,
RXC_J0520.7-1328_aFix_pol_I_Farcsec_5pln_cor_crop_0151.npy,RXC_J0520.7-1328_aFix_pol_I_Farcsec_5pln_cor,151,-4.763286779052578e-05,6.618209590669721e-05,
J0626.3-5341_aFix_pol_I_Farcsec_5pln_cor_crop_0055.npy,J0626.3-5341_aFix_pol_I_Farcsec_5pln_cor,55,-2.286754715896677e-05,4.3426152842585e-05,
J0600.8-5835_aFix_pol_I_Farcsec_5pln_cor_crop_0003.npy,J0600.8-5835_aFix_pol_I_Farcsec_5pln_cor,3,-1.2947120012540836e-05,3.535595169523731e-05,
MACS_J0257.6-2209_aFix_pol_I_Farcsec_5pln_cor_crop_0155.npy,MACS_J0257.6-2209_aFix_pol_I_Farcsec_5pln_cor,155,-2.1241523427306674e-05,4.082491795998067e-05,
J0232.2-4420_aFix_pol_I_Farcsec_5pln_cor_crop_0114.npy,J0232.2-4420_aFix_pol_I_Farcsec_5pln_cor,114,-1.3283781299833208e-05,3.414206730667502e-05,
Abell_2597_noFix_pol_I_Farcsec_5pln_cor_crop_0137.npy,Abell_2597_noFix_pol_I_Farcsec_5pln_cor,137,-5.033568595536053e-05,6.417310942197219e-05,
J2319.2-6750_aFix_pol_I_Farcsec_5pln_cor_crop_0187.npy,J2319.2-6750_aFix_pol_I_Farcsec_5pln_cor,187,-1.762574174790643e-05,3.985196599387564e-05,
Abell_3376copy_aFix_pol_I_Farcsec_5pln_cor_crop_0118.npy,Abell_3376copy_aFix_pol_I_Farcsec_5pln_cor,118,-1.6748330381233245e-05,4.895990059594624e-05,
Abell_548_aFix_pol_I_Farcsec_5pln_cor_crop_0095.npy,Abell_548_aFix_pol_I_Farcsec_5pln_cor,95,-1.682372203504201e-05,5.429780867416412e-05,
RXCJ0225.1-22928_aFix_pol_I_Farcsec_5pln_cor_crop_0115.npy,RXCJ0225.1-22928_aFix_pol_I_Farcsec_5pln_cor,115,-3.11890325974673e-05,5.4694857681170106e-05,
J0545.5-4756_aFix_pol_I_Farcsec_5pln_cor_crop_0068.npy,J0545.5-4756_aFix_pol_I_Farcsec_5pln_cor,68,-1.6526179024367593e-05,4.097030614502728e-05,
Abell_S1121_noFix_pol_I_Farcsec_5pln_cor_crop_0015.npy,Abell_S1121_noFix_pol_I_Farcsec_5pln_cor,15,-4.2447074520168826e-05,6.132334965514019e-05,
J0943.4-7619_aFix_pol_I_Farcsec_5pln_cor_crop_0008.npy,J0943.4-7619_aFix_pol_I_Farcsec_5pln_cor,8,-2.481557567080017e-05,4.054028249811381e-05,
Abell_3376_aFix_pol_I_Farcsec_5pln_cor_crop_0018.npy,Abell_3376_aFix_pol_I_Farcsec_5pln_cor,18,-1.6748330381233245e-05,4.895990059594624e-05,
Abell_13_noFix_pol_I_Farcsec_5pln_cor_crop_0187.npy,Abell_13_noFix_pol_I_Farcsec_5pln_cor,187,-1.9173105101799592e-05,3.867880150210112e-05,
J0117.8-5455_aFix_pol_I_Farcsec_5pln_cor_crop_0022.npy,J0117.8-5455_aFix_pol_I_Farcsec_5pln_cor,22,-1.313004395342432e-05,3.596906753955409e-05,
J0225.9-4154_aFix_pol_I_Farcsec_5pln_cor_crop_0186.npy,J0225.9-4154_aFix_pol_I_Farcsec_5pln_cor,186,-1.4831659427727573e-05,3.976373773184605e-05,
RXCJ1314_aFix_pol_I_Farcsec_5pln_cor_crop_0078.npy,RXCJ1314_aFix_pol_I_Farcsec_5pln_cor,78,-2.6271653041476384e-05,4.702054502558895e-05,
J0616.8-4748_aFix_pol_I_Farcsec_5pln_cor_crop_0185.npy,J0616.8-4748_aFix_pol_I_Farcsec_5pln_cor,185,-1.6417492588516325e-05,3.9486680179834366e-05,
J0745.1-5404_aFix_pol_I_Farcsec_5pln_cor_crop_0149.npy,J0745.1-5404_aFix_pol_I_Farcsec_5pln_cor,149,-1.8277149138157256e-05,3.714456397574395e-05,
MACS_J0257.6-2209_aFix_pol_I_Farcsec_5pln_cor_crop_0072.npy,MACS_J0257.6-2209_aFix_pol_I_Farcsec_5pln_cor,72,-2.1241523427306674e-05,4.082491795998067e-05,
Abell_33_noFix_pol_I_Farcsec_5pln_cor_crop_0136.npy,Abell_33_noFix_pol_I_Farcsec_5pln_cor,136,-2.8547556212288328e-05,4.8568657803116366e-05,
PLCK_G200.9-28.2_aFix_pol_I_Farcsec_5pln_cor_crop_0071.npy,PLCK_G200.9-28.2_aFix_pol_I_Farcsec_5pln_cor,71,-2.0549477994791232e-05,4.693285882240161e-05,
J0342.8-5338_aFix_pol_I_Farcsec_5pln_cor_crop_0094.npy,J0342.8-5338_aFix_pol_I_Farcsec_5pln_cor,94,-1.83263164217351e-05,3.698056025314145e-05,
J1518.3-4632_aFix_pol_I_Farcsec_5pln_cor_crop_0114.npy,J1518.3-4632_aFix_pol_I_Farcsec_5pln_cor,114,-2.6316898583900183e-05,3.836355244857259e-05,
Abell_168_aFix_pol_I_Farcsec_5pln_cor_crop_0086.npy,Abell_168_aFix_pol_I_Farcsec_5pln_cor,86,-2.51656529144384e-05,4.1941199015127495e-05,
Abell_194_aFix_pol_I_Farcsec_5pln_cor_crop_0030.npy,Abell_194_aFix_pol_I_Farcsec_5pln_cor,30,-3.945245043723844e-05,0.0001343678013654,
J0757.7-5315_aFix_pol_I_Farcsec_5pln_cor_crop_0106.npy,J0757.7-5315_aFix_pol_I_Farcsec_5pln_cor,106,-1.5817182429600507e-05,3.550770634319633e-05,
J0317.9-4414_aFix_pol_I_Farcsec_5pln_cor_crop_0081.npy,J0317.9-4414_aFix_pol_I_Farcsec_5pln_cor,81,-1.825527215260081e-05,4.13110428780783e-05,
J0712.0-6030_aFix_pol_I_Farcsec_5pln_cor_crop_0190.npy,J0712.0-6030_aFix_pol_I_Farcsec_5pln_cor,190,-1.3525442227546591e-05,3.74543305952102e-05,
J0416.7-5525_aFix_pol_I_Farcsec_5pln_cor_crop_0010.npy,J0416.7-5525_aFix_pol_I_Farcsec_5pln_cor,10,-1.4703909073432442e-05,4.304752292227931e-05,
J0625.2-5521_aFix_pol_I_Farcsec_5pln_cor_crop_0080.npy,J0625.2-5521_aFix_pol_I_Farcsec_5pln_cor,80,-2.603908251330722e-05,3.9954342355486006e-05,
J0145.2-6033_aFix_pol_I_Farcsec_5pln_cor_crop_0161.npy,J0145.2-6033_aFix_pol_I_Farcsec_5pln_cor,161,-1.2114905985072257e-05,3.299051968497224e-05,
J0449.9-4440_aFix_pol_I_Farcsec_5pln_cor_crop_0054.npy,J0449.9-4440_aFix_pol_I_Farcsec_5pln_cor,54,-1.3652566849486902e-05,3.79539851564914e-05,
PLCK_G200.9-28.2_aFix_pol_I_Farcsec_5pln_cor_crop_0048.npy,PLCK_G200.9-28.2_aFix_pol_I_Farcsec_5pln_cor,48,-2.0549477994791232e-05,4.693285882240161e-05,
J0510.2-4519_aFix_pol_I_Farcsec_5pln_cor_crop_0192.npy,J0510.2-4519_aFix_pol_I_Farcsec_5pln_cor,192,-1.650593003432732e-05,3.797405952354893e-05,
J0416.7-5525_aFix_pol_I_Farcsec_5pln_cor_crop_0161.npy,J0416.7-5525_aFix_pol_I_Farcsec_5pln_cor,161,-1.4703909073432442e-05,4.304752292227931e-05,
J0757.7-5315_aFix_pol_I_Farcsec_5pln_cor_crop_0121.npy,J0757.7-5315_aFix_pol_I_Farcsec_5pln_cor,121,-1.5817182429600507e-05,3.550770634319633e-05,
J0712.0-6030_aFix_pol_I_Farcsec_5pln_cor_crop_0029.npy,J0712.0-6030_aFix_pol_I_Farcsec_5pln_cor,29,-1.3525442227546591e-05,3.74543305952102e-05,
J0607.0-4928_aFix_pol_I_Farcsec_5pln_cor_crop_0077.npy,J0607.0-4928_aFix_pol_I_Farcsec_5pln_cor,77,-1.727664130157791e-05,3.109658064204268e-05,
J2340.1-8510_aFix_pol_I_Farcsec_5pln_cor_crop_0065.npy,J2340.1-8510_aFix_pol_I_Farcsec_5pln_cor,65,-1.53458950080676e-05,3.938611553166993e-05,
J0303.7-7752_aFix_pol_I_Farcsec_5pln_cor_crop_0166.npy,J0303.7-7752_aFix_pol_I_Farcsec_5pln_cor,166,-1.6216928997891955e-05,3.944924537790939e-05,
Abell_141_aFix_pol_I_Farcsec_5pln_cor_crop_0178.npy,Abell_141_aFix_pol_I_Farcsec_5pln_cor,178,-1.6963114831014536e-05,3.675864718388766e-05,
J1653.0-5943_aFix_pol_I_Farcsec_5pln_cor_crop_0136.npy,J1653.0-5943_aFix_pol_I_Farcsec_5pln_cor,136,-2.6878653443418443e-05,3.650951839517802e-05,
RXCJ2351.0-19_noFix_pol_I_Farcsec_5pln_cor_crop_0126.npy,RXCJ2351.0-19_noFix_pol_I_Farcsec_5pln_cor,126,-1.7816319086705334e-05,4.150596214458346e-05,
Abell_2744_aFix_pol_I_Farcsec_5pln_cor_crop_0216.npy,Abell_2744_aFix_pol_I_Farcsec_5pln_cor,216,-1.4511139852402266e-05,3.865708276862279e-05,
Abell_141_aFix_pol_I_Farcsec_5pln_cor_crop_0185.npy,Abell_141_aFix_pol_I_Farcsec_5pln_cor,185,-1.6963114831014536e-05,3.675864718388766e-05,
J0351.1-8212_aFix_pol_I_Farcsec_5pln_cor_crop_0028.npy,J0351.1-8212_aFix_pol_I_Farcsec_5pln_cor,28,-1.34867677843431e-05,3.901409581885673e-05,
J0145.2-6033_aFix_pol_I_Farcsec_5pln_cor_crop_0116.npy,J0145.2-6033_aFix_pol_I_Farcsec_5pln_cor,116,-1.2114905985072257e-05,3.299051968497224e-05,
Abell_2597_noFix_pol_I_Farcsec_5pln_cor_crop_0125.npy,Abell_2597_noFix_pol_I_Farcsec_5pln_cor,125,-5.033568595536053e-05,6.417310942197219e-05,
Abell_13_noFix_pol_I_Farcsec_5pln_cor_crop_0154.npy,Abell_13_noFix_pol_I_Farcsec_5pln_cor,154,-1.9173105101799592e-05,3.867880150210112e-05,
J2340.1-8510_aFix_pol_I_Farcsec_5pln_cor_crop_0152.npy,J2340.1-8510_aFix_pol_I_Farcsec_5pln_cor,152,-1.53458950080676e-05,3.938611553166993e-05,
J0637.3-4828_aFix_pol_I_Farcsec_5pln_cor_crop_0207.npy,J0637.3-4828_aFix_pol_I_Farcsec_5pln_cor,207,-1.5409788829856552e-05,3.9739050407661125e-05,
J1410.4-4246_aFix_pol_I_Farcsec_5pln_cor_crop_0029.npy,J1410.4-4246_aFix_pol_I_Farcsec_5pln_cor,29,-2.2075269953347743e-05,4.486642137635499e-05,
J0328.6-5542_aFix_pol_I_Farcsec_5pln_cor_crop_0179.npy,J0328.6-5542_aFix_pol_I_Farcsec_5pln_cor,179,-1.7376105461153202e-05,3.237917189835571e-05,
J0543.4-4430_aFix_pol_I_Farcsec_5pln_cor_crop_0171.npy,J0543.4-4430_aFix_pol_I_Farcsec_5pln_cor,171,-1.920615613926202e-05,4.022587017971091e-05,
J1410.4-4246_aFix_pol_I_Farcsec_5pln_cor_crop_0106.npy,J1410.4-4246_aFix_pol_I_Farcsec_5pln_cor,106,-2.2075269953347743e-05,4.486642137635499e-05,
J1601.7-7544_aFix_pol_I_Farcsec_5pln_cor_crop_0113.npy,J1601.7-7544_aFix_pol_I_Farcsec_5pln_cor,113,-1.893065564217977e-05,4.2162908357568085e-05,
J0600.8-5835_aFix_pol_I_Farcsec_5pln_cor_crop_0035.npy,J0600.8-5835_aFix_pol_I_Farcsec_5pln_cor,35,-1.2947120012540836e-05,3.535595169523731e-05,
Abell_209_aFix_pol_I_Farcsec_5pln_cor_crop_0086.npy,Abell_209_aFix_pol_I_Farcsec_5pln_cor,86,-2.1105859559611417e-05,4.098449426237494e-05,
RXC_J0520.7-1328_aFix_pol_I_Farcsec_5pln_cor_crop_0100.npy,RXC_J0520.7-1328_aFix_pol_I_Farcsec_5pln_cor,100,-4.763286779052578e-05,6.618209590669721e-05,
J0637.3-4828_aFix_pol_I_Farcsec_5pln_cor_crop_0077.npy,J0637.3-4828_aFix_pol_I_Farcsec_5pln_cor,77,-1.5409788829856552e-05,3.9739050407661125e-05,
J0948.6-8327_aFix_pol_I_Farcsec_5pln_cor_crop_0156.npy,J0948.6-8327_aFix_pol_I_Farcsec_5pln_cor,156,-1.3834469427820297e-05,3.5308996302774176e-05,
J0948.6-8327_aFix_pol_I_Farcsec_5pln_cor_crop_0116.npy,J0948.6-8327_aFix_pol_I_Farcsec_5pln_cor,116,-1.3834469427820297e-05,3.5308996302774176e-05,
Abell_2744_aFix_pol_I_Farcsec_5pln_cor_crop_0145.npy,Abell_2744_aFix_pol_I_Farcsec_5pln_cor,145,-1.4511139852402266e-05,3.865708276862279e-05,
J0317.9-4414_aFix_pol_I_Farcsec_5pln_cor_crop_0045.npy,J0317.9-4414_aFix_pol_I_Farcsec_5pln_cor,45,-1.825527215260081e-05,4.13110428780783e-05,
Abell_548_Cen_aFix_pol_I_Farcsec_5pln_cor_crop_0135.npy,Abell_548_Cen_aFix_pol_I_Farcsec_5pln_cor,135,-1.6901160051929764e-05,5.435498314909637e-05,
J1248.7-4118_aFix_pol_I_Farcsec_5pln_cor_crop_0051.npy,J1248.7-4118_aFix_pol_I_Farcsec_5pln_cor,51,-3.831612048088573e-05,5.340838833944872e-05,
Abell_4038_aFix_pol_I_Farcsec_5pln_cor_crop_0074.npy,Abell_4038_aFix_pol_I_Farcsec_5pln_cor,74,-1.8985389033332467e-05,4.2698269680840895e-05,
J0406.7-7116_aFix_pol_I_Farcsec_5pln_cor_crop_0162.npy,J0406.7-7116_aFix_pol_I_Farcsec_5pln_cor,162,-1.6727117326809093e-05,3.893847315339372e-05,
Abell_545_aFix_pol_I_Farcsec_5pln_cor_crop_0141.npy,Abell_545_aFix_pol_I_Farcsec_5pln_cor,141,-1.9454066205071285e-05,4.5050637709209695e-05,
ElGordo_aFix_pol_I_Farcsec_5pln_cor_crop_0221.npy,ElGordo_aFix_pol_I_Farcsec_5pln_cor,221,-1.8438237020745877e-05,3.2559692044742405e-05,
Abell_13_noFix_pol_I_Farcsec_5pln_cor_crop_0114.npy,Abell_13_noFix_pol_I_Farcsec_5pln_cor,114,-1.9173105101799592e-05,3.867880150210112e-05,
J0627.2-5428_aFix_pol_I_Farcsec_5pln_cor_crop_0068.npy,J0627.2-5428_aFix_pol_I_Farcsec_5pln_cor,68,-3.725358692463488e-05,5.157724808668718e-05,
J1423.7-5412_aFix_pol_I_Farcsec_5pln_cor_crop_0072.npy,J1423.7-5412_aFix_pol_I_Farcsec_5pln_cor,72,-1.8973547412315384e-05,4.0196806367021054e-05,
J0328.6-5542_aFix_pol_I_Farcsec_5pln_cor_crop_0095.npy,J0328.6-5542_aFix_pol_I_Farcsec_5pln_cor,95,-1.7376105461153202e-05,3.237917189835571e-05,
J0543.4-4430_aFix_pol_I_Farcsec_5pln_cor_crop_0074.npy,J0543.4-4430_aFix_pol_I_Farcsec_5pln_cor,74,-1.920615613926202e-05,4.022587017971091e-05,
PLCK_G200.9-28.2_aFix_pol_I_Farcsec_5pln_cor_crop_0182.npy,PLCK_G200.9-28.2_aFix_pol_I_Farcsec_5pln_cor,182,-2.0549477994791232e-05,4.693285882240161e-05,
Abell_3667_aFix_pol_I_Farcsec_5pln_cor_crop_0070.npy,Abell_3667_aFix_pol_I_Farcsec_5pln_cor,70,-3.163510700687766e-05,0.0001603437995072,
J0014.3-6604_aFix_pol_I_Farcsec_5pln_cor_crop_0186.npy,J0014.3-6604_aFix_pol_I_Farcsec_5pln_cor,186,-1.2331886864558328e-05,3.584220394259319e-05,
J2222.2-5235_aFix_pol_I_Farcsec_5pln_cor_crop_0137.npy,J2222.2-5235_aFix_pol_I_Farcsec_5pln_cor,137,-2.0340692572062835e-05,4.029700721730478e-05,
J0510.2-4519_aFix_pol_I_Farcsec_5pln_cor_crop_0180.npy,J0510.2-4519_aFix_pol_I_Farcsec_5pln_cor,180,-1.650593003432732e-05,3.797405952354893e-05,
Abell_548_aFix_pol_I_Farcsec_5pln_cor_crop_0074.npy,Abell_548_aFix_pol_I_Farcsec_5pln_cor,74,-1.682372203504201e-05,5.429780867416412e-05,
Abell_4038_aFix_pol_I_Farcsec_5pln_cor_crop_0002.npy,Abell_4038_aFix_pol_I_Farcsec_5pln_cor,2,-1.8985389033332467e-05,4.2698269680840895e-05,
J0543.4-4430_aFix_pol_I_Farcsec_5pln_cor_crop_0154.npy,J0543.4-4430_aFix_pol_I_Farcsec_5pln_cor,154,-1.920615613926202e-05,4.022587017971091e-05,
J1539.5-8335_aFix_pol_I_Farcsec_5pln_cor_crop_0094.npy,J1539.5-8335_aFix_pol_I_Farcsec_5pln_cor,94,-1.7301776097156107e-05,3.6628662201110274e-05,
Abell_3376_aFix_pol_I_Farcsec_5pln_cor_crop_0032.npy,Abell_3376_aFix_pol_I_Farcsec_5pln_cor,32,-1.6748330381233245e-05,4.895990059594624e-05,
J0014.3-6604_aFix_pol_I_Farcsec_5pln_cor_crop_0144.npy,J0014.3-6604_aFix_pol_I_Farcsec_5pln_cor,144,-1.2331886864558328e-05,3.584220394259319e-05,
J0540.1-4050_aFix_pol_I_Farcsec_5pln_cor_crop_0131.npy,J0540.1-4050_aFix_pol_I_Farcsec_5pln_cor,131,-1.9781218725256625e-05,3.538576129358262e-05,
Abell_370_afix_pol_I_Farcsec_5pln_cor_crop_0051.npy,Abell_370_afix_pol_I_Farcsec_5pln_cor,51,-3.905647463398054e-05,5.590072396444157e-05,
J0336.3-4037_aFix_pol_I_Farcsec_5pln_cor_crop_0069.npy,J0336.3-4037_aFix_pol_I_Farcsec_5pln_cor,69,-1.9070150301558897e-05,3.8439713534899056e-05,
ElGordo_aFix_pol_I_Farcsec_5pln_cor_crop_0027.npy,ElGordo_aFix_pol_I_Farcsec_5pln_cor,27,-1.8438237020745877e-05,3.2559692044742405e-05,
J1601.7-7544_aFix_pol_I_Farcsec_5pln_cor_crop_0145.npy,J1601.7-7544_aFix_pol_I_Farcsec_5pln_cor,145,-1.893065564217977e-05,4.2162908357568085e-05,
Abell_209_aFix_pol_I_Farcsec_5pln_cor_crop_0126.npy,Abell_209_aFix_pol_I_Farcsec_5pln_cor,126,-2.1105859559611417e-05,4.098449426237494e-05,
J0712.0-6030_aFix_pol_I_Farcsec_5pln_cor_crop_0109.npy,J0712.0-6030_aFix_pol_I_Farcsec_5pln_cor,109,-1.3525442227546591e-05,3.74543305952102e-05,
Abell_548_Cen_aFix_pol_I_Farcsec_5pln_cor_crop_0093.npy,Abell_548_Cen_aFix_pol_I_Farcsec_5pln_cor,93,-1.6901160051929764e-05,5.435498314909637e-05,
J0216.3-4816_aFix_pol_I_Farcsec_5pln_cor_crop_0223.npy,J0216.3-4816_aFix_pol_I_Farcsec_5pln_cor,223,-1.5618124962202273e-05,5.211478855926544e-05,
J0328.6-5542_aFix_pol_I_Farcsec_5pln_cor_crop_0172.npy,J0328.6-5542_aFix_pol_I_Farcsec_5pln_cor,172,-1.7376105461153202e-05,3.237917189835571e-05,
J0757.7-5315_aFix_pol_I_Farcsec_5pln_cor_crop_0175.npy,J0757.7-5315_aFix_pol_I_Farcsec_5pln_cor,175,-1.5817182429600507e-05,3.550770634319633e-05,
ElGordo_aFix_pol_I_Farcsec_5pln_cor_crop_0019.npy,ElGordo_aFix_pol_I_Farcsec_5pln_cor,19,-1.8438237020745877e-05,3.2559692044742405e-05,
J1145.6-5420_aFix_pol_I_Farcsec_5pln_cor_crop_0145.npy,J1145.6-5420_aFix_pol_I_Farcsec_5pln_cor,145,-1.6585625417064875e-05,3.3761494705686346e-05,
Abell_85_aFix_pol_I_Farcsec_5pln_cor_crop_0115.npy,Abell_85_aFix_pol_I_Farcsec_5pln_cor,115,-1.6969566786428913e-05,4.114058901905082e-05,
J0745.1-5404_aFix_pol_I_Farcsec_5pln_cor_crop_0023.npy,J0745.1-5404_aFix_pol_I_Farcsec_5pln_cor,23,-1.8277149138157256e-05,3.714456397574395e-05,
Abell_2751_aFix_pol_I_Farcsec_5pln_cor_crop_0198.npy,Abell_2751_aFix_pol_I_Farcsec_5pln_cor,198,-2.5066670787055045e-05,4.310646909289062e-05,
J0232.2-4420_aFix_pol_I_Farcsec_5pln_cor_crop_0029.npy,J0232.2-4420_aFix_pol_I_Farcsec_5pln_cor,29,-1.3283781299833208e-05,3.414206730667502e-05,
J0812.5-5714_aFix_pol_I_Farcsec_5pln_cor_crop_0124.npy,J0812.5-5714_aFix_pol_I_Farcsec_5pln_cor,124,-1.797733420971781e-05,3.096696309512481e-05,
J1535.1-4658_aFix_pol_I_Farcsec_5pln_cor_crop_0151.npy,J1535.1-4658_aFix_pol_I_Farcsec_5pln_cor,151,-2.547855729062576e-05,3.796764576691203e-05,
J0625.2-5521_aFix_pol_I_Farcsec_5pln_cor_crop_0015.npy,J0625.2-5521_aFix_pol_I_Farcsec_5pln_cor,15,-2.603908251330722e-05,3.9954342355486006e-05,
J0820.9-5704_aFix_pol_I_Farcsec_5pln_cor_crop_0153.npy,J0820.9-5704_aFix_pol_I_Farcsec_5pln_cor,153,-1.654735388001427e-05,3.4318985854042694e-05,
J1201.0-4623_aFix_pol_I_Farcsec_5pln_cor_crop_0182.npy,J1201.0-4623_aFix_pol_I_Farcsec_5pln_cor,182,-1.437526134395739e-05,3.895712870871648e-05,
J0638.7-5358_aFix_pol_I_Farcsec_5pln_cor_crop_0000.npy,J0638.7-5358_aFix_pol_I_Farcsec_5pln_cor,0,-1.4472521797870286e-05,3.7130746932234615e-05,
Abell_2597_noFix_pol_I_Farcsec_5pln_cor_crop_0155.npy,Abell_2597_noFix_pol_I_Farcsec_5pln_cor,155,-5.033568595536053e-05,6.417310942197219e-05,
J0145.2-6033_aFix_pol_I_Farcsec_5pln_cor_crop_0185.npy,J0145.2-6033_aFix_pol_I_Farcsec_5pln_cor,185,-1.2114905985072257e-05,3.299051968497224e-05,
J0528.9-3927_B_aFix_pol_I_Farcsec_5pln_cor_crop_0159.npy,J0528.9-3927_B_aFix_pol_I_Farcsec_5pln_cor,159,-1.3992802450957242e-05,3.4315333323320374e-05,
J0416.7-5525_aFix_pol_I_Farcsec_5pln_cor_crop_0011.npy,J0416.7-5525_aFix_pol_I_Farcsec_5pln_cor,11,-1.4703909073432442e-05,4.304752292227931e-05,
RXCJ2351.0-19_noFix_pol_I_Farcsec_5pln_cor_crop_0078.npy,RXCJ2351.0-19_noFix_pol_I_Farcsec_5pln_cor,78,-1.7816319086705334e-05,4.150596214458346e-05,
J2319.2-6750_aFix_pol_I_Farcsec_5pln_cor_crop_0132.npy,J2319.2-6750_aFix_pol_I_Farcsec_5pln_cor,132,-1.762574174790643e-05,3.985196599387564e-05,
J0528.9-3927_B_aFix_pol_I_Farcsec_5pln_cor_crop_0127.npy,J0528.9-3927_B_aFix_pol_I_Farcsec_5pln_cor,127,-1.3992802450957242e-05,3.4315333323320374e-05,
Abell_2744_aFix_pol_I_Farcsec_5pln_cor_crop_0022.npy,Abell_2744_aFix_pol_I_Farcsec_5pln_cor,22,-1.4511139852402266e-05,3.865708276862279e-05,
Abell_168_aFix_pol_I_Farcsec_5pln_cor_crop_0136.npy,Abell_168_aFix_pol_I_Farcsec_5pln_cor,136,-2.51656529144384e-05,4.1941199015127495e-05,
J0416.7-5525_aFix_pol_I_Farcsec_5pln_cor_crop_0068.npy,J0416.7-5525_aFix_pol_I_Farcsec_5pln_cor,68,-1.4703909073432442e-05,4.304752292227931e-05,
Abell_22_aFix_pol_I_Farcsec_5pln_cor_crop_0035.npy,Abell_22_aFix_pol_I_Farcsec_5pln_cor,35,-1.7687332729110494e-05,3.791484050452709e-05,
RXC_J0520.7-1328_aFix_pol_I_Farcsec_5pln_cor_crop_0037.npy,RXC_J0520.7-1328_aFix_pol_I_Farcsec_5pln_cor,37,-4.763286779052578e-05,6.618209590669721e-05,
J0545.5-4756_aFix_pol_I_Farcsec_5pln_cor_crop_0163.npy,J0545.5-4756_aFix_pol_I_Farcsec_5pln_cor,163,-1.6526179024367593e-05,4.097030614502728e-05,
J0225.9-4154_aFix_pol_I_Farcsec_5pln_cor_crop_0022.npy,J0225.9-4154_aFix_pol_I_Farcsec_5pln_cor,22,-1.4831659427727573e-05,3.976373773184605e-05,
Abell_370_afix_pol_I_Farcsec_5pln_cor_crop_0035.npy,Abell_370_afix_pol_I_Farcsec_5pln_cor,35,-3.905647463398054e-05,5.590072396444157e-05,
J0745.1-5404_aFix_pol_I_Farcsec_5pln_cor_crop_0213.npy,J0745.1-5404_aFix_pol_I_Farcsec_5pln_cor,213,-1.8277149138157256e-05,3.714456397574395e-05,
J0943.4-7619_aFix_pol_I_Farcsec_5pln_cor_crop_0139.npy,J0943.4-7619_aFix_pol_I_Farcsec_5pln_cor,139,-2.481557567080017e-05,4.054028249811381e-05,
J0342.8-5338_aFix_pol_I_Farcsec_5pln_cor_crop_0049.npy,J0342.8-5338_aFix_pol_I_Farcsec_5pln_cor,49,-1.83263164217351e-05,3.698056025314145e-05,
Abell_3376_aFix_pol_I_Farcsec_5pln_cor_crop_0079.npy,Abell_3376_aFix_pol_I_Farcsec_5pln_cor,79,-1.6748330381233245e-05,4.895990059594624e-05,
Abell_548_aFix_pol_I_Farcsec_5pln_cor_crop_0098.npy,Abell_548_aFix_pol_I_Farcsec_5pln_cor,98,-1.682372203504201e-05,5.429780867416412e-05,
J0108.5-4020_aFix_pol_I_Farcsec_5pln_cor_crop_0184.npy,J0108.5-4020_aFix_pol_I_Farcsec_5pln_cor,184,-1.5436331523233093e-05,3.3178752346429974e-05,
J0616.8-4748_aFix_pol_I_Farcsec_5pln_cor_crop_0006.npy,J0616.8-4748_aFix_pol_I_Farcsec_5pln_cor,6,-1.6417492588516325e-05,3.9486680179834366e-05,
J0212.8-4707_aFix_pol_I_Farcsec_5pln_cor_crop_0135.npy,J0212.8-4707_aFix_pol_I_Farcsec_5pln_cor,135,-1.7747841411619447e-05,3.736264625331387e-05,
J0542.8-4100_aFix_pol_I_Farcsec_5pln_cor_crop_0108.npy,J0542.8-4100_aFix_pol_I_Farcsec_5pln_cor,108,-1.260944191017188e-05,3.595814996515401e-05,
Abell_S295_aFix_pol_I_Farcsec_5pln_cor_crop_0187.npy,Abell_S295_aFix_pol_I_Farcsec_5pln_cor,187,-1.2192884241812862e-05,4.2860785470111296e-05,
Abell_S1063_nofix_pol_I_Farcsec_5pln_cor_crop_0024.npy,Abell_S1063_nofix_pol_I_Farcsec_5pln_cor,24,-1.3156100976630114e-05,3.549207394826226e-05,
Abell_85_aFix_pol_I_Farcsec_5pln_cor_crop_0017.npy,Abell_85_aFix_pol_I_Farcsec_5pln_cor,17,-1.6969566786428913e-05,4.114058901905082e-05,
Abell_S1121_noFix_pol_I_Farcsec_5pln_cor_crop_0166.npy,Abell_S1121_noFix_pol_I_Farcsec_5pln_cor,166,-4.2447074520168826e-05,6.132334965514019e-05,
J1201.0-4623_aFix_pol_I_Farcsec_5pln_cor_crop_0163.npy,J1201.0-4623_aFix_pol_I_Farcsec_5pln_cor,163,-1.437526134395739e-05,3.895712870871648e-05,
J0528.9-3927_B_aFix_pol_I_Farcsec_5pln_cor_crop_0163.npy,J0528.9-3927_B_aFix_pol_I_Farcsec_5pln_cor,163,-1.3992802450957242e-05,3.4315333323320374e-05,
J1518.3-4632_aFix_pol_I_Farcsec_5pln_cor_crop_0059.npy,J1518.3-4632_aFix_pol_I_Farcsec_5pln_cor,59,-2.6316898583900183e-05,3.836355244857259e-05,
J0406.7-7116_aFix_pol_I_Farcsec_5pln_cor_crop_0144.npy,J0406.7-7116_aFix_pol_I_Farcsec_5pln_cor,144,-1.6727117326809093e-05,3.893847315339372e-05,
Abell_2667_noFix_pol_I_Farcsec_5pln_cor_crop_0171.npy,Abell_2667_noFix_pol_I_Farcsec_5pln_cor,171,-1.5058354620123282e-05,4.20943797507789e-05,
J0943.4-7619_aFix_pol_I_Farcsec_5pln_cor_crop_0152.npy,J0943.4-7619_aFix_pol_I_Farcsec_5pln_cor,152,-2.481557567080017e-05,4.054028249811381e-05,
Abell_2597_noFix_pol_I_Farcsec_5pln_cor_crop_0032.npy,Abell_2597_noFix_pol_I_Farcsec_5pln_cor,32,-5.033568595536053e-05,6.417310942197219e-05,
J1130.0-4213_aFix_pol_I_Farcsec_5pln_cor_crop_0025.npy,J1130.0-4213_aFix_pol_I_Farcsec_5pln_cor,25,-1.5924631952657364e-05,3.826789543381892e-05,
J1130.0-4213_aFix_pol_I_Farcsec_5pln_cor_crop_0054.npy,J1130.0-4213_aFix_pol_I_Farcsec_5pln_cor,54,-1.5924631952657364e-05,3.826789543381892e-05,
J0627.2-5428_aFix_pol_I_Farcsec_5pln_cor_crop_0106.npy,J0627.2-5428_aFix_pol_I_Farcsec_5pln_cor,106,-3.725358692463488e-05,5.157724808668718e-05,
J0225.9-4154_aFix_pol_I_Farcsec_5pln_cor_crop_0130.npy,J0225.9-4154_aFix_pol_I_Farcsec_5pln_cor,130,-1.4831659427727573e-05,3.976373773184605e-05,
J1645.4-7334_aFix_pol_I_Farcsec_5pln_cor_crop_0133.npy,J1645.4-7334_aFix_pol_I_Farcsec_5pln_cor,133,-2.7542228053789582e-05,5.101114220451564e-05,
J0812.5-5714_aFix_pol_I_Farcsec_5pln_cor_crop_0088.npy,J0812.5-5714_aFix_pol_I_Farcsec_5pln_cor,88,-1.797733420971781e-05,3.096696309512481e-05,
Abell_85_aFix_pol_I_Farcsec_5pln_cor_crop_0016.npy,Abell_85_aFix_pol_I_Farcsec_5pln_cor,16,-1.6969566786428913e-05,4.114058901905082e-05,
J0216.3-4816_aFix_pol_I_Farcsec_5pln_cor_crop_0006.npy,J0216.3-4816_aFix_pol_I_Farcsec_5pln_cor,6,-1.5618124962202273e-05,5.211478855926544e-05,
J0626.3-5341_aFix_pol_I_Farcsec_5pln_cor_crop_0167.npy,J0626.3-5341_aFix_pol_I_Farcsec_5pln_cor,167,-2.286754715896677e-05,4.3426152842585e-05,
J1518.3-4632_aFix_pol_I_Farcsec_5pln_cor_crop_0002.npy,J1518.3-4632_aFix_pol_I_Farcsec_5pln_cor,2,-2.6316898583900183e-05,3.836355244857259e-05,
J0607.0-4928_aFix_pol_I_Farcsec_5pln_cor_crop_0123.npy,J0607.0-4928_aFix_pol_I_Farcsec_5pln_cor,123,-1.727664130157791e-05,3.109658064204268e-05,
Abell_2645_noFix_pol_I_Farcsec_5pln_cor_crop_0169.npy,Abell_2645_noFix_pol_I_Farcsec_5pln_cor,169,-3.2132909836946055e-05,5.223612970439717e-05,
J0600.8-5835_aFix_pol_I_Farcsec_5pln_cor_crop_0145.npy,J0600.8-5835_aFix_pol_I_Farcsec_5pln_cor,145,-1.2947120012540836e-05,3.535595169523731e-05,
Abell_2813_noFix_pol_I_Farcsec_5pln_cor_crop_0186.npy,Abell_2813_noFix_pol_I_Farcsec_5pln_cor,186,-2.1553638362092897e-05,4.1060964576900005e-05,
J1645.4-7334_aFix_pol_I_Farcsec_5pln_cor_crop_0028.npy,J1645.4-7334_aFix_pol_I_Farcsec_5pln_cor,28,-2.7542228053789582e-05,5.101114220451564e-05,
J0145.2-6033_aFix_pol_I_Farcsec_5pln_cor_crop_0145.npy,J0145.2-6033_aFix_pol_I_Farcsec_5pln_cor,145,-1.2114905985072257e-05,3.299051968497224e-05,
J0232.2-4420_aFix_pol_I_Farcsec_5pln_cor_crop_0115.npy,J0232.2-4420_aFix_pol_I_Farcsec_5pln_cor,115,-1.3283781299833208e-05,3.414206730667502e-05,
J0607.0-4928_aFix_pol_I_Farcsec_5pln_cor_crop_0058.npy,J0607.0-4928_aFix_pol_I_Farcsec_5pln_cor,58,-1.727664130157791e-05,3.109658064204268e-05,
J1535.1-4658_aFix_pol_I_Farcsec_5pln_cor_crop_0052.npy,J1535.1-4658_aFix_pol_I_Farcsec_5pln_cor,52,-2.547855729062576e-05,3.796764576691203e-05,
J0416.7-5525_aFix_pol_I_Farcsec_5pln_cor_crop_0025.npy,J0416.7-5525_aFix_pol_I_Farcsec_5pln_cor,25,-1.4703909073432442e-05,4.304752292227931e-05,
Abell_2744_aFix_pol_I_Farcsec_5pln_cor_crop_0111.npy,Abell_2744_aFix_pol_I_Farcsec_5pln_cor,111,-1.4511139852402266e-05,3.865708276862279e-05,
Abell_85_aFix_pol_I_Farcsec_5pln_cor_crop_0199.npy,Abell_85_aFix_pol_I_Farcsec_5pln_cor,199,-1.6969566786428913e-05,4.114058901905082e-05,
Abell_370_afix_pol_I_Farcsec_5pln_cor_crop_0195.npy,Abell_370_afix_pol_I_Farcsec_5pln_cor,195,-3.905647463398054e-05,5.590072396444157e-05,
J1653.0-5943_aFix_pol_I_Farcsec_5pln_cor_crop_0223.npy,J1653.0-5943_aFix_pol_I_Farcsec_5pln_cor,223,-2.6878653443418443e-05,3.650951839517802e-05,
Abell_370_afix_pol_I_Farcsec_5pln_cor_crop_0157.npy,Abell_370_afix_pol_I_Farcsec_5pln_cor,157,-3.905647463398054e-05,5.590072396444157e-05,
J0943.4-7619_aFix_pol_I_Farcsec_5pln_cor_crop_0105.npy,J0943.4-7619_aFix_pol_I_Farcsec_5pln_cor,105,-2.481557567080017e-05,4.054028249811381e-05,
Abell_4038_aFix_pol_I_Farcsec_5pln_cor_crop_0012.npy,Abell_4038_aFix_pol_I_Farcsec_5pln_cor,12,-1.8985389033332467e-05,4.2698269680840895e-05,
J1145.6-5420_aFix_pol_I_Farcsec_5pln_cor_crop_0180.npy,J1145.6-5420_aFix_pol_I_Farcsec_5pln_cor,180,-1.6585625417064875e-05,3.3761494705686346e-05,
J0051.1-4833_aFix_pol_I_Farcsec_5pln_cor_crop_0068.npy,J0051.1-4833_aFix_pol_I_Farcsec_5pln_cor,68,-1.4088746866036672e-05,3.274881237302907e-05,
Abell_2744_aFix_pol_I_Farcsec_5pln_cor_crop_0073.npy,Abell_2744_aFix_pol_I_Farcsec_5pln_cor,73,-1.4511139852402266e-05,3.865708276862279e-05,
J0014.3-6604_aFix_pol_I_Farcsec_5pln_cor_crop_0039.npy,J0014.3-6604_aFix_pol_I_Farcsec_5pln_cor,39,-1.2331886864558328e-05,3.584220394259319e-05,
J0540.1-4050_aFix_pol_I_Farcsec_5pln_cor_crop_0156.npy,J0540.1-4050_aFix_pol_I_Farcsec_5pln_cor,156,-1.9781218725256625e-05,3.538576129358262e-05,
Abell_22_aFix_pol_I_Farcsec_5pln_cor_crop_0092.npy,Abell_22_aFix_pol_I_Farcsec_5pln_cor,92,-1.7687332729110494e-05,3.791484050452709e-05,
Abell_370_afix_pol_I_Farcsec_5pln_cor_crop_0155.npy,Abell_370_afix_pol_I_Farcsec_5pln_cor,155,-3.905647463398054e-05,5.590072396444157e-05,
Abell_548_Cen_aFix_pol_I_Farcsec_5pln_cor_crop_0078.npy,Abell_548_Cen_aFix_pol_I_Farcsec_5pln_cor,78,-1.6901160051929764e-05,5.435498314909637e-05,
J0314.3-4525_aFix_pol_I_Farcsec_5pln_cor_crop_0133.npy,J0314.3-4525_aFix_pol_I_Farcsec_5pln_cor,133,-1.2252019587322138e-05,3.824526356766e-05,
J0314.3-4525_aFix_pol_I_Farcsec_5pln_cor_crop_0065.npy,J0314.3-4525_aFix_pol_I_Farcsec_5pln_cor,65,-1.2252019587322138e-05,3.824526356766e-05,
Abell_22_aFix_pol_I_Farcsec_5pln_cor_crop_0046.npy,Abell_22_aFix_pol_I_Farcsec_5pln_cor,46,-1.7687332729110494e-05,3.791484050452709e-05,
Abell_13_noFix_pol_I_Farcsec_5pln_cor_crop_0023.npy,Abell_13_noFix_pol_I_Farcsec_5pln_cor,23,-1.9173105101799592e-05,3.867880150210112e-05,
J0645.4-5413_aFix_pol_I_Farcsec_5pln_cor_crop_0176.npy,J0645.4-5413_aFix_pol_I_Farcsec_5pln_cor,176,-1.871160566224717e-05,4.457303657545708e-05,
Abell_3365_noFix_pol_I_Farcsec_5pln_cor_crop_0095.npy,Abell_3365_noFix_pol_I_Farcsec_5pln_cor,95,-3.684182956931181e-05,5.151375808054581e-05,
J0431.4-6126_aFix_pol_I_Farcsec_5pln_cor_crop_0049.npy,J0431.4-6126_aFix_pol_I_Farcsec_5pln_cor,49,-2.59030784945935e-05,4.582747351378202e-05,
Abell_S1121_noFix_pol_I_Farcsec_5pln_cor_crop_0033.npy,Abell_S1121_noFix_pol_I_Farcsec_5pln_cor,33,-4.2447074520168826e-05,6.132334965514019e-05,
Abell_209_aFix_pol_I_Farcsec_5pln_cor_crop_0096.npy,Abell_209_aFix_pol_I_Farcsec_5pln_cor,96,-2.1105859559611417e-05,4.098449426237494e-05,
Abell_370_afix_pol_I_Farcsec_5pln_cor_crop_0192.npy,Abell_370_afix_pol_I_Farcsec_5pln_cor,192,-3.905647463398054e-05,5.590072396444157e-05,
MACS_J0257.6-2209_noFix_pol_I_Farcsec_5pln_cor_crop_0065.npy,MACS_J0257.6-2209_noFix_pol_I_Farcsec_5pln_cor,65,-2.3381955543300137e-05,4.110854570171796e-05,
RXCJ1314_aFix_pol_I_Farcsec_5pln_cor_crop_0010.npy,RXCJ1314_aFix_pol_I_Farcsec_5pln_cor,10,-2.6271653041476384e-05,4.702054502558895e-05,
J0351.1-8212_aFix_pol_I_Farcsec_5pln_cor_crop_0148.npy,J0351.1-8212_aFix_pol_I_Farcsec_5pln_cor,148,-1.34867677843431e-05,3.901409581885673e-05,
Abell_S295_aFix_pol_I_Farcsec_5pln_cor_crop_0170.npy,Abell_S295_aFix_pol_I_Farcsec_5pln_cor,170,-1.2192884241812862e-05,4.2860785470111296e-05,
Abell_2744_aFix_pol_I_Farcsec_5pln_cor_crop_0004.npy,Abell_2744_aFix_pol_I_Farcsec_5pln_cor,4,-1.4511139852402266e-05,3.865708276862279e-05,
PLCK_G200.9-28.2_aFix_pol_I_Farcsec_5pln_cor_crop_0178.npy,PLCK_G200.9-28.2_aFix_pol_I_Farcsec_5pln_cor,178,-2.0549477994791232e-05,4.693285882240161e-05,
J1145.6-5420_aFix_pol_I_Farcsec_5pln_cor_crop_0051.npy,J1145.6-5420_aFix_pol_I_Farcsec_5pln_cor,51,-1.6585625417064875e-05,3.3761494705686346e-05,
Abell_2895_noFix_pol_I_Farcsec_5pln_cor_crop_0193.npy,Abell_2895_noFix_pol_I_Farcsec_5pln_cor,193,-1.7904101696331054e-05,3.5388853575568646e-05,
PLCK_G200.9-28.2_aFix_pol_I_Farcsec_5pln_cor_crop_0062.npy,PLCK_G200.9-28.2_aFix_pol_I_Farcsec_5pln_cor,62,-2.0549477994791232e-05,4.693285882240161e-05,
Abell_85_aFix_pol_I_Farcsec_5pln_cor_crop_0073.npy,Abell_85_aFix_pol_I_Farcsec_5pln_cor,73,-1.6969566786428913e-05,4.114058901905082e-05,
J0406.7-7116_aFix_pol_I_Farcsec_5pln_cor_crop_0172.npy,J0406.7-7116_aFix_pol_I_Farcsec_5pln_cor,172,-1.6727117326809093e-05,3.893847315339372e-05,
MACSJ0417.5-1155_aFix_pol_I_Farcsec_5pln_cor_crop_0149.npy,MACSJ0417.5-1155_aFix_pol_I_Farcsec_5pln_cor,149,-1.759273436618969e-05,4.197344605927356e-05,
J0658.5-5556_aFix_pol_I_Farcsec_5pln_cor_crop_0042.npy,J0658.5-5556_aFix_pol_I_Farcsec_5pln_cor,42,-1.5211503523460124e-05,4.380349491839297e-05,
Abell_3558_aFix_pol_I_Farcsec_5pln_cor_crop_0191.npy,Abell_3558_aFix_pol_I_Farcsec_5pln_cor,191,-2.058644531643949e-05,4.082424857188016e-05,
Abell_3365A_noFix_pol_I_Farcsec_5pln_cor_crop_0079.npy,Abell_3365A_noFix_pol_I_Farcsec_5pln_cor,79,-1.5037990124255884e-05,3.877880590152927e-05,
J0351.1-8212_aFix_pol_I_Farcsec_5pln_cor_crop_0043.npy,J0351.1-8212_aFix_pol_I_Farcsec_5pln_cor,43,-1.34867677843431e-05,3.901409581885673e-05,
J0328.6-5542_aFix_pol_I_Farcsec_5pln_cor_crop_0014.npy,J0328.6-5542_aFix_pol_I_Farcsec_5pln_cor,14,-1.7376105461153202e-05,3.237917189835571e-05,
J1145.6-5420_aFix_pol_I_Farcsec_5pln_cor_crop_0000.npy,J1145.6-5420_aFix_pol_I_Farcsec_5pln_cor,0,-1.6585625417064875e-05,3.3761494705686346e-05,
J1653.0-5943_aFix_pol_I_Farcsec_5pln_cor_crop_0111.npy,J1653.0-5943_aFix_pol_I_Farcsec_5pln_cor,111,-2.6878653443418443e-05,3.650951839517802e-05,
Abell_2895_noFix_pol_I_Farcsec_5pln_cor_crop_0195.npy,Abell_2895_noFix_pol_I_Farcsec_5pln_cor,195,-1.7904101696331054e-05,3.5388853575568646e-05,
J0738.1-7506_aFix_pol_I_Farcsec_5pln_cor_crop_0060.npy,J0738.1-7506_aFix_pol_I_Farcsec_5pln_cor,60,-1.3090567335893866e-05,3.692142854561098e-05,
J0406.7-7116_aFix_pol_I_Farcsec_5pln_cor_crop_0059.npy,J0406.7-7116_aFix_pol_I_Farcsec_5pln_cor,59,-1.6727117326809093e-05,3.893847315339372e-05,
J1358.9-4750_aFix_pol_I_Farcsec_5pln_cor_crop_0024.npy,J1358.9-4750_aFix_pol_I_Farcsec_5pln_cor,24,-2.6460520530235957e-05,4.666853419621475e-05,
J1705.1-8210_aFix_pol_I_Farcsec_5pln_cor_crop_0104.npy,J1705.1-8210_aFix_pol_I_Farcsec_5pln_cor,104,-2.258976564917248e-05,4.054370947415009e-05,
RXCJ1314_aFix_pol_I_Farcsec_5pln_cor_crop_0059.npy,RXCJ1314_aFix_pol_I_Farcsec_5pln_cor,59,-2.6271653041476384e-05,4.702054502558895e-05,
Abell_133_aFix_pol_I_Farcsec_5pln_cor_crop_0153.npy,Abell_133_aFix_pol_I_Farcsec_5pln_cor,153,-1.6750700524426065e-05,3.861152799800038e-05,
J1358.9-4750_aFix_pol_I_Farcsec_5pln_cor_crop_0072.npy,J1358.9-4750_aFix_pol_I_Farcsec_5pln_cor,72,-2.6460520530235957e-05,4.666853419621475e-05,
J1539.5-8335_aFix_pol_I_Farcsec_5pln_cor_crop_0044.npy,J1539.5-8335_aFix_pol_I_Farcsec_5pln_cor,44,-1.7301776097156107e-05,3.6628662201110274e-05,
Abell_370_afix_pol_I_Farcsec_5pln_cor_crop_0128.npy,Abell_370_afix_pol_I_Farcsec_5pln_cor,128,-3.905647463398054e-05,5.590072396444157e-05,
J1248.7-4118_aFix_pol_I_Farcsec_5pln_cor_crop_0175.npy,J1248.7-4118_aFix_pol_I_Farcsec_5pln_cor,175,-3.831612048088573e-05,5.340838833944872e-05,
J0658.5-5556_aFix_pol_I_Farcsec_5pln_cor_crop_0172.npy,J0658.5-5556_aFix_pol_I_Farcsec_5pln_cor,172,-1.5211503523460124e-05,4.380349491839297e-05,
J0225.9-4154_aFix_pol_I_Farcsec_5pln_cor_crop_0184.npy,J0225.9-4154_aFix_pol_I_Farcsec_5pln_cor,184,-1.4831659427727573e-05,3.976373773184605e-05,
J0108.5-4020_aFix_pol_I_Farcsec_5pln_cor_crop_0167.npy,J0108.5-4020_aFix_pol_I_Farcsec_5pln_cor,167,-1.5436331523233093e-05,3.3178752346429974e-05,
RXCJ1314_aFix_pol_I_Farcsec_5pln_cor_crop_0132.npy,RXCJ1314_aFix_pol_I_Farcsec_5pln_cor,132,-2.6271653041476384e-05,4.702054502558895e-05,
J0352.4-7401_aFix_pol_I_Farcsec_5pln_cor_crop_0009.npy,J0352.4-7401_aFix_pol_I_Farcsec_5pln_cor,9,-1.3432473679131364e-05,3.414728053030558e-05,
J0449.9-4440_aFix_pol_I_Farcsec_5pln_cor_crop_0090.npy,J0449.9-4440_aFix_pol_I_Farcsec_5pln_cor,90,-1.3652566849486902e-05,3.79539851564914e-05,
Abell_S295_aFix_pol_I_Farcsec_5pln_cor_crop_0154.npy,Abell_S295_aFix_pol_I_Farcsec_5pln_cor,154,-1.2192884241812862e-05,4.2860785470111296e-05,
J0627.2-5428_aFix_pol_I_Farcsec_5pln_cor_crop_0084.npy,J0627.2-5428_aFix_pol_I_Farcsec_5pln_cor,84,-3.725358692463488e-05,5.157724808668718e-05,
Abell_2813_noFix_pol_I_Farcsec_5pln_cor_crop_0106.npy,Abell_2813_noFix_pol_I_Farcsec_5pln_cor,106,-2.1553638362092897e-05,4.1060964576900005e-05,
Abell_194_aFix_pol_I_Farcsec_5pln_cor_crop_0138.npy,Abell_194_aFix_pol_I_Farcsec_5pln_cor,138,-3.945245043723844e-05,0.0001343678013654,
J1518.3-4632_aFix_pol_I_Farcsec_5pln_cor_crop_0088.npy,J1518.3-4632_aFix_pol_I_Farcsec_5pln_cor,88,-2.6316898583900183e-05,3.836355244857259e-05,
ElGordo_aFix_pol_I_Farcsec_5pln_cor_crop_0193.npy,ElGordo_aFix_pol_I_Farcsec_5pln_cor,193,-1.8438237020745877e-05,3.2559692044742405e-05,
Abell_370_afix_pol_I_Farcsec_5pln_cor_crop_0145.npy,Abell_370_afix_pol_I_Farcsec_5pln_cor,145,-3.905647463398054e-05,5.590072396444157e-05,
J0217.2-5244_aFix_pol_I_Farcsec_5pln_cor_crop_0070.npy,J0217.2-5244_aFix_pol_I_Farcsec_5pln_cor,70,-1.7379512428306043e-05,3.482505780993961e-05,
J0117.8-5455_aFix_pol_I_Farcsec_5pln_cor_crop_0064.npy,J0117.8-5455_aFix_pol_I_Farcsec_5pln_cor,64,-1.313004395342432e-05,3.596906753955409e-05,
Abell_194_aFix_pol_I_Farcsec_5pln_cor_crop_0184.npy,Abell_194_aFix_pol_I_Farcsec_5pln_cor,184,-3.945245043723844e-05,0.0001343678013654,
J0303.7-7752_aFix_pol_I_Farcsec_5pln_cor_crop_0161.npy,J0303.7-7752_aFix_pol_I_Farcsec_5pln_cor,161,-1.6216928997891955e-05,3.944924537790939e-05,
J1518.3-4632_aFix_pol_I_Farcsec_5pln_cor_crop_0121.npy,J1518.3-4632_aFix_pol_I_Farcsec_5pln_cor,121,-2.6316898583900183e-05,3.836355244857259e-05,
Abell_S1063_nofix_pol_I_Farcsec_5pln_cor_crop_0090.npy,Abell_S1063_nofix_pol_I_Farcsec_5pln_cor,90,-1.3156100976630114e-05,3.549207394826226e-05,
J0626.3-5341_aFix_pol_I_Farcsec_5pln_cor_crop_0090.npy,J0626.3-5341_aFix_pol_I_Farcsec_5pln_cor,90,-2.286754715896677e-05,4.3426152842585e-05,
J0145.0-5300_aFix_pol_I_Farcsec_5pln_cor_crop_0038.npy,J0145.0-5300_aFix_pol_I_Farcsec_5pln_cor,38,-1.4464765627053566e-05,3.505407221382484e-05,
J1130.0-4213_aFix_pol_I_Farcsec_5pln_cor_crop_0028.npy,J1130.0-4213_aFix_pol_I_Farcsec_5pln_cor,28,-1.5924631952657364e-05,3.826789543381892e-05,
J0943.4-7619_aFix_pol_I_Farcsec_5pln_cor_crop_0150.npy,J0943.4-7619_aFix_pol_I_Farcsec_5pln_cor,150,-2.481557567080017e-05,4.054028249811381e-05,
J0757.7-5315_aFix_pol_I_Farcsec_5pln_cor_crop_0133.npy,J0757.7-5315_aFix_pol_I_Farcsec_5pln_cor,133,-1.5817182429600507e-05,3.550770634319633e-05,
RXCJ1314_aFix_pol_I_Farcsec_5pln_cor_crop_0050.npy,RXCJ1314_aFix_pol_I_Farcsec_5pln_cor,50,-2.6271653041476384e-05,4.702054502558895e-05,
Abell_3376_aFix_pol_I_Farcsec_5pln_cor_crop_0001.npy,Abell_3376_aFix_pol_I_Farcsec_5pln_cor,1,-1.6748330381233245e-05,4.895990059594624e-05,
J0820.9-5704_aFix_pol_I_Farcsec_5pln_cor_crop_0087.npy,J0820.9-5704_aFix_pol_I_Farcsec_5pln_cor,87,-1.654735388001427e-05,3.4318985854042694e-05,
Abell_194_aFix_pol_I_Farcsec_5pln_cor_crop_0110.npy,Abell_194_aFix_pol_I_Farcsec_5pln_cor,110,-3.945245043723844e-05,0.0001343678013654,
J0145.0-5300_aFix_pol_I_Farcsec_5pln_cor_crop_0023.npy,J0145.0-5300_aFix_pol_I_Farcsec_5pln_cor,23,-1.4464765627053566e-05,3.505407221382484e-05,
J0745.1-5404_aFix_pol_I_Farcsec_5pln_cor_crop_0148.npy,J0745.1-5404_aFix_pol_I_Farcsec_5pln_cor,148,-1.8277149138157256e-05,3.714456397574395e-05,
J0027.3-5015_aFix_pol_I_Farcsec_5pln_cor_crop_0150.npy,J0027.3-5015_aFix_pol_I_Farcsec_5pln_cor,150,-1.4346433999889996e-05,3.467470014584251e-05,
J1358.9-4750_aFix_pol_I_Farcsec_5pln_cor_crop_0135.npy,J1358.9-4750_aFix_pol_I_Farcsec_5pln_cor,135,-2.6460520530235957e-05,4.666853419621475e-05,
Abell_4038_aFix_pol_I_Farcsec_5pln_cor_crop_0114.npy,Abell_4038_aFix_pol_I_Farcsec_5pln_cor,114,-1.8985389033332467e-05,4.2698269680840895e-05,
J0216.3-4816_aFix_pol_I_Farcsec_5pln_cor_crop_0200.npy,J0216.3-4816_aFix_pol_I_Farcsec_5pln_cor,200,-1.5618124962202273e-05,5.211478855926544e-05,
J0212.8-4707_aFix_pol_I_Farcsec_5pln_cor_crop_0104.npy,J0212.8-4707_aFix_pol_I_Farcsec_5pln_cor,104,-1.7747841411619447e-05,3.736264625331387e-05,
J0540.1-4050_aFix_pol_I_Farcsec_5pln_cor_crop_0133.npy,J0540.1-4050_aFix_pol_I_Farcsec_5pln_cor,133,-1.9781218725256625e-05,3.538576129358262e-05,
Abell_168_aFix_pol_I_Farcsec_5pln_cor_crop_0217.npy,Abell_168_aFix_pol_I_Farcsec_5pln_cor,217,-2.51656529144384e-05,4.1941199015127495e-05,
J0745.1-5404_aFix_pol_I_Farcsec_5pln_cor_crop_0181.npy,J0745.1-5404_aFix_pol_I_Farcsec_5pln_cor,181,-1.8277149138157256e-05,3.714456397574395e-05,
J0117.8-5455_aFix_pol_I_Farcsec_5pln_cor_crop_0001.npy,J0117.8-5455_aFix_pol_I_Farcsec_5pln_cor,1,-1.313004395342432e-05,3.596906753955409e-05,
J1410.4-4246_aFix_pol_I_Farcsec_5pln_cor_crop_0073.npy,J1410.4-4246_aFix_pol_I_Farcsec_5pln_cor,73,-2.2075269953347743e-05,4.486642137635499e-05,
MACS_J0257.6-2209_aFix_pol_I_Farcsec_5pln_cor_crop_0084.npy,MACS_J0257.6-2209_aFix_pol_I_Farcsec_5pln_cor,84,-2.1241523427306674e-05,4.082491795998067e-05,
J0626.3-5341_aFix_pol_I_Farcsec_5pln_cor_crop_0005.npy,J0626.3-5341_aFix_pol_I_Farcsec_5pln_cor,5,-2.286754715896677e-05,4.3426152842585e-05,
Abell_2645_noFix_pol_I_Farcsec_5pln_cor_crop_0052.npy,Abell_2645_noFix_pol_I_Farcsec_5pln_cor,52,-3.2132909836946055e-05,5.223612970439717e-05,
Abell_S295_aFix_pol_I_Farcsec_5pln_cor_crop_0088.npy,Abell_S295_aFix_pol_I_Farcsec_5pln_cor,88,-1.2192884241812862e-05,4.2860785470111296e-05,
J0757.7-5315_aFix_pol_I_Farcsec_5pln_cor_crop_0065.npy,J0757.7-5315_aFix_pol_I_Farcsec_5pln_cor,65,-1.5817182429600507e-05,3.550770634319633e-05,
J1539.5-8335_aFix_pol_I_Farcsec_5pln_cor_crop_0012.npy,J1539.5-8335_aFix_pol_I_Farcsec_5pln_cor,12,-1.7301776097156107e-05,3.6628662201110274e-05,
J0431.4-6126_aFix_pol_I_Farcsec_5pln_cor_crop_0190.npy,J0431.4-6126_aFix_pol_I_Farcsec_5pln_cor,190,-2.59030784945935e-05,4.582747351378202e-05,
J0638.7-5358_aFix_pol_I_Farcsec_5pln_cor_crop_0203.npy,J0638.7-5358_aFix_pol_I_Farcsec_5pln_cor,203,-1.4472521797870286e-05,3.7130746932234615e-05,
J0638.7-5358_aFix_pol_I_Farcsec_5pln_cor_crop_0130.npy,J0638.7-5358_aFix_pol_I_Farcsec_5pln_cor,130,-1.4472521797870286e-05,3.7130746932234615e-05,
RXCJ0225.1-22928_aFix_pol_I_Farcsec_5pln_cor_crop_0059.npy,RXCJ0225.1-22928_aFix_pol_I_Farcsec_5pln_cor,59,-3.11890325974673e-05,5.4694857681170106e-05,
J0627.2-5428_aFix_pol_I_Farcsec_5pln_cor_crop_0187.npy,J0627.2-5428_aFix_pol_I_Farcsec_5pln_cor,187,-3.725358692463488e-05,5.157724808668718e-05,
J0540.1-4322_aFix_pol_I_Farcsec_5pln_cor_crop_0142.npy,J0540.1-4322_aFix_pol_I_Farcsec_5pln_cor,142,-2.016680991800968e-05,3.639713395386934e-05,
Abell_168_aFix_pol_I_Farcsec_5pln_cor_crop_0049.npy,Abell_168_aFix_pol_I_Farcsec_5pln_cor,49,-2.51656529144384e-05,4.1941199015127495e-05,
Abell_2751_aFix_pol_I_Farcsec_5pln_cor_crop_0160.npy,Abell_2751_aFix_pol_I_Farcsec_5pln_cor,160,-2.5066670787055045e-05,4.310646909289062e-05,
J0540.1-4050_aFix_pol_I_Farcsec_5pln_cor_crop_0085.npy,J0540.1-4050_aFix_pol_I_Farcsec_5pln_cor,85,-1.9781218725256625e-05,3.538576129358262e-05,
Abell_521_noFix_pol_I_Farcsec_5pln_cor_crop_0126.npy,Abell_521_noFix_pol_I_Farcsec_5pln_cor,126,-1.8806747902999632e-05,4.423171412781812e-05,
Abell_2597_noFix_pol_I_Farcsec_5pln_cor_crop_0156.npy,Abell_2597_noFix_pol_I_Farcsec_5pln_cor,156,-5.033568595536053e-05,6.417310942197219e-05,
Abell_168_aFix_pol_I_Farcsec_5pln_cor_crop_0092.npy,Abell_168_aFix_pol_I_Farcsec_5pln_cor,92,-2.51656529144384e-05,4.1941199015127495e-05,
J0627.2-5428_aFix_pol_I_Farcsec_5pln_cor_crop_0191.npy,J0627.2-5428_aFix_pol_I_Farcsec_5pln_cor,191,-3.725358692463488e-05,5.157724808668718e-05,
MACSJ0417.5-1155_aFix_pol_I_Farcsec_5pln_cor_crop_0128.npy,MACSJ0417.5-1155_aFix_pol_I_Farcsec_5pln_cor,128,-1.759273436618969e-05,4.197344605927356e-05,
J1518.3-4632_aFix_pol_I_Farcsec_5pln_cor_crop_0016.npy,J1518.3-4632_aFix_pol_I_Farcsec_5pln_cor,16,-2.6316898583900183e-05,3.836355244857259e-05,
J1145.6-5420_aFix_pol_I_Farcsec_5pln_cor_crop_0079.npy,J1145.6-5420_aFix_pol_I_Farcsec_5pln_cor,79,-1.6585625417064875e-05,3.3761494705686346e-05,
Abell_2597_noFix_pol_I_Farcsec_5pln_cor_crop_0178.npy,Abell_2597_noFix_pol_I_Farcsec_5pln_cor,178,-5.033568595536053e-05,6.417310942197219e-05,
J0232.2-4420_aFix_pol_I_Farcsec_5pln_cor_crop_0212.npy,J0232.2-4420_aFix_pol_I_Farcsec_5pln_cor,212,-1.3283781299833208e-05,3.414206730667502e-05,
J1145.6-5420_aFix_pol_I_Farcsec_5pln_cor_crop_0126.npy,J1145.6-5420_aFix_pol_I_Farcsec_5pln_cor,126,-1.6585625417064875e-05,3.3761494705686346e-05,
J1518.3-4632_aFix_pol_I_Farcsec_5pln_cor_crop_0151.npy,J1518.3-4632_aFix_pol_I_Farcsec_5pln_cor,151,-2.6316898583900183e-05,3.836355244857259e-05,
Abell_548_aFix_pol_I_Farcsec_5pln_cor_crop_0161.npy,Abell_548_aFix_pol_I_Farcsec_5pln_cor,161,-1.682372203504201e-05,5.429780867416412e-05,
RXC_J0520.7-1328_aFix_pol_I_Farcsec_5pln_cor_crop_0066.npy,RXC_J0520.7-1328_aFix_pol_I_Farcsec_5pln_cor,66,-4.763286779052578e-05,6.618209590669721e-05,
J0645.4-5413_aFix_pol_I_Farcsec_5pln_cor_crop_0067.npy,J0645.4-5413_aFix_pol_I_Farcsec_5pln_cor,67,-1.871160566224717e-05,4.457303657545708e-05,
J0607.0-4928_aFix_pol_I_Farcsec_5pln_cor_crop_0072.npy,J0607.0-4928_aFix_pol_I_Farcsec_5pln_cor,72,-1.727664130157791e-05,3.109658064204268e-05,
J0627.2-5428_aFix_pol_I_Farcsec_5pln_cor_crop_0135.npy,J0627.2-5428_aFix_pol_I_Farcsec_5pln_cor,135,-3.725358692463488e-05,5.157724808668718e-05,
Abell_2744_aFix_pol_I_Farcsec_5pln_cor_crop_0151.npy,Abell_2744_aFix_pol_I_Farcsec_5pln_cor,151,-1.4511139852402266e-05,3.865708276862279e-05,
J0145.2-6033_aFix_pol_I_Farcsec_5pln_cor_crop_0034.npy,J0145.2-6033_aFix_pol_I_Farcsec_5pln_cor,34,-1.2114905985072257e-05,3.299051968497224e-05,
Abell_3365A_noFix_pol_I_Farcsec_5pln_cor_crop_0091.npy,Abell_3365A_noFix_pol_I_Farcsec_5pln_cor,91,-1.5037990124255884e-05,3.877880590152927e-05,
J0948.6-8327_aFix_pol_I_Farcsec_5pln_cor_crop_0036.npy,J0948.6-8327_aFix_pol_I_Farcsec_5pln_cor,36,-1.3834469427820297e-05,3.5308996302774176e-05,
PLCK_G200.9-28.2_aFix_pol_I_Farcsec_5pln_cor_crop_0078.npy,PLCK_G200.9-28.2_aFix_pol_I_Farcsec_5pln_cor,78,-2.0549477994791232e-05,4.693285882240161e-05,
J0745.1-5404_aFix_pol_I_Farcsec_5pln_cor_crop_0061.npy,J0745.1-5404_aFix_pol_I_Farcsec_5pln_cor,61,-1.8277149138157256e-05,3.714456397574395e-05,
J0616.8-4748_aFix_pol_I_Farcsec_5pln_cor_crop_0046.npy,J0616.8-4748_aFix_pol_I_Farcsec_5pln_cor,46,-1.6417492588516325e-05,3.9486680179834366e-05,
J0627.2-5428_aFix_pol_I_Farcsec_5pln_cor_crop_0098.npy,J0627.2-5428_aFix_pol_I_Farcsec_5pln_cor,98,-3.725358692463488e-05,5.157724808668718e-05,
Abell_22_aFix_pol_I_Farcsec_5pln_cor_crop_0064.npy,Abell_22_aFix_pol_I_Farcsec_5pln_cor,64,-1.7687332729110494e-05,3.791484050452709e-05,
J0631.3-5610_aFix_pol_I_Farcsec_5pln_cor_crop_0061.npy,J0631.3-5610_aFix_pol_I_Farcsec_5pln_cor,61,-1.3746558579441626e-05,3.730034950422123e-05,
Abell_168_aFix_pol_I_Farcsec_5pln_cor_crop_0033.npy,Abell_168_aFix_pol_I_Farcsec_5pln_cor,33,-2.51656529144384e-05,4.1941199015127495e-05,
Abell_85_aFix_pol_I_Farcsec_5pln_cor_crop_0066.npy,Abell_85_aFix_pol_I_Farcsec_5pln_cor,66,-1.6969566786428913e-05,4.114058901905082e-05,
J1201.0-4623_aFix_pol_I_Farcsec_5pln_cor_crop_0030.npy,J1201.0-4623_aFix_pol_I_Farcsec_5pln_cor,30,-1.437526134395739e-05,3.895712870871648e-05,
J0328.6-5542_aFix_pol_I_Farcsec_5pln_cor_crop_0175.npy,J0328.6-5542_aFix_pol_I_Farcsec_5pln_cor,175,-1.7376105461153202e-05,3.237917189835571e-05,
J0638.7-5358_aFix_pol_I_Farcsec_5pln_cor_crop_0152.npy,J0638.7-5358_aFix_pol_I_Farcsec_5pln_cor,152,-1.4472521797870286e-05,3.7130746932234615e-05,
J0314.3-4525_aFix_pol_I_Farcsec_5pln_cor_crop_0034.npy,J0314.3-4525_aFix_pol_I_Farcsec_5pln_cor,34,-1.2252019587322138e-05,3.824526356766e-05,
Abell_194_aFix_pol_I_Farcsec_5pln_cor_crop_0044.npy,Abell_194_aFix_pol_I_Farcsec_5pln_cor,44,-3.945245043723844e-05,0.0001343678013654,
J1145.6-5420_aFix_pol_I_Farcsec_5pln_cor_crop_0134.npy,J1145.6-5420_aFix_pol_I_Farcsec_5pln_cor,134,-1.6585625417064875e-05,3.3761494705686346e-05,
Abell_S295_aFix_pol_I_Farcsec_5pln_cor_crop_0169.npy,Abell_S295_aFix_pol_I_Farcsec_5pln_cor,169,-1.2192884241812862e-05,4.2860785470111296e-05,
J1423.7-5412_aFix_pol_I_Farcsec_5pln_cor_crop_0171.npy,J1423.7-5412_aFix_pol_I_Farcsec_5pln_cor,171,-1.8973547412315384e-05,4.0196806367021054e-05,
J1645.4-7334_aFix_pol_I_Farcsec_5pln_cor_crop_0081.npy,J1645.4-7334_aFix_pol_I_Farcsec_5pln_cor,81,-2.7542228053789582e-05,5.101114220451564e-05,
J0626.3-5341_aFix_pol_I_Farcsec_5pln_cor_crop_0139.npy,J0626.3-5341_aFix_pol_I_Farcsec_5pln_cor,139,-2.286754715896677e-05,4.3426152842585e-05,
Abell_548_Cen_aFix_pol_I_Farcsec_5pln_cor_crop_0049.npy,Abell_548_Cen_aFix_pol_I_Farcsec_5pln_cor,49,-1.6901160051929764e-05,5.435498314909637e-05,
Abell_3376copy_aFix_pol_I_Farcsec_5pln_cor_crop_0136.npy,Abell_3376copy_aFix_pol_I_Farcsec_5pln_cor,136,-1.6748330381233245e-05,4.895990059594624e-05,
Abell_3558_aFix_pol_I_Farcsec_5pln_cor_crop_0201.npy,Abell_3558_aFix_pol_I_Farcsec_5pln_cor,201,-2.058644531643949e-05,4.082424857188016e-05,
Abell_141_aFix_pol_I_Farcsec_5pln_cor_crop_0092.npy,Abell_141_aFix_pol_I_Farcsec_5pln_cor,92,-1.6963114831014536e-05,3.675864718388766e-05,
J0449.9-4440_aFix_pol_I_Farcsec_5pln_cor_crop_0062.npy,J0449.9-4440_aFix_pol_I_Farcsec_5pln_cor,62,-1.3652566849486902e-05,3.79539851564914e-05,
Abell_2597_noFix_pol_I_Farcsec_5pln_cor_crop_0087.npy,Abell_2597_noFix_pol_I_Farcsec_5pln_cor,87,-5.033568595536053e-05,6.417310942197219e-05,
Abell_S1063_nofix_pol_I_Farcsec_5pln_cor_crop_0099.npy,Abell_S1063_nofix_pol_I_Farcsec_5pln_cor,99,-1.3156100976630114e-05,3.549207394826226e-05,
Abell_S1063_nofix_pol_I_Farcsec_5pln_cor_crop_0119.npy,Abell_S1063_nofix_pol_I_Farcsec_5pln_cor,119,-1.3156100976630114e-05,3.549207394826226e-05,
Abell_S1121_noFix_pol_I_Farcsec_5pln_cor_crop_0175.npy,Abell_S1121_noFix_pol_I_Farcsec_5pln_cor,175,-4.2447074520168826e-05,6.132334965514019e-05,
Abell_S1121_noFix_pol_I_Farcsec_5pln_cor_crop_0121.npy,Abell_S1121_noFix_pol_I_Farcsec_5pln_cor,121,-4.2447074520168826e-05,6.132334965514019e-05,
J1410.4-4246_aFix_pol_I_Farcsec_5pln_cor_crop_0164.npy,J1410.4-4246_aFix_pol_I_Farcsec_5pln_cor,164,-2.2075269953347743e-05,4.486642137635499e-05,
J0027.3-5015_aFix_pol_I_Farcsec_5pln_cor_crop_0025.npy,J0027.3-5015_aFix_pol_I_Farcsec_5pln_cor,25,-1.4346433999889996e-05,3.467470014584251e-05,
J0117.8-5455_aFix_pol_I_Farcsec_5pln_cor_crop_0111.npy,J0117.8-5455_aFix_pol_I_Farcsec_5pln_cor,111,-1.313004395342432e-05,3.596906753955409e-05,
J0014.3-6604_aFix_pol_I_Farcsec_5pln_cor_crop_0088.npy,J0014.3-6604_aFix_pol_I_Farcsec_5pln_cor,88,-1.2331886864558328e-05,3.584220394259319e-05,
J1130.0-4213_aFix_pol_I_Farcsec_5pln_cor_crop_0019.npy,J1130.0-4213_aFix_pol_I_Farcsec_5pln_cor,19,-1.5924631952657364e-05,3.826789543381892e-05,
Abell_3376_aFix_pol_I_Farcsec_5pln_cor_crop_0176.npy,Abell_3376_aFix_pol_I_Farcsec_5pln_cor,176,-1.6748330381233245e-05,4.895990059594624e-05,
Abell_521_noFix_pol_I_Farcsec_5pln_cor_crop_0067.npy,Abell_521_noFix_pol_I_Farcsec_5pln_cor,67,-1.8806747902999632e-05,4.423171412781812e-05,
Abell_545_aFix_pol_I_Farcsec_5pln_cor_crop_0002.npy,Abell_545_aFix_pol_I_Farcsec_5pln_cor,2,-1.9454066205071285e-05,4.5050637709209695e-05,
J2222.2-5235_aFix_pol_I_Farcsec_5pln_cor_crop_0118.npy,J2222.2-5235_aFix_pol_I_Farcsec_5pln_cor,118,-2.0340692572062835e-05,4.029700721730478e-05,
Abell_168_aFix_pol_I_Farcsec_5pln_cor_crop_0023.npy,Abell_168_aFix_pol_I_Farcsec_5pln_cor,23,-2.51656529144384e-05,4.1941199015127495e-05,
J1539.5-8335_aFix_pol_I_Farcsec_5pln_cor_crop_0174.npy,J1539.5-8335_aFix_pol_I_Farcsec_5pln_cor,174,-1.7301776097156107e-05,3.6628662201110274e-05,
MACSJ0417.5-1155_aFix_pol_I_Farcsec_5pln_cor_crop_0011.npy,MACSJ0417.5-1155_aFix_pol_I_Farcsec_5pln_cor,11,-1.759273436618969e-05,4.197344605927356e-05,
Abell_S1121_noFix_pol_I_Farcsec_5pln_cor_crop_0056.npy,Abell_S1121_noFix_pol_I_Farcsec_5pln_cor,56,-4.2447074520168826e-05,6.132334965514019e-05,
Abell_3667_aFix_pol_I_Farcsec_5pln_cor_crop_0047.npy,Abell_3667_aFix_pol_I_Farcsec_5pln_cor,47,-3.163510700687766e-05,0.0001603437995072,
J1705.1-8210_aFix_pol_I_Farcsec_5pln_cor_crop_0101.npy,J1705.1-8210_aFix_pol_I_Farcsec_5pln_cor,101,-2.258976564917248e-05,4.054370947415009e-05,
Abell_2667_noFix_pol_I_Farcsec_5pln_cor_crop_0075.npy,Abell_2667_noFix_pol_I_Farcsec_5pln_cor,75,-1.5058354620123282e-05,4.20943797507789e-05,
J1240.2-4825_aFix_pol_I_Farcsec_5pln_cor_crop_0073.npy,J1240.2-4825_aFix_pol_I_Farcsec_5pln_cor,73,-1.6159494407474995e-05,3.676811684272252e-05,
MACSJ0417.5-1155_aFix_pol_I_Farcsec_5pln_cor_crop_0139.npy,MACSJ0417.5-1155_aFix_pol_I_Farcsec_5pln_cor,139,-1.759273436618969e-05,4.197344605927356e-05,
Abell_4038_aFix_pol_I_Farcsec_5pln_cor_crop_0007.npy,Abell_4038_aFix_pol_I_Farcsec_5pln_cor,7,-1.8985389033332467e-05,4.2698269680840895e-05,
Abell_4038_aFix_pol_I_Farcsec_5pln_cor_crop_0125.npy,Abell_4038_aFix_pol_I_Farcsec_5pln_cor,125,-1.8985389033332467e-05,4.2698269680840895e-05,
J0449.9-4440_aFix_pol_I_Farcsec_5pln_cor_crop_0096.npy,J0449.9-4440_aFix_pol_I_Farcsec_5pln_cor,96,-1.3652566849486902e-05,3.79539851564914e-05,
J1145.6-5420_aFix_pol_I_Farcsec_5pln_cor_crop_0149.npy,J1145.6-5420_aFix_pol_I_Farcsec_5pln_cor,149,-1.6585625417064875e-05,3.3761494705686346e-05,
Abell_22_aFix_pol_I_Farcsec_5pln_cor_crop_0178.npy,Abell_22_aFix_pol_I_Farcsec_5pln_cor,178,-1.7687332729110494e-05,3.791484050452709e-05,
RXCJ0225.1-22928_aFix_pol_I_Farcsec_5pln_cor_crop_0012.npy,RXCJ0225.1-22928_aFix_pol_I_Farcsec_5pln_cor,12,-3.11890325974673e-05,5.4694857681170106e-05,
Abell_S295_aFix_pol_I_Farcsec_5pln_cor_crop_0110.npy,Abell_S295_aFix_pol_I_Farcsec_5pln_cor,110,-1.2192884241812862e-05,4.2860785470111296e-05,
J0510.2-4519_aFix_pol_I_Farcsec_5pln_cor_crop_0066.npy,J0510.2-4519_aFix_pol_I_Farcsec_5pln_cor,66,-1.650593003432732e-05,3.797405952354893e-05,
J0212.8-4707_aFix_pol_I_Farcsec_5pln_cor_crop_0170.npy,J0212.8-4707_aFix_pol_I_Farcsec_5pln_cor,170,-1.7747841411619447e-05,3.736264625331387e-05,
Abell_3365_noFix_pol_I_Farcsec_5pln_cor_crop_0070.npy,Abell_3365_noFix_pol_I_Farcsec_5pln_cor,70,-3.684182956931181e-05,5.151375808054581e-05,
J2222.2-5235_aFix_pol_I_Farcsec_5pln_cor_crop_0115.npy,J2222.2-5235_aFix_pol_I_Farcsec_5pln_cor,115,-2.0340692572062835e-05,4.029700721730478e-05,
J0336.3-4037_aFix_pol_I_Farcsec_5pln_cor_crop_0005.npy,J0336.3-4037_aFix_pol_I_Farcsec_5pln_cor,5,-1.9070150301558897e-05,3.8439713534899056e-05,
J0712.0-6030_aFix_pol_I_Farcsec_5pln_cor_crop_0116.npy,J0712.0-6030_aFix_pol_I_Farcsec_5pln_cor,116,-1.3525442227546591e-05,3.74543305952102e-05,
J0317.9-4414_aFix_pol_I_Farcsec_5pln_cor_crop_0139.npy,J0317.9-4414_aFix_pol_I_Farcsec_5pln_cor,139,-1.825527215260081e-05,4.13110428780783e-05,
J1645.4-7334_aFix_pol_I_Farcsec_5pln_cor_crop_0124.npy,J1645.4-7334_aFix_pol_I_Farcsec_5pln_cor,124,-2.7542228053789582e-05,5.101114220451564e-05,
Abell_2895_noFix_pol_I_Farcsec_5pln_cor_crop_0155.npy,Abell_2895_noFix_pol_I_Farcsec_5pln_cor,155,-1.7904101696331054e-05,3.5388853575568646e-05,
J0328.6-5542_aFix_pol_I_Farcsec_5pln_cor_crop_0100.npy,J0328.6-5542_aFix_pol_I_Farcsec_5pln_cor,100,-1.7376105461153202e-05,3.237917189835571e-05,
Abell_S1121_noFix_pol_I_Farcsec_5pln_cor_crop_0184.npy,Abell_S1121_noFix_pol_I_Farcsec_5pln_cor,184,-4.2447074520168826e-05,6.132334965514019e-05,
J0232.2-4420_aFix_pol_I_Farcsec_5pln_cor_crop_0164.npy,J0232.2-4420_aFix_pol_I_Farcsec_5pln_cor,164,-1.3283781299833208e-05,3.414206730667502e-05,
J1518.3-4632_aFix_pol_I_Farcsec_5pln_cor_crop_0066.npy,J1518.3-4632_aFix_pol_I_Farcsec_5pln_cor,66,-2.6316898583900183e-05,3.836355244857259e-05,
J0543.4-4430_aFix_pol_I_Farcsec_5pln_cor_crop_0115.npy,J0543.4-4430_aFix_pol_I_Farcsec_5pln_cor,115,-1.920615613926202e-05,4.022587017971091e-05,
J0607.0-4928_aFix_pol_I_Farcsec_5pln_cor_crop_0110.npy,J0607.0-4928_aFix_pol_I_Farcsec_5pln_cor,110,-1.727664130157791e-05,3.109658064204268e-05,
J0117.8-5455_aFix_pol_I_Farcsec_5pln_cor_crop_0079.npy,J0117.8-5455_aFix_pol_I_Farcsec_5pln_cor,79,-1.313004395342432e-05,3.596906753955409e-05,
J0607.0-4928_aFix_pol_I_Farcsec_5pln_cor_crop_0045.npy,J0607.0-4928_aFix_pol_I_Farcsec_5pln_cor,45,-1.727664130157791e-05,3.109658064204268e-05,
Abell_2813_noFix_pol_I_Farcsec_5pln_cor_crop_0111.npy,Abell_2813_noFix_pol_I_Farcsec_5pln_cor,111,-2.1553638362092897e-05,4.1060964576900005e-05,
J0449.9-4440_aFix_pol_I_Farcsec_5pln_cor_crop_0138.npy,J0449.9-4440_aFix_pol_I_Farcsec_5pln_cor,138,-1.3652566849486902e-05,3.79539851564914e-05,
J1705.1-8210_aFix_pol_I_Farcsec_5pln_cor_crop_0015.npy,J1705.1-8210_aFix_pol_I_Farcsec_5pln_cor,15,-2.258976564917248e-05,4.054370947415009e-05,
RXC_J0520.7-1328_aFix_pol_I_Farcsec_5pln_cor_crop_0089.npy,RXC_J0520.7-1328_aFix_pol_I_Farcsec_5pln_cor,89,-4.763286779052578e-05,6.618209590669721e-05,
J2340.1-8510_aFix_pol_I_Farcsec_5pln_cor_crop_0053.npy,J2340.1-8510_aFix_pol_I_Farcsec_5pln_cor,53,-1.53458950080676e-05,3.938611553166993e-05,
J1645.4-7334_aFix_pol_I_Farcsec_5pln_cor_crop_0135.npy,J1645.4-7334_aFix_pol_I_Farcsec_5pln_cor,135,-2.7542228053789582e-05,5.101114220451564e-05,
Abell_548_Cen_aFix_pol_I_Farcsec_5pln_cor_crop_0172.npy,Abell_548_Cen_aFix_pol_I_Farcsec_5pln_cor,172,-1.6901160051929764e-05,5.435498314909637e-05,
Abell_2751_aFix_pol_I_Farcsec_5pln_cor_crop_0118.npy,Abell_2751_aFix_pol_I_Farcsec_5pln_cor,118,-2.5066670787055045e-05,4.310646909289062e-05,
Abell_S295_aFix_pol_I_Farcsec_5pln_cor_crop_0044.npy,Abell_S295_aFix_pol_I_Farcsec_5pln_cor,44,-1.2192884241812862e-05,4.2860785470111296e-05,
J0625.2-5521_aFix_pol_I_Farcsec_5pln_cor_crop_0187.npy,J0625.2-5521_aFix_pol_I_Farcsec_5pln_cor,187,-2.603908251330722e-05,3.9954342355486006e-05,
J0542.8-4100_aFix_pol_I_Farcsec_5pln_cor_crop_0184.npy,J0542.8-4100_aFix_pol_I_Farcsec_5pln_cor,184,-1.260944191017188e-05,3.595814996515401e-05,
Abell_3667_aFix_pol_I_Farcsec_5pln_cor_crop_0021.npy,Abell_3667_aFix_pol_I_Farcsec_5pln_cor,21,-3.163510700687766e-05,0.0001603437995072,
J1248.7-4118_aFix_pol_I_Farcsec_5pln_cor_crop_0072.npy,J1248.7-4118_aFix_pol_I_Farcsec_5pln_cor,72,-3.831612048088573e-05,5.340838833944872e-05,
Abell_2744_aFix_pol_I_Farcsec_5pln_cor_crop_0205.npy,Abell_2744_aFix_pol_I_Farcsec_5pln_cor,205,-1.4511139852402266e-05,3.865708276862279e-05,
J0351.1-8212_aFix_pol_I_Farcsec_5pln_cor_crop_0040.npy,J0351.1-8212_aFix_pol_I_Farcsec_5pln_cor,40,-1.34867677843431e-05,3.901409581885673e-05,
J2222.2-5235_aFix_pol_I_Farcsec_5pln_cor_crop_0019.npy,J2222.2-5235_aFix_pol_I_Farcsec_5pln_cor,19,-2.0340692572062835e-05,4.029700721730478e-05,
J0352.4-7401_aFix_pol_I_Farcsec_5pln_cor_crop_0073.npy,J0352.4-7401_aFix_pol_I_Farcsec_5pln_cor,73,-1.3432473679131364e-05,3.414728053030558e-05,
Abell_168_aFix_pol_I_Farcsec_5pln_cor_crop_0151.npy,Abell_168_aFix_pol_I_Farcsec_5pln_cor,151,-2.51656529144384e-05,4.1941199015127495e-05,
J0625.2-5521_aFix_pol_I_Farcsec_5pln_cor_crop_0073.npy,J0625.2-5521_aFix_pol_I_Farcsec_5pln_cor,73,-2.603908251330722e-05,3.9954342355486006e-05,
Abell_S295_aFix_pol_I_Farcsec_5pln_cor_crop_0020.npy,Abell_S295_aFix_pol_I_Farcsec_5pln_cor,20,-1.2192884241812862e-05,4.2860785470111296e-05,
J0145.0-5300_aFix_pol_I_Farcsec_5pln_cor_crop_0165.npy,J0145.0-5300_aFix_pol_I_Farcsec_5pln_cor,165,-1.4464765627053566e-05,3.505407221382484e-05,
J1040.7-7047_aFix_pol_I_Farcsec_5pln_cor_crop_0016.npy,J1040.7-7047_aFix_pol_I_Farcsec_5pln_cor,16,-2.545410461607389e-05,4.294725295039825e-05,
Abell_168_aFix_pol_I_Farcsec_5pln_cor_crop_0212.npy,Abell_168_aFix_pol_I_Farcsec_5pln_cor,212,-2.51656529144384e-05,4.1941199015127495e-05,
MACS_J0257.6-2209_aFix_pol_I_Farcsec_5pln_cor_crop_0104.npy,MACS_J0257.6-2209_aFix_pol_I_Farcsec_5pln_cor,104,-2.1241523427306674e-05,4.082491795998067e-05,
Abell_4038_aFix_pol_I_Farcsec_5pln_cor_crop_0163.npy,Abell_4038_aFix_pol_I_Farcsec_5pln_cor,163,-1.8985389033332467e-05,4.2698269680840895e-05,
J0406.7-7116_aFix_pol_I_Farcsec_5pln_cor_crop_0033.npy,J0406.7-7116_aFix_pol_I_Farcsec_5pln_cor,33,-1.6727117326809093e-05,3.893847315339372e-05,
Abell_209_aFix_pol_I_Farcsec_5pln_cor_crop_0044.npy,Abell_209_aFix_pol_I_Farcsec_5pln_cor,44,-2.1105859559611417e-05,4.098449426237494e-05,
J0757.7-5315_aFix_pol_I_Farcsec_5pln_cor_crop_0088.npy,J0757.7-5315_aFix_pol_I_Farcsec_5pln_cor,88,-1.5817182429600507e-05,3.550770634319633e-05,
Abell_2645_noFix_pol_I_Farcsec_5pln_cor_crop_0130.npy,Abell_2645_noFix_pol_I_Farcsec_5pln_cor,130,-3.2132909836946055e-05,5.223612970439717e-05,
Bullet_aFix_pol_I_Farcsec_5pln_cor_crop_0180.npy,Bullet_aFix_pol_I_Farcsec_5pln_cor,180,-1.5211503523460124e-05,4.380349491839297e-05,
J1601.7-7544_aFix_pol_I_Farcsec_5pln_cor_crop_0081.npy,J1601.7-7544_aFix_pol_I_Farcsec_5pln_cor,81,-1.893065564217977e-05,4.2162908357568085e-05,
MACS_J0257.6-2209_aFix_pol_I_Farcsec_5pln_cor_crop_0184.npy,MACS_J0257.6-2209_aFix_pol_I_Farcsec_5pln_cor,184,-2.1241523427306674e-05,4.082491795998067e-05,
J0216.3-4816_aFix_pol_I_Farcsec_5pln_cor_crop_0218.npy,J0216.3-4816_aFix_pol_I_Farcsec_5pln_cor,218,-1.5618124962202273e-05,5.211478855926544e-05,
J0607.0-4928_aFix_pol_I_Farcsec_5pln_cor_crop_0200.npy,J0607.0-4928_aFix_pol_I_Farcsec_5pln_cor,200,-1.727664130157791e-05,3.109658064204268e-05,
J1840.6-7709_aFix_pol_I_Farcsec_5pln_cor_crop_0161.npy,J1840.6-7709_aFix_pol_I_Farcsec_5pln_cor,161,-1.7610127542866394e-05,4.188125240034424e-05,
Abell_S295_aFix_pol_I_Farcsec_5pln_cor_crop_0153.npy,Abell_S295_aFix_pol_I_Farcsec_5pln_cor,153,-1.2192884241812862e-05,4.2860785470111296e-05,
J0051.1-4833_aFix_pol_I_Farcsec_5pln_cor_crop_0173.npy,J0051.1-4833_aFix_pol_I_Farcsec_5pln_cor,173,-1.4088746866036672e-05,3.274881237302907e-05,
Bullet_aFix_pol_I_Farcsec_5pln_cor_crop_0059.npy,Bullet_aFix_pol_I_Farcsec_5pln_cor,59,-1.5211503523460124e-05,4.380349491839297e-05,
J2319.2-6750_aFix_pol_I_Farcsec_5pln_cor_crop_0025.npy,J2319.2-6750_aFix_pol_I_Farcsec_5pln_cor,25,-1.762574174790643e-05,3.985196599387564e-05,
Abell_4038_aFix_pol_I_Farcsec_5pln_cor_crop_0118.npy,Abell_4038_aFix_pol_I_Farcsec_5pln_cor,118,-1.8985389033332467e-05,4.2698269680840895e-05,
ElGordo_aFix_pol_I_Farcsec_5pln_cor_crop_0222.npy,ElGordo_aFix_pol_I_Farcsec_5pln_cor,222,-1.8438237020745877e-05,3.2559692044742405e-05,
J0542.8-4100_aFix_pol_I_Farcsec_5pln_cor_crop_0131.npy,J0542.8-4100_aFix_pol_I_Farcsec_5pln_cor,131,-1.260944191017188e-05,3.595814996515401e-05,
J0314.3-4525_aFix_pol_I_Farcsec_5pln_cor_crop_0141.npy,J0314.3-4525_aFix_pol_I_Farcsec_5pln_cor,141,-1.2252019587322138e-05,3.824526356766e-05,
Abell_3365_noFix_pol_I_Farcsec_5pln_cor_crop_0150.npy,Abell_3365_noFix_pol_I_Farcsec_5pln_cor,150,-3.684182956931181e-05,5.151375808054581e-05,
MACSJ0417.5-1155_aFix_pol_I_Farcsec_5pln_cor_crop_0103.npy,MACSJ0417.5-1155_aFix_pol_I_Farcsec_5pln_cor,103,-1.759273436618969e-05,4.197344605927356e-05,
J0543.4-4430_aFix_pol_I_Farcsec_5pln_cor_crop_0045.npy,J0543.4-4430_aFix_pol_I_Farcsec_5pln_cor,45,-1.920615613926202e-05,4.022587017971091e-05,
J0607.0-4928_aFix_pol_I_Farcsec_5pln_cor_crop_0161.npy,J0607.0-4928_aFix_pol_I_Farcsec_5pln_cor,161,-1.727664130157791e-05,3.109658064204268e-05,
Abell_3376copy_aFix_pol_I_Farcsec_5pln_cor_crop_0116.npy,Abell_3376copy_aFix_pol_I_Farcsec_5pln_cor,116,-1.6748330381233245e-05,4.895990059594624e-05,
J0352.4-7401_aFix_pol_I_Farcsec_5pln_cor_crop_0060.npy,J0352.4-7401_aFix_pol_I_Farcsec_5pln_cor,60,-1.3432473679131364e-05,3.414728053030558e-05,
J1705.1-8210_aFix_pol_I_Farcsec_5pln_cor_crop_0188.npy,J1705.1-8210_aFix_pol_I_Farcsec_5pln_cor,188,-2.258976564917248e-05,4.054370947415009e-05,
J0108.5-4020_aFix_pol_I_Farcsec_5pln_cor_crop_0038.npy,J0108.5-4020_aFix_pol_I_Farcsec_5pln_cor,38,-1.5436331523233093e-05,3.3178752346429974e-05,
Abell_141_aFix_pol_I_Farcsec_5pln_cor_crop_0215.npy,Abell_141_aFix_pol_I_Farcsec_5pln_cor,215,-1.6963114831014536e-05,3.675864718388766e-05,
Abell_3376copy_aFix_pol_I_Farcsec_5pln_cor_crop_0108.npy,Abell_3376copy_aFix_pol_I_Farcsec_5pln_cor,108,-1.6748330381233245e-05,4.895990059594624e-05,
Abell_548_aFix_pol_I_Farcsec_5pln_cor_crop_0057.npy,Abell_548_aFix_pol_I_Farcsec_5pln_cor,57,-1.682372203504201e-05,5.429780867416412e-05,
J0607.0-4928_aFix_pol_I_Farcsec_5pln_cor_crop_0011.npy,J0607.0-4928_aFix_pol_I_Farcsec_5pln_cor,11,-1.727664130157791e-05,3.109658064204268e-05,
Abell_3376_aFix_pol_I_Farcsec_5pln_cor_crop_0062.npy,Abell_3376_aFix_pol_I_Farcsec_5pln_cor,62,-1.6748330381233245e-05,4.895990059594624e-05,
Abell_3562_aFix_pol_I_Farcsec_5pln_cor_crop_0016.npy,Abell_3562_aFix_pol_I_Farcsec_5pln_cor,16,-2.032673728535883e-05,4.53729007858783e-05,
J1410.4-4246_aFix_pol_I_Farcsec_5pln_cor_crop_0185.npy,J1410.4-4246_aFix_pol_I_Farcsec_5pln_cor,185,-2.2075269953347743e-05,4.486642137635499e-05,
J1130.0-4213_aFix_pol_I_Farcsec_5pln_cor_crop_0095.npy,J1130.0-4213_aFix_pol_I_Farcsec_5pln_cor,95,-1.5924631952657364e-05,3.826789543381892e-05,
J0328.6-5542_aFix_pol_I_Farcsec_5pln_cor_crop_0216.npy,J0328.6-5542_aFix_pol_I_Farcsec_5pln_cor,216,-1.7376105461153202e-05,3.237917189835571e-05,
Abell_S1063_nofix_pol_I_Farcsec_5pln_cor_crop_0179.npy,Abell_S1063_nofix_pol_I_Farcsec_5pln_cor,179,-1.3156100976630114e-05,3.549207394826226e-05,
J0027.3-5015_aFix_pol_I_Farcsec_5pln_cor_crop_0161.npy,J0027.3-5015_aFix_pol_I_Farcsec_5pln_cor,161,-1.4346433999889996e-05,3.467470014584251e-05,
J0812.5-5714_aFix_pol_I_Farcsec_5pln_cor_crop_0128.npy,J0812.5-5714_aFix_pol_I_Farcsec_5pln_cor,128,-1.797733420971781e-05,3.096696309512481e-05,
J0757.7-5315_aFix_pol_I_Farcsec_5pln_cor_crop_0177.npy,J0757.7-5315_aFix_pol_I_Farcsec_5pln_cor,177,-1.5817182429600507e-05,3.550770634319633e-05,
J0117.8-5455_aFix_pol_I_Farcsec_5pln_cor_crop_0059.npy,J0117.8-5455_aFix_pol_I_Farcsec_5pln_cor,59,-1.313004395342432e-05,3.596906753955409e-05,
Abell_545_aFix_pol_I_Farcsec_5pln_cor_crop_0033.npy,Abell_545_aFix_pol_I_Farcsec_5pln_cor,33,-1.9454066205071285e-05,4.5050637709209695e-05,
Abell_2751_aFix_pol_I_Farcsec_5pln_cor_crop_0088.npy,Abell_2751_aFix_pol_I_Farcsec_5pln_cor,88,-2.5066670787055045e-05,4.310646909289062e-05,
MACS_J0257.6-2209_noFix_pol_I_Farcsec_5pln_cor_crop_0061.npy,MACS_J0257.6-2209_noFix_pol_I_Farcsec_5pln_cor,61,-2.3381955543300137e-05,4.110854570171796e-05,
Abell_2895_noFix_pol_I_Farcsec_5pln_cor_crop_0177.npy,Abell_2895_noFix_pol_I_Farcsec_5pln_cor,177,-1.7904101696331054e-05,3.5388853575568646e-05,
J0812.5-5714_aFix_pol_I_Farcsec_5pln_cor_crop_0069.npy,J0812.5-5714_aFix_pol_I_Farcsec_5pln_cor,69,-1.797733420971781e-05,3.096696309512481e-05,
J0610.5-4848_aFix_pol_I_Farcsec_5pln_cor_crop_0192.npy,J0610.5-4848_aFix_pol_I_Farcsec_5pln_cor,192,-1.432743010809645e-05,3.869758802466095e-05,
J0314.3-4525_aFix_pol_I_Farcsec_5pln_cor_crop_0107.npy,J0314.3-4525_aFix_pol_I_Farcsec_5pln_cor,107,-1.2252019587322138e-05,3.824526356766e-05,
J2340.1-8510_aFix_pol_I_Farcsec_5pln_cor_crop_0013.npy,J2340.1-8510_aFix_pol_I_Farcsec_5pln_cor,13,-1.53458950080676e-05,3.938611553166993e-05,
Abell_4038_aFix_pol_I_Farcsec_5pln_cor_crop_0032.npy,Abell_4038_aFix_pol_I_Farcsec_5pln_cor,32,-1.8985389033332467e-05,4.2698269680840895e-05,
J1410.4-4246_aFix_pol_I_Farcsec_5pln_cor_crop_0149.npy,J1410.4-4246_aFix_pol_I_Farcsec_5pln_cor,149,-2.2075269953347743e-05,4.486642137635499e-05,
J1410.4-4246_aFix_pol_I_Farcsec_5pln_cor_crop_0092.npy,J1410.4-4246_aFix_pol_I_Farcsec_5pln_cor,92,-2.2075269953347743e-05,4.486642137635499e-05,
J1518.3-4632_aFix_pol_I_Farcsec_5pln_cor_crop_0027.npy,J1518.3-4632_aFix_pol_I_Farcsec_5pln_cor,27,-2.6316898583900183e-05,3.836355244857259e-05,
J0314.3-4525_aFix_pol_I_Farcsec_5pln_cor_crop_0066.npy,J0314.3-4525_aFix_pol_I_Farcsec_5pln_cor,66,-1.2252019587322138e-05,3.824526356766e-05,
J0616.8-4748_aFix_pol_I_Farcsec_5pln_cor_crop_0090.npy,J0616.8-4748_aFix_pol_I_Farcsec_5pln_cor,90,-1.6417492588516325e-05,3.9486680179834366e-05,
J1201.0-4623_aFix_pol_I_Farcsec_5pln_cor_crop_0096.npy,J1201.0-4623_aFix_pol_I_Farcsec_5pln_cor,96,-1.437526134395739e-05,3.895712870871648e-05,
MACS_J0257.6-2209_noFix_pol_I_Farcsec_5pln_cor_crop_0044.npy,MACS_J0257.6-2209_noFix_pol_I_Farcsec_5pln_cor,44,-2.3381955543300137e-05,4.110854570171796e-05,
J0145.0-5300_aFix_pol_I_Farcsec_5pln_cor_crop_0078.npy,J0145.0-5300_aFix_pol_I_Farcsec_5pln_cor,78,-1.4464765627053566e-05,3.505407221382484e-05,
J0342.8-5338_aFix_pol_I_Farcsec_5pln_cor_crop_0158.npy,J0342.8-5338_aFix_pol_I_Farcsec_5pln_cor,158,-1.83263164217351e-05,3.698056025314145e-05,
Abell_2597_noFix_pol_I_Farcsec_5pln_cor_crop_0119.npy,Abell_2597_noFix_pol_I_Farcsec_5pln_cor,119,-5.033568595536053e-05,6.417310942197219e-05,
Abell_194_aFix_pol_I_Farcsec_5pln_cor_crop_0070.npy,Abell_194_aFix_pol_I_Farcsec_5pln_cor,70,-3.945245043723844e-05,0.0001343678013654,
J0314.3-4525_aFix_pol_I_Farcsec_5pln_cor_crop_0104.npy,J0314.3-4525_aFix_pol_I_Farcsec_5pln_cor,104,-1.2252019587322138e-05,3.824526356766e-05,
J0638.7-5358_aFix_pol_I_Farcsec_5pln_cor_crop_0061.npy,J0638.7-5358_aFix_pol_I_Farcsec_5pln_cor,61,-1.4472521797870286e-05,3.7130746932234615e-05,
Abell_4038_aFix_pol_I_Farcsec_5pln_cor_crop_0179.npy,Abell_4038_aFix_pol_I_Farcsec_5pln_cor,179,-1.8985389033332467e-05,4.2698269680840895e-05,
J1518.3-4632_aFix_pol_I_Farcsec_5pln_cor_crop_0005.npy,J1518.3-4632_aFix_pol_I_Farcsec_5pln_cor,5,-2.6316898583900183e-05,3.836355244857259e-05,
J1240.2-4825_aFix_pol_I_Farcsec_5pln_cor_crop_0195.npy,J1240.2-4825_aFix_pol_I_Farcsec_5pln_cor,195,-1.6159494407474995e-05,3.676811684272252e-05,
J0616.8-4748_aFix_pol_I_Farcsec_5pln_cor_crop_0010.npy,J0616.8-4748_aFix_pol_I_Farcsec_5pln_cor,10,-1.6417492588516325e-05,3.9486680179834366e-05,
Abell_194_aFix_pol_I_Farcsec_5pln_cor_crop_0190.npy,Abell_194_aFix_pol_I_Farcsec_5pln_cor,190,-3.945245043723844e-05,0.0001343678013654,
MACS_J0257.6-2209_noFix_pol_I_Farcsec_5pln_cor_crop_0128.npy,MACS_J0257.6-2209_noFix_pol_I_Farcsec_5pln_cor,128,-2.3381955543300137e-05,4.110854570171796e-05,
Abell_2751_aFix_pol_I_Farcsec_5pln_cor_crop_0133.npy,Abell_2751_aFix_pol_I_Farcsec_5pln_cor,133,-2.5066670787055045e-05,4.310646909289062e-05,
Abell_13_noFix_pol_I_Farcsec_5pln_cor_crop_0157.npy,Abell_13_noFix_pol_I_Farcsec_5pln_cor,157,-1.9173105101799592e-05,3.867880150210112e-05,
J0225.9-4154_aFix_pol_I_Farcsec_5pln_cor_crop_0127.npy,J0225.9-4154_aFix_pol_I_Farcsec_5pln_cor,127,-1.4831659427727573e-05,3.976373773184605e-05,
Abell_548_Cen_aFix_pol_I_Farcsec_5pln_cor_crop_0084.npy,Abell_548_Cen_aFix_pol_I_Farcsec_5pln_cor,84,-1.6901160051929764e-05,5.435498314909637e-05,
J1423.7-5412_aFix_pol_I_Farcsec_5pln_cor_crop_0060.npy,J1423.7-5412_aFix_pol_I_Farcsec_5pln_cor,60,-1.8973547412315384e-05,4.0196806367021054e-05,
Abell_2813_noFix_pol_I_Farcsec_5pln_cor_crop_0131.npy,Abell_2813_noFix_pol_I_Farcsec_5pln_cor,131,-2.1553638362092897e-05,4.1060964576900005e-05,
J0232.2-4420_aFix_pol_I_Farcsec_5pln_cor_crop_0034.npy,J0232.2-4420_aFix_pol_I_Farcsec_5pln_cor,34,-1.3283781299833208e-05,3.414206730667502e-05,
Abell_133_aFix_pol_I_Farcsec_5pln_cor_crop_0064.npy,Abell_133_aFix_pol_I_Farcsec_5pln_cor,64,-1.6750700524426065e-05,3.861152799800038e-05,
Abell_S1063_nofix_pol_I_Farcsec_5pln_cor_crop_0084.npy,Abell_S1063_nofix_pol_I_Farcsec_5pln_cor,84,-1.3156100976630114e-05,3.549207394826226e-05,
J0317.9-4414_aFix_pol_I_Farcsec_5pln_cor_crop_0060.npy,J0317.9-4414_aFix_pol_I_Farcsec_5pln_cor,60,-1.825527215260081e-05,4.13110428780783e-05,
J0745.1-5404_aFix_pol_I_Farcsec_5pln_cor_crop_0173.npy,J0745.1-5404_aFix_pol_I_Farcsec_5pln_cor,173,-1.8277149138157256e-05,3.714456397574395e-05,
Abell_2645_noFix_pol_I_Farcsec_5pln_cor_crop_0176.npy,Abell_2645_noFix_pol_I_Farcsec_5pln_cor,176,-3.2132909836946055e-05,5.223612970439717e-05,
J0216.3-4816_aFix_pol_I_Farcsec_5pln_cor_crop_0093.npy,J0216.3-4816_aFix_pol_I_Farcsec_5pln_cor,93,-1.5618124962202273e-05,5.211478855926544e-05,
Abell_2485_noFix_pol_I_Farcsec_5pln_cor_crop_0053.npy,Abell_2485_noFix_pol_I_Farcsec_5pln_cor,53,-1.5763916962896474e-05,3.792858478846029e-05,
Abell_13_noFix_pol_I_Farcsec_5pln_cor_crop_0108.npy,Abell_13_noFix_pol_I_Farcsec_5pln_cor,108,-1.9173105101799592e-05,3.867880150210112e-05,
J2104.9-8243_aFix_pol_I_Farcsec_5pln_cor_crop_0128.npy,J2104.9-8243_aFix_pol_I_Farcsec_5pln_cor,128,-1.633186730032321e-05,3.551336703822017e-05,
J1518.3-4632_aFix_pol_I_Farcsec_5pln_cor_crop_0073.npy,J1518.3-4632_aFix_pol_I_Farcsec_5pln_cor,73,-2.6316898583900183e-05,3.836355244857259e-05,
Abell_2597_noFix_pol_I_Farcsec_5pln_cor_crop_0146.npy,Abell_2597_noFix_pol_I_Farcsec_5pln_cor,146,-5.033568595536053e-05,6.417310942197219e-05,
Abell_S1121_noFix_pol_I_Farcsec_5pln_cor_crop_0117.npy,Abell_S1121_noFix_pol_I_Farcsec_5pln_cor,117,-4.2447074520168826e-05,6.132334965514019e-05,
J0638.7-5358_aFix_pol_I_Farcsec_5pln_cor_crop_0184.npy,J0638.7-5358_aFix_pol_I_Farcsec_5pln_cor,184,-1.4472521797870286e-05,3.7130746932234615e-05,
Abell_2813_noFix_pol_I_Farcsec_5pln_cor_crop_0040.npy,Abell_2813_noFix_pol_I_Farcsec_5pln_cor,40,-2.1553638362092897e-05,4.1060964576900005e-05,
J0336.3-4037_aFix_pol_I_Farcsec_5pln_cor_crop_0132.npy,J0336.3-4037_aFix_pol_I_Farcsec_5pln_cor,132,-1.9070150301558897e-05,3.8439713534899056e-05,
J0342.8-5338_aFix_pol_I_Farcsec_5pln_cor_crop_0159.npy,J0342.8-5338_aFix_pol_I_Farcsec_5pln_cor,159,-1.83263164217351e-05,3.698056025314145e-05,
J1358.9-4750_aFix_pol_I_Farcsec_5pln_cor_crop_0125.npy,J1358.9-4750_aFix_pol_I_Farcsec_5pln_cor,125,-2.6460520530235957e-05,4.666853419621475e-05,
MACS_J0257.6-2209_noFix_pol_I_Farcsec_5pln_cor_crop_0168.npy,MACS_J0257.6-2209_noFix_pol_I_Farcsec_5pln_cor,168,-2.3381955543300137e-05,4.110854570171796e-05,
ElGordo_aFix_pol_I_Farcsec_5pln_cor_crop_0122.npy,ElGordo_aFix_pol_I_Farcsec_5pln_cor,122,-1.8438237020745877e-05,3.2559692044742405e-05,
Abell_168_aFix_pol_I_Farcsec_5pln_cor_crop_0224.npy,Abell_168_aFix_pol_I_Farcsec_5pln_cor,224,-2.51656529144384e-05,4.1941199015127495e-05,
MACSJ_0025.4-1222B_aFix_pol_I_Farcsec_5pln_cor_crop_0188.npy,MACSJ_0025.4-1222B_aFix_pol_I_Farcsec_5pln_cor,188,-2.179453076678328e-05,4.608399467542768e-05,
J1423.7-5412_aFix_pol_I_Farcsec_5pln_cor_crop_0144.npy,J1423.7-5412_aFix_pol_I_Farcsec_5pln_cor,144,-1.8973547412315384e-05,4.0196806367021054e-05,
J1423.7-5412_aFix_pol_I_Farcsec_5pln_cor_crop_0188.npy,J1423.7-5412_aFix_pol_I_Farcsec_5pln_cor,188,-1.8973547412315384e-05,4.0196806367021054e-05,
J1201.0-4623_aFix_pol_I_Farcsec_5pln_cor_crop_0118.npy,J1201.0-4623_aFix_pol_I_Farcsec_5pln_cor,118,-1.437526134395739e-05,3.895712870871648e-05,
Abell_521_noFix_pol_I_Farcsec_5pln_cor_crop_0040.npy,Abell_521_noFix_pol_I_Farcsec_5pln_cor,40,-1.8806747902999632e-05,4.423171412781812e-05,
J0525.8-4715_aFix_pol_I_Farcsec_5pln_cor_crop_0128.npy,J0525.8-4715_aFix_pol_I_Farcsec_5pln_cor,128,-1.611813422641717e-05,4.044059460284189e-05,
J0314.3-4525_aFix_pol_I_Farcsec_5pln_cor_crop_0076.npy,J0314.3-4525_aFix_pol_I_Farcsec_5pln_cor,76,-1.2252019587322138e-05,3.824526356766e-05,
J0638.7-5358_aFix_pol_I_Farcsec_5pln_cor_crop_0069.npy,J0638.7-5358_aFix_pol_I_Farcsec_5pln_cor,69,-1.4472521797870286e-05,3.7130746932234615e-05,
J0631.3-5610_aFix_pol_I_Farcsec_5pln_cor_crop_0123.npy,J0631.3-5610_aFix_pol_I_Farcsec_5pln_cor,123,-1.3746558579441626e-05,3.730034950422123e-05,
Abell_545_aFix_pol_I_Farcsec_5pln_cor_crop_0160.npy,Abell_545_aFix_pol_I_Farcsec_5pln_cor,160,-1.9454066205071285e-05,4.5050637709209695e-05,
J1040.7-7047_aFix_pol_I_Farcsec_5pln_cor_crop_0193.npy,J1040.7-7047_aFix_pol_I_Farcsec_5pln_cor,193,-2.545410461607389e-05,4.294725295039825e-05,
J1601.7-7544_aFix_pol_I_Farcsec_5pln_cor_crop_0088.npy,J1601.7-7544_aFix_pol_I_Farcsec_5pln_cor,88,-1.893065564217977e-05,4.2162908357568085e-05,
Abell_370_afix_pol_I_Farcsec_5pln_cor_crop_0003.npy,Abell_370_afix_pol_I_Farcsec_5pln_cor,3,-3.905647463398054e-05,5.590072396444157e-05,
J1840.6-7709_aFix_pol_I_Farcsec_5pln_cor_crop_0106.npy,J1840.6-7709_aFix_pol_I_Farcsec_5pln_cor,106,-1.7610127542866394e-05,4.188125240034424e-05,
J1423.7-5412_aFix_pol_I_Farcsec_5pln_cor_crop_0134.npy,J1423.7-5412_aFix_pol_I_Farcsec_5pln_cor,134,-1.8973547412315384e-05,4.0196806367021054e-05,
Abell_141_aFix_pol_I_Farcsec_5pln_cor_crop_0037.npy,Abell_141_aFix_pol_I_Farcsec_5pln_cor,37,-1.6963114831014536e-05,3.675864718388766e-05,
Abell_S1063_nofix_pol_I_Farcsec_5pln_cor_crop_0110.npy,Abell_S1063_nofix_pol_I_Farcsec_5pln_cor,110,-1.3156100976630114e-05,3.549207394826226e-05,
J1240.2-4825_aFix_pol_I_Farcsec_5pln_cor_crop_0178.npy,J1240.2-4825_aFix_pol_I_Farcsec_5pln_cor,178,-1.6159494407474995e-05,3.676811684272252e-05,
J0745.1-5404_aFix_pol_I_Farcsec_5pln_cor_crop_0024.npy,J0745.1-5404_aFix_pol_I_Farcsec_5pln_cor,24,-1.8277149138157256e-05,3.714456397574395e-05,
J0637.3-4828_aFix_pol_I_Farcsec_5pln_cor_crop_0206.npy,J0637.3-4828_aFix_pol_I_Farcsec_5pln_cor,206,-1.5409788829856552e-05,3.9739050407661125e-05,
Abell_2645_noFix_pol_I_Farcsec_5pln_cor_crop_0061.npy,Abell_2645_noFix_pol_I_Farcsec_5pln_cor,61,-3.2132909836946055e-05,5.223612970439717e-05,
Abell_2645_noFix_pol_I_Farcsec_5pln_cor_crop_0126.npy,Abell_2645_noFix_pol_I_Farcsec_5pln_cor,126,-3.2132909836946055e-05,5.223612970439717e-05,
J1601.7-7544_aFix_pol_I_Farcsec_5pln_cor_crop_0096.npy,J1601.7-7544_aFix_pol_I_Farcsec_5pln_cor,96,-1.893065564217977e-05,4.2162908357568085e-05,
J1645.4-7334_aFix_pol_I_Farcsec_5pln_cor_crop_0136.npy,J1645.4-7334_aFix_pol_I_Farcsec_5pln_cor,136,-2.7542228053789582e-05,5.101114220451564e-05,
J0812.5-5714_aFix_pol_I_Farcsec_5pln_cor_crop_0026.npy,J0812.5-5714_aFix_pol_I_Farcsec_5pln_cor,26,-1.797733420971781e-05,3.096696309512481e-05,
Abell_S295_aFix_pol_I_Farcsec_5pln_cor_crop_0108.npy,Abell_S295_aFix_pol_I_Farcsec_5pln_cor,108,-1.2192884241812862e-05,4.2860785470111296e-05,
MACSJ0417.5-1155_aFix_pol_I_Farcsec_5pln_cor_crop_0154.npy,MACSJ0417.5-1155_aFix_pol_I_Farcsec_5pln_cor,154,-1.759273436618969e-05,4.197344605927356e-05,
J0317.9-4414_aFix_pol_I_Farcsec_5pln_cor_crop_0138.npy,J0317.9-4414_aFix_pol_I_Farcsec_5pln_cor,138,-1.825527215260081e-05,4.13110428780783e-05,
J1601.7-7544_aFix_pol_I_Farcsec_5pln_cor_crop_0171.npy,J1601.7-7544_aFix_pol_I_Farcsec_5pln_cor,171,-1.893065564217977e-05,4.2162908357568085e-05,
Abell_141_aFix_pol_I_Farcsec_5pln_cor_crop_0028.npy,Abell_141_aFix_pol_I_Farcsec_5pln_cor,28,-1.6963114831014536e-05,3.675864718388766e-05,
Abell_2813_noFix_pol_I_Farcsec_5pln_cor_crop_0008.npy,Abell_2813_noFix_pol_I_Farcsec_5pln_cor,8,-2.1553638362092897e-05,4.1060964576900005e-05,
J0431.4-6126_aFix_pol_I_Farcsec_5pln_cor_crop_0157.npy,J0431.4-6126_aFix_pol_I_Farcsec_5pln_cor,157,-2.59030784945935e-05,4.582747351378202e-05,
Abell_33_noFix_pol_I_Farcsec_5pln_cor_crop_0017.npy,Abell_33_noFix_pol_I_Farcsec_5pln_cor,17,-2.8547556212288328e-05,4.8568657803116366e-05,
J0336.3-4037_aFix_pol_I_Farcsec_5pln_cor_crop_0035.npy,J0336.3-4037_aFix_pol_I_Farcsec_5pln_cor,35,-1.9070150301558897e-05,3.8439713534899056e-05,
J0757.7-5315_aFix_pol_I_Farcsec_5pln_cor_crop_0078.npy,J0757.7-5315_aFix_pol_I_Farcsec_5pln_cor,78,-1.5817182429600507e-05,3.550770634319633e-05,
J1705.1-8210_aFix_pol_I_Farcsec_5pln_cor_crop_0108.npy,J1705.1-8210_aFix_pol_I_Farcsec_5pln_cor,108,-2.258976564917248e-05,4.054370947415009e-05,
J2023.4-5535_aFix_pol_I_Farcsec_5pln_cor_crop_0156.npy,J2023.4-5535_aFix_pol_I_Farcsec_5pln_cor,156,-2.326385947526433e-05,4.042817090521567e-05,
J0658.5-5556_aFix_pol_I_Farcsec_5pln_cor_crop_0140.npy,J0658.5-5556_aFix_pol_I_Farcsec_5pln_cor,140,-1.5211503523460124e-05,4.380349491839297e-05,
J0631.3-5610_aFix_pol_I_Farcsec_5pln_cor_crop_0045.npy,J0631.3-5610_aFix_pol_I_Farcsec_5pln_cor,45,-1.3746558579441626e-05,3.730034950422123e-05,
J0051.1-4833_aFix_pol_I_Farcsec_5pln_cor_crop_0089.npy,J0051.1-4833_aFix_pol_I_Farcsec_5pln_cor,89,-1.4088746866036672e-05,3.274881237302907e-05,
Abell_S1063_nofix_pol_I_Farcsec_5pln_cor_crop_0100.npy,Abell_S1063_nofix_pol_I_Farcsec_5pln_cor,100,-1.3156100976630114e-05,3.549207394826226e-05,
J0216.3-4816_aFix_pol_I_Farcsec_5pln_cor_crop_0201.npy,J0216.3-4816_aFix_pol_I_Farcsec_5pln_cor,201,-1.5618124962202273e-05,5.211478855926544e-05,
Abell_S1121_noFix_pol_I_Farcsec_5pln_cor_crop_0124.npy,Abell_S1121_noFix_pol_I_Farcsec_5pln_cor,124,-4.2447074520168826e-05,6.132334965514019e-05,
Abell_370_afix_pol_I_Farcsec_5pln_cor_crop_0034.npy,Abell_370_afix_pol_I_Farcsec_5pln_cor,34,-3.905647463398054e-05,5.590072396444157e-05,
J0216.3-4816_aFix_pol_I_Farcsec_5pln_cor_crop_0114.npy,J0216.3-4816_aFix_pol_I_Farcsec_5pln_cor,114,-1.5618124962202273e-05,5.211478855926544e-05,
Abell_13_noFix_pol_I_Farcsec_5pln_cor_crop_0058.npy,Abell_13_noFix_pol_I_Farcsec_5pln_cor,58,-1.9173105101799592e-05,3.867880150210112e-05,
J0117.8-5455_aFix_pol_I_Farcsec_5pln_cor_crop_0097.npy,J0117.8-5455_aFix_pol_I_Farcsec_5pln_cor,97,-1.313004395342432e-05,3.596906753955409e-05,
Abell_2667_noFix_pol_I_Farcsec_5pln_cor_crop_0105.npy,Abell_2667_noFix_pol_I_Farcsec_5pln_cor,105,-1.5058354620123282e-05,4.20943797507789e-05,
MACSJ0417.5-1155_aFix_pol_I_Farcsec_5pln_cor_crop_0042.npy,MACSJ0417.5-1155_aFix_pol_I_Farcsec_5pln_cor,42,-1.759273436618969e-05,4.197344605927356e-05,
J0540.1-4050_aFix_pol_I_Farcsec_5pln_cor_crop_0155.npy,J0540.1-4050_aFix_pol_I_Farcsec_5pln_cor,155,-1.9781218725256625e-05,3.538576129358262e-05,
Abell_S1063_nofix_pol_I_Farcsec_5pln_cor_crop_0205.npy,Abell_S1063_nofix_pol_I_Farcsec_5pln_cor,205,-1.3156100976630114e-05,3.549207394826226e-05,
J0014.3-6604_aFix_pol_I_Farcsec_5pln_cor_crop_0067.npy,J0014.3-6604_aFix_pol_I_Farcsec_5pln_cor,67,-1.2331886864558328e-05,3.584220394259319e-05,
Abell_548_aFix_pol_I_Farcsec_5pln_cor_crop_0191.npy,Abell_548_aFix_pol_I_Farcsec_5pln_cor,191,-1.682372203504201e-05,5.429780867416412e-05,
J0516.6-5430_aFix_pol_I_Farcsec_5pln_cor_crop_0012.npy,J0516.6-5430_aFix_pol_I_Farcsec_5pln_cor,12,-1.4557363101630472e-05,3.583080251701176e-05,
J0545.5-4756_aFix_pol_I_Farcsec_5pln_cor_crop_0047.npy,J0545.5-4756_aFix_pol_I_Farcsec_5pln_cor,47,-1.6526179024367593e-05,4.097030614502728e-05,
Abell_168_aFix_pol_I_Farcsec_5pln_cor_crop_0014.npy,Abell_168_aFix_pol_I_Farcsec_5pln_cor,14,-2.51656529144384e-05,4.1941199015127495e-05,
J0145.0-5300_aFix_pol_I_Farcsec_5pln_cor_crop_0161.npy,J0145.0-5300_aFix_pol_I_Farcsec_5pln_cor,161,-1.4464765627053566e-05,3.505407221382484e-05,
Abell_545_aFix_pol_I_Farcsec_5pln_cor_crop_0067.npy,Abell_545_aFix_pol_I_Farcsec_5pln_cor,67,-1.9454066205071285e-05,4.5050637709209695e-05,
Abell_521_noFix_pol_I_Farcsec_5pln_cor_crop_0041.npy,Abell_521_noFix_pol_I_Farcsec_5pln_cor,41,-1.8806747902999632e-05,4.423171412781812e-05,
MACSJ0417.5-1155_aFix_pol_I_Farcsec_5pln_cor_crop_0125.npy,MACSJ0417.5-1155_aFix_pol_I_Farcsec_5pln_cor,125,-1.759273436618969e-05,4.197344605927356e-05,
J0342.8-5338_aFix_pol_I_Farcsec_5pln_cor_crop_0086.npy,J0342.8-5338_aFix_pol_I_Farcsec_5pln_cor,86,-1.83263164217351e-05,3.698056025314145e-05,
J0117.8-5455_aFix_pol_I_Farcsec_5pln_cor_crop_0124.npy,J0117.8-5455_aFix_pol_I_Farcsec_5pln_cor,124,-1.313004395342432e-05,3.596906753955409e-05,
J1535.1-4658_aFix_pol_I_Farcsec_5pln_cor_crop_0190.npy,J1535.1-4658_aFix_pol_I_Farcsec_5pln_cor,190,-2.547855729062576e-05,3.796764576691203e-05,
J0212.8-4707_aFix_pol_I_Farcsec_5pln_cor_crop_0088.npy,J0212.8-4707_aFix_pol_I_Farcsec_5pln_cor,88,-1.7747841411619447e-05,3.736264625331387e-05,
Abell_33_noFix_pol_I_Farcsec_5pln_cor_crop_0120.npy,Abell_33_noFix_pol_I_Farcsec_5pln_cor,120,-2.8547556212288328e-05,4.8568657803116366e-05,
Abell_2811_noFix_pol_I_Farcsec_5pln_cor_crop_0103.npy,Abell_2811_noFix_pol_I_Farcsec_5pln_cor,103,-5.993724334985018e-05,7.318957068491727e-05,
J0216.3-4816_aFix_pol_I_Farcsec_5pln_cor_crop_0175.npy,J0216.3-4816_aFix_pol_I_Farcsec_5pln_cor,175,-1.5618124962202273e-05,5.211478855926544e-05,
Abell_548_Cen_aFix_pol_I_Farcsec_5pln_cor_crop_0017.npy,Abell_548_Cen_aFix_pol_I_Farcsec_5pln_cor,17,-1.6901160051929764e-05,5.435498314909637e-05,
J0342.8-5338_aFix_pol_I_Farcsec_5pln_cor_crop_0103.npy,J0342.8-5338_aFix_pol_I_Farcsec_5pln_cor,103,-1.83263164217351e-05,3.698056025314145e-05,
J2104.9-8243_aFix_pol_I_Farcsec_5pln_cor_crop_0084.npy,J2104.9-8243_aFix_pol_I_Farcsec_5pln_cor,84,-1.633186730032321e-05,3.551336703822017e-05,
PLCK_G200.9-28.2_aFix_pol_I_Farcsec_5pln_cor_crop_0018.npy,PLCK_G200.9-28.2_aFix_pol_I_Farcsec_5pln_cor,18,-2.0549477994791232e-05,4.693285882240161e-05,
J0545.5-4756_aFix_pol_I_Farcsec_5pln_cor_crop_0103.npy,J0545.5-4756_aFix_pol_I_Farcsec_5pln_cor,103,-1.6526179024367593e-05,4.097030614502728e-05,
MACS_J0257.6-2209_noFix_pol_I_Farcsec_5pln_cor_crop_0158.npy,MACS_J0257.6-2209_noFix_pol_I_Farcsec_5pln_cor,158,-2.3381955543300137e-05,4.110854570171796e-05,
Abell_2813_noFix_pol_I_Farcsec_5pln_cor_crop_0174.npy,Abell_2813_noFix_pol_I_Farcsec_5pln_cor,174,-2.1553638362092897e-05,4.1060964576900005e-05,
RXCJ0225.1-22928_aFix_pol_I_Farcsec_5pln_cor_crop_0187.npy,RXCJ0225.1-22928_aFix_pol_I_Farcsec_5pln_cor,187,-3.11890325974673e-05,5.4694857681170106e-05,
J2340.1-8510_aFix_pol_I_Farcsec_5pln_cor_crop_0012.npy,J2340.1-8510_aFix_pol_I_Farcsec_5pln_cor,12,-1.53458950080676e-05,3.938611553166993e-05,
Abell_545_aFix_pol_I_Farcsec_5pln_cor_crop_0138.npy,Abell_545_aFix_pol_I_Farcsec_5pln_cor,138,-1.9454066205071285e-05,4.5050637709209695e-05,
J0303.7-7752_aFix_pol_I_Farcsec_5pln_cor_crop_0051.npy,J0303.7-7752_aFix_pol_I_Farcsec_5pln_cor,51,-1.6216928997891955e-05,3.944924537790939e-05,
J0545.5-4756_aFix_pol_I_Farcsec_5pln_cor_crop_0148.npy,J0545.5-4756_aFix_pol_I_Farcsec_5pln_cor,148,-1.6526179024367593e-05,4.097030614502728e-05,
J0948.6-8327_aFix_pol_I_Farcsec_5pln_cor_crop_0063.npy,J0948.6-8327_aFix_pol_I_Farcsec_5pln_cor,63,-1.3834469427820297e-05,3.5308996302774176e-05,
Bullet_aFix_pol_I_Farcsec_5pln_cor_crop_0071.npy,Bullet_aFix_pol_I_Farcsec_5pln_cor,71,-1.5211503523460124e-05,4.380349491839297e-05,
Abell_2744_aFix_pol_I_Farcsec_5pln_cor_crop_0062.npy,Abell_2744_aFix_pol_I_Farcsec_5pln_cor,62,-1.4511139852402266e-05,3.865708276862279e-05,
Abell_3376_aFix_pol_I_Farcsec_5pln_cor_crop_0155.npy,Abell_3376_aFix_pol_I_Farcsec_5pln_cor,155,-1.6748330381233245e-05,4.895990059594624e-05,
J2340.1-8510_aFix_pol_I_Farcsec_5pln_cor_crop_0186.npy,J2340.1-8510_aFix_pol_I_Farcsec_5pln_cor,186,-1.53458950080676e-05,3.938611553166993e-05,
Abell_370_afix_pol_I_Farcsec_5pln_cor_crop_0109.npy,Abell_370_afix_pol_I_Farcsec_5pln_cor,109,-3.905647463398054e-05,5.590072396444157e-05,
J1358.9-4750_aFix_pol_I_Farcsec_5pln_cor_crop_0069.npy,J1358.9-4750_aFix_pol_I_Farcsec_5pln_cor,69,-2.6460520530235957e-05,4.666853419621475e-05,
J1653.0-5943_aFix_pol_I_Farcsec_5pln_cor_crop_0193.npy,J1653.0-5943_aFix_pol_I_Farcsec_5pln_cor,193,-2.6878653443418443e-05,3.650951839517802e-05,
J0216.3-4816_aFix_pol_I_Farcsec_5pln_cor_crop_0013.npy,J0216.3-4816_aFix_pol_I_Farcsec_5pln_cor,13,-1.5618124962202273e-05,5.211478855926544e-05,
Abell_168_aFix_pol_I_Farcsec_5pln_cor_crop_0082.npy,Abell_168_aFix_pol_I_Farcsec_5pln_cor,82,-2.51656529144384e-05,4.1941199015127495e-05,
J0757.7-5315_aFix_pol_I_Farcsec_5pln_cor_crop_0039.npy,J0757.7-5315_aFix_pol_I_Farcsec_5pln_cor,39,-1.5817182429600507e-05,3.550770634319633e-05,
Abell_85_aFix_pol_I_Farcsec_5pln_cor_crop_0212.npy,Abell_85_aFix_pol_I_Farcsec_5pln_cor,212,-1.6969566786428913e-05,4.114058901905082e-05,
RXC_J0520.7-1328_aFix_pol_I_Farcsec_5pln_cor_crop_0114.npy,RXC_J0520.7-1328_aFix_pol_I_Farcsec_5pln_cor,114,-4.763286779052578e-05,6.618209590669721e-05,
J0625.2-5521_aFix_pol_I_Farcsec_5pln_cor_crop_0011.npy,J0625.2-5521_aFix_pol_I_Farcsec_5pln_cor,11,-2.603908251330722e-05,3.9954342355486006e-05,
J0757.7-5315_aFix_pol_I_Farcsec_5pln_cor_crop_0104.npy,J0757.7-5315_aFix_pol_I_Farcsec_5pln_cor,104,-1.5817182429600507e-05,3.550770634319633e-05,
Abell_141_aFix_pol_I_Farcsec_5pln_cor_crop_0106.npy,Abell_141_aFix_pol_I_Farcsec_5pln_cor,106,-1.6963114831014536e-05,3.675864718388766e-05,
Abell_S1121_noFix_pol_I_Farcsec_5pln_cor_crop_0126.npy,Abell_S1121_noFix_pol_I_Farcsec_5pln_cor,126,-4.2447074520168826e-05,6.132334965514019e-05,
J0317.9-4414_aFix_pol_I_Farcsec_5pln_cor_crop_0098.npy,J0317.9-4414_aFix_pol_I_Farcsec_5pln_cor,98,-1.825527215260081e-05,4.13110428780783e-05,
Abell_545_aFix_pol_I_Farcsec_5pln_cor_crop_0192.npy,Abell_545_aFix_pol_I_Farcsec_5pln_cor,192,-1.9454066205071285e-05,4.5050637709209695e-05,
Abell_2811_noFix_pol_I_Farcsec_5pln_cor_crop_0117.npy,Abell_2811_noFix_pol_I_Farcsec_5pln_cor,117,-5.993724334985018e-05,7.318957068491727e-05,
J0627.2-5428_aFix_pol_I_Farcsec_5pln_cor_crop_0089.npy,J0627.2-5428_aFix_pol_I_Farcsec_5pln_cor,89,-3.725358692463488e-05,5.157724808668718e-05,
J0627.2-5428_aFix_pol_I_Farcsec_5pln_cor_crop_0105.npy,J0627.2-5428_aFix_pol_I_Farcsec_5pln_cor,105,-3.725358692463488e-05,5.157724808668718e-05,
J0225.9-4154_aFix_pol_I_Farcsec_5pln_cor_crop_0195.npy,J0225.9-4154_aFix_pol_I_Farcsec_5pln_cor,195,-1.4831659427727573e-05,3.976373773184605e-05,
J0117.8-5455_aFix_pol_I_Farcsec_5pln_cor_crop_0158.npy,J0117.8-5455_aFix_pol_I_Farcsec_5pln_cor,158,-1.313004395342432e-05,3.596906753955409e-05,
Abell_22_aFix_pol_I_Farcsec_5pln_cor_crop_0151.npy,Abell_22_aFix_pol_I_Farcsec_5pln_cor,151,-1.7687332729110494e-05,3.791484050452709e-05,
Abell_85_aFix_pol_I_Farcsec_5pln_cor_crop_0064.npy,Abell_85_aFix_pol_I_Farcsec_5pln_cor,64,-1.6969566786428913e-05,4.114058901905082e-05,
J1539.5-8335_aFix_pol_I_Farcsec_5pln_cor_crop_0180.npy,J1539.5-8335_aFix_pol_I_Farcsec_5pln_cor,180,-1.7301776097156107e-05,3.6628662201110274e-05,
J2222.2-5235_aFix_pol_I_Farcsec_5pln_cor_crop_0174.npy,J2222.2-5235_aFix_pol_I_Farcsec_5pln_cor,174,-2.0340692572062835e-05,4.029700721730478e-05,
PLCK_G200.9-28.2_aFix_pol_I_Farcsec_5pln_cor_crop_0072.npy,PLCK_G200.9-28.2_aFix_pol_I_Farcsec_5pln_cor,72,-2.0549477994791232e-05,4.693285882240161e-05,
J0542.8-4100_aFix_pol_I_Farcsec_5pln_cor_crop_0177.npy,J0542.8-4100_aFix_pol_I_Farcsec_5pln_cor,177,-1.260944191017188e-05,3.595814996515401e-05,
Abell_2597_noFix_pol_I_Farcsec_5pln_cor_crop_0085.npy,Abell_2597_noFix_pol_I_Farcsec_5pln_cor,85,-5.033568595536053e-05,6.417310942197219e-05,
RXCJ0225.1-22928_aFix_pol_I_Farcsec_5pln_cor_crop_0004.npy,RXCJ0225.1-22928_aFix_pol_I_Farcsec_5pln_cor,4,-3.11890325974673e-05,5.4694857681170106e-05,
Abell_2813_noFix_pol_I_Farcsec_5pln_cor_crop_0137.npy,Abell_2813_noFix_pol_I_Farcsec_5pln_cor,137,-2.1553638362092897e-05,4.1060964576900005e-05,
J0342.8-5338_aFix_pol_I_Farcsec_5pln_cor_crop_0127.npy,J0342.8-5338_aFix_pol_I_Farcsec_5pln_cor,127,-1.83263164217351e-05,3.698056025314145e-05,
J1518.3-4632_aFix_pol_I_Farcsec_5pln_cor_crop_0188.npy,J1518.3-4632_aFix_pol_I_Farcsec_5pln_cor,188,-2.6316898583900183e-05,3.836355244857259e-05,
J0540.1-4050_aFix_pol_I_Farcsec_5pln_cor_crop_0045.npy,J0540.1-4050_aFix_pol_I_Farcsec_5pln_cor,45,-1.9781218725256625e-05,3.538576129358262e-05,
J0600.8-5835_aFix_pol_I_Farcsec_5pln_cor_crop_0048.npy,J0600.8-5835_aFix_pol_I_Farcsec_5pln_cor,48,-1.2947120012540836e-05,3.535595169523731e-05,
Abell_2645_noFix_pol_I_Farcsec_5pln_cor_crop_0026.npy,Abell_2645_noFix_pol_I_Farcsec_5pln_cor,26,-3.2132909836946055e-05,5.223612970439717e-05,
Abell_4038_aFix_pol_I_Farcsec_5pln_cor_crop_0055.npy,Abell_4038_aFix_pol_I_Farcsec_5pln_cor,55,-1.8985389033332467e-05,4.2698269680840895e-05,
Abell_2751_aFix_pol_I_Farcsec_5pln_cor_crop_0011.npy,Abell_2751_aFix_pol_I_Farcsec_5pln_cor,11,-2.5066670787055045e-05,4.310646909289062e-05,
J1201.0-4623_aFix_pol_I_Farcsec_5pln_cor_crop_0174.npy,J1201.0-4623_aFix_pol_I_Farcsec_5pln_cor,174,-1.437526134395739e-05,3.895712870871648e-05,
J0232.2-4420_aFix_pol_I_Farcsec_5pln_cor_crop_0053.npy,J0232.2-4420_aFix_pol_I_Farcsec_5pln_cor,53,-1.3283781299833208e-05,3.414206730667502e-05,
J0516.6-5430_aFix_pol_I_Farcsec_5pln_cor_crop_0143.npy,J0516.6-5430_aFix_pol_I_Farcsec_5pln_cor,143,-1.4557363101630472e-05,3.583080251701176e-05,
J0431.4-6126_aFix_pol_I_Farcsec_5pln_cor_crop_0135.npy,J0431.4-6126_aFix_pol_I_Farcsec_5pln_cor,135,-2.59030784945935e-05,4.582747351378202e-05,
Abell_3667_aFix_pol_I_Farcsec_5pln_cor_crop_0143.npy,Abell_3667_aFix_pol_I_Farcsec_5pln_cor,143,-3.163510700687766e-05,0.0001603437995072,
J0638.7-5358_aFix_pol_I_Farcsec_5pln_cor_crop_0115.npy,J0638.7-5358_aFix_pol_I_Farcsec_5pln_cor,115,-1.4472521797870286e-05,3.7130746932234615e-05,
J0812.5-5714_aFix_pol_I_Farcsec_5pln_cor_crop_0059.npy,J0812.5-5714_aFix_pol_I_Farcsec_5pln_cor,59,-1.797733420971781e-05,3.096696309512481e-05,
Abell_3376copy_aFix_pol_I_Farcsec_5pln_cor_crop_0148.npy,Abell_3376copy_aFix_pol_I_Farcsec_5pln_cor,148,-1.6748330381233245e-05,4.895990059594624e-05,
J0014.3-6604_aFix_pol_I_Farcsec_5pln_cor_crop_0188.npy,J0014.3-6604_aFix_pol_I_Farcsec_5pln_cor,188,-1.2331886864558328e-05,3.584220394259319e-05,
J0540.1-4322_aFix_pol_I_Farcsec_5pln_cor_crop_0120.npy,J0540.1-4322_aFix_pol_I_Farcsec_5pln_cor,120,-2.016680991800968e-05,3.639713395386934e-05,
J0820.9-5704_aFix_pol_I_Farcsec_5pln_cor_crop_0000.npy,J0820.9-5704_aFix_pol_I_Farcsec_5pln_cor,0,-1.654735388001427e-05,3.4318985854042694e-05,
J1248.7-4118_aFix_pol_I_Farcsec_5pln_cor_crop_0181.npy,J1248.7-4118_aFix_pol_I_Farcsec_5pln_cor,181,-3.831612048088573e-05,5.340838833944872e-05,
J1653.0-5943_aFix_pol_I_Farcsec_5pln_cor_crop_0177.npy,J1653.0-5943_aFix_pol_I_Farcsec_5pln_cor,177,-2.6878653443418443e-05,3.650951839517802e-05,
Abell_2645_noFix_pol_I_Farcsec_5pln_cor_crop_0088.npy,Abell_2645_noFix_pol_I_Farcsec_5pln_cor,88,-3.2132909836946055e-05,5.223612970439717e-05,
J0625.2-5521_aFix_pol_I_Farcsec_5pln_cor_crop_0101.npy,J0625.2-5521_aFix_pol_I_Farcsec_5pln_cor,101,-2.603908251330722e-05,3.9954342355486006e-05,
J0328.6-5542_aFix_pol_I_Farcsec_5pln_cor_crop_0120.npy,J0328.6-5542_aFix_pol_I_Farcsec_5pln_cor,120,-1.7376105461153202e-05,3.237917189835571e-05,
J1248.7-4118_aFix_pol_I_Farcsec_5pln_cor_crop_0097.npy,J1248.7-4118_aFix_pol_I_Farcsec_5pln_cor,97,-3.831612048088573e-05,5.340838833944872e-05,
J0449.9-4440_aFix_pol_I_Farcsec_5pln_cor_crop_0015.npy,J0449.9-4440_aFix_pol_I_Farcsec_5pln_cor,15,-1.3652566849486902e-05,3.79539851564914e-05,
J0217.2-5244_aFix_pol_I_Farcsec_5pln_cor_crop_0173.npy,J0217.2-5244_aFix_pol_I_Farcsec_5pln_cor,173,-1.7379512428306043e-05,3.482505780993961e-05,
J0616.8-4748_aFix_pol_I_Farcsec_5pln_cor_crop_0178.npy,J0616.8-4748_aFix_pol_I_Farcsec_5pln_cor,178,-1.6417492588516325e-05,3.9486680179834366e-05,
Abell_3558_aFix_pol_I_Farcsec_5pln_cor_crop_0139.npy,Abell_3558_aFix_pol_I_Farcsec_5pln_cor,139,-2.058644531643949e-05,4.082424857188016e-05,
J0014.3-6604_aFix_pol_I_Farcsec_5pln_cor_crop_0168.npy,J0014.3-6604_aFix_pol_I_Farcsec_5pln_cor,168,-1.2331886864558328e-05,3.584220394259319e-05,
Abell_3365_noFix_pol_I_Farcsec_5pln_cor_crop_0054.npy,Abell_3365_noFix_pol_I_Farcsec_5pln_cor,54,-3.684182956931181e-05,5.151375808054581e-05,
J1423.7-5412_aFix_pol_I_Farcsec_5pln_cor_crop_0054.npy,J1423.7-5412_aFix_pol_I_Farcsec_5pln_cor,54,-1.8973547412315384e-05,4.0196806367021054e-05,
J2222.2-5235_aFix_pol_I_Farcsec_5pln_cor_crop_0083.npy,J2222.2-5235_aFix_pol_I_Farcsec_5pln_cor,83,-2.0340692572062835e-05,4.029700721730478e-05,
Abell_141_aFix_pol_I_Farcsec_5pln_cor_crop_0062.npy,Abell_141_aFix_pol_I_Farcsec_5pln_cor,62,-1.6963114831014536e-05,3.675864718388766e-05,
J0625.2-5521_aFix_pol_I_Farcsec_5pln_cor_crop_0089.npy,J0625.2-5521_aFix_pol_I_Farcsec_5pln_cor,89,-2.603908251330722e-05,3.9954342355486006e-05,
J2104.9-8243_aFix_pol_I_Farcsec_5pln_cor_crop_0096.npy,J2104.9-8243_aFix_pol_I_Farcsec_5pln_cor,96,-1.633186730032321e-05,3.551336703822017e-05,
J1423.7-5412_aFix_pol_I_Farcsec_5pln_cor_crop_0048.npy,J1423.7-5412_aFix_pol_I_Farcsec_5pln_cor,48,-1.8973547412315384e-05,4.0196806367021054e-05,
J1653.0-5943_aFix_pol_I_Farcsec_5pln_cor_crop_0176.npy,J1653.0-5943_aFix_pol_I_Farcsec_5pln_cor,176,-2.6878653443418443e-05,3.650951839517802e-05,
Abell_85_aFix_pol_I_Farcsec_5pln_cor_crop_0121.npy,Abell_85_aFix_pol_I_Farcsec_5pln_cor,121,-1.6969566786428913e-05,4.114058901905082e-05,
J0351.1-8212_aFix_pol_I_Farcsec_5pln_cor_crop_0002.npy,J0351.1-8212_aFix_pol_I_Farcsec_5pln_cor,2,-1.34867677843431e-05,3.901409581885673e-05,
J1601.7-7544_aFix_pol_I_Farcsec_5pln_cor_crop_0049.npy,J1601.7-7544_aFix_pol_I_Farcsec_5pln_cor,49,-1.893065564217977e-05,4.2162908357568085e-05,
J0616.8-4748_aFix_pol_I_Farcsec_5pln_cor_crop_0075.npy,J0616.8-4748_aFix_pol_I_Farcsec_5pln_cor,75,-1.6417492588516325e-05,3.9486680179834366e-05,
J0225.9-4154_aFix_pol_I_Farcsec_5pln_cor_crop_0161.npy,J0225.9-4154_aFix_pol_I_Farcsec_5pln_cor,161,-1.4831659427727573e-05,3.976373773184605e-05,
J0328.6-5542_aFix_pol_I_Farcsec_5pln_cor_crop_0188.npy,J0328.6-5542_aFix_pol_I_Farcsec_5pln_cor,188,-1.7376105461153202e-05,3.237917189835571e-05,
J0812.5-5714_aFix_pol_I_Farcsec_5pln_cor_crop_0028.npy,J0812.5-5714_aFix_pol_I_Farcsec_5pln_cor,28,-1.797733420971781e-05,3.096696309512481e-05,
Abell_3376_aFix_pol_I_Farcsec_5pln_cor_crop_0039.npy,Abell_3376_aFix_pol_I_Farcsec_5pln_cor,39,-1.6748330381233245e-05,4.895990059594624e-05,
J0625.2-5521_aFix_pol_I_Farcsec_5pln_cor_crop_0028.npy,J0625.2-5521_aFix_pol_I_Farcsec_5pln_cor,28,-2.603908251330722e-05,3.9954342355486006e-05,
J2222.2-5235_aFix_pol_I_Farcsec_5pln_cor_crop_0086.npy,J2222.2-5235_aFix_pol_I_Farcsec_5pln_cor,86,-2.0340692572062835e-05,4.029700721730478e-05,
Abell_2485_noFix_pol_I_Farcsec_5pln_cor_crop_0008.npy,Abell_2485_noFix_pol_I_Farcsec_5pln_cor,8,-1.5763916962896474e-05,3.792858478846029e-05,
J0607.0-4928_aFix_pol_I_Farcsec_5pln_cor_crop_0214.npy,J0607.0-4928_aFix_pol_I_Farcsec_5pln_cor,214,-1.727664130157791e-05,3.109658064204268e-05,
J0626.3-5341_aFix_pol_I_Farcsec_5pln_cor_crop_0042.npy,J0626.3-5341_aFix_pol_I_Farcsec_5pln_cor,42,-2.286754715896677e-05,4.3426152842585e-05,
J0542.8-4100_aFix_pol_I_Farcsec_5pln_cor_crop_0042.npy,J0542.8-4100_aFix_pol_I_Farcsec_5pln_cor,42,-1.260944191017188e-05,3.595814996515401e-05,
Abell_2895_noFix_pol_I_Farcsec_5pln_cor_crop_0010.npy,Abell_2895_noFix_pol_I_Farcsec_5pln_cor,10,-1.7904101696331054e-05,3.5388853575568646e-05,
J0314.3-4525_aFix_pol_I_Farcsec_5pln_cor_crop_0157.npy,J0314.3-4525_aFix_pol_I_Farcsec_5pln_cor,157,-1.2252019587322138e-05,3.824526356766e-05,
J0406.7-7116_aFix_pol_I_Farcsec_5pln_cor_crop_0179.npy,J0406.7-7116_aFix_pol_I_Farcsec_5pln_cor,179,-1.6727117326809093e-05,3.893847315339372e-05,
J0528.9-3927_B_aFix_pol_I_Farcsec_5pln_cor_crop_0154.npy,J0528.9-3927_B_aFix_pol_I_Farcsec_5pln_cor,154,-1.3992802450957242e-05,3.4315333323320374e-05,
J0145.0-5300_aFix_pol_I_Farcsec_5pln_cor_crop_0032.npy,J0145.0-5300_aFix_pol_I_Farcsec_5pln_cor,32,-1.4464765627053566e-05,3.505407221382484e-05,
J0232.2-4420_aFix_pol_I_Farcsec_5pln_cor_crop_0149.npy,J0232.2-4420_aFix_pol_I_Farcsec_5pln_cor,149,-1.3283781299833208e-05,3.414206730667502e-05,
J0516.6-5430_aFix_pol_I_Farcsec_5pln_cor_crop_0091.npy,J0516.6-5430_aFix_pol_I_Farcsec_5pln_cor,91,-1.4557363101630472e-05,3.583080251701176e-05,
J1248.7-4118_aFix_pol_I_Farcsec_5pln_cor_crop_0040.npy,J1248.7-4118_aFix_pol_I_Farcsec_5pln_cor,40,-3.831612048088573e-05,5.340838833944872e-05,
J0516.6-5430_aFix_pol_I_Farcsec_5pln_cor_crop_0073.npy,J0516.6-5430_aFix_pol_I_Farcsec_5pln_cor,73,-1.4557363101630472e-05,3.583080251701176e-05,
Abell_209_aFix_pol_I_Farcsec_5pln_cor_crop_0156.npy,Abell_209_aFix_pol_I_Farcsec_5pln_cor,156,-2.1105859559611417e-05,4.098449426237494e-05,
J0812.5-5714_aFix_pol_I_Farcsec_5pln_cor_crop_0060.npy,J0812.5-5714_aFix_pol_I_Farcsec_5pln_cor,60,-1.797733420971781e-05,3.096696309512481e-05,
Abell_22_aFix_pol_I_Farcsec_5pln_cor_crop_0062.npy,Abell_22_aFix_pol_I_Farcsec_5pln_cor,62,-1.7687332729110494e-05,3.791484050452709e-05,
Abell_2485_noFix_pol_I_Farcsec_5pln_cor_crop_0074.npy,Abell_2485_noFix_pol_I_Farcsec_5pln_cor,74,-1.5763916962896474e-05,3.792858478846029e-05,
J0645.4-5413_aFix_pol_I_Farcsec_5pln_cor_crop_0014.npy,J0645.4-5413_aFix_pol_I_Farcsec_5pln_cor,14,-1.871160566224717e-05,4.457303657545708e-05,
MACSJ_0025.4-1222B_aFix_pol_I_Farcsec_5pln_cor_crop_0077.npy,MACSJ_0025.4-1222B_aFix_pol_I_Farcsec_5pln_cor,77,-2.179453076678328e-05,4.608399467542768e-05,
Abell_3376_aFix_pol_I_Farcsec_5pln_cor_crop_0210.npy,Abell_3376_aFix_pol_I_Farcsec_5pln_cor,210,-1.6748330381233245e-05,4.895990059594624e-05,
J1705.1-8210_aFix_pol_I_Farcsec_5pln_cor_crop_0191.npy,J1705.1-8210_aFix_pol_I_Farcsec_5pln_cor,191,-2.258976564917248e-05,4.054370947415009e-05,
Abell_3562_aFix_pol_I_Farcsec_5pln_cor_crop_0193.npy,Abell_3562_aFix_pol_I_Farcsec_5pln_cor,193,-2.032673728535883e-05,4.53729007858783e-05,
J1130.0-4213_aFix_pol_I_Farcsec_5pln_cor_crop_0193.npy,J1130.0-4213_aFix_pol_I_Farcsec_5pln_cor,193,-1.5924631952657364e-05,3.826789543381892e-05,
J2023.4-5535_aFix_pol_I_Farcsec_5pln_cor_crop_0061.npy,J2023.4-5535_aFix_pol_I_Farcsec_5pln_cor,61,-2.326385947526433e-05,4.042817090521567e-05,
J1423.7-5412_aFix_pol_I_Farcsec_5pln_cor_crop_0098.npy,J1423.7-5412_aFix_pol_I_Farcsec_5pln_cor,98,-1.8973547412315384e-05,4.0196806367021054e-05,
J0610.5-4848_aFix_pol_I_Farcsec_5pln_cor_crop_0138.npy,J0610.5-4848_aFix_pol_I_Farcsec_5pln_cor,138,-1.432743010809645e-05,3.869758802466095e-05,
J0631.3-5610_aFix_pol_I_Farcsec_5pln_cor_crop_0121.npy,J0631.3-5610_aFix_pol_I_Farcsec_5pln_cor,121,-1.3746558579441626e-05,3.730034950422123e-05,
RXCJ1314_aFix_pol_I_Farcsec_5pln_cor_crop_0154.npy,RXCJ1314_aFix_pol_I_Farcsec_5pln_cor,154,-2.6271653041476384e-05,4.702054502558895e-05,
Abell_13_noFix_pol_I_Farcsec_5pln_cor_crop_0025.npy,Abell_13_noFix_pol_I_Farcsec_5pln_cor,25,-1.9173105101799592e-05,3.867880150210112e-05,
J0317.9-4414_aFix_pol_I_Farcsec_5pln_cor_crop_0099.npy,J0317.9-4414_aFix_pol_I_Farcsec_5pln_cor,99,-1.825527215260081e-05,4.13110428780783e-05,
J1358.9-4750_aFix_pol_I_Farcsec_5pln_cor_crop_0146.npy,J1358.9-4750_aFix_pol_I_Farcsec_5pln_cor,146,-2.6460520530235957e-05,4.666853419621475e-05,
J0328.6-5542_aFix_pol_I_Farcsec_5pln_cor_crop_0093.npy,J0328.6-5542_aFix_pol_I_Farcsec_5pln_cor,93,-1.7376105461153202e-05,3.237917189835571e-05,
J1201.0-4623_aFix_pol_I_Farcsec_5pln_cor_crop_0205.npy,J1201.0-4623_aFix_pol_I_Farcsec_5pln_cor,205,-1.437526134395739e-05,3.895712870871648e-05,
Abell_548_aFix_pol_I_Farcsec_5pln_cor_crop_0182.npy,Abell_548_aFix_pol_I_Farcsec_5pln_cor,182,-1.682372203504201e-05,5.429780867416412e-05,
Abell_13_noFix_pol_I_Farcsec_5pln_cor_crop_0145.npy,Abell_13_noFix_pol_I_Farcsec_5pln_cor,145,-1.9173105101799592e-05,3.867880150210112e-05,
RXC_J0520.7-1328_aFix_pol_I_Farcsec_5pln_cor_crop_0050.npy,RXC_J0520.7-1328_aFix_pol_I_Farcsec_5pln_cor,50,-4.763286779052578e-05,6.618209590669721e-05,
J1240.2-4825_aFix_pol_I_Farcsec_5pln_cor_crop_0080.npy,J1240.2-4825_aFix_pol_I_Farcsec_5pln_cor,80,-1.6159494407474995e-05,3.676811684272252e-05,
J0510.2-4519_aFix_pol_I_Farcsec_5pln_cor_crop_0176.npy,J0510.2-4519_aFix_pol_I_Farcsec_5pln_cor,176,-1.650593003432732e-05,3.797405952354893e-05,
Abell_3376copy_aFix_pol_I_Farcsec_5pln_cor_crop_0194.npy,Abell_3376copy_aFix_pol_I_Farcsec_5pln_cor,194,-1.6748330381233245e-05,4.895990059594624e-05,
J0212.8-4707_aFix_pol_I_Farcsec_5pln_cor_crop_0042.npy,J0212.8-4707_aFix_pol_I_Farcsec_5pln_cor,42,-1.7747841411619447e-05,3.736264625331387e-05,
J1240.2-4825_aFix_pol_I_Farcsec_5pln_cor_crop_0003.npy,J1240.2-4825_aFix_pol_I_Farcsec_5pln_cor,3,-1.6159494407474995e-05,3.676811684272252e-05,
J0406.7-7116_aFix_pol_I_Farcsec_5pln_cor_crop_0108.npy,J0406.7-7116_aFix_pol_I_Farcsec_5pln_cor,108,-1.6727117326809093e-05,3.893847315339372e-05,
J0738.1-7506_aFix_pol_I_Farcsec_5pln_cor_crop_0174.npy,J0738.1-7506_aFix_pol_I_Farcsec_5pln_cor,174,-1.3090567335893866e-05,3.692142854561098e-05,
MACS_J0257.6-2209_aFix_pol_I_Farcsec_5pln_cor_crop_0192.npy,MACS_J0257.6-2209_aFix_pol_I_Farcsec_5pln_cor,192,-2.1241523427306674e-05,4.082491795998067e-05,
Abell_3365_noFix_pol_I_Farcsec_5pln_cor_crop_0104.npy,Abell_3365_noFix_pol_I_Farcsec_5pln_cor,104,-3.684182956931181e-05,5.151375808054581e-05,
Abell_2485_noFix_pol_I_Farcsec_5pln_cor_crop_0181.npy,Abell_2485_noFix_pol_I_Farcsec_5pln_cor,181,-1.5763916962896474e-05,3.792858478846029e-05,
J0117.8-5455_aFix_pol_I_Farcsec_5pln_cor_crop_0175.npy,J0117.8-5455_aFix_pol_I_Farcsec_5pln_cor,175,-1.313004395342432e-05,3.596906753955409e-05,
Abell_3365A_noFix_pol_I_Farcsec_5pln_cor_crop_0003.npy,Abell_3365A_noFix_pol_I_Farcsec_5pln_cor,3,-1.5037990124255884e-05,3.877880590152927e-05,
J0217.2-5244_aFix_pol_I_Farcsec_5pln_cor_crop_0018.npy,J0217.2-5244_aFix_pol_I_Farcsec_5pln_cor,18,-1.7379512428306043e-05,3.482505780993961e-05,
J0416.7-5525_aFix_pol_I_Farcsec_5pln_cor_crop_0077.npy,J0416.7-5525_aFix_pol_I_Farcsec_5pln_cor,77,-1.4703909073432442e-05,4.304752292227931e-05,
Abell_3562_aFix_pol_I_Farcsec_5pln_cor_crop_0012.npy,Abell_3562_aFix_pol_I_Farcsec_5pln_cor,12,-2.032673728535883e-05,4.53729007858783e-05,
J0820.9-5704_aFix_pol_I_Farcsec_5pln_cor_crop_0178.npy,J0820.9-5704_aFix_pol_I_Farcsec_5pln_cor,178,-1.654735388001427e-05,3.4318985854042694e-05,
J2023.4-5535_aFix_pol_I_Farcsec_5pln_cor_crop_0030.npy,J2023.4-5535_aFix_pol_I_Farcsec_5pln_cor,30,-2.326385947526433e-05,4.042817090521567e-05,
Abell_3365_noFix_pol_I_Farcsec_5pln_cor_crop_0139.npy,Abell_3365_noFix_pol_I_Farcsec_5pln_cor,139,-3.684182956931181e-05,5.151375808054581e-05,
Abell_370_afix_pol_I_Farcsec_5pln_cor_crop_0020.npy,Abell_370_afix_pol_I_Farcsec_5pln_cor,20,-3.905647463398054e-05,5.590072396444157e-05,
MACS_J0257.6-2209_noFix_pol_I_Farcsec_5pln_cor_crop_0099.npy,MACS_J0257.6-2209_noFix_pol_I_Farcsec_5pln_cor,99,-2.3381955543300137e-05,4.110854570171796e-05,
J0510.2-4519_aFix_pol_I_Farcsec_5pln_cor_crop_0080.npy,J0510.2-4519_aFix_pol_I_Farcsec_5pln_cor,80,-1.650593003432732e-05,3.797405952354893e-05,
J0525.8-4715_aFix_pol_I_Farcsec_5pln_cor_crop_0022.npy,J0525.8-4715_aFix_pol_I_Farcsec_5pln_cor,22,-1.611813422641717e-05,4.044059460284189e-05,
J0232.2-4420_aFix_pol_I_Farcsec_5pln_cor_crop_0049.npy,J0232.2-4420_aFix_pol_I_Farcsec_5pln_cor,49,-1.3283781299833208e-05,3.414206730667502e-05,
J0820.9-5704_aFix_pol_I_Farcsec_5pln_cor_crop_0184.npy,J0820.9-5704_aFix_pol_I_Farcsec_5pln_cor,184,-1.654735388001427e-05,3.4318985854042694e-05,
Abell_2667_noFix_pol_I_Farcsec_5pln_cor_crop_0002.npy,Abell_2667_noFix_pol_I_Farcsec_5pln_cor,2,-1.5058354620123282e-05,4.20943797507789e-05,
Abell_194_aFix_pol_I_Farcsec_5pln_cor_crop_0081.npy,Abell_194_aFix_pol_I_Farcsec_5pln_cor,81,-3.945245043723844e-05,0.0001343678013654,
J0610.5-4848_aFix_pol_I_Farcsec_5pln_cor_crop_0091.npy,J0610.5-4848_aFix_pol_I_Farcsec_5pln_cor,91,-1.432743010809645e-05,3.869758802466095e-05,
Abell_3558_aFix_pol_I_Farcsec_5pln_cor_crop_0199.npy,Abell_3558_aFix_pol_I_Farcsec_5pln_cor,199,-2.058644531643949e-05,4.082424857188016e-05,
J1705.1-8210_aFix_pol_I_Farcsec_5pln_cor_crop_0193.npy,J1705.1-8210_aFix_pol_I_Farcsec_5pln_cor,193,-2.258976564917248e-05,4.054370947415009e-05,
J0328.6-5542_aFix_pol_I_Farcsec_5pln_cor_crop_0187.npy,J0328.6-5542_aFix_pol_I_Farcsec_5pln_cor,187,-1.7376105461153202e-05,3.237917189835571e-05,
J0638.7-5358_aFix_pol_I_Farcsec_5pln_cor_crop_0014.npy,J0638.7-5358_aFix_pol_I_Farcsec_5pln_cor,14,-1.4472521797870286e-05,3.7130746932234615e-05,
J0528.9-3927_B_aFix_pol_I_Farcsec_5pln_cor_crop_0055.npy,J0528.9-3927_B_aFix_pol_I_Farcsec_5pln_cor,55,-1.3992802450957242e-05,3.4315333323320374e-05,
J0516.6-5430_aFix_pol_I_Farcsec_5pln_cor_crop_0037.npy,J0516.6-5430_aFix_pol_I_Farcsec_5pln_cor,37,-1.4557363101630472e-05,3.583080251701176e-05,
Abell_370_afix_pol_I_Farcsec_5pln_cor_crop_0067.npy,Abell_370_afix_pol_I_Farcsec_5pln_cor,67,-3.905647463398054e-05,5.590072396444157e-05,
J0540.1-4050_aFix_pol_I_Farcsec_5pln_cor_crop_0119.npy,J0540.1-4050_aFix_pol_I_Farcsec_5pln_cor,119,-1.9781218725256625e-05,3.538576129358262e-05,
RXC_J0520.7-1328_aFix_pol_I_Farcsec_5pln_cor_crop_0020.npy,RXC_J0520.7-1328_aFix_pol_I_Farcsec_5pln_cor,20,-4.763286779052578e-05,6.618209590669721e-05,
J0212.8-4707_aFix_pol_I_Farcsec_5pln_cor_crop_0123.npy,J0212.8-4707_aFix_pol_I_Farcsec_5pln_cor,123,-1.7747841411619447e-05,3.736264625331387e-05,
Abell_S1063_nofix_pol_I_Farcsec_5pln_cor_crop_0196.npy,Abell_S1063_nofix_pol_I_Farcsec_5pln_cor,196,-1.3156100976630114e-05,3.549207394826226e-05,
Abell_13_noFix_pol_I_Farcsec_5pln_cor_crop_0158.npy,Abell_13_noFix_pol_I_Farcsec_5pln_cor,158,-1.9173105101799592e-05,3.867880150210112e-05,
RXCJ2351.0-19_noFix_pol_I_Farcsec_5pln_cor_crop_0010.npy,RXCJ2351.0-19_noFix_pol_I_Farcsec_5pln_cor,10,-1.7816319086705334e-05,4.150596214458346e-05,
J0610.5-4848_aFix_pol_I_Farcsec_5pln_cor_crop_0095.npy,J0610.5-4848_aFix_pol_I_Farcsec_5pln_cor,95,-1.432743010809645e-05,3.869758802466095e-05,
J0232.2-4420_aFix_pol_I_Farcsec_5pln_cor_crop_0203.npy,J0232.2-4420_aFix_pol_I_Farcsec_5pln_cor,203,-1.3283781299833208e-05,3.414206730667502e-05,
Bullet_aFix_pol_I_Farcsec_5pln_cor_crop_0110.npy,Bullet_aFix_pol_I_Farcsec_5pln_cor,110,-1.5211503523460124e-05,4.380349491839297e-05,
Abell_2667_noFix_pol_I_Farcsec_5pln_cor_crop_0046.npy,Abell_2667_noFix_pol_I_Farcsec_5pln_cor,46,-1.5058354620123282e-05,4.20943797507789e-05,
Abell_194_aFix_pol_I_Farcsec_5pln_cor_crop_0085.npy,Abell_194_aFix_pol_I_Farcsec_5pln_cor,85,-3.945245043723844e-05,0.0001343678013654,
J1705.1-8210_aFix_pol_I_Farcsec_5pln_cor_crop_0129.npy,J1705.1-8210_aFix_pol_I_Farcsec_5pln_cor,129,-2.258976564917248e-05,4.054370947415009e-05,
Abell_3562_aFix_pol_I_Farcsec_5pln_cor_crop_0037.npy,Abell_3562_aFix_pol_I_Farcsec_5pln_cor,37,-2.032673728535883e-05,4.53729007858783e-05,
J0626.3-5341_aFix_pol_I_Farcsec_5pln_cor_crop_0116.npy,J0626.3-5341_aFix_pol_I_Farcsec_5pln_cor,116,-2.286754715896677e-05,4.3426152842585e-05,
PLCK_G200.9-28.2_aFix_pol_I_Farcsec_5pln_cor_crop_0050.npy,PLCK_G200.9-28.2_aFix_pol_I_Farcsec_5pln_cor,50,-2.0549477994791232e-05,4.693285882240161e-05,
RXCJ0225.1-22928_aFix_pol_I_Farcsec_5pln_cor_crop_0077.npy,RXCJ0225.1-22928_aFix_pol_I_Farcsec_5pln_cor,77,-3.11890325974673e-05,5.4694857681170106e-05,
J0232.2-4420_aFix_pol_I_Farcsec_5pln_cor_crop_0108.npy,J0232.2-4420_aFix_pol_I_Farcsec_5pln_cor,108,-1.3283781299833208e-05,3.414206730667502e-05,
J1645.4-7334_aFix_pol_I_Farcsec_5pln_cor_crop_0025.npy,J1645.4-7334_aFix_pol_I_Farcsec_5pln_cor,25,-2.7542228053789582e-05,5.101114220451564e-05,
Abell_548_aFix_pol_I_Farcsec_5pln_cor_crop_0129.npy,Abell_548_aFix_pol_I_Farcsec_5pln_cor,129,-1.682372203504201e-05,5.429780867416412e-05,
J2104.9-8243_aFix_pol_I_Farcsec_5pln_cor_crop_0088.npy,J2104.9-8243_aFix_pol_I_Farcsec_5pln_cor,88,-1.633186730032321e-05,3.551336703822017e-05,
J0314.3-4525_aFix_pol_I_Farcsec_5pln_cor_crop_0039.npy,J0314.3-4525_aFix_pol_I_Farcsec_5pln_cor,39,-1.2252019587322138e-05,3.824526356766e-05,
J0943.4-7619_aFix_pol_I_Farcsec_5pln_cor_crop_0122.npy,J0943.4-7619_aFix_pol_I_Farcsec_5pln_cor,122,-2.481557567080017e-05,4.054028249811381e-05,
J1410.4-4246_aFix_pol_I_Farcsec_5pln_cor_crop_0005.npy,J1410.4-4246_aFix_pol_I_Farcsec_5pln_cor,5,-2.2075269953347743e-05,4.486642137635499e-05,
J1410.4-4246_aFix_pol_I_Farcsec_5pln_cor_crop_0142.npy,J1410.4-4246_aFix_pol_I_Farcsec_5pln_cor,142,-2.2075269953347743e-05,4.486642137635499e-05,
J0510.2-4519_aFix_pol_I_Farcsec_5pln_cor_crop_0020.npy,J0510.2-4519_aFix_pol_I_Farcsec_5pln_cor,20,-1.650593003432732e-05,3.797405952354893e-05,
J2222.2-5235_aFix_pol_I_Farcsec_5pln_cor_crop_0025.npy,J2222.2-5235_aFix_pol_I_Farcsec_5pln_cor,25,-2.0340692572062835e-05,4.029700721730478e-05,
J0616.8-4748_aFix_pol_I_Farcsec_5pln_cor_crop_0192.npy,J0616.8-4748_aFix_pol_I_Farcsec_5pln_cor,192,-1.6417492588516325e-05,3.9486680179834366e-05,
Abell_2811_noFix_pol_I_Farcsec_5pln_cor_crop_0154.npy,Abell_2811_noFix_pol_I_Farcsec_5pln_cor,154,-5.993724334985018e-05,7.318957068491727e-05,
J0542.8-4100_aFix_pol_I_Farcsec_5pln_cor_crop_0049.npy,J0542.8-4100_aFix_pol_I_Farcsec_5pln_cor,49,-1.260944191017188e-05,3.595814996515401e-05,
J0712.0-6030_aFix_pol_I_Farcsec_5pln_cor_crop_0081.npy,J0712.0-6030_aFix_pol_I_Farcsec_5pln_cor,81,-1.3525442227546591e-05,3.74543305952102e-05,
Abell_33_noFix_pol_I_Farcsec_5pln_cor_crop_0012.npy,Abell_33_noFix_pol_I_Farcsec_5pln_cor,12,-2.8547556212288328e-05,4.8568657803116366e-05,
MACS_J0257.6-2209_noFix_pol_I_Farcsec_5pln_cor_crop_0101.npy,MACS_J0257.6-2209_noFix_pol_I_Farcsec_5pln_cor,101,-2.3381955543300137e-05,4.110854570171796e-05,
Abell_2813_noFix_pol_I_Farcsec_5pln_cor_crop_0148.npy,Abell_2813_noFix_pol_I_Farcsec_5pln_cor,148,-2.1553638362092897e-05,4.1060964576900005e-05,
J0545.5-4756_aFix_pol_I_Farcsec_5pln_cor_crop_0112.npy,J0545.5-4756_aFix_pol_I_Farcsec_5pln_cor,112,-1.6526179024367593e-05,4.097030614502728e-05,
J0351.1-8212_aFix_pol_I_Farcsec_5pln_cor_crop_0162.npy,J0351.1-8212_aFix_pol_I_Farcsec_5pln_cor,162,-1.34867677843431e-05,3.901409581885673e-05,
Abell_S295_aFix_pol_I_Farcsec_5pln_cor_crop_0030.npy,Abell_S295_aFix_pol_I_Farcsec_5pln_cor,30,-1.2192884241812862e-05,4.2860785470111296e-05,
J1145.6-5420_aFix_pol_I_Farcsec_5pln_cor_crop_0031.npy,J1145.6-5420_aFix_pol_I_Farcsec_5pln_cor,31,-1.6585625417064875e-05,3.3761494705686346e-05,
J0449.9-4440_aFix_pol_I_Farcsec_5pln_cor_crop_0111.npy,J0449.9-4440_aFix_pol_I_Farcsec_5pln_cor,111,-1.3652566849486902e-05,3.79539851564914e-05,
Abell_3365_noFix_pol_I_Farcsec_5pln_cor_crop_0155.npy,Abell_3365_noFix_pol_I_Farcsec_5pln_cor,155,-3.684182956931181e-05,5.151375808054581e-05,
J2023.4-5535_aFix_pol_I_Farcsec_5pln_cor_crop_0088.npy,J2023.4-5535_aFix_pol_I_Farcsec_5pln_cor,88,-2.326385947526433e-05,4.042817090521567e-05,
Abell_13_noFix_pol_I_Farcsec_5pln_cor_crop_0004.npy,Abell_13_noFix_pol_I_Farcsec_5pln_cor,4,-1.9173105101799592e-05,3.867880150210112e-05,
Abell_2751_aFix_pol_I_Farcsec_5pln_cor_crop_0073.npy,Abell_2751_aFix_pol_I_Farcsec_5pln_cor,73,-2.5066670787055045e-05,4.310646909289062e-05,
J1130.0-4213_aFix_pol_I_Farcsec_5pln_cor_crop_0007.npy,J1130.0-4213_aFix_pol_I_Farcsec_5pln_cor,7,-1.5924631952657364e-05,3.826789543381892e-05,
J0525.8-4715_aFix_pol_I_Farcsec_5pln_cor_crop_0180.npy,J0525.8-4715_aFix_pol_I_Farcsec_5pln_cor,180,-1.611813422641717e-05,4.044059460284189e-05,
J1645.4-7334_aFix_pol_I_Farcsec_5pln_cor_crop_0193.npy,J1645.4-7334_aFix_pol_I_Farcsec_5pln_cor,193,-2.7542228053789582e-05,5.101114220451564e-05,
J2340.1-8510_aFix_pol_I_Farcsec_5pln_cor_crop_0130.npy,J2340.1-8510_aFix_pol_I_Farcsec_5pln_cor,130,-1.53458950080676e-05,3.938611553166993e-05,
Abell_22_aFix_pol_I_Farcsec_5pln_cor_crop_0174.npy,Abell_22_aFix_pol_I_Farcsec_5pln_cor,174,-1.7687332729110494e-05,3.791484050452709e-05,
J0027.3-5015_aFix_pol_I_Farcsec_5pln_cor_crop_0141.npy,J0027.3-5015_aFix_pol_I_Farcsec_5pln_cor,141,-1.4346433999889996e-05,3.467470014584251e-05,
J0216.3-4816_aFix_pol_I_Farcsec_5pln_cor_crop_0024.npy,J0216.3-4816_aFix_pol_I_Farcsec_5pln_cor,24,-1.5618124962202273e-05,5.211478855926544e-05,
J2340.1-8510_aFix_pol_I_Farcsec_5pln_cor_crop_0133.npy,J2340.1-8510_aFix_pol_I_Farcsec_5pln_cor,133,-1.53458950080676e-05,3.938611553166993e-05,
J0216.3-4816_aFix_pol_I_Farcsec_5pln_cor_crop_0063.npy,J0216.3-4816_aFix_pol_I_Farcsec_5pln_cor,63,-1.5618124962202273e-05,5.211478855926544e-05,
Abell_3562_aFix_pol_I_Farcsec_5pln_cor_crop_0139.npy,Abell_3562_aFix_pol_I_Farcsec_5pln_cor,139,-2.032673728535883e-05,4.53729007858783e-05,
J0510.2-4519_aFix_pol_I_Farcsec_5pln_cor_crop_0186.npy,J0510.2-4519_aFix_pol_I_Farcsec_5pln_cor,186,-1.650593003432732e-05,3.797405952354893e-05,
J0328.6-5542_aFix_pol_I_Farcsec_5pln_cor_crop_0153.npy,J0328.6-5542_aFix_pol_I_Farcsec_5pln_cor,153,-1.7376105461153202e-05,3.237917189835571e-05,
Abell_2895_noFix_pol_I_Farcsec_5pln_cor_crop_0067.npy,Abell_2895_noFix_pol_I_Farcsec_5pln_cor,67,-1.7904101696331054e-05,3.5388853575568646e-05,
Abell_2667_noFix_pol_I_Farcsec_5pln_cor_crop_0004.npy,Abell_2667_noFix_pol_I_Farcsec_5pln_cor,4,-1.5058354620123282e-05,4.20943797507789e-05,
J0812.5-5714_aFix_pol_I_Farcsec_5pln_cor_crop_0134.npy,J0812.5-5714_aFix_pol_I_Farcsec_5pln_cor,134,-1.797733420971781e-05,3.096696309512481e-05,
Abell_141_aFix_pol_I_Farcsec_5pln_cor_crop_0042.npy,Abell_141_aFix_pol_I_Farcsec_5pln_cor,42,-1.6963114831014536e-05,3.675864718388766e-05,
Abell_141_aFix_pol_I_Farcsec_5pln_cor_crop_0031.npy,Abell_141_aFix_pol_I_Farcsec_5pln_cor,31,-1.6963114831014536e-05,3.675864718388766e-05,
J0712.0-6030_aFix_pol_I_Farcsec_5pln_cor_crop_0040.npy,J0712.0-6030_aFix_pol_I_Farcsec_5pln_cor,40,-1.3525442227546591e-05,3.74543305952102e-05,
J0431.4-6126_aFix_pol_I_Farcsec_5pln_cor_crop_0065.npy,J0431.4-6126_aFix_pol_I_Farcsec_5pln_cor,65,-2.59030784945935e-05,4.582747351378202e-05,
J1240.2-4825_aFix_pol_I_Farcsec_5pln_cor_crop_0034.npy,J1240.2-4825_aFix_pol_I_Farcsec_5pln_cor,34,-1.6159494407474995e-05,3.676811684272252e-05,
Abell_209_aFix_pol_I_Farcsec_5pln_cor_crop_0049.npy,Abell_209_aFix_pol_I_Farcsec_5pln_cor,49,-2.1105859559611417e-05,4.098449426237494e-05,
Abell_133_aFix_pol_I_Farcsec_5pln_cor_crop_0210.npy,Abell_133_aFix_pol_I_Farcsec_5pln_cor,210,-1.6750700524426065e-05,3.861152799800038e-05,
Abell_22_aFix_pol_I_Farcsec_5pln_cor_crop_0033.npy,Abell_22_aFix_pol_I_Farcsec_5pln_cor,33,-1.7687332729110494e-05,3.791484050452709e-05,
MACSJ_0025.4-1222B_aFix_pol_I_Farcsec_5pln_cor_crop_0086.npy,MACSJ_0025.4-1222B_aFix_pol_I_Farcsec_5pln_cor,86,-2.179453076678328e-05,4.608399467542768e-05,
PLCK_G200.9-28.2_aFix_pol_I_Farcsec_5pln_cor_crop_0206.npy,PLCK_G200.9-28.2_aFix_pol_I_Farcsec_5pln_cor,206,-2.0549477994791232e-05,4.693285882240161e-05,
J1130.0-4213_aFix_pol_I_Farcsec_5pln_cor_crop_0002.npy,J1130.0-4213_aFix_pol_I_Farcsec_5pln_cor,2,-1.5924631952657364e-05,3.826789543381892e-05,
J0540.1-4322_aFix_pol_I_Farcsec_5pln_cor_crop_0215.npy,J0540.1-4322_aFix_pol_I_Farcsec_5pln_cor,215,-2.016680991800968e-05,3.639713395386934e-05,
Abell_4038_aFix_pol_I_Farcsec_5pln_cor_crop_0047.npy,Abell_4038_aFix_pol_I_Farcsec_5pln_cor,47,-1.8985389033332467e-05,4.2698269680840895e-05,
Abell_3365_noFix_pol_I_Farcsec_5pln_cor_crop_0128.npy,Abell_3365_noFix_pol_I_Farcsec_5pln_cor,128,-3.684182956931181e-05,5.151375808054581e-05,
J1705.1-8210_aFix_pol_I_Farcsec_5pln_cor_crop_0044.npy,J1705.1-8210_aFix_pol_I_Farcsec_5pln_cor,44,-2.258976564917248e-05,4.054370947415009e-05,
Abell_S1063_nofix_pol_I_Farcsec_5pln_cor_crop_0030.npy,Abell_S1063_nofix_pol_I_Farcsec_5pln_cor,30,-1.3156100976630114e-05,3.549207394826226e-05,
J1518.3-4632_aFix_pol_I_Farcsec_5pln_cor_crop_0141.npy,J1518.3-4632_aFix_pol_I_Farcsec_5pln_cor,141,-2.6316898583900183e-05,3.836355244857259e-05,
Abell_141_aFix_pol_I_Farcsec_5pln_cor_crop_0020.npy,Abell_141_aFix_pol_I_Farcsec_5pln_cor,20,-1.6963114831014536e-05,3.675864718388766e-05,
PLCK_G200.9-28.2_aFix_pol_I_Farcsec_5pln_cor_crop_0154.npy,PLCK_G200.9-28.2_aFix_pol_I_Farcsec_5pln_cor,154,-2.0549477994791232e-05,4.693285882240161e-05,
J0352.4-7401_aFix_pol_I_Farcsec_5pln_cor_crop_0083.npy,J0352.4-7401_aFix_pol_I_Farcsec_5pln_cor,83,-1.3432473679131364e-05,3.414728053030558e-05,
J1535.1-4658_aFix_pol_I_Farcsec_5pln_cor_crop_0099.npy,J1535.1-4658_aFix_pol_I_Farcsec_5pln_cor,99,-2.547855729062576e-05,3.796764576691203e-05,
MACS_J0257.6-2209_aFix_pol_I_Farcsec_5pln_cor_crop_0103.npy,MACS_J0257.6-2209_aFix_pol_I_Farcsec_5pln_cor,103,-2.1241523427306674e-05,4.082491795998067e-05,
Abell_2667_noFix_pol_I_Farcsec_5pln_cor_crop_0053.npy,Abell_2667_noFix_pol_I_Farcsec_5pln_cor,53,-1.5058354620123282e-05,4.20943797507789e-05,
Abell_3562_aFix_pol_I_Farcsec_5pln_cor_crop_0124.npy,Abell_3562_aFix_pol_I_Farcsec_5pln_cor,124,-2.032673728535883e-05,4.53729007858783e-05,
Abell_209_aFix_pol_I_Farcsec_5pln_cor_crop_0079.npy,Abell_209_aFix_pol_I_Farcsec_5pln_cor,79,-2.1105859559611417e-05,4.098449426237494e-05,
J0216.3-4816_aFix_pol_I_Farcsec_5pln_cor_crop_0110.npy,J0216.3-4816_aFix_pol_I_Farcsec_5pln_cor,110,-1.5618124962202273e-05,5.211478855926544e-05,
J1535.1-4658_aFix_pol_I_Farcsec_5pln_cor_crop_0120.npy,J1535.1-4658_aFix_pol_I_Farcsec_5pln_cor,120,-2.547855729062576e-05,3.796764576691203e-05,
J0812.5-5714_aFix_pol_I_Farcsec_5pln_cor_crop_0194.npy,J0812.5-5714_aFix_pol_I_Farcsec_5pln_cor,194,-1.797733420971781e-05,3.096696309512481e-05,
J0342.8-5338_aFix_pol_I_Farcsec_5pln_cor_crop_0029.npy,J0342.8-5338_aFix_pol_I_Farcsec_5pln_cor,29,-1.83263164217351e-05,3.698056025314145e-05,
Abell_3376_aFix_pol_I_Farcsec_5pln_cor_crop_0179.npy,Abell_3376_aFix_pol_I_Farcsec_5pln_cor,179,-1.6748330381233245e-05,4.895990059594624e-05,
J0145.2-6033_aFix_pol_I_Farcsec_5pln_cor_crop_0167.npy,J0145.2-6033_aFix_pol_I_Farcsec_5pln_cor,167,-1.2114905985072257e-05,3.299051968497224e-05,
Abell_2751_aFix_pol_I_Farcsec_5pln_cor_crop_0101.npy,Abell_2751_aFix_pol_I_Farcsec_5pln_cor,101,-2.5066670787055045e-05,4.310646909289062e-05,
J0336.3-4037_aFix_pol_I_Farcsec_5pln_cor_crop_0126.npy,J0336.3-4037_aFix_pol_I_Farcsec_5pln_cor,126,-1.9070150301558897e-05,3.8439713534899056e-05,
Abell_S1121_noFix_pol_I_Farcsec_5pln_cor_crop_0110.npy,Abell_S1121_noFix_pol_I_Farcsec_5pln_cor,110,-4.2447074520168826e-05,6.132334965514019e-05,
RXCJ2351.0-19_noFix_pol_I_Farcsec_5pln_cor_crop_0091.npy,RXCJ2351.0-19_noFix_pol_I_Farcsec_5pln_cor,91,-1.7816319086705334e-05,4.150596214458346e-05,
Abell_S1121_noFix_pol_I_Farcsec_5pln_cor_crop_0171.npy,Abell_S1121_noFix_pol_I_Farcsec_5pln_cor,171,-4.2447074520168826e-05,6.132334965514019e-05,
J0712.0-6030_aFix_pol_I_Farcsec_5pln_cor_crop_0122.npy,J0712.0-6030_aFix_pol_I_Farcsec_5pln_cor,122,-1.3525442227546591e-05,3.74543305952102e-05,
J0627.2-5428_aFix_pol_I_Farcsec_5pln_cor_crop_0162.npy,J0627.2-5428_aFix_pol_I_Farcsec_5pln_cor,162,-3.725358692463488e-05,5.157724808668718e-05,
J0545.5-4756_aFix_pol_I_Farcsec_5pln_cor_crop_0090.npy,J0545.5-4756_aFix_pol_I_Farcsec_5pln_cor,90,-1.6526179024367593e-05,4.097030614502728e-05,
J0117.8-5455_aFix_pol_I_Farcsec_5pln_cor_crop_0108.npy,J0117.8-5455_aFix_pol_I_Farcsec_5pln_cor,108,-1.313004395342432e-05,3.596906753955409e-05,
J0145.0-5300_aFix_pol_I_Farcsec_5pln_cor_crop_0001.npy,J0145.0-5300_aFix_pol_I_Farcsec_5pln_cor,1,-1.4464765627053566e-05,3.505407221382484e-05,
RXCJ2351.0-19_noFix_pol_I_Farcsec_5pln_cor_crop_0061.npy,RXCJ2351.0-19_noFix_pol_I_Farcsec_5pln_cor,61,-1.7816319086705334e-05,4.150596214458346e-05,
J0416.7-5525_aFix_pol_I_Farcsec_5pln_cor_crop_0157.npy,J0416.7-5525_aFix_pol_I_Farcsec_5pln_cor,157,-1.4703909073432442e-05,4.304752292227931e-05,
J0317.9-4414_aFix_pol_I_Farcsec_5pln_cor_crop_0092.npy,J0317.9-4414_aFix_pol_I_Farcsec_5pln_cor,92,-1.825527215260081e-05,4.13110428780783e-05,
Abell_3365_noFix_pol_I_Farcsec_5pln_cor_crop_0079.npy,Abell_3365_noFix_pol_I_Farcsec_5pln_cor,79,-3.684182956931181e-05,5.151375808054581e-05,
J0406.7-7116_aFix_pol_I_Farcsec_5pln_cor_crop_0043.npy,J0406.7-7116_aFix_pol_I_Farcsec_5pln_cor,43,-1.6727117326809093e-05,3.893847315339372e-05,
Abell_2485_noFix_pol_I_Farcsec_5pln_cor_crop_0137.npy,Abell_2485_noFix_pol_I_Farcsec_5pln_cor,137,-1.5763916962896474e-05,3.792858478846029e-05,
J0351.1-8212_aFix_pol_I_Farcsec_5pln_cor_crop_0154.npy,J0351.1-8212_aFix_pol_I_Farcsec_5pln_cor,154,-1.34867677843431e-05,3.901409581885673e-05,
J0540.1-4050_aFix_pol_I_Farcsec_5pln_cor_crop_0038.npy,J0540.1-4050_aFix_pol_I_Farcsec_5pln_cor,38,-1.9781218725256625e-05,3.538576129358262e-05,
Abell_S1063_nofix_pol_I_Farcsec_5pln_cor_crop_0135.npy,Abell_S1063_nofix_pol_I_Farcsec_5pln_cor,135,-1.3156100976630114e-05,3.549207394826226e-05,
Abell_168_aFix_pol_I_Farcsec_5pln_cor_crop_0142.npy,Abell_168_aFix_pol_I_Farcsec_5pln_cor,142,-2.51656529144384e-05,4.1941199015127495e-05,
Abell_521_noFix_pol_I_Farcsec_5pln_cor_crop_0122.npy,Abell_521_noFix_pol_I_Farcsec_5pln_cor,122,-1.8806747902999632e-05,4.423171412781812e-05,
J1423.7-5412_aFix_pol_I_Farcsec_5pln_cor_crop_0047.npy,J1423.7-5412_aFix_pol_I_Farcsec_5pln_cor,47,-1.8973547412315384e-05,4.0196806367021054e-05,
J1840.6-7709_aFix_pol_I_Farcsec_5pln_cor_crop_0003.npy,J1840.6-7709_aFix_pol_I_Farcsec_5pln_cor,3,-1.7610127542866394e-05,4.188125240034424e-05,
J0431.4-6126_aFix_pol_I_Farcsec_5pln_cor_crop_0097.npy,J0431.4-6126_aFix_pol_I_Farcsec_5pln_cor,97,-2.59030784945935e-05,4.582747351378202e-05,
J1145.6-5420_aFix_pol_I_Farcsec_5pln_cor_crop_0146.npy,J1145.6-5420_aFix_pol_I_Farcsec_5pln_cor,146,-1.6585625417064875e-05,3.3761494705686346e-05,
J2319.2-6750_aFix_pol_I_Farcsec_5pln_cor_crop_0064.npy,J2319.2-6750_aFix_pol_I_Farcsec_5pln_cor,64,-1.762574174790643e-05,3.985196599387564e-05,
J1535.1-4658_aFix_pol_I_Farcsec_5pln_cor_crop_0143.npy,J1535.1-4658_aFix_pol_I_Farcsec_5pln_cor,143,-2.547855729062576e-05,3.796764576691203e-05,
J0216.3-4816_aFix_pol_I_Farcsec_5pln_cor_crop_0181.npy,J0216.3-4816_aFix_pol_I_Farcsec_5pln_cor,181,-1.5618124962202273e-05,5.211478855926544e-05,
J1535.1-4658_aFix_pol_I_Farcsec_5pln_cor_crop_0157.npy,J1535.1-4658_aFix_pol_I_Farcsec_5pln_cor,157,-2.547855729062576e-05,3.796764576691203e-05,
Abell_3667_aFix_pol_I_Farcsec_5pln_cor_crop_0194.npy,Abell_3667_aFix_pol_I_Farcsec_5pln_cor,194,-3.163510700687766e-05,0.0001603437995072,
J0212.8-4707_aFix_pol_I_Farcsec_5pln_cor_crop_0187.npy,J0212.8-4707_aFix_pol_I_Farcsec_5pln_cor,187,-1.7747841411619447e-05,3.736264625331387e-05,
J1358.9-4750_aFix_pol_I_Farcsec_5pln_cor_crop_0020.npy,J1358.9-4750_aFix_pol_I_Farcsec_5pln_cor,20,-2.6460520530235957e-05,4.666853419621475e-05,
Abell_548_aFix_pol_I_Farcsec_5pln_cor_crop_0220.npy,Abell_548_aFix_pol_I_Farcsec_5pln_cor,220,-1.682372203504201e-05,5.429780867416412e-05,
J1840.6-7709_aFix_pol_I_Farcsec_5pln_cor_crop_0159.npy,J1840.6-7709_aFix_pol_I_Farcsec_5pln_cor,159,-1.7610127542866394e-05,4.188125240034424e-05,
J0757.7-5315_aFix_pol_I_Farcsec_5pln_cor_crop_0053.npy,J0757.7-5315_aFix_pol_I_Farcsec_5pln_cor,53,-1.5817182429600507e-05,3.550770634319633e-05,
J0543.4-4430_aFix_pol_I_Farcsec_5pln_cor_crop_0087.npy,J0543.4-4430_aFix_pol_I_Farcsec_5pln_cor,87,-1.920615613926202e-05,4.022587017971091e-05,
J0336.3-4037_aFix_pol_I_Farcsec_5pln_cor_crop_0165.npy,J0336.3-4037_aFix_pol_I_Farcsec_5pln_cor,165,-1.9070150301558897e-05,3.8439713534899056e-05,
J0027.3-5015_aFix_pol_I_Farcsec_5pln_cor_crop_0097.npy,J0027.3-5015_aFix_pol_I_Farcsec_5pln_cor,97,-1.4346433999889996e-05,3.467470014584251e-05,
Abell_33_noFix_pol_I_Farcsec_5pln_cor_crop_0053.npy,Abell_33_noFix_pol_I_Farcsec_5pln_cor,53,-2.8547556212288328e-05,4.8568657803116366e-05,
Abell_S1063_nofix_pol_I_Farcsec_5pln_cor_crop_0175.npy,Abell_S1063_nofix_pol_I_Farcsec_5pln_cor,175,-1.3156100976630114e-05,3.549207394826226e-05,
J1248.7-4118_aFix_pol_I_Farcsec_5pln_cor_crop_0105.npy,J1248.7-4118_aFix_pol_I_Farcsec_5pln_cor,105,-3.831612048088573e-05,5.340838833944872e-05,
J0108.5-4020_aFix_pol_I_Farcsec_5pln_cor_crop_0185.npy,J0108.5-4020_aFix_pol_I_Farcsec_5pln_cor,185,-1.5436331523233093e-05,3.3178752346429974e-05,
J1705.1-8210_aFix_pol_I_Farcsec_5pln_cor_crop_0046.npy,J1705.1-8210_aFix_pol_I_Farcsec_5pln_cor,46,-2.258976564917248e-05,4.054370947415009e-05,
J0625.2-5521_aFix_pol_I_Farcsec_5pln_cor_crop_0008.npy,J0625.2-5521_aFix_pol_I_Farcsec_5pln_cor,8,-2.603908251330722e-05,3.9954342355486006e-05,
J0540.1-4050_aFix_pol_I_Farcsec_5pln_cor_crop_0100.npy,J0540.1-4050_aFix_pol_I_Farcsec_5pln_cor,100,-1.9781218725256625e-05,3.538576129358262e-05,
Abell_S295_aFix_pol_I_Farcsec_5pln_cor_crop_0142.npy,Abell_S295_aFix_pol_I_Farcsec_5pln_cor,142,-1.2192884241812862e-05,4.2860785470111296e-05,
J0336.3-4037_aFix_pol_I_Farcsec_5pln_cor_crop_0134.npy,J0336.3-4037_aFix_pol_I_Farcsec_5pln_cor,134,-1.9070150301558897e-05,3.8439713534899056e-05,
MACSJ0417.5-1155_aFix_pol_I_Farcsec_5pln_cor_crop_0084.npy,MACSJ0417.5-1155_aFix_pol_I_Farcsec_5pln_cor,84,-1.759273436618969e-05,4.197344605927356e-05,
J1539.5-8335_aFix_pol_I_Farcsec_5pln_cor_crop_0078.npy,J1539.5-8335_aFix_pol_I_Farcsec_5pln_cor,78,-1.7301776097156107e-05,3.6628662201110274e-05,
Abell_133_aFix_pol_I_Farcsec_5pln_cor_crop_0184.npy,Abell_133_aFix_pol_I_Farcsec_5pln_cor,184,-1.6750700524426065e-05,3.861152799800038e-05,
J1539.5-8335_aFix_pol_I_Farcsec_5pln_cor_crop_0148.npy,J1539.5-8335_aFix_pol_I_Farcsec_5pln_cor,148,-1.7301776097156107e-05,3.6628662201110274e-05,
J0631.3-5610_aFix_pol_I_Farcsec_5pln_cor_crop_0005.npy,J0631.3-5610_aFix_pol_I_Farcsec_5pln_cor,5,-1.3746558579441626e-05,3.730034950422123e-05,
J0431.4-6126_aFix_pol_I_Farcsec_5pln_cor_crop_0126.npy,J0431.4-6126_aFix_pol_I_Farcsec_5pln_cor,126,-2.59030784945935e-05,4.582747351378202e-05,
J0540.1-4050_aFix_pol_I_Farcsec_5pln_cor_crop_0101.npy,J0540.1-4050_aFix_pol_I_Farcsec_5pln_cor,101,-1.9781218725256625e-05,3.538576129358262e-05,
Abell_521_noFix_pol_I_Farcsec_5pln_cor_crop_0000.npy,Abell_521_noFix_pol_I_Farcsec_5pln_cor,0,-1.8806747902999632e-05,4.423171412781812e-05,
J0600.8-5835_aFix_pol_I_Farcsec_5pln_cor_crop_0002.npy,J0600.8-5835_aFix_pol_I_Farcsec_5pln_cor,2,-1.2947120012540836e-05,3.535595169523731e-05,
Abell_370_afix_pol_I_Farcsec_5pln_cor_crop_0161.npy,Abell_370_afix_pol_I_Farcsec_5pln_cor,161,-3.905647463398054e-05,5.590072396444157e-05,
Bullet_aFix_pol_I_Farcsec_5pln_cor_crop_0107.npy,Bullet_aFix_pol_I_Farcsec_5pln_cor,107,-1.5211503523460124e-05,4.380349491839297e-05,
RXCJ1314_aFix_pol_I_Farcsec_5pln_cor_crop_0049.npy,RXCJ1314_aFix_pol_I_Farcsec_5pln_cor,49,-2.6271653041476384e-05,4.702054502558895e-05,
J0625.2-5521_aFix_pol_I_Farcsec_5pln_cor_crop_0099.npy,J0625.2-5521_aFix_pol_I_Farcsec_5pln_cor,99,-2.603908251330722e-05,3.9954342355486006e-05,
Abell_3562_aFix_pol_I_Farcsec_5pln_cor_crop_0057.npy,Abell_3562_aFix_pol_I_Farcsec_5pln_cor,57,-2.032673728535883e-05,4.53729007858783e-05,
J0712.0-6030_aFix_pol_I_Farcsec_5pln_cor_crop_0151.npy,J0712.0-6030_aFix_pol_I_Farcsec_5pln_cor,151,-1.3525442227546591e-05,3.74543305952102e-05,
J1601.7-7544_aFix_pol_I_Farcsec_5pln_cor_crop_0075.npy,J1601.7-7544_aFix_pol_I_Farcsec_5pln_cor,75,-1.893065564217977e-05,4.2162908357568085e-05,
ElGordo_aFix_pol_I_Farcsec_5pln_cor_crop_0127.npy,ElGordo_aFix_pol_I_Farcsec_5pln_cor,127,-1.8438237020745877e-05,3.2559692044742405e-05,
J0820.9-5704_aFix_pol_I_Farcsec_5pln_cor_crop_0011.npy,J0820.9-5704_aFix_pol_I_Farcsec_5pln_cor,11,-1.654735388001427e-05,3.4318985854042694e-05,
J0314.3-4525_aFix_pol_I_Farcsec_5pln_cor_crop_0063.npy,J0314.3-4525_aFix_pol_I_Farcsec_5pln_cor,63,-1.2252019587322138e-05,3.824526356766e-05,
J0631.3-5610_aFix_pol_I_Farcsec_5pln_cor_crop_0127.npy,J0631.3-5610_aFix_pol_I_Farcsec_5pln_cor,127,-1.3746558579441626e-05,3.730034950422123e-05,
Abell_2895_noFix_pol_I_Farcsec_5pln_cor_crop_0103.npy,Abell_2895_noFix_pol_I_Farcsec_5pln_cor,103,-1.7904101696331054e-05,3.5388853575568646e-05,
J0317.9-4414_aFix_pol_I_Farcsec_5pln_cor_crop_0010.npy,J0317.9-4414_aFix_pol_I_Farcsec_5pln_cor,10,-1.825527215260081e-05,4.13110428780783e-05,
J1358.9-4750_aFix_pol_I_Farcsec_5pln_cor_crop_0177.npy,J1358.9-4750_aFix_pol_I_Farcsec_5pln_cor,177,-2.6460520530235957e-05,4.666853419621475e-05,
J1145.6-5420_aFix_pol_I_Farcsec_5pln_cor_crop_0181.npy,J1145.6-5420_aFix_pol_I_Farcsec_5pln_cor,181,-1.6585625417064875e-05,3.3761494705686346e-05,
J1645.4-7334_aFix_pol_I_Farcsec_5pln_cor_crop_0020.npy,J1645.4-7334_aFix_pol_I_Farcsec_5pln_cor,20,-2.7542228053789582e-05,5.101114220451564e-05,
Abell_3562_aFix_pol_I_Farcsec_5pln_cor_crop_0201.npy,Abell_3562_aFix_pol_I_Farcsec_5pln_cor,201,-2.032673728535883e-05,4.53729007858783e-05,
Abell_2895_noFix_pol_I_Farcsec_5pln_cor_crop_0034.npy,Abell_2895_noFix_pol_I_Farcsec_5pln_cor,34,-1.7904101696331054e-05,3.5388853575568646e-05,
J1840.6-7709_aFix_pol_I_Farcsec_5pln_cor_crop_0033.npy,J1840.6-7709_aFix_pol_I_Farcsec_5pln_cor,33,-1.7610127542866394e-05,4.188125240034424e-05,
Abell_548_Cen_aFix_pol_I_Farcsec_5pln_cor_crop_0173.npy,Abell_548_Cen_aFix_pol_I_Farcsec_5pln_cor,173,-1.6901160051929764e-05,5.435498314909637e-05,
J1645.4-7334_aFix_pol_I_Farcsec_5pln_cor_crop_0068.npy,J1645.4-7334_aFix_pol_I_Farcsec_5pln_cor,68,-2.7542228053789582e-05,5.101114220451564e-05,
Abell_85_aFix_pol_I_Farcsec_5pln_cor_crop_0111.npy,Abell_85_aFix_pol_I_Farcsec_5pln_cor,111,-1.6969566786428913e-05,4.114058901905082e-05,
J0540.1-4050_aFix_pol_I_Farcsec_5pln_cor_crop_0175.npy,J0540.1-4050_aFix_pol_I_Farcsec_5pln_cor,175,-1.9781218725256625e-05,3.538576129358262e-05,
J0108.5-4020_aFix_pol_I_Farcsec_5pln_cor_crop_0060.npy,J0108.5-4020_aFix_pol_I_Farcsec_5pln_cor,60,-1.5436331523233093e-05,3.3178752346429974e-05,
Abell_S1121_noFix_pol_I_Farcsec_5pln_cor_crop_0043.npy,Abell_S1121_noFix_pol_I_Farcsec_5pln_cor,43,-4.2447074520168826e-05,6.132334965514019e-05,
Abell_3376copy_aFix_pol_I_Farcsec_5pln_cor_crop_0106.npy,Abell_3376copy_aFix_pol_I_Farcsec_5pln_cor,106,-1.6748330381233245e-05,4.895990059594624e-05,
J0528.9-3927_B_aFix_pol_I_Farcsec_5pln_cor_crop_0061.npy,J0528.9-3927_B_aFix_pol_I_Farcsec_5pln_cor,61,-1.3992802450957242e-05,3.4315333323320374e-05,
J0117.8-5455_aFix_pol_I_Farcsec_5pln_cor_crop_0000.npy,J0117.8-5455_aFix_pol_I_Farcsec_5pln_cor,0,-1.313004395342432e-05,3.596906753955409e-05,
Abell_3365A_noFix_pol_I_Farcsec_5pln_cor_crop_0140.npy,Abell_3365A_noFix_pol_I_Farcsec_5pln_cor,140,-1.5037990124255884e-05,3.877880590152927e-05,
J1518.3-4632_aFix_pol_I_Farcsec_5pln_cor_crop_0044.npy,J1518.3-4632_aFix_pol_I_Farcsec_5pln_cor,44,-2.6316898583900183e-05,3.836355244857259e-05,
J1358.9-4750_aFix_pol_I_Farcsec_5pln_cor_crop_0122.npy,J1358.9-4750_aFix_pol_I_Farcsec_5pln_cor,122,-2.6460520530235957e-05,4.666853419621475e-05,
PLCK_G200.9-28.2_aFix_pol_I_Farcsec_5pln_cor_crop_0087.npy,PLCK_G200.9-28.2_aFix_pol_I_Farcsec_5pln_cor,87,-2.0549477994791232e-05,4.693285882240161e-05,
J2340.1-8510_aFix_pol_I_Farcsec_5pln_cor_crop_0055.npy,J2340.1-8510_aFix_pol_I_Farcsec_5pln_cor,55,-1.53458950080676e-05,3.938611553166993e-05,
J1535.1-4658_aFix_pol_I_Farcsec_5pln_cor_crop_0006.npy,J1535.1-4658_aFix_pol_I_Farcsec_5pln_cor,6,-2.547855729062576e-05,3.796764576691203e-05,
J0416.7-5525_aFix_pol_I_Farcsec_5pln_cor_crop_0083.npy,J0416.7-5525_aFix_pol_I_Farcsec_5pln_cor,83,-1.4703909073432442e-05,4.304752292227931e-05,
Abell_3558_aFix_pol_I_Farcsec_5pln_cor_crop_0112.npy,Abell_3558_aFix_pol_I_Farcsec_5pln_cor,112,-2.058644531643949e-05,4.082424857188016e-05,
Abell_168_aFix_pol_I_Farcsec_5pln_cor_crop_0028.npy,Abell_168_aFix_pol_I_Farcsec_5pln_cor,28,-2.51656529144384e-05,4.1941199015127495e-05,
J0610.5-4848_aFix_pol_I_Farcsec_5pln_cor_crop_0179.npy,J0610.5-4848_aFix_pol_I_Farcsec_5pln_cor,179,-1.432743010809645e-05,3.869758802466095e-05,
J0626.3-5341_aFix_pol_I_Farcsec_5pln_cor_crop_0095.npy,J0626.3-5341_aFix_pol_I_Farcsec_5pln_cor,95,-2.286754715896677e-05,4.3426152842585e-05,
J0351.1-8212_aFix_pol_I_Farcsec_5pln_cor_crop_0019.npy,J0351.1-8212_aFix_pol_I_Farcsec_5pln_cor,19,-1.34867677843431e-05,3.901409581885673e-05,
RXC_J0520.7-1328_aFix_pol_I_Farcsec_5pln_cor_crop_0193.npy,RXC_J0520.7-1328_aFix_pol_I_Farcsec_5pln_cor,193,-4.763286779052578e-05,6.618209590669721e-05,
J0014.3-6604_aFix_pol_I_Farcsec_5pln_cor_crop_0050.npy,J0014.3-6604_aFix_pol_I_Farcsec_5pln_cor,50,-1.2331886864558328e-05,3.584220394259319e-05,
J0212.8-4707_aFix_pol_I_Farcsec_5pln_cor_crop_0052.npy,J0212.8-4707_aFix_pol_I_Farcsec_5pln_cor,52,-1.7747841411619447e-05,3.736264625331387e-05,
J0540.1-4322_aFix_pol_I_Farcsec_5pln_cor_crop_0089.npy,J0540.1-4322_aFix_pol_I_Farcsec_5pln_cor,89,-2.016680991800968e-05,3.639713395386934e-05,
J2222.2-5235_aFix_pol_I_Farcsec_5pln_cor_crop_0094.npy,J2222.2-5235_aFix_pol_I_Farcsec_5pln_cor,94,-2.0340692572062835e-05,4.029700721730478e-05,
J0449.9-4440_aFix_pol_I_Farcsec_5pln_cor_crop_0056.npy,J0449.9-4440_aFix_pol_I_Farcsec_5pln_cor,56,-1.3652566849486902e-05,3.79539851564914e-05,
Abell_2645_noFix_pol_I_Farcsec_5pln_cor_crop_0059.npy,Abell_2645_noFix_pol_I_Farcsec_5pln_cor,59,-3.2132909836946055e-05,5.223612970439717e-05,
Abell_2813_noFix_pol_I_Farcsec_5pln_cor_crop_0046.npy,Abell_2813_noFix_pol_I_Farcsec_5pln_cor,46,-2.1553638362092897e-05,4.1060964576900005e-05,
Abell_3558_aFix_pol_I_Farcsec_5pln_cor_crop_0145.npy,Abell_3558_aFix_pol_I_Farcsec_5pln_cor,145,-2.058644531643949e-05,4.082424857188016e-05,
J0145.2-6033_aFix_pol_I_Farcsec_5pln_cor_crop_0126.npy,J0145.2-6033_aFix_pol_I_Farcsec_5pln_cor,126,-1.2114905985072257e-05,3.299051968497224e-05,
Abell_3376_aFix_pol_I_Farcsec_5pln_cor_crop_0035.npy,Abell_3376_aFix_pol_I_Farcsec_5pln_cor,35,-1.6748330381233245e-05,4.895990059594624e-05,
J0449.9-4440_aFix_pol_I_Farcsec_5pln_cor_crop_0099.npy,J0449.9-4440_aFix_pol_I_Farcsec_5pln_cor,99,-1.3652566849486902e-05,3.79539851564914e-05,
J1705.1-8210_aFix_pol_I_Farcsec_5pln_cor_crop_0090.npy,J1705.1-8210_aFix_pol_I_Farcsec_5pln_cor,90,-2.258976564917248e-05,4.054370947415009e-05,
J0328.6-5542_aFix_pol_I_Farcsec_5pln_cor_crop_0105.npy,J0328.6-5542_aFix_pol_I_Farcsec_5pln_cor,105,-1.7376105461153202e-05,3.237917189835571e-05,
J1423.7-5412_aFix_pol_I_Farcsec_5pln_cor_crop_0167.npy,J1423.7-5412_aFix_pol_I_Farcsec_5pln_cor,167,-1.8973547412315384e-05,4.0196806367021054e-05,
J1518.3-4632_aFix_pol_I_Farcsec_5pln_cor_crop_0096.npy,J1518.3-4632_aFix_pol_I_Farcsec_5pln_cor,96,-2.6316898583900183e-05,3.836355244857259e-05,
J0232.2-4420_aFix_pol_I_Farcsec_5pln_cor_crop_0009.npy,J0232.2-4420_aFix_pol_I_Farcsec_5pln_cor,9,-1.3283781299833208e-05,3.414206730667502e-05,
J2023.4-5535_aFix_pol_I_Farcsec_5pln_cor_crop_0036.npy,J2023.4-5535_aFix_pol_I_Farcsec_5pln_cor,36,-2.326385947526433e-05,4.042817090521567e-05,
J0314.3-4525_aFix_pol_I_Farcsec_5pln_cor_crop_0117.npy,J0314.3-4525_aFix_pol_I_Farcsec_5pln_cor,117,-1.2252019587322138e-05,3.824526356766e-05,
Abell_S295_aFix_pol_I_Farcsec_5pln_cor_crop_0040.npy,Abell_S295_aFix_pol_I_Farcsec_5pln_cor,40,-1.2192884241812862e-05,4.2860785470111296e-05,
J1240.2-4825_aFix_pol_I_Farcsec_5pln_cor_crop_0135.npy,J1240.2-4825_aFix_pol_I_Farcsec_5pln_cor,135,-1.6159494407474995e-05,3.676811684272252e-05,
J0328.6-5542_aFix_pol_I_Farcsec_5pln_cor_crop_0141.npy,J0328.6-5542_aFix_pol_I_Farcsec_5pln_cor,141,-1.7376105461153202e-05,3.237917189835571e-05,
J0303.7-7752_aFix_pol_I_Farcsec_5pln_cor_crop_0065.npy,J0303.7-7752_aFix_pol_I_Farcsec_5pln_cor,65,-1.6216928997891955e-05,3.944924537790939e-05,
RXCJ0225.1-22928_aFix_pol_I_Farcsec_5pln_cor_crop_0027.npy,RXCJ0225.1-22928_aFix_pol_I_Farcsec_5pln_cor,27,-3.11890325974673e-05,5.4694857681170106e-05,
J0328.6-5542_aFix_pol_I_Farcsec_5pln_cor_crop_0165.npy,J0328.6-5542_aFix_pol_I_Farcsec_5pln_cor,165,-1.7376105461153202e-05,3.237917189835571e-05,
J0117.8-5455_aFix_pol_I_Farcsec_5pln_cor_crop_0187.npy,J0117.8-5455_aFix_pol_I_Farcsec_5pln_cor,187,-1.313004395342432e-05,3.596906753955409e-05,
J1653.0-5943_aFix_pol_I_Farcsec_5pln_cor_crop_0008.npy,J1653.0-5943_aFix_pol_I_Farcsec_5pln_cor,8,-2.6878653443418443e-05,3.650951839517802e-05,
Abell_2744_aFix_pol_I_Farcsec_5pln_cor_crop_0190.npy,Abell_2744_aFix_pol_I_Farcsec_5pln_cor,190,-1.4511139852402266e-05,3.865708276862279e-05,
J0627.2-5428_aFix_pol_I_Farcsec_5pln_cor_crop_0006.npy,J0627.2-5428_aFix_pol_I_Farcsec_5pln_cor,6,-3.725358692463488e-05,5.157724808668718e-05,
J1601.7-7544_aFix_pol_I_Farcsec_5pln_cor_crop_0135.npy,J1601.7-7544_aFix_pol_I_Farcsec_5pln_cor,135,-1.893065564217977e-05,4.2162908357568085e-05,
J0510.2-4519_aFix_pol_I_Farcsec_5pln_cor_crop_0188.npy,J0510.2-4519_aFix_pol_I_Farcsec_5pln_cor,188,-1.650593003432732e-05,3.797405952354893e-05,
J0540.1-4322_aFix_pol_I_Farcsec_5pln_cor_crop_0021.npy,J0540.1-4322_aFix_pol_I_Farcsec_5pln_cor,21,-2.016680991800968e-05,3.639713395386934e-05,
J0342.8-5338_aFix_pol_I_Farcsec_5pln_cor_crop_0020.npy,J0342.8-5338_aFix_pol_I_Farcsec_5pln_cor,20,-1.83263164217351e-05,3.698056025314145e-05,
J1423.7-5412_aFix_pol_I_Farcsec_5pln_cor_crop_0118.npy,J1423.7-5412_aFix_pol_I_Farcsec_5pln_cor,118,-1.8973547412315384e-05,4.0196806367021054e-05,
J1705.1-8210_aFix_pol_I_Farcsec_5pln_cor_crop_0138.npy,J1705.1-8210_aFix_pol_I_Farcsec_5pln_cor,138,-2.258976564917248e-05,4.054370947415009e-05,
J1248.7-4118_aFix_pol_I_Farcsec_5pln_cor_crop_0123.npy,J1248.7-4118_aFix_pol_I_Farcsec_5pln_cor,123,-3.831612048088573e-05,5.340838833944872e-05,
J1248.7-4118_aFix_pol_I_Farcsec_5pln_cor_crop_0086.npy,J1248.7-4118_aFix_pol_I_Farcsec_5pln_cor,86,-3.831612048088573e-05,5.340838833944872e-05,
J0625.2-5521_aFix_pol_I_Farcsec_5pln_cor_crop_0067.npy,J0625.2-5521_aFix_pol_I_Farcsec_5pln_cor,67,-2.603908251330722e-05,3.9954342355486006e-05,
J0525.8-4715_aFix_pol_I_Farcsec_5pln_cor_crop_0144.npy,J0525.8-4715_aFix_pol_I_Farcsec_5pln_cor,144,-1.611813422641717e-05,4.044059460284189e-05,
Abell_2485_noFix_pol_I_Farcsec_5pln_cor_crop_0190.npy,Abell_2485_noFix_pol_I_Farcsec_5pln_cor,190,-1.5763916962896474e-05,3.792858478846029e-05,
MACS_J0257.6-2209_aFix_pol_I_Farcsec_5pln_cor_crop_0099.npy,MACS_J0257.6-2209_aFix_pol_I_Farcsec_5pln_cor,99,-2.1241523427306674e-05,4.082491795998067e-05,
J0351.1-8212_aFix_pol_I_Farcsec_5pln_cor_crop_0078.npy,J0351.1-8212_aFix_pol_I_Farcsec_5pln_cor,78,-1.34867677843431e-05,3.901409581885673e-05,
J0232.2-4420_aFix_pol_I_Farcsec_5pln_cor_crop_0110.npy,J0232.2-4420_aFix_pol_I_Farcsec_5pln_cor,110,-1.3283781299833208e-05,3.414206730667502e-05,
J1423.7-5412_aFix_pol_I_Farcsec_5pln_cor_crop_0168.npy,J1423.7-5412_aFix_pol_I_Farcsec_5pln_cor,168,-1.8973547412315384e-05,4.0196806367021054e-05,
J0637.3-4828_aFix_pol_I_Farcsec_5pln_cor_crop_0078.npy,J0637.3-4828_aFix_pol_I_Farcsec_5pln_cor,78,-1.5409788829856552e-05,3.9739050407661125e-05,
Abell_168_aFix_pol_I_Farcsec_5pln_cor_crop_0134.npy,Abell_168_aFix_pol_I_Farcsec_5pln_cor,134,-2.51656529144384e-05,4.1941199015127495e-05,
J0351.1-8212_aFix_pol_I_Farcsec_5pln_cor_crop_0192.npy,J0351.1-8212_aFix_pol_I_Farcsec_5pln_cor,192,-1.34867677843431e-05,3.901409581885673e-05,
J0225.9-4154_aFix_pol_I_Farcsec_5pln_cor_crop_0125.npy,J0225.9-4154_aFix_pol_I_Farcsec_5pln_cor,125,-1.4831659427727573e-05,3.976373773184605e-05,
J0757.7-5315_aFix_pol_I_Farcsec_5pln_cor_crop_0080.npy,J0757.7-5315_aFix_pol_I_Farcsec_5pln_cor,80,-1.5817182429600507e-05,3.550770634319633e-05,
RXCJ1314_aFix_pol_I_Farcsec_5pln_cor_crop_0014.npy,RXCJ1314_aFix_pol_I_Farcsec_5pln_cor,14,-2.6271653041476384e-05,4.702054502558895e-05,
Abell_3667_aFix_pol_I_Farcsec_5pln_cor_crop_0127.npy,Abell_3667_aFix_pol_I_Farcsec_5pln_cor,127,-3.163510700687766e-05,0.0001603437995072,
J0638.7-5358_aFix_pol_I_Farcsec_5pln_cor_crop_0080.npy,J0638.7-5358_aFix_pol_I_Farcsec_5pln_cor,80,-1.4472521797870286e-05,3.7130746932234615e-05,
J0627.2-5428_aFix_pol_I_Farcsec_5pln_cor_crop_0137.npy,J0627.2-5428_aFix_pol_I_Farcsec_5pln_cor,137,-3.725358692463488e-05,5.157724808668718e-05,
J0757.7-5315_aFix_pol_I_Farcsec_5pln_cor_crop_0142.npy,J0757.7-5315_aFix_pol_I_Farcsec_5pln_cor,142,-1.5817182429600507e-05,3.550770634319633e-05,
J0216.3-4816_aFix_pol_I_Farcsec_5pln_cor_crop_0068.npy,J0216.3-4816_aFix_pol_I_Farcsec_5pln_cor,68,-1.5618124962202273e-05,5.211478855926544e-05,
Abell_S1121_noFix_pol_I_Farcsec_5pln_cor_crop_0159.npy,Abell_S1121_noFix_pol_I_Farcsec_5pln_cor,159,-4.2447074520168826e-05,6.132334965514019e-05,
Abell_3562_aFix_pol_I_Farcsec_5pln_cor_crop_0045.npy,Abell_3562_aFix_pol_I_Farcsec_5pln_cor,45,-2.032673728535883e-05,4.53729007858783e-05,
RXCJ1314_aFix_pol_I_Farcsec_5pln_cor_crop_0113.npy,RXCJ1314_aFix_pol_I_Farcsec_5pln_cor,113,-2.6271653041476384e-05,4.702054502558895e-05,
Abell_2597_noFix_pol_I_Farcsec_5pln_cor_crop_0081.npy,Abell_2597_noFix_pol_I_Farcsec_5pln_cor,81,-5.033568595536053e-05,6.417310942197219e-05,
J0212.8-4707_aFix_pol_I_Farcsec_5pln_cor_crop_0145.npy,J0212.8-4707_aFix_pol_I_Farcsec_5pln_cor,145,-1.7747841411619447e-05,3.736264625331387e-05,
J0117.8-5455_aFix_pol_I_Farcsec_5pln_cor_crop_0183.npy,J0117.8-5455_aFix_pol_I_Farcsec_5pln_cor,183,-1.313004395342432e-05,3.596906753955409e-05,
Abell_194_aFix_pol_I_Farcsec_5pln_cor_crop_0211.npy,Abell_194_aFix_pol_I_Farcsec_5pln_cor,211,-3.945245043723844e-05,0.0001343678013654,
J0216.3-4816_aFix_pol_I_Farcsec_5pln_cor_crop_0195.npy,J0216.3-4816_aFix_pol_I_Farcsec_5pln_cor,195,-1.5618124962202273e-05,5.211478855926544e-05,
J0631.3-5610_aFix_pol_I_Farcsec_5pln_cor_crop_0096.npy,J0631.3-5610_aFix_pol_I_Farcsec_5pln_cor,96,-1.3746558579441626e-05,3.730034950422123e-05,
Abell_2485_noFix_pol_I_Farcsec_5pln_cor_crop_0012.npy,Abell_2485_noFix_pol_I_Farcsec_5pln_cor,12,-1.5763916962896474e-05,3.792858478846029e-05,
J2319.2-6750_aFix_pol_I_Farcsec_5pln_cor_crop_0015.npy,J2319.2-6750_aFix_pol_I_Farcsec_5pln_cor,15,-1.762574174790643e-05,3.985196599387564e-05,
J0600.8-5835_aFix_pol_I_Farcsec_5pln_cor_crop_0083.npy,J0600.8-5835_aFix_pol_I_Farcsec_5pln_cor,83,-1.2947120012540836e-05,3.535595169523731e-05,
J0406.7-7116_aFix_pol_I_Farcsec_5pln_cor_crop_0101.npy,J0406.7-7116_aFix_pol_I_Farcsec_5pln_cor,101,-1.6727117326809093e-05,3.893847315339372e-05,
J0545.5-4756_aFix_pol_I_Farcsec_5pln_cor_crop_0116.npy,J0545.5-4756_aFix_pol_I_Farcsec_5pln_cor,116,-1.6526179024367593e-05,4.097030614502728e-05,
PLCK_G200.9-28.2_aFix_pol_I_Farcsec_5pln_cor_crop_0046.npy,PLCK_G200.9-28.2_aFix_pol_I_Farcsec_5pln_cor,46,-2.0549477994791232e-05,4.693285882240161e-05,
J0607.0-4928_aFix_pol_I_Farcsec_5pln_cor_crop_0120.npy,J0607.0-4928_aFix_pol_I_Farcsec_5pln_cor,120,-1.727664130157791e-05,3.109658064204268e-05,
Abell_S1121_noFix_pol_I_Farcsec_5pln_cor_crop_0097.npy,Abell_S1121_noFix_pol_I_Farcsec_5pln_cor,97,-4.2447074520168826e-05,6.132334965514019e-05,
Abell_2811_noFix_pol_I_Farcsec_5pln_cor_crop_0062.npy,Abell_2811_noFix_pol_I_Farcsec_5pln_cor,62,-5.993724334985018e-05,7.318957068491727e-05,
J1248.7-4118_aFix_pol_I_Farcsec_5pln_cor_crop_0053.npy,J1248.7-4118_aFix_pol_I_Farcsec_5pln_cor,53,-3.831612048088573e-05,5.340838833944872e-05,
J0528.9-3927_B_aFix_pol_I_Farcsec_5pln_cor_crop_0051.npy,J0528.9-3927_B_aFix_pol_I_Farcsec_5pln_cor,51,-1.3992802450957242e-05,3.4315333323320374e-05,
Abell_2895_noFix_pol_I_Farcsec_5pln_cor_crop_0093.npy,Abell_2895_noFix_pol_I_Farcsec_5pln_cor,93,-1.7904101696331054e-05,3.5388853575568646e-05,
J0516.6-5430_aFix_pol_I_Farcsec_5pln_cor_crop_0195.npy,J0516.6-5430_aFix_pol_I_Farcsec_5pln_cor,195,-1.4557363101630472e-05,3.583080251701176e-05,
J0216.3-4816_aFix_pol_I_Farcsec_5pln_cor_crop_0169.npy,J0216.3-4816_aFix_pol_I_Farcsec_5pln_cor,169,-1.5618124962202273e-05,5.211478855926544e-05,
J0528.9-3927_B_aFix_pol_I_Farcsec_5pln_cor_crop_0018.npy,J0528.9-3927_B_aFix_pol_I_Farcsec_5pln_cor,18,-1.3992802450957242e-05,3.4315333323320374e-05,
J2222.2-5235_aFix_pol_I_Farcsec_5pln_cor_crop_0077.npy,J2222.2-5235_aFix_pol_I_Farcsec_5pln_cor,77,-2.0340692572062835e-05,4.029700721730478e-05,
J0352.4-7401_aFix_pol_I_Farcsec_5pln_cor_crop_0193.npy,J0352.4-7401_aFix_pol_I_Farcsec_5pln_cor,193,-1.3432473679131364e-05,3.414728053030558e-05,
Abell_S295_aFix_pol_I_Farcsec_5pln_cor_crop_0152.npy,Abell_S295_aFix_pol_I_Farcsec_5pln_cor,152,-1.2192884241812862e-05,4.2860785470111296e-05,
MACSJ_0025.4-1222B_aFix_pol_I_Farcsec_5pln_cor_crop_0005.npy,MACSJ_0025.4-1222B_aFix_pol_I_Farcsec_5pln_cor,5,-2.179453076678328e-05,4.608399467542768e-05,
Abell_370_afix_pol_I_Farcsec_5pln_cor_crop_0156.npy,Abell_370_afix_pol_I_Farcsec_5pln_cor,156,-3.905647463398054e-05,5.590072396444157e-05,
J0416.7-5525_aFix_pol_I_Farcsec_5pln_cor_crop_0110.npy,J0416.7-5525_aFix_pol_I_Farcsec_5pln_cor,110,-1.4703909073432442e-05,4.304752292227931e-05,
J1539.5-8335_aFix_pol_I_Farcsec_5pln_cor_crop_0096.npy,J1539.5-8335_aFix_pol_I_Farcsec_5pln_cor,96,-1.7301776097156107e-05,3.6628662201110274e-05,
Abell_548_aFix_pol_I_Farcsec_5pln_cor_crop_0094.npy,Abell_548_aFix_pol_I_Farcsec_5pln_cor,94,-1.682372203504201e-05,5.429780867416412e-05,
Abell_2744_aFix_pol_I_Farcsec_5pln_cor_crop_0019.npy,Abell_2744_aFix_pol_I_Farcsec_5pln_cor,19,-1.4511139852402266e-05,3.865708276862279e-05,
J1201.0-4623_aFix_pol_I_Farcsec_5pln_cor_crop_0173.npy,J1201.0-4623_aFix_pol_I_Farcsec_5pln_cor,173,-1.437526134395739e-05,3.895712870871648e-05,
J0542.8-4100_aFix_pol_I_Farcsec_5pln_cor_crop_0011.npy,J0542.8-4100_aFix_pol_I_Farcsec_5pln_cor,11,-1.260944191017188e-05,3.595814996515401e-05,
J0607.0-4928_aFix_pol_I_Farcsec_5pln_cor_crop_0037.npy,J0607.0-4928_aFix_pol_I_Farcsec_5pln_cor,37,-1.727664130157791e-05,3.109658064204268e-05,
J2104.9-8243_aFix_pol_I_Farcsec_5pln_cor_crop_0040.npy,J2104.9-8243_aFix_pol_I_Farcsec_5pln_cor,40,-1.633186730032321e-05,3.551336703822017e-05,
Abell_3558_aFix_pol_I_Farcsec_5pln_cor_crop_0157.npy,Abell_3558_aFix_pol_I_Farcsec_5pln_cor,157,-2.058644531643949e-05,4.082424857188016e-05,
J1653.0-5943_aFix_pol_I_Farcsec_5pln_cor_crop_0057.npy,J1653.0-5943_aFix_pol_I_Farcsec_5pln_cor,57,-2.6878653443418443e-05,3.650951839517802e-05,
Abell_85_aFix_pol_I_Farcsec_5pln_cor_crop_0137.npy,Abell_85_aFix_pol_I_Farcsec_5pln_cor,137,-1.6969566786428913e-05,4.114058901905082e-05,
MACS_J0257.6-2209_aFix_pol_I_Farcsec_5pln_cor_crop_0085.npy,MACS_J0257.6-2209_aFix_pol_I_Farcsec_5pln_cor,85,-2.1241523427306674e-05,4.082491795998067e-05,
J0637.3-4828_aFix_pol_I_Farcsec_5pln_cor_crop_0215.npy,J0637.3-4828_aFix_pol_I_Farcsec_5pln_cor,215,-1.5409788829856552e-05,3.9739050407661125e-05,
J1645.4-7334_aFix_pol_I_Farcsec_5pln_cor_crop_0036.npy,J1645.4-7334_aFix_pol_I_Farcsec_5pln_cor,36,-2.7542228053789582e-05,5.101114220451564e-05,
MACS_J0257.6-2209_aFix_pol_I_Farcsec_5pln_cor_crop_0049.npy,MACS_J0257.6-2209_aFix_pol_I_Farcsec_5pln_cor,49,-2.1241523427306674e-05,4.082491795998067e-05,
J1040.7-7047_aFix_pol_I_Farcsec_5pln_cor_crop_0174.npy,J1040.7-7047_aFix_pol_I_Farcsec_5pln_cor,174,-2.545410461607389e-05,4.294725295039825e-05,
J0943.4-7619_aFix_pol_I_Farcsec_5pln_cor_crop_0038.npy,J0943.4-7619_aFix_pol_I_Farcsec_5pln_cor,38,-2.481557567080017e-05,4.054028249811381e-05,
J0540.1-4322_aFix_pol_I_Farcsec_5pln_cor_crop_0146.npy,J0540.1-4322_aFix_pol_I_Farcsec_5pln_cor,146,-2.016680991800968e-05,3.639713395386934e-05,
J2222.2-5235_aFix_pol_I_Farcsec_5pln_cor_crop_0049.npy,J2222.2-5235_aFix_pol_I_Farcsec_5pln_cor,49,-2.0340692572062835e-05,4.029700721730478e-05,
J1423.7-5412_aFix_pol_I_Farcsec_5pln_cor_crop_0057.npy,J1423.7-5412_aFix_pol_I_Farcsec_5pln_cor,57,-1.8973547412315384e-05,4.0196806367021054e-05,
RXCJ1314_aFix_pol_I_Farcsec_5pln_cor_crop_0136.npy,RXCJ1314_aFix_pol_I_Farcsec_5pln_cor,136,-2.6271653041476384e-05,4.702054502558895e-05,
J0607.0-4928_aFix_pol_I_Farcsec_5pln_cor_crop_0051.npy,J0607.0-4928_aFix_pol_I_Farcsec_5pln_cor,51,-1.727664130157791e-05,3.109658064204268e-05,
J0812.5-5714_aFix_pol_I_Farcsec_5pln_cor_crop_0191.npy,J0812.5-5714_aFix_pol_I_Farcsec_5pln_cor,191,-1.797733420971781e-05,3.096696309512481e-05,
J0712.0-6030_aFix_pol_I_Farcsec_5pln_cor_crop_0108.npy,J0712.0-6030_aFix_pol_I_Farcsec_5pln_cor,108,-1.3525442227546591e-05,3.74543305952102e-05,
J1705.1-8210_aFix_pol_I_Farcsec_5pln_cor_crop_0100.npy,J1705.1-8210_aFix_pol_I_Farcsec_5pln_cor,100,-2.258976564917248e-05,4.054370947415009e-05,
J0637.3-4828_aFix_pol_I_Farcsec_5pln_cor_crop_0018.npy,J0637.3-4828_aFix_pol_I_Farcsec_5pln_cor,18,-1.5409788829856552e-05,3.9739050407661125e-05,
Abell_2895_noFix_pol_I_Farcsec_5pln_cor_crop_0065.npy,Abell_2895_noFix_pol_I_Farcsec_5pln_cor,65,-1.7904101696331054e-05,3.5388853575568646e-05,
J0145.2-6033_aFix_pol_I_Farcsec_5pln_cor_crop_0084.npy,J0145.2-6033_aFix_pol_I_Farcsec_5pln_cor,84,-1.2114905985072257e-05,3.299051968497224e-05,
Abell_4038_aFix_pol_I_Farcsec_5pln_cor_crop_0220.npy,Abell_4038_aFix_pol_I_Farcsec_5pln_cor,220,-1.8985389033332467e-05,4.2698269680840895e-05,
J0645.4-5413_aFix_pol_I_Farcsec_5pln_cor_crop_0123.npy,J0645.4-5413_aFix_pol_I_Farcsec_5pln_cor,123,-1.871160566224717e-05,4.457303657545708e-05,
J0712.0-6030_aFix_pol_I_Farcsec_5pln_cor_crop_0052.npy,J0712.0-6030_aFix_pol_I_Farcsec_5pln_cor,52,-1.3525442227546591e-05,3.74543305952102e-05,
J0145.2-6033_aFix_pol_I_Farcsec_5pln_cor_crop_0060.npy,J0145.2-6033_aFix_pol_I_Farcsec_5pln_cor,60,-1.2114905985072257e-05,3.299051968497224e-05,
Abell_3365_noFix_pol_I_Farcsec_5pln_cor_crop_0015.npy,Abell_3365_noFix_pol_I_Farcsec_5pln_cor,15,-3.684182956931181e-05,5.151375808054581e-05,
Abell_22_aFix_pol_I_Farcsec_5pln_cor_crop_0117.npy,Abell_22_aFix_pol_I_Farcsec_5pln_cor,117,-1.7687332729110494e-05,3.791484050452709e-05,
J0232.2-4420_aFix_pol_I_Farcsec_5pln_cor_crop_0042.npy,J0232.2-4420_aFix_pol_I_Farcsec_5pln_cor,42,-1.3283781299833208e-05,3.414206730667502e-05,
Abell_3365A_noFix_pol_I_Farcsec_5pln_cor_crop_0172.npy,Abell_3365A_noFix_pol_I_Farcsec_5pln_cor,172,-1.5037990124255884e-05,3.877880590152927e-05,
J2340.1-8510_aFix_pol_I_Farcsec_5pln_cor_crop_0068.npy,J2340.1-8510_aFix_pol_I_Farcsec_5pln_cor,68,-1.53458950080676e-05,3.938611553166993e-05,
J0610.5-4848_aFix_pol_I_Farcsec_5pln_cor_crop_0163.npy,J0610.5-4848_aFix_pol_I_Farcsec_5pln_cor,163,-1.432743010809645e-05,3.869758802466095e-05,
J0217.2-5244_aFix_pol_I_Farcsec_5pln_cor_crop_0009.npy,J0217.2-5244_aFix_pol_I_Farcsec_5pln_cor,9,-1.7379512428306043e-05,3.482505780993961e-05,
J0145.0-5300_aFix_pol_I_Farcsec_5pln_cor_crop_0129.npy,J0145.0-5300_aFix_pol_I_Farcsec_5pln_cor,129,-1.4464765627053566e-05,3.505407221382484e-05,
J0616.8-4748_aFix_pol_I_Farcsec_5pln_cor_crop_0142.npy,J0616.8-4748_aFix_pol_I_Farcsec_5pln_cor,142,-1.6417492588516325e-05,3.9486680179834366e-05,
J1358.9-4750_aFix_pol_I_Farcsec_5pln_cor_crop_0201.npy,J1358.9-4750_aFix_pol_I_Farcsec_5pln_cor,201,-2.6460520530235957e-05,4.666853419621475e-05,
J0336.3-4037_aFix_pol_I_Farcsec_5pln_cor_crop_0128.npy,J0336.3-4037_aFix_pol_I_Farcsec_5pln_cor,128,-1.9070150301558897e-05,3.8439713534899056e-05,
J0216.3-4816_aFix_pol_I_Farcsec_5pln_cor_crop_0080.npy,J0216.3-4816_aFix_pol_I_Farcsec_5pln_cor,80,-1.5618124962202273e-05,5.211478855926544e-05,
J0540.1-4322_aFix_pol_I_Farcsec_5pln_cor_crop_0007.npy,J0540.1-4322_aFix_pol_I_Farcsec_5pln_cor,7,-2.016680991800968e-05,3.639713395386934e-05,
Abell_85_aFix_pol_I_Farcsec_5pln_cor_crop_0145.npy,Abell_85_aFix_pol_I_Farcsec_5pln_cor,145,-1.6969566786428913e-05,4.114058901905082e-05,
J1130.0-4213_aFix_pol_I_Farcsec_5pln_cor_crop_0020.npy,J1130.0-4213_aFix_pol_I_Farcsec_5pln_cor,20,-1.5924631952657364e-05,3.826789543381892e-05,
MACSJ0417.5-1155_aFix_pol_I_Farcsec_5pln_cor_crop_0074.npy,MACSJ0417.5-1155_aFix_pol_I_Farcsec_5pln_cor,74,-1.759273436618969e-05,4.197344605927356e-05,
J2319.2-6750_aFix_pol_I_Farcsec_5pln_cor_crop_0149.npy,J2319.2-6750_aFix_pol_I_Farcsec_5pln_cor,149,-1.762574174790643e-05,3.985196599387564e-05,
Abell_168_aFix_pol_I_Farcsec_5pln_cor_crop_0140.npy,Abell_168_aFix_pol_I_Farcsec_5pln_cor,140,-2.51656529144384e-05,4.1941199015127495e-05,
J0638.7-5358_aFix_pol_I_Farcsec_5pln_cor_crop_0217.npy,J0638.7-5358_aFix_pol_I_Farcsec_5pln_cor,217,-1.4472521797870286e-05,3.7130746932234615e-05,
Abell_2597_noFix_pol_I_Farcsec_5pln_cor_crop_0052.npy,Abell_2597_noFix_pol_I_Farcsec_5pln_cor,52,-5.033568595536053e-05,6.417310942197219e-05,
J0431.4-6126_aFix_pol_I_Farcsec_5pln_cor_crop_0184.npy,J0431.4-6126_aFix_pol_I_Farcsec_5pln_cor,184,-2.59030784945935e-05,4.582747351378202e-05,
J0627.2-5428_aFix_pol_I_Farcsec_5pln_cor_crop_0031.npy,J0627.2-5428_aFix_pol_I_Farcsec_5pln_cor,31,-3.725358692463488e-05,5.157724808668718e-05,
J0757.7-5315_aFix_pol_I_Farcsec_5pln_cor_crop_0101.npy,J0757.7-5315_aFix_pol_I_Farcsec_5pln_cor,101,-1.5817182429600507e-05,3.550770634319633e-05,
J0342.8-5338_aFix_pol_I_Farcsec_5pln_cor_crop_0061.npy,J0342.8-5338_aFix_pol_I_Farcsec_5pln_cor,61,-1.83263164217351e-05,3.698056025314145e-05,
Abell_2811_noFix_pol_I_Farcsec_5pln_cor_crop_0018.npy,Abell_2811_noFix_pol_I_Farcsec_5pln_cor,18,-5.993724334985018e-05,7.318957068491727e-05,
Abell_141_aFix_pol_I_Farcsec_5pln_cor_crop_0214.npy,Abell_141_aFix_pol_I_Farcsec_5pln_cor,214,-1.6963114831014536e-05,3.675864718388766e-05,
Abell_2485_noFix_pol_I_Farcsec_5pln_cor_crop_0017.npy,Abell_2485_noFix_pol_I_Farcsec_5pln_cor,17,-1.5763916962896474e-05,3.792858478846029e-05,
Abell_2597_noFix_pol_I_Farcsec_5pln_cor_crop_0109.npy,Abell_2597_noFix_pol_I_Farcsec_5pln_cor,109,-5.033568595536053e-05,6.417310942197219e-05,
J1601.7-7544_aFix_pol_I_Farcsec_5pln_cor_crop_0063.npy,J1601.7-7544_aFix_pol_I_Farcsec_5pln_cor,63,-1.893065564217977e-05,4.2162908357568085e-05,
RXCJ0225.1-22928_aFix_pol_I_Farcsec_5pln_cor_crop_0050.npy,RXCJ0225.1-22928_aFix_pol_I_Farcsec_5pln_cor,50,-3.11890325974673e-05,5.4694857681170106e-05,
Abell_22_aFix_pol_I_Farcsec_5pln_cor_crop_0184.npy,Abell_22_aFix_pol_I_Farcsec_5pln_cor,184,-1.7687332729110494e-05,3.791484050452709e-05,
J0051.1-4833_aFix_pol_I_Farcsec_5pln_cor_crop_0006.npy,J0051.1-4833_aFix_pol_I_Farcsec_5pln_cor,6,-1.4088746866036672e-05,3.274881237302907e-05,
PLCK_G200.9-28.2_aFix_pol_I_Farcsec_5pln_cor_crop_0220.npy,PLCK_G200.9-28.2_aFix_pol_I_Farcsec_5pln_cor,220,-2.0549477994791232e-05,4.693285882240161e-05,
Abell_3376_aFix_pol_I_Farcsec_5pln_cor_crop_0198.npy,Abell_3376_aFix_pol_I_Farcsec_5pln_cor,198,-1.6748330381233245e-05,4.895990059594624e-05,
Abell_2597_noFix_pol_I_Farcsec_5pln_cor_crop_0159.npy,Abell_2597_noFix_pol_I_Farcsec_5pln_cor,159,-5.033568595536053e-05,6.417310942197219e-05,
Abell_2811_noFix_pol_I_Farcsec_5pln_cor_crop_0033.npy,Abell_2811_noFix_pol_I_Farcsec_5pln_cor,33,-5.993724334985018e-05,7.318957068491727e-05,
Abell_3558_aFix_pol_I_Farcsec_5pln_cor_crop_0067.npy,Abell_3558_aFix_pol_I_Farcsec_5pln_cor,67,-2.058644531643949e-05,4.082424857188016e-05,
Abell_548_aFix_pol_I_Farcsec_5pln_cor_crop_0028.npy,Abell_548_aFix_pol_I_Farcsec_5pln_cor,28,-1.682372203504201e-05,5.429780867416412e-05,
Abell_3365_noFix_pol_I_Farcsec_5pln_cor_crop_0009.npy,Abell_3365_noFix_pol_I_Farcsec_5pln_cor,9,-3.684182956931181e-05,5.151375808054581e-05,
J0757.7-5315_aFix_pol_I_Farcsec_5pln_cor_crop_0129.npy,J0757.7-5315_aFix_pol_I_Farcsec_5pln_cor,129,-1.5817182429600507e-05,3.550770634319633e-05,
Abell_S295_aFix_pol_I_Farcsec_5pln_cor_crop_0028.npy,Abell_S295_aFix_pol_I_Farcsec_5pln_cor,28,-1.2192884241812862e-05,4.2860785470111296e-05,
J0757.7-5315_aFix_pol_I_Farcsec_5pln_cor_crop_0091.npy,J0757.7-5315_aFix_pol_I_Farcsec_5pln_cor,91,-1.5817182429600507e-05,3.550770634319633e-05,
J1248.7-4118_aFix_pol_I_Farcsec_5pln_cor_crop_0071.npy,J1248.7-4118_aFix_pol_I_Farcsec_5pln_cor,71,-3.831612048088573e-05,5.340838833944872e-05,
J0600.8-5835_aFix_pol_I_Farcsec_5pln_cor_crop_0050.npy,J0600.8-5835_aFix_pol_I_Farcsec_5pln_cor,50,-1.2947120012540836e-05,3.535595169523731e-05,
J1201.0-4623_aFix_pol_I_Farcsec_5pln_cor_crop_0092.npy,J1201.0-4623_aFix_pol_I_Farcsec_5pln_cor,92,-1.437526134395739e-05,3.895712870871648e-05,
Abell_3365_noFix_pol_I_Farcsec_5pln_cor_crop_0020.npy,Abell_3365_noFix_pol_I_Farcsec_5pln_cor,20,-3.684182956931181e-05,5.151375808054581e-05,
J1535.1-4658_aFix_pol_I_Farcsec_5pln_cor_crop_0103.npy,J1535.1-4658_aFix_pol_I_Farcsec_5pln_cor,103,-2.547855729062576e-05,3.796764576691203e-05,
Abell_521_noFix_pol_I_Farcsec_5pln_cor_crop_0059.npy,Abell_521_noFix_pol_I_Farcsec_5pln_cor,59,-1.8806747902999632e-05,4.423171412781812e-05,
Abell_2813_noFix_pol_I_Farcsec_5pln_cor_crop_0005.npy,Abell_2813_noFix_pol_I_Farcsec_5pln_cor,5,-2.1553638362092897e-05,4.1060964576900005e-05,
Abell_2751_aFix_pol_I_Farcsec_5pln_cor_crop_0161.npy,Abell_2751_aFix_pol_I_Farcsec_5pln_cor,161,-2.5066670787055045e-05,4.310646909289062e-05,
J0431.4-6126_aFix_pol_I_Farcsec_5pln_cor_crop_0167.npy,J0431.4-6126_aFix_pol_I_Farcsec_5pln_cor,167,-2.59030784945935e-05,4.582747351378202e-05,
J1535.1-4658_aFix_pol_I_Farcsec_5pln_cor_crop_0087.npy,J1535.1-4658_aFix_pol_I_Farcsec_5pln_cor,87,-2.547855729062576e-05,3.796764576691203e-05,
Bullet_aFix_pol_I_Farcsec_5pln_cor_crop_0175.npy,Bullet_aFix_pol_I_Farcsec_5pln_cor,175,-1.5211503523460124e-05,4.380349491839297e-05,
PLCK_G200.9-28.2_aFix_pol_I_Farcsec_5pln_cor_crop_0190.npy,PLCK_G200.9-28.2_aFix_pol_I_Farcsec_5pln_cor,190,-2.0549477994791232e-05,4.693285882240161e-05,
MACS_J0257.6-2209_noFix_pol_I_Farcsec_5pln_cor_crop_0016.npy,MACS_J0257.6-2209_noFix_pol_I_Farcsec_5pln_cor,16,-2.3381955543300137e-05,4.110854570171796e-05,
RXCJ0225.1-22928_aFix_pol_I_Farcsec_5pln_cor_crop_0182.npy,RXCJ0225.1-22928_aFix_pol_I_Farcsec_5pln_cor,182,-3.11890325974673e-05,5.4694857681170106e-05,
J1130.0-4213_aFix_pol_I_Farcsec_5pln_cor_crop_0181.npy,J1130.0-4213_aFix_pol_I_Farcsec_5pln_cor,181,-1.5924631952657364e-05,3.826789543381892e-05,
Abell_13_noFix_pol_I_Farcsec_5pln_cor_crop_0140.npy,Abell_13_noFix_pol_I_Farcsec_5pln_cor,140,-1.9173105101799592e-05,3.867880150210112e-05,
Abell_33_noFix_pol_I_Farcsec_5pln_cor_crop_0052.npy,Abell_33_noFix_pol_I_Farcsec_5pln_cor,52,-2.8547556212288328e-05,4.8568657803116366e-05,
Abell_85_aFix_pol_I_Farcsec_5pln_cor_crop_0221.npy,Abell_85_aFix_pol_I_Farcsec_5pln_cor,221,-1.6969566786428913e-05,4.114058901905082e-05,
J0540.1-4322_aFix_pol_I_Farcsec_5pln_cor_crop_0080.npy,J0540.1-4322_aFix_pol_I_Farcsec_5pln_cor,80,-2.016680991800968e-05,3.639713395386934e-05,
Abell_209_aFix_pol_I_Farcsec_5pln_cor_crop_0197.npy,Abell_209_aFix_pol_I_Farcsec_5pln_cor,197,-2.1105859559611417e-05,4.098449426237494e-05,
J0217.2-5244_aFix_pol_I_Farcsec_5pln_cor_crop_0079.npy,J0217.2-5244_aFix_pol_I_Farcsec_5pln_cor,79,-1.7379512428306043e-05,3.482505780993961e-05,
Abell_2751_aFix_pol_I_Farcsec_5pln_cor_crop_0049.npy,Abell_2751_aFix_pol_I_Farcsec_5pln_cor,49,-2.5066670787055045e-05,4.310646909289062e-05,
J0303.7-7752_aFix_pol_I_Farcsec_5pln_cor_crop_0026.npy,J0303.7-7752_aFix_pol_I_Farcsec_5pln_cor,26,-1.6216928997891955e-05,3.944924537790939e-05,
Abell_2667_noFix_pol_I_Farcsec_5pln_cor_crop_0041.npy,Abell_2667_noFix_pol_I_Farcsec_5pln_cor,41,-1.5058354620123282e-05,4.20943797507789e-05,
J2340.1-8510_aFix_pol_I_Farcsec_5pln_cor_crop_0007.npy,J2340.1-8510_aFix_pol_I_Farcsec_5pln_cor,7,-1.53458950080676e-05,3.938611553166993e-05,
J1358.9-4750_aFix_pol_I_Farcsec_5pln_cor_crop_0028.npy,J1358.9-4750_aFix_pol_I_Farcsec_5pln_cor,28,-2.6460520530235957e-05,4.666853419621475e-05,
J0631.3-5610_aFix_pol_I_Farcsec_5pln_cor_crop_0033.npy,J0631.3-5610_aFix_pol_I_Farcsec_5pln_cor,33,-1.3746558579441626e-05,3.730034950422123e-05,
J0027.3-5015_aFix_pol_I_Farcsec_5pln_cor_crop_0030.npy,J0027.3-5015_aFix_pol_I_Farcsec_5pln_cor,30,-1.4346433999889996e-05,3.467470014584251e-05,
J0540.1-4050_aFix_pol_I_Farcsec_5pln_cor_crop_0179.npy,J0540.1-4050_aFix_pol_I_Farcsec_5pln_cor,179,-1.9781218725256625e-05,3.538576129358262e-05,
Abell_2667_noFix_pol_I_Farcsec_5pln_cor_crop_0149.npy,Abell_2667_noFix_pol_I_Farcsec_5pln_cor,149,-1.5058354620123282e-05,4.20943797507789e-05,
J0616.8-4748_aFix_pol_I_Farcsec_5pln_cor_crop_0130.npy,J0616.8-4748_aFix_pol_I_Farcsec_5pln_cor,130,-1.6417492588516325e-05,3.9486680179834366e-05,
MACSJ0417.5-1155_aFix_pol_I_Farcsec_5pln_cor_crop_0060.npy,MACSJ0417.5-1155_aFix_pol_I_Farcsec_5pln_cor,60,-1.759273436618969e-05,4.197344605927356e-05,
J1518.3-4632_aFix_pol_I_Farcsec_5pln_cor_crop_0063.npy,J1518.3-4632_aFix_pol_I_Farcsec_5pln_cor,63,-2.6316898583900183e-05,3.836355244857259e-05,
Abell_S295_aFix_pol_I_Farcsec_5pln_cor_crop_0214.npy,Abell_S295_aFix_pol_I_Farcsec_5pln_cor,214,-1.2192884241812862e-05,4.2860785470111296e-05,
Abell_141_aFix_pol_I_Farcsec_5pln_cor_crop_0154.npy,Abell_141_aFix_pol_I_Farcsec_5pln_cor,154,-1.6963114831014536e-05,3.675864718388766e-05,
J0145.0-5300_aFix_pol_I_Farcsec_5pln_cor_crop_0012.npy,J0145.0-5300_aFix_pol_I_Farcsec_5pln_cor,12,-1.4464765627053566e-05,3.505407221382484e-05,
Abell_3667_aFix_pol_I_Farcsec_5pln_cor_crop_0028.npy,Abell_3667_aFix_pol_I_Farcsec_5pln_cor,28,-3.163510700687766e-05,0.0001603437995072,
J0712.0-6030_aFix_pol_I_Farcsec_5pln_cor_crop_0094.npy,J0712.0-6030_aFix_pol_I_Farcsec_5pln_cor,94,-1.3525442227546591e-05,3.74543305952102e-05,
Abell_370_afix_pol_I_Farcsec_5pln_cor_crop_0120.npy,Abell_370_afix_pol_I_Farcsec_5pln_cor,120,-3.905647463398054e-05,5.590072396444157e-05,
J0712.0-6030_aFix_pol_I_Farcsec_5pln_cor_crop_0170.npy,J0712.0-6030_aFix_pol_I_Farcsec_5pln_cor,170,-1.3525442227546591e-05,3.74543305952102e-05,
J0645.4-5413_aFix_pol_I_Farcsec_5pln_cor_crop_0144.npy,J0645.4-5413_aFix_pol_I_Farcsec_5pln_cor,144,-1.871160566224717e-05,4.457303657545708e-05,
J0145.0-5300_aFix_pol_I_Farcsec_5pln_cor_crop_0055.npy,J0145.0-5300_aFix_pol_I_Farcsec_5pln_cor,55,-1.4464765627053566e-05,3.505407221382484e-05,
J0342.8-5338_aFix_pol_I_Farcsec_5pln_cor_crop_0165.npy,J0342.8-5338_aFix_pol_I_Farcsec_5pln_cor,165,-1.83263164217351e-05,3.698056025314145e-05,
J0352.4-7401_aFix_pol_I_Farcsec_5pln_cor_crop_0120.npy,J0352.4-7401_aFix_pol_I_Farcsec_5pln_cor,120,-1.3432473679131364e-05,3.414728053030558e-05,
Abell_3558_aFix_pol_I_Farcsec_5pln_cor_crop_0166.npy,Abell_3558_aFix_pol_I_Farcsec_5pln_cor,166,-2.058644531643949e-05,4.082424857188016e-05,
Abell_548_aFix_pol_I_Farcsec_5pln_cor_crop_0190.npy,Abell_548_aFix_pol_I_Farcsec_5pln_cor,190,-1.682372203504201e-05,5.429780867416412e-05,
J2023.4-5535_aFix_pol_I_Farcsec_5pln_cor_crop_0162.npy,J2023.4-5535_aFix_pol_I_Farcsec_5pln_cor,162,-2.326385947526433e-05,4.042817090521567e-05,
J0627.2-5428_aFix_pol_I_Farcsec_5pln_cor_crop_0078.npy,J0627.2-5428_aFix_pol_I_Farcsec_5pln_cor,78,-3.725358692463488e-05,5.157724808668718e-05,
J0631.3-5610_aFix_pol_I_Farcsec_5pln_cor_crop_0093.npy,J0631.3-5610_aFix_pol_I_Farcsec_5pln_cor,93,-1.3746558579441626e-05,3.730034950422123e-05,
Abell_3562_aFix_pol_I_Farcsec_5pln_cor_crop_0098.npy,Abell_3562_aFix_pol_I_Farcsec_5pln_cor,98,-2.032673728535883e-05,4.53729007858783e-05,
J0948.6-8327_aFix_pol_I_Farcsec_5pln_cor_crop_0151.npy,J0948.6-8327_aFix_pol_I_Farcsec_5pln_cor,151,-1.3834469427820297e-05,3.5308996302774176e-05,
J0342.8-5338_aFix_pol_I_Farcsec_5pln_cor_crop_0032.npy,J0342.8-5338_aFix_pol_I_Farcsec_5pln_cor,32,-1.83263164217351e-05,3.698056025314145e-05,
J1653.0-5943_aFix_pol_I_Farcsec_5pln_cor_crop_0100.npy,J1653.0-5943_aFix_pol_I_Farcsec_5pln_cor,100,-2.6878653443418443e-05,3.650951839517802e-05,
J0351.1-8212_aFix_pol_I_Farcsec_5pln_cor_crop_0135.npy,J0351.1-8212_aFix_pol_I_Farcsec_5pln_cor,135,-1.34867677843431e-05,3.901409581885673e-05,
RXC_J0520.7-1328_aFix_pol_I_Farcsec_5pln_cor_crop_0115.npy,RXC_J0520.7-1328_aFix_pol_I_Farcsec_5pln_cor,115,-4.763286779052578e-05,6.618209590669721e-05,
ElGordo_aFix_pol_I_Farcsec_5pln_cor_crop_0212.npy,ElGordo_aFix_pol_I_Farcsec_5pln_cor,212,-1.8438237020745877e-05,3.2559692044742405e-05,
Abell_194_aFix_pol_I_Farcsec_5pln_cor_crop_0207.npy,Abell_194_aFix_pol_I_Farcsec_5pln_cor,207,-3.945245043723844e-05,0.0001343678013654,
J2222.2-5235_aFix_pol_I_Farcsec_5pln_cor_crop_0084.npy,J2222.2-5235_aFix_pol_I_Farcsec_5pln_cor,84,-2.0340692572062835e-05,4.029700721730478e-05,
J1423.7-5412_aFix_pol_I_Farcsec_5pln_cor_crop_0000.npy,J1423.7-5412_aFix_pol_I_Farcsec_5pln_cor,0,-1.8973547412315384e-05,4.0196806367021054e-05,
J0145.2-6033_aFix_pol_I_Farcsec_5pln_cor_crop_0011.npy,J0145.2-6033_aFix_pol_I_Farcsec_5pln_cor,11,-1.2114905985072257e-05,3.299051968497224e-05,
J1705.1-8210_aFix_pol_I_Farcsec_5pln_cor_crop_0135.npy,J1705.1-8210_aFix_pol_I_Farcsec_5pln_cor,135,-2.258976564917248e-05,4.054370947415009e-05,
J0820.9-5704_aFix_pol_I_Farcsec_5pln_cor_crop_0044.npy,J0820.9-5704_aFix_pol_I_Farcsec_5pln_cor,44,-1.654735388001427e-05,3.4318985854042694e-05,
Abell_168_aFix_pol_I_Farcsec_5pln_cor_crop_0008.npy,Abell_168_aFix_pol_I_Farcsec_5pln_cor,8,-2.51656529144384e-05,4.1941199015127495e-05,
J0637.3-4828_aFix_pol_I_Farcsec_5pln_cor_crop_0001.npy,J0637.3-4828_aFix_pol_I_Farcsec_5pln_cor,1,-1.5409788829856552e-05,3.9739050407661125e-05,
J0948.6-8327_aFix_pol_I_Farcsec_5pln_cor_crop_0131.npy,J0948.6-8327_aFix_pol_I_Farcsec_5pln_cor,131,-1.3834469427820297e-05,3.5308996302774176e-05,
J1705.1-8210_aFix_pol_I_Farcsec_5pln_cor_crop_0157.npy,J1705.1-8210_aFix_pol_I_Farcsec_5pln_cor,157,-2.258976564917248e-05,4.054370947415009e-05,
Bullet_aFix_pol_I_Farcsec_5pln_cor_crop_0167.npy,Bullet_aFix_pol_I_Farcsec_5pln_cor,167,-1.5211503523460124e-05,4.380349491839297e-05,
J0217.2-5244_aFix_pol_I_Farcsec_5pln_cor_crop_0162.npy,J0217.2-5244_aFix_pol_I_Farcsec_5pln_cor,162,-1.7379512428306043e-05,3.482505780993961e-05,
Abell_209_aFix_pol_I_Farcsec_5pln_cor_crop_0074.npy,Abell_209_aFix_pol_I_Farcsec_5pln_cor,74,-2.1105859559611417e-05,4.098449426237494e-05,
J0303.7-7752_aFix_pol_I_Farcsec_5pln_cor_crop_0010.npy,J0303.7-7752_aFix_pol_I_Farcsec_5pln_cor,10,-1.6216928997891955e-05,3.944924537790939e-05,
J0317.9-4414_aFix_pol_I_Farcsec_5pln_cor_crop_0040.npy,J0317.9-4414_aFix_pol_I_Farcsec_5pln_cor,40,-1.825527215260081e-05,4.13110428780783e-05,
J0516.6-5430_aFix_pol_I_Farcsec_5pln_cor_crop_0184.npy,J0516.6-5430_aFix_pol_I_Farcsec_5pln_cor,184,-1.4557363101630472e-05,3.583080251701176e-05,
J0416.7-5525_aFix_pol_I_Farcsec_5pln_cor_crop_0080.npy,J0416.7-5525_aFix_pol_I_Farcsec_5pln_cor,80,-1.4703909073432442e-05,4.304752292227931e-05,
Abell_S1063_nofix_pol_I_Farcsec_5pln_cor_crop_0221.npy,Abell_S1063_nofix_pol_I_Farcsec_5pln_cor,221,-1.3156100976630114e-05,3.549207394826226e-05,
J0625.2-5521_aFix_pol_I_Farcsec_5pln_cor_crop_0005.npy,J0625.2-5521_aFix_pol_I_Farcsec_5pln_cor,5,-2.603908251330722e-05,3.9954342355486006e-05,
J1248.7-4118_aFix_pol_I_Farcsec_5pln_cor_crop_0055.npy,J1248.7-4118_aFix_pol_I_Farcsec_5pln_cor,55,-3.831612048088573e-05,5.340838833944872e-05,
Abell_3562_aFix_pol_I_Farcsec_5pln_cor_crop_0038.npy,Abell_3562_aFix_pol_I_Farcsec_5pln_cor,38,-2.032673728535883e-05,4.53729007858783e-05,
J0225.9-4154_aFix_pol_I_Farcsec_5pln_cor_crop_0034.npy,J0225.9-4154_aFix_pol_I_Farcsec_5pln_cor,34,-1.4831659427727573e-05,3.976373773184605e-05,
Abell_141_aFix_pol_I_Farcsec_5pln_cor_crop_0097.npy,Abell_141_aFix_pol_I_Farcsec_5pln_cor,97,-1.6963114831014536e-05,3.675864718388766e-05,
J1423.7-5412_aFix_pol_I_Farcsec_5pln_cor_crop_0080.npy,J1423.7-5412_aFix_pol_I_Farcsec_5pln_cor,80,-1.8973547412315384e-05,4.0196806367021054e-05,
J0812.5-5714_aFix_pol_I_Farcsec_5pln_cor_crop_0038.npy,J0812.5-5714_aFix_pol_I_Farcsec_5pln_cor,38,-1.797733420971781e-05,3.096696309512481e-05,
J1358.9-4750_aFix_pol_I_Farcsec_5pln_cor_crop_0224.npy,J1358.9-4750_aFix_pol_I_Farcsec_5pln_cor,224,-2.6460520530235957e-05,4.666853419621475e-05,
J0543.4-4430_aFix_pol_I_Farcsec_5pln_cor_crop_0083.npy,J0543.4-4430_aFix_pol_I_Farcsec_5pln_cor,83,-1.920615613926202e-05,4.022587017971091e-05,
Abell_548_aFix_pol_I_Farcsec_5pln_cor_crop_0121.npy,Abell_548_aFix_pol_I_Farcsec_5pln_cor,121,-1.682372203504201e-05,5.429780867416412e-05,
J0516.6-5430_aFix_pol_I_Farcsec_5pln_cor_crop_0212.npy,J0516.6-5430_aFix_pol_I_Farcsec_5pln_cor,212,-1.4557363101630472e-05,3.583080251701176e-05,
Abell_3667_aFix_pol_I_Farcsec_5pln_cor_crop_0138.npy,Abell_3667_aFix_pol_I_Farcsec_5pln_cor,138,-3.163510700687766e-05,0.0001603437995072,
Abell_S295_aFix_pol_I_Farcsec_5pln_cor_crop_0157.npy,Abell_S295_aFix_pol_I_Farcsec_5pln_cor,157,-1.2192884241812862e-05,4.2860785470111296e-05,
Abell_33_noFix_pol_I_Farcsec_5pln_cor_crop_0192.npy,Abell_33_noFix_pol_I_Farcsec_5pln_cor,192,-2.8547556212288328e-05,4.8568657803116366e-05,
J0638.7-5358_aFix_pol_I_Farcsec_5pln_cor_crop_0214.npy,J0638.7-5358_aFix_pol_I_Farcsec_5pln_cor,214,-1.4472521797870286e-05,3.7130746932234615e-05,
Abell_4038_aFix_pol_I_Farcsec_5pln_cor_crop_0017.npy,Abell_4038_aFix_pol_I_Farcsec_5pln_cor,17,-1.8985389033332467e-05,4.2698269680840895e-05,
Abell_85_aFix_pol_I_Farcsec_5pln_cor_crop_0050.npy,Abell_85_aFix_pol_I_Farcsec_5pln_cor,50,-1.6969566786428913e-05,4.114058901905082e-05,
J0658.5-5556_aFix_pol_I_Farcsec_5pln_cor_crop_0003.npy,J0658.5-5556_aFix_pol_I_Farcsec_5pln_cor,3,-1.5211503523460124e-05,4.380349491839297e-05,
RXC_J0520.7-1328_aFix_pol_I_Farcsec_5pln_cor_crop_0182.npy,RXC_J0520.7-1328_aFix_pol_I_Farcsec_5pln_cor,182,-4.763286779052578e-05,6.618209590669721e-05,
J0303.7-7752_aFix_pol_I_Farcsec_5pln_cor_crop_0143.npy,J0303.7-7752_aFix_pol_I_Farcsec_5pln_cor,143,-1.6216928997891955e-05,3.944924537790939e-05,
J1539.5-8335_aFix_pol_I_Farcsec_5pln_cor_crop_0157.npy,J1539.5-8335_aFix_pol_I_Farcsec_5pln_cor,157,-1.7301776097156107e-05,3.6628662201110274e-05,
J0525.8-4715_aFix_pol_I_Farcsec_5pln_cor_crop_0072.npy,J0525.8-4715_aFix_pol_I_Farcsec_5pln_cor,72,-1.611813422641717e-05,4.044059460284189e-05,
J0051.1-4833_aFix_pol_I_Farcsec_5pln_cor_crop_0097.npy,J0051.1-4833_aFix_pol_I_Farcsec_5pln_cor,97,-1.4088746866036672e-05,3.274881237302907e-05,
PLCK_G200.9-28.2_aFix_pol_I_Farcsec_5pln_cor_crop_0107.npy,PLCK_G200.9-28.2_aFix_pol_I_Farcsec_5pln_cor,107,-2.0549477994791232e-05,4.693285882240161e-05,
RXC_J0520.7-1328_aFix_pol_I_Farcsec_5pln_cor_crop_0005.npy,RXC_J0520.7-1328_aFix_pol_I_Farcsec_5pln_cor,5,-4.763286779052578e-05,6.618209590669721e-05,
J0336.3-4037_aFix_pol_I_Farcsec_5pln_cor_crop_0079.npy,J0336.3-4037_aFix_pol_I_Farcsec_5pln_cor,79,-1.9070150301558897e-05,3.8439713534899056e-05,
Abell_548_Cen_aFix_pol_I_Farcsec_5pln_cor_crop_0136.npy,Abell_548_Cen_aFix_pol_I_Farcsec_5pln_cor,136,-1.6901160051929764e-05,5.435498314909637e-05,
Abell_2645_noFix_pol_I_Farcsec_5pln_cor_crop_0128.npy,Abell_2645_noFix_pol_I_Farcsec_5pln_cor,128,-3.2132909836946055e-05,5.223612970439717e-05,
J1040.7-7047_aFix_pol_I_Farcsec_5pln_cor_crop_0190.npy,J1040.7-7047_aFix_pol_I_Farcsec_5pln_cor,190,-2.545410461607389e-05,4.294725295039825e-05,
J0525.8-4715_aFix_pol_I_Farcsec_5pln_cor_crop_0194.npy,J0525.8-4715_aFix_pol_I_Farcsec_5pln_cor,194,-1.611813422641717e-05,4.044059460284189e-05,
J0145.0-5300_aFix_pol_I_Farcsec_5pln_cor_crop_0141.npy,J0145.0-5300_aFix_pol_I_Farcsec_5pln_cor,141,-1.4464765627053566e-05,3.505407221382484e-05,
J0516.6-5430_aFix_pol_I_Farcsec_5pln_cor_crop_0034.npy,J0516.6-5430_aFix_pol_I_Farcsec_5pln_cor,34,-1.4557363101630472e-05,3.583080251701176e-05,
Abell_2645_noFix_pol_I_Farcsec_5pln_cor_crop_0054.npy,Abell_2645_noFix_pol_I_Farcsec_5pln_cor,54,-3.2132909836946055e-05,5.223612970439717e-05,
J2340.1-8510_aFix_pol_I_Farcsec_5pln_cor_crop_0078.npy,J2340.1-8510_aFix_pol_I_Farcsec_5pln_cor,78,-1.53458950080676e-05,3.938611553166993e-05,
J1601.7-7544_aFix_pol_I_Farcsec_5pln_cor_crop_0115.npy,J1601.7-7544_aFix_pol_I_Farcsec_5pln_cor,115,-1.893065564217977e-05,4.2162908357568085e-05,
J2222.2-5235_aFix_pol_I_Farcsec_5pln_cor_crop_0098.npy,J2222.2-5235_aFix_pol_I_Farcsec_5pln_cor,98,-2.0340692572062835e-05,4.029700721730478e-05,
J0303.7-7752_aFix_pol_I_Farcsec_5pln_cor_crop_0021.npy,J0303.7-7752_aFix_pol_I_Farcsec_5pln_cor,21,-1.6216928997891955e-05,3.944924537790939e-05,
J0543.4-4430_aFix_pol_I_Farcsec_5pln_cor_crop_0119.npy,J0543.4-4430_aFix_pol_I_Farcsec_5pln_cor,119,-1.920615613926202e-05,4.022587017971091e-05,
J0540.1-4322_aFix_pol_I_Farcsec_5pln_cor_crop_0093.npy,J0540.1-4322_aFix_pol_I_Farcsec_5pln_cor,93,-2.016680991800968e-05,3.639713395386934e-05,
ElGordo_aFix_pol_I_Farcsec_5pln_cor_crop_0142.npy,ElGordo_aFix_pol_I_Farcsec_5pln_cor,142,-1.8438237020745877e-05,3.2559692044742405e-05,
ElGordo_aFix_pol_I_Farcsec_5pln_cor_crop_0068.npy,ElGordo_aFix_pol_I_Farcsec_5pln_cor,68,-1.8438237020745877e-05,3.2559692044742405e-05,
J0108.5-4020_aFix_pol_I_Farcsec_5pln_cor_crop_0110.npy,J0108.5-4020_aFix_pol_I_Farcsec_5pln_cor,110,-1.5436331523233093e-05,3.3178752346429974e-05,
MACS_J0257.6-2209_aFix_pol_I_Farcsec_5pln_cor_crop_0126.npy,MACS_J0257.6-2209_aFix_pol_I_Farcsec_5pln_cor,126,-2.1241523427306674e-05,4.082491795998067e-05,
Abell_2895_noFix_pol_I_Farcsec_5pln_cor_crop_0158.npy,Abell_2895_noFix_pol_I_Farcsec_5pln_cor,158,-1.7904101696331054e-05,3.5388853575568646e-05,
J1248.7-4118_aFix_pol_I_Farcsec_5pln_cor_crop_0094.npy,J1248.7-4118_aFix_pol_I_Farcsec_5pln_cor,94,-3.831612048088573e-05,5.340838833944872e-05,
J0745.1-5404_aFix_pol_I_Farcsec_5pln_cor_crop_0164.npy,J0745.1-5404_aFix_pol_I_Farcsec_5pln_cor,164,-1.8277149138157256e-05,3.714456397574395e-05,
J0626.3-5341_aFix_pol_I_Farcsec_5pln_cor_crop_0053.npy,J0626.3-5341_aFix_pol_I_Farcsec_5pln_cor,53,-2.286754715896677e-05,4.3426152842585e-05,
Abell_133_aFix_pol_I_Farcsec_5pln_cor_crop_0169.npy,Abell_133_aFix_pol_I_Farcsec_5pln_cor,169,-1.6750700524426065e-05,3.861152799800038e-05,
J2023.4-5535_aFix_pol_I_Farcsec_5pln_cor_crop_0069.npy,J2023.4-5535_aFix_pol_I_Farcsec_5pln_cor,69,-2.326385947526433e-05,4.042817090521567e-05,
J0225.9-4154_aFix_pol_I_Farcsec_5pln_cor_crop_0020.npy,J0225.9-4154_aFix_pol_I_Farcsec_5pln_cor,20,-1.4831659427727573e-05,3.976373773184605e-05,
J0712.0-6030_aFix_pol_I_Farcsec_5pln_cor_crop_0157.npy,J0712.0-6030_aFix_pol_I_Farcsec_5pln_cor,157,-1.3525442227546591e-05,3.74543305952102e-05,
Abell_S295_aFix_pol_I_Farcsec_5pln_cor_crop_0172.npy,Abell_S295_aFix_pol_I_Farcsec_5pln_cor,172,-1.2192884241812862e-05,4.2860785470111296e-05,
Abell_3376copy_aFix_pol_I_Farcsec_5pln_cor_crop_0022.npy,Abell_3376copy_aFix_pol_I_Farcsec_5pln_cor,22,-1.6748330381233245e-05,4.895990059594624e-05,
J0712.0-6030_aFix_pol_I_Farcsec_5pln_cor_crop_0192.npy,J0712.0-6030_aFix_pol_I_Farcsec_5pln_cor,192,-1.3525442227546591e-05,3.74543305952102e-05,
J0342.8-5338_aFix_pol_I_Farcsec_5pln_cor_crop_0036.npy,J0342.8-5338_aFix_pol_I_Farcsec_5pln_cor,36,-1.83263164217351e-05,3.698056025314145e-05,
Abell_4038_aFix_pol_I_Farcsec_5pln_cor_crop_0101.npy,Abell_4038_aFix_pol_I_Farcsec_5pln_cor,101,-1.8985389033332467e-05,4.2698269680840895e-05,
MACS_J0257.6-2209_aFix_pol_I_Farcsec_5pln_cor_crop_0033.npy,MACS_J0257.6-2209_aFix_pol_I_Farcsec_5pln_cor,33,-2.1241523427306674e-05,4.082491795998067e-05,
Abell_548_aFix_pol_I_Farcsec_5pln_cor_crop_0036.npy,Abell_548_aFix_pol_I_Farcsec_5pln_cor,36,-1.682372203504201e-05,5.429780867416412e-05,
J0627.2-5428_aFix_pol_I_Farcsec_5pln_cor_crop_0178.npy,J0627.2-5428_aFix_pol_I_Farcsec_5pln_cor,178,-3.725358692463488e-05,5.157724808668718e-05,
J0645.4-5413_aFix_pol_I_Farcsec_5pln_cor_crop_0111.npy,J0645.4-5413_aFix_pol_I_Farcsec_5pln_cor,111,-1.871160566224717e-05,4.457303657545708e-05,
Abell_370_afix_pol_I_Farcsec_5pln_cor_crop_0165.npy,Abell_370_afix_pol_I_Farcsec_5pln_cor,165,-3.905647463398054e-05,5.590072396444157e-05,
J0738.1-7506_aFix_pol_I_Farcsec_5pln_cor_crop_0032.npy,J0738.1-7506_aFix_pol_I_Farcsec_5pln_cor,32,-1.3090567335893866e-05,3.692142854561098e-05,
J2340.1-8510_aFix_pol_I_Farcsec_5pln_cor_crop_0162.npy,J2340.1-8510_aFix_pol_I_Farcsec_5pln_cor,162,-1.53458950080676e-05,3.938611553166993e-05,
J1518.3-4632_aFix_pol_I_Farcsec_5pln_cor_crop_0216.npy,J1518.3-4632_aFix_pol_I_Farcsec_5pln_cor,216,-2.6316898583900183e-05,3.836355244857259e-05,
J0658.5-5556_aFix_pol_I_Farcsec_5pln_cor_crop_0187.npy,J0658.5-5556_aFix_pol_I_Farcsec_5pln_cor,187,-1.5211503523460124e-05,4.380349491839297e-05,
J0812.5-5714_aFix_pol_I_Farcsec_5pln_cor_crop_0141.npy,J0812.5-5714_aFix_pol_I_Farcsec_5pln_cor,141,-1.797733420971781e-05,3.096696309512481e-05,
J0108.5-4020_aFix_pol_I_Farcsec_5pln_cor_crop_0180.npy,J0108.5-4020_aFix_pol_I_Farcsec_5pln_cor,180,-1.5436331523233093e-05,3.3178752346429974e-05,
J0948.6-8327_aFix_pol_I_Farcsec_5pln_cor_crop_0040.npy,J0948.6-8327_aFix_pol_I_Farcsec_5pln_cor,40,-1.3834469427820297e-05,3.5308996302774176e-05,
J0449.9-4440_aFix_pol_I_Farcsec_5pln_cor_crop_0135.npy,J0449.9-4440_aFix_pol_I_Farcsec_5pln_cor,135,-1.3652566849486902e-05,3.79539851564914e-05,
J0328.6-5542_aFix_pol_I_Farcsec_5pln_cor_crop_0083.npy,J0328.6-5542_aFix_pol_I_Farcsec_5pln_cor,83,-1.7376105461153202e-05,3.237917189835571e-05,
J0328.6-5542_aFix_pol_I_Farcsec_5pln_cor_crop_0087.npy,J0328.6-5542_aFix_pol_I_Farcsec_5pln_cor,87,-1.7376105461153202e-05,3.237917189835571e-05,
J0600.8-5835_aFix_pol_I_Farcsec_5pln_cor_crop_0028.npy,J0600.8-5835_aFix_pol_I_Farcsec_5pln_cor,28,-1.2947120012540836e-05,3.535595169523731e-05,
J0328.6-5542_aFix_pol_I_Farcsec_5pln_cor_crop_0037.npy,J0328.6-5542_aFix_pol_I_Farcsec_5pln_cor,37,-1.7376105461153202e-05,3.237917189835571e-05,
Abell_85_aFix_pol_I_Farcsec_5pln_cor_crop_0224.npy,Abell_85_aFix_pol_I_Farcsec_5pln_cor,224,-1.6969566786428913e-05,4.114058901905082e-05,
Abell_3667_aFix_pol_I_Farcsec_5pln_cor_crop_0215.npy,Abell_3667_aFix_pol_I_Farcsec_5pln_cor,215,-3.163510700687766e-05,0.0001603437995072,
J1601.7-7544_aFix_pol_I_Farcsec_5pln_cor_crop_0159.npy,J1601.7-7544_aFix_pol_I_Farcsec_5pln_cor,159,-1.893065564217977e-05,4.2162908357568085e-05,
Abell_2744_aFix_pol_I_Farcsec_5pln_cor_crop_0177.npy,Abell_2744_aFix_pol_I_Farcsec_5pln_cor,177,-1.4511139852402266e-05,3.865708276862279e-05,
RXC_J0520.7-1328_aFix_pol_I_Farcsec_5pln_cor_crop_0133.npy,RXC_J0520.7-1328_aFix_pol_I_Farcsec_5pln_cor,133,-4.763286779052578e-05,6.618209590669721e-05,
Abell_548_aFix_pol_I_Farcsec_5pln_cor_crop_0007.npy,Abell_548_aFix_pol_I_Farcsec_5pln_cor,7,-1.682372203504201e-05,5.429780867416412e-05,
J0528.9-3927_B_aFix_pol_I_Farcsec_5pln_cor_crop_0144.npy,J0528.9-3927_B_aFix_pol_I_Farcsec_5pln_cor,144,-1.3992802450957242e-05,3.4315333323320374e-05,
J0637.3-4828_aFix_pol_I_Farcsec_5pln_cor_crop_0046.npy,J0637.3-4828_aFix_pol_I_Farcsec_5pln_cor,46,-1.5409788829856552e-05,3.9739050407661125e-05,
Abell_3365A_noFix_pol_I_Farcsec_5pln_cor_crop_0064.npy,Abell_3365A_noFix_pol_I_Farcsec_5pln_cor,64,-1.5037990124255884e-05,3.877880590152927e-05,
J0757.7-5315_aFix_pol_I_Farcsec_5pln_cor_crop_0103.npy,J0757.7-5315_aFix_pol_I_Farcsec_5pln_cor,103,-1.5817182429600507e-05,3.550770634319633e-05,
J2023.4-5535_aFix_pol_I_Farcsec_5pln_cor_crop_0022.npy,J2023.4-5535_aFix_pol_I_Farcsec_5pln_cor,22,-2.326385947526433e-05,4.042817090521567e-05,
J0631.3-5610_aFix_pol_I_Farcsec_5pln_cor_crop_0148.npy,J0631.3-5610_aFix_pol_I_Farcsec_5pln_cor,148,-1.3746558579441626e-05,3.730034950422123e-05,
PLCK_G200.9-28.2_aFix_pol_I_Farcsec_5pln_cor_crop_0034.npy,PLCK_G200.9-28.2_aFix_pol_I_Farcsec_5pln_cor,34,-2.0549477994791232e-05,4.693285882240161e-05,
J0342.8-5338_aFix_pol_I_Farcsec_5pln_cor_crop_0146.npy,J0342.8-5338_aFix_pol_I_Farcsec_5pln_cor,146,-1.83263164217351e-05,3.698056025314145e-05,
Abell_3376copy_aFix_pol_I_Farcsec_5pln_cor_crop_0003.npy,Abell_3376copy_aFix_pol_I_Farcsec_5pln_cor,3,-1.6748330381233245e-05,4.895990059594624e-05,
J1130.0-4213_aFix_pol_I_Farcsec_5pln_cor_crop_0070.npy,J1130.0-4213_aFix_pol_I_Farcsec_5pln_cor,70,-1.5924631952657364e-05,3.826789543381892e-05,
Abell_209_aFix_pol_I_Farcsec_5pln_cor_crop_0111.npy,Abell_209_aFix_pol_I_Farcsec_5pln_cor,111,-2.1105859559611417e-05,4.098449426237494e-05,
J0216.3-4816_aFix_pol_I_Farcsec_5pln_cor_crop_0192.npy,J0216.3-4816_aFix_pol_I_Farcsec_5pln_cor,192,-1.5618124962202273e-05,5.211478855926544e-05,
J1539.5-8335_aFix_pol_I_Farcsec_5pln_cor_crop_0125.npy,J1539.5-8335_aFix_pol_I_Farcsec_5pln_cor,125,-1.7301776097156107e-05,3.6628662201110274e-05,
J0627.2-5428_aFix_pol_I_Farcsec_5pln_cor_crop_0029.npy,J0627.2-5428_aFix_pol_I_Farcsec_5pln_cor,29,-3.725358692463488e-05,5.157724808668718e-05,
Abell_2667_noFix_pol_I_Farcsec_5pln_cor_crop_0122.npy,Abell_2667_noFix_pol_I_Farcsec_5pln_cor,122,-1.5058354620123282e-05,4.20943797507789e-05,
J1410.4-4246_aFix_pol_I_Farcsec_5pln_cor_crop_0159.npy,J1410.4-4246_aFix_pol_I_Farcsec_5pln_cor,159,-2.2075269953347743e-05,4.486642137635499e-05,
Abell_3365A_noFix_pol_I_Farcsec_5pln_cor_crop_0019.npy,Abell_3365A_noFix_pol_I_Farcsec_5pln_cor,19,-1.5037990124255884e-05,3.877880590152927e-05,
J0658.5-5556_aFix_pol_I_Farcsec_5pln_cor_crop_0083.npy,J0658.5-5556_aFix_pol_I_Farcsec_5pln_cor,83,-1.5211503523460124e-05,4.380349491839297e-05,
Abell_2751_aFix_pol_I_Farcsec_5pln_cor_crop_0038.npy,Abell_2751_aFix_pol_I_Farcsec_5pln_cor,38,-2.5066670787055045e-05,4.310646909289062e-05,
Abell_2751_aFix_pol_I_Farcsec_5pln_cor_crop_0178.npy,Abell_2751_aFix_pol_I_Farcsec_5pln_cor,178,-2.5066670787055045e-05,4.310646909289062e-05,
J0516.6-5430_aFix_pol_I_Farcsec_5pln_cor_crop_0185.npy,J0516.6-5430_aFix_pol_I_Farcsec_5pln_cor,185,-1.4557363101630472e-05,3.583080251701176e-05,
J0638.7-5358_aFix_pol_I_Farcsec_5pln_cor_crop_0062.npy,J0638.7-5358_aFix_pol_I_Farcsec_5pln_cor,62,-1.4472521797870286e-05,3.7130746932234615e-05,
J0351.1-8212_aFix_pol_I_Farcsec_5pln_cor_crop_0176.npy,J0351.1-8212_aFix_pol_I_Farcsec_5pln_cor,176,-1.34867677843431e-05,3.901409581885673e-05,
J0528.9-3927_B_aFix_pol_I_Farcsec_5pln_cor_crop_0114.npy,J0528.9-3927_B_aFix_pol_I_Farcsec_5pln_cor,114,-1.3992802450957242e-05,3.4315333323320374e-05,
Abell_2645_noFix_pol_I_Farcsec_5pln_cor_crop_0170.npy,Abell_2645_noFix_pol_I_Farcsec_5pln_cor,170,-3.2132909836946055e-05,5.223612970439717e-05,
Abell_85_aFix_pol_I_Farcsec_5pln_cor_crop_0172.npy,Abell_85_aFix_pol_I_Farcsec_5pln_cor,172,-1.6969566786428913e-05,4.114058901905082e-05,
J0352.4-7401_aFix_pol_I_Farcsec_5pln_cor_crop_0063.npy,J0352.4-7401_aFix_pol_I_Farcsec_5pln_cor,63,-1.3432473679131364e-05,3.414728053030558e-05,
RXCJ2351.0-19_noFix_pol_I_Farcsec_5pln_cor_crop_0145.npy,RXCJ2351.0-19_noFix_pol_I_Farcsec_5pln_cor,145,-1.7816319086705334e-05,4.150596214458346e-05,
J0948.6-8327_aFix_pol_I_Farcsec_5pln_cor_crop_0087.npy,J0948.6-8327_aFix_pol_I_Farcsec_5pln_cor,87,-1.3834469427820297e-05,3.5308996302774176e-05,
RXC_J0520.7-1328_aFix_pol_I_Farcsec_5pln_cor_crop_0140.npy,RXC_J0520.7-1328_aFix_pol_I_Farcsec_5pln_cor,140,-4.763286779052578e-05,6.618209590669721e-05,
J0342.8-5338_aFix_pol_I_Farcsec_5pln_cor_crop_0064.npy,J0342.8-5338_aFix_pol_I_Farcsec_5pln_cor,64,-1.83263164217351e-05,3.698056025314145e-05,
Abell_3562_aFix_pol_I_Farcsec_5pln_cor_crop_0221.npy,Abell_3562_aFix_pol_I_Farcsec_5pln_cor,221,-2.032673728535883e-05,4.53729007858783e-05,
Abell_22_aFix_pol_I_Farcsec_5pln_cor_crop_0224.npy,Abell_22_aFix_pol_I_Farcsec_5pln_cor,224,-1.7687332729110494e-05,3.791484050452709e-05,
J0943.4-7619_aFix_pol_I_Farcsec_5pln_cor_crop_0076.npy,J0943.4-7619_aFix_pol_I_Farcsec_5pln_cor,76,-2.481557567080017e-05,4.054028249811381e-05,
Abell_4038_aFix_pol_I_Farcsec_5pln_cor_crop_0013.npy,Abell_4038_aFix_pol_I_Farcsec_5pln_cor,13,-1.8985389033332467e-05,4.2698269680840895e-05,
J0943.4-7619_aFix_pol_I_Farcsec_5pln_cor_crop_0134.npy,J0943.4-7619_aFix_pol_I_Farcsec_5pln_cor,134,-2.481557567080017e-05,4.054028249811381e-05,
J0528.9-3927_B_aFix_pol_I_Farcsec_5pln_cor_crop_0023.npy,J0528.9-3927_B_aFix_pol_I_Farcsec_5pln_cor,23,-1.3992802450957242e-05,3.4315333323320374e-05,
RXC_J0520.7-1328_aFix_pol_I_Farcsec_5pln_cor_crop_0091.npy,RXC_J0520.7-1328_aFix_pol_I_Farcsec_5pln_cor,91,-4.763286779052578e-05,6.618209590669721e-05,
J0108.5-4020_aFix_pol_I_Farcsec_5pln_cor_crop_0150.npy,J0108.5-4020_aFix_pol_I_Farcsec_5pln_cor,150,-1.5436331523233093e-05,3.3178752346429974e-05,
MACS_J0257.6-2209_noFix_pol_I_Farcsec_5pln_cor_crop_0056.npy,MACS_J0257.6-2209_noFix_pol_I_Farcsec_5pln_cor,56,-2.3381955543300137e-05,4.110854570171796e-05,
MACSJ0417.5-1155_aFix_pol_I_Farcsec_5pln_cor_crop_0124.npy,MACSJ0417.5-1155_aFix_pol_I_Farcsec_5pln_cor,124,-1.759273436618969e-05,4.197344605927356e-05,
J0658.5-5556_aFix_pol_I_Farcsec_5pln_cor_crop_0146.npy,J0658.5-5556_aFix_pol_I_Farcsec_5pln_cor,146,-1.5211503523460124e-05,4.380349491839297e-05,
J0216.3-4816_aFix_pol_I_Farcsec_5pln_cor_crop_0040.npy,J0216.3-4816_aFix_pol_I_Farcsec_5pln_cor,40,-1.5618124962202273e-05,5.211478855926544e-05,
J0540.1-4322_aFix_pol_I_Farcsec_5pln_cor_crop_0168.npy,J0540.1-4322_aFix_pol_I_Farcsec_5pln_cor,168,-2.016680991800968e-05,3.639713395386934e-05,
J0712.0-6030_aFix_pol_I_Farcsec_5pln_cor_crop_0031.npy,J0712.0-6030_aFix_pol_I_Farcsec_5pln_cor,31,-1.3525442227546591e-05,3.74543305952102e-05,
Abell_3365A_noFix_pol_I_Farcsec_5pln_cor_crop_0086.npy,Abell_3365A_noFix_pol_I_Farcsec_5pln_cor,86,-1.5037990124255884e-05,3.877880590152927e-05,
Abell_2597_noFix_pol_I_Farcsec_5pln_cor_crop_0072.npy,Abell_2597_noFix_pol_I_Farcsec_5pln_cor,72,-5.033568595536053e-05,6.417310942197219e-05,
Abell_168_aFix_pol_I_Farcsec_5pln_cor_crop_0103.npy,Abell_168_aFix_pol_I_Farcsec_5pln_cor,103,-2.51656529144384e-05,4.1941199015127495e-05,
MACS_J0257.6-2209_aFix_pol_I_Farcsec_5pln_cor_crop_0053.npy,MACS_J0257.6-2209_aFix_pol_I_Farcsec_5pln_cor,53,-2.1241523427306674e-05,4.082491795998067e-05,
J0117.8-5455_aFix_pol_I_Farcsec_5pln_cor_crop_0096.npy,J0117.8-5455_aFix_pol_I_Farcsec_5pln_cor,96,-1.313004395342432e-05,3.596906753955409e-05,
J0540.1-4322_aFix_pol_I_Farcsec_5pln_cor_crop_0019.npy,J0540.1-4322_aFix_pol_I_Farcsec_5pln_cor,19,-2.016680991800968e-05,3.639713395386934e-05,
J0943.4-7619_aFix_pol_I_Farcsec_5pln_cor_crop_0055.npy,J0943.4-7619_aFix_pol_I_Farcsec_5pln_cor,55,-2.481557567080017e-05,4.054028249811381e-05,
J0117.8-5455_aFix_pol_I_Farcsec_5pln_cor_crop_0176.npy,J0117.8-5455_aFix_pol_I_Farcsec_5pln_cor,176,-1.313004395342432e-05,3.596906753955409e-05,
Abell_3562_aFix_pol_I_Farcsec_5pln_cor_crop_0163.npy,Abell_3562_aFix_pol_I_Farcsec_5pln_cor,163,-2.032673728535883e-05,4.53729007858783e-05,
J1410.4-4246_aFix_pol_I_Farcsec_5pln_cor_crop_0013.npy,J1410.4-4246_aFix_pol_I_Farcsec_5pln_cor,13,-2.2075269953347743e-05,4.486642137635499e-05,
J0117.8-5455_aFix_pol_I_Farcsec_5pln_cor_crop_0159.npy,J0117.8-5455_aFix_pol_I_Farcsec_5pln_cor,159,-1.313004395342432e-05,3.596906753955409e-05,
J0336.3-4037_aFix_pol_I_Farcsec_5pln_cor_crop_0068.npy,J0336.3-4037_aFix_pol_I_Farcsec_5pln_cor,68,-1.9070150301558897e-05,3.8439713534899056e-05,
J1423.7-5412_aFix_pol_I_Farcsec_5pln_cor_crop_0115.npy,J1423.7-5412_aFix_pol_I_Farcsec_5pln_cor,115,-1.8973547412315384e-05,4.0196806367021054e-05,
Abell_141_aFix_pol_I_Farcsec_5pln_cor_crop_0082.npy,Abell_141_aFix_pol_I_Farcsec_5pln_cor,82,-1.6963114831014536e-05,3.675864718388766e-05,
Abell_2811_noFix_pol_I_Farcsec_5pln_cor_crop_0102.npy,Abell_2811_noFix_pol_I_Farcsec_5pln_cor,102,-5.993724334985018e-05,7.318957068491727e-05,
Abell_545_aFix_pol_I_Farcsec_5pln_cor_crop_0185.npy,Abell_545_aFix_pol_I_Farcsec_5pln_cor,185,-1.9454066205071285e-05,4.5050637709209695e-05,
Abell_4038_aFix_pol_I_Farcsec_5pln_cor_crop_0160.npy,Abell_4038_aFix_pol_I_Farcsec_5pln_cor,160,-1.8985389033332467e-05,4.2698269680840895e-05,
Abell_2744_aFix_pol_I_Farcsec_5pln_cor_crop_0200.npy,Abell_2744_aFix_pol_I_Farcsec_5pln_cor,200,-1.4511139852402266e-05,3.865708276862279e-05,
Abell_545_aFix_pol_I_Farcsec_5pln_cor_crop_0154.npy,Abell_545_aFix_pol_I_Farcsec_5pln_cor,154,-1.9454066205071285e-05,4.5050637709209695e-05,
J0516.6-5430_aFix_pol_I_Farcsec_5pln_cor_crop_0186.npy,J0516.6-5430_aFix_pol_I_Farcsec_5pln_cor,186,-1.4557363101630472e-05,3.583080251701176e-05,
Abell_521_noFix_pol_I_Farcsec_5pln_cor_crop_0177.npy,Abell_521_noFix_pol_I_Farcsec_5pln_cor,177,-1.8806747902999632e-05,4.423171412781812e-05,
J1840.6-7709_aFix_pol_I_Farcsec_5pln_cor_crop_0091.npy,J1840.6-7709_aFix_pol_I_Farcsec_5pln_cor,91,-1.7610127542866394e-05,4.188125240034424e-05,
J2319.2-6750_aFix_pol_I_Farcsec_5pln_cor_crop_0038.npy,J2319.2-6750_aFix_pol_I_Farcsec_5pln_cor,38,-1.762574174790643e-05,3.985196599387564e-05,
J0352.4-7401_aFix_pol_I_Farcsec_5pln_cor_crop_0030.npy,J0352.4-7401_aFix_pol_I_Farcsec_5pln_cor,30,-1.3432473679131364e-05,3.414728053030558e-05,
J1240.2-4825_aFix_pol_I_Farcsec_5pln_cor_crop_0166.npy,J1240.2-4825_aFix_pol_I_Farcsec_5pln_cor,166,-1.6159494407474995e-05,3.676811684272252e-05,
Abell_3558_aFix_pol_I_Farcsec_5pln_cor_crop_0116.npy,Abell_3558_aFix_pol_I_Farcsec_5pln_cor,116,-2.058644531643949e-05,4.082424857188016e-05,
J0738.1-7506_aFix_pol_I_Farcsec_5pln_cor_crop_0058.npy,J0738.1-7506_aFix_pol_I_Farcsec_5pln_cor,58,-1.3090567335893866e-05,3.692142854561098e-05,
Abell_3376copy_aFix_pol_I_Farcsec_5pln_cor_crop_0120.npy,Abell_3376copy_aFix_pol_I_Farcsec_5pln_cor,120,-1.6748330381233245e-05,4.895990059594624e-05,
Abell_548_aFix_pol_I_Farcsec_5pln_cor_crop_0062.npy,Abell_548_aFix_pol_I_Farcsec_5pln_cor,62,-1.682372203504201e-05,5.429780867416412e-05,
J1705.1-8210_aFix_pol_I_Farcsec_5pln_cor_crop_0084.npy,J1705.1-8210_aFix_pol_I_Farcsec_5pln_cor,84,-2.258976564917248e-05,4.054370947415009e-05,
MACS_J0257.6-2209_aFix_pol_I_Farcsec_5pln_cor_crop_0097.npy,MACS_J0257.6-2209_aFix_pol_I_Farcsec_5pln_cor,97,-2.1241523427306674e-05,4.082491795998067e-05,
J0145.0-5300_aFix_pol_I_Farcsec_5pln_cor_crop_0003.npy,J0145.0-5300_aFix_pol_I_Farcsec_5pln_cor,3,-1.4464765627053566e-05,3.505407221382484e-05,
Abell_3376_aFix_pol_I_Farcsec_5pln_cor_crop_0199.npy,Abell_3376_aFix_pol_I_Farcsec_5pln_cor,199,-1.6748330381233245e-05,4.895990059594624e-05,
Abell_3365_noFix_pol_I_Farcsec_5pln_cor_crop_0147.npy,Abell_3365_noFix_pol_I_Farcsec_5pln_cor,147,-3.684182956931181e-05,5.151375808054581e-05,
Abell_33_noFix_pol_I_Farcsec_5pln_cor_crop_0074.npy,Abell_33_noFix_pol_I_Farcsec_5pln_cor,74,-2.8547556212288328e-05,4.8568657803116366e-05,
Abell_2811_noFix_pol_I_Farcsec_5pln_cor_crop_0019.npy,Abell_2811_noFix_pol_I_Farcsec_5pln_cor,19,-5.993724334985018e-05,7.318957068491727e-05,
J0232.2-4420_aFix_pol_I_Farcsec_5pln_cor_crop_0183.npy,J0232.2-4420_aFix_pol_I_Farcsec_5pln_cor,183,-1.3283781299833208e-05,3.414206730667502e-05,
J0145.2-6033_aFix_pol_I_Farcsec_5pln_cor_crop_0035.npy,J0145.2-6033_aFix_pol_I_Farcsec_5pln_cor,35,-1.2114905985072257e-05,3.299051968497224e-05,
Abell_2645_noFix_pol_I_Farcsec_5pln_cor_crop_0151.npy,Abell_2645_noFix_pol_I_Farcsec_5pln_cor,151,-3.2132909836946055e-05,5.223612970439717e-05,
MACS_J0257.6-2209_noFix_pol_I_Farcsec_5pln_cor_crop_0093.npy,MACS_J0257.6-2209_noFix_pol_I_Farcsec_5pln_cor,93,-2.3381955543300137e-05,4.110854570171796e-05,
J0637.3-4828_aFix_pol_I_Farcsec_5pln_cor_crop_0221.npy,J0637.3-4828_aFix_pol_I_Farcsec_5pln_cor,221,-1.5409788829856552e-05,3.9739050407661125e-05,
Abell_2597_noFix_pol_I_Farcsec_5pln_cor_crop_0116.npy,Abell_2597_noFix_pol_I_Farcsec_5pln_cor,116,-5.033568595536053e-05,6.417310942197219e-05,
MACS_J0257.6-2209_aFix_pol_I_Farcsec_5pln_cor_crop_0003.npy,MACS_J0257.6-2209_aFix_pol_I_Farcsec_5pln_cor,3,-2.1241523427306674e-05,4.082491795998067e-05,
J2023.4-5535_aFix_pol_I_Farcsec_5pln_cor_crop_0134.npy,J2023.4-5535_aFix_pol_I_Farcsec_5pln_cor,134,-2.326385947526433e-05,4.042817090521567e-05,
Abell_370_afix_pol_I_Farcsec_5pln_cor_crop_0174.npy,Abell_370_afix_pol_I_Farcsec_5pln_cor,174,-3.905647463398054e-05,5.590072396444157e-05,
Abell_22_aFix_pol_I_Farcsec_5pln_cor_crop_0207.npy,Abell_22_aFix_pol_I_Farcsec_5pln_cor,207,-1.7687332729110494e-05,3.791484050452709e-05,
J1358.9-4750_aFix_pol_I_Farcsec_5pln_cor_crop_0131.npy,J1358.9-4750_aFix_pol_I_Farcsec_5pln_cor,131,-2.6460520530235957e-05,4.666853419621475e-05,
Abell_370_afix_pol_I_Farcsec_5pln_cor_crop_0116.npy,Abell_370_afix_pol_I_Farcsec_5pln_cor,116,-3.905647463398054e-05,5.590072396444157e-05,
J0145.0-5300_aFix_pol_I_Farcsec_5pln_cor_crop_0006.npy,J0145.0-5300_aFix_pol_I_Farcsec_5pln_cor,6,-1.4464765627053566e-05,3.505407221382484e-05,
J0543.4-4430_aFix_pol_I_Farcsec_5pln_cor_crop_0065.npy,J0543.4-4430_aFix_pol_I_Farcsec_5pln_cor,65,-1.920615613926202e-05,4.022587017971091e-05,
MACSJ0417.5-1155_aFix_pol_I_Farcsec_5pln_cor_crop_0061.npy,MACSJ0417.5-1155_aFix_pol_I_Farcsec_5pln_cor,61,-1.759273436618969e-05,4.197344605927356e-05,
Abell_3365A_noFix_pol_I_Farcsec_5pln_cor_crop_0155.npy,Abell_3365A_noFix_pol_I_Farcsec_5pln_cor,155,-1.5037990124255884e-05,3.877880590152927e-05,
J1601.7-7544_aFix_pol_I_Farcsec_5pln_cor_crop_0178.npy,J1601.7-7544_aFix_pol_I_Farcsec_5pln_cor,178,-1.893065564217977e-05,4.2162908357568085e-05,
Abell_2811_noFix_pol_I_Farcsec_5pln_cor_crop_0090.npy,Abell_2811_noFix_pol_I_Farcsec_5pln_cor,90,-5.993724334985018e-05,7.318957068491727e-05,
J0610.5-4848_aFix_pol_I_Farcsec_5pln_cor_crop_0064.npy,J0610.5-4848_aFix_pol_I_Farcsec_5pln_cor,64,-1.432743010809645e-05,3.869758802466095e-05,
J0631.3-5610_aFix_pol_I_Farcsec_5pln_cor_crop_0086.npy,J0631.3-5610_aFix_pol_I_Farcsec_5pln_cor,86,-1.3746558579441626e-05,3.730034950422123e-05,
J0542.8-4100_aFix_pol_I_Farcsec_5pln_cor_crop_0045.npy,J0542.8-4100_aFix_pol_I_Farcsec_5pln_cor,45,-1.260944191017188e-05,3.595814996515401e-05,
J0342.8-5338_aFix_pol_I_Farcsec_5pln_cor_crop_0174.npy,J0342.8-5338_aFix_pol_I_Farcsec_5pln_cor,174,-1.83263164217351e-05,3.698056025314145e-05,
J1040.7-7047_aFix_pol_I_Farcsec_5pln_cor_crop_0031.npy,J1040.7-7047_aFix_pol_I_Farcsec_5pln_cor,31,-2.545410461607389e-05,4.294725295039825e-05,
J0631.3-5610_aFix_pol_I_Farcsec_5pln_cor_crop_0142.npy,J0631.3-5610_aFix_pol_I_Farcsec_5pln_cor,142,-1.3746558579441626e-05,3.730034950422123e-05,
J0314.3-4525_aFix_pol_I_Farcsec_5pln_cor_crop_0012.npy,J0314.3-4525_aFix_pol_I_Farcsec_5pln_cor,12,-1.2252019587322138e-05,3.824526356766e-05,
J0216.3-4816_aFix_pol_I_Farcsec_5pln_cor_crop_0107.npy,J0216.3-4816_aFix_pol_I_Farcsec_5pln_cor,107,-1.5618124962202273e-05,5.211478855926544e-05,
J0145.0-5300_aFix_pol_I_Farcsec_5pln_cor_crop_0155.npy,J0145.0-5300_aFix_pol_I_Farcsec_5pln_cor,155,-1.4464765627053566e-05,3.505407221382484e-05,
J0431.4-6126_aFix_pol_I_Farcsec_5pln_cor_crop_0009.npy,J0431.4-6126_aFix_pol_I_Farcsec_5pln_cor,9,-2.59030784945935e-05,4.582747351378202e-05,
J1840.6-7709_aFix_pol_I_Farcsec_5pln_cor_crop_0005.npy,J1840.6-7709_aFix_pol_I_Farcsec_5pln_cor,5,-1.7610127542866394e-05,4.188125240034424e-05,
Abell_3365_noFix_pol_I_Farcsec_5pln_cor_crop_0133.npy,Abell_3365_noFix_pol_I_Farcsec_5pln_cor,133,-3.684182956931181e-05,5.151375808054581e-05,
Abell_3376copy_aFix_pol_I_Farcsec_5pln_cor_crop_0055.npy,Abell_3376copy_aFix_pol_I_Farcsec_5pln_cor,55,-1.6748330381233245e-05,4.895990059594624e-05,
Abell_3667_aFix_pol_I_Farcsec_5pln_cor_crop_0205.npy,Abell_3667_aFix_pol_I_Farcsec_5pln_cor,205,-3.163510700687766e-05,0.0001603437995072,
J0027.3-5015_aFix_pol_I_Farcsec_5pln_cor_crop_0118.npy,J0027.3-5015_aFix_pol_I_Farcsec_5pln_cor,118,-1.4346433999889996e-05,3.467470014584251e-05,
J1840.6-7709_aFix_pol_I_Farcsec_5pln_cor_crop_0112.npy,J1840.6-7709_aFix_pol_I_Farcsec_5pln_cor,112,-1.7610127542866394e-05,4.188125240034424e-05,
J0637.3-4828_aFix_pol_I_Farcsec_5pln_cor_crop_0083.npy,J0637.3-4828_aFix_pol_I_Farcsec_5pln_cor,83,-1.5409788829856552e-05,3.9739050407661125e-05,
J2222.2-5235_aFix_pol_I_Farcsec_5pln_cor_crop_0127.npy,J2222.2-5235_aFix_pol_I_Farcsec_5pln_cor,127,-2.0340692572062835e-05,4.029700721730478e-05,
RXCJ2351.0-19_noFix_pol_I_Farcsec_5pln_cor_crop_0124.npy,RXCJ2351.0-19_noFix_pol_I_Farcsec_5pln_cor,124,-1.7816319086705334e-05,4.150596214458346e-05,
J1653.0-5943_aFix_pol_I_Farcsec_5pln_cor_crop_0215.npy,J1653.0-5943_aFix_pol_I_Farcsec_5pln_cor,215,-2.6878653443418443e-05,3.650951839517802e-05,
Abell_2597_noFix_pol_I_Farcsec_5pln_cor_crop_0163.npy,Abell_2597_noFix_pol_I_Farcsec_5pln_cor,163,-5.033568595536053e-05,6.417310942197219e-05,
J1705.1-8210_aFix_pol_I_Farcsec_5pln_cor_crop_0146.npy,J1705.1-8210_aFix_pol_I_Farcsec_5pln_cor,146,-2.258976564917248e-05,4.054370947415009e-05,
J0745.1-5404_aFix_pol_I_Farcsec_5pln_cor_crop_0199.npy,J0745.1-5404_aFix_pol_I_Farcsec_5pln_cor,199,-1.8277149138157256e-05,3.714456397574395e-05,
J0627.2-5428_aFix_pol_I_Farcsec_5pln_cor_crop_0120.npy,J0627.2-5428_aFix_pol_I_Farcsec_5pln_cor,120,-3.725358692463488e-05,5.157724808668718e-05,
J0342.8-5338_aFix_pol_I_Farcsec_5pln_cor_crop_0024.npy,J0342.8-5338_aFix_pol_I_Farcsec_5pln_cor,24,-1.83263164217351e-05,3.698056025314145e-05,
J1240.2-4825_aFix_pol_I_Farcsec_5pln_cor_crop_0001.npy,J1240.2-4825_aFix_pol_I_Farcsec_5pln_cor,1,-1.6159494407474995e-05,3.676811684272252e-05,
Abell_3558_aFix_pol_I_Farcsec_5pln_cor_crop_0047.npy,Abell_3558_aFix_pol_I_Farcsec_5pln_cor,47,-2.058644531643949e-05,4.082424857188016e-05,
Abell_3558_aFix_pol_I_Farcsec_5pln_cor_crop_0065.npy,Abell_3558_aFix_pol_I_Farcsec_5pln_cor,65,-2.058644531643949e-05,4.082424857188016e-05,
Abell_168_aFix_pol_I_Farcsec_5pln_cor_crop_0181.npy,Abell_168_aFix_pol_I_Farcsec_5pln_cor,181,-2.51656529144384e-05,4.1941199015127495e-05,
J1145.6-5420_aFix_pol_I_Farcsec_5pln_cor_crop_0113.npy,J1145.6-5420_aFix_pol_I_Farcsec_5pln_cor,113,-1.6585625417064875e-05,3.3761494705686346e-05,
J1653.0-5943_aFix_pol_I_Farcsec_5pln_cor_crop_0055.npy,J1653.0-5943_aFix_pol_I_Farcsec_5pln_cor,55,-2.6878653443418443e-05,3.650951839517802e-05,
J0014.3-6604_aFix_pol_I_Farcsec_5pln_cor_crop_0148.npy,J0014.3-6604_aFix_pol_I_Farcsec_5pln_cor,148,-1.2331886864558328e-05,3.584220394259319e-05,
J0431.4-6126_aFix_pol_I_Farcsec_5pln_cor_crop_0168.npy,J0431.4-6126_aFix_pol_I_Farcsec_5pln_cor,168,-2.59030784945935e-05,4.582747351378202e-05,
J0431.4-6126_aFix_pol_I_Farcsec_5pln_cor_crop_0186.npy,J0431.4-6126_aFix_pol_I_Farcsec_5pln_cor,186,-2.59030784945935e-05,4.582747351378202e-05,
MACSJ_0025.4-1222B_aFix_pol_I_Farcsec_5pln_cor_crop_0004.npy,MACSJ_0025.4-1222B_aFix_pol_I_Farcsec_5pln_cor,4,-2.179453076678328e-05,4.608399467542768e-05,
J0607.0-4928_aFix_pol_I_Farcsec_5pln_cor_crop_0017.npy,J0607.0-4928_aFix_pol_I_Farcsec_5pln_cor,17,-1.727664130157791e-05,3.109658064204268e-05,
J2319.2-6750_aFix_pol_I_Farcsec_5pln_cor_crop_0098.npy,J2319.2-6750_aFix_pol_I_Farcsec_5pln_cor,98,-1.762574174790643e-05,3.985196599387564e-05,
J0943.4-7619_aFix_pol_I_Farcsec_5pln_cor_crop_0007.npy,J0943.4-7619_aFix_pol_I_Farcsec_5pln_cor,7,-2.481557567080017e-05,4.054028249811381e-05,
J0820.9-5704_aFix_pol_I_Farcsec_5pln_cor_crop_0106.npy,J0820.9-5704_aFix_pol_I_Farcsec_5pln_cor,106,-1.654735388001427e-05,3.4318985854042694e-05,
J0631.3-5610_aFix_pol_I_Farcsec_5pln_cor_crop_0099.npy,J0631.3-5610_aFix_pol_I_Farcsec_5pln_cor,99,-1.3746558579441626e-05,3.730034950422123e-05,
J0051.1-4833_aFix_pol_I_Farcsec_5pln_cor_crop_0077.npy,J0051.1-4833_aFix_pol_I_Farcsec_5pln_cor,77,-1.4088746866036672e-05,3.274881237302907e-05,
J2023.4-5535_aFix_pol_I_Farcsec_5pln_cor_crop_0004.npy,J2023.4-5535_aFix_pol_I_Farcsec_5pln_cor,4,-2.326385947526433e-05,4.042817090521567e-05,
J0645.4-5413_aFix_pol_I_Farcsec_5pln_cor_crop_0183.npy,J0645.4-5413_aFix_pol_I_Farcsec_5pln_cor,183,-1.871160566224717e-05,4.457303657545708e-05,
J0525.8-4715_aFix_pol_I_Farcsec_5pln_cor_crop_0157.npy,J0525.8-4715_aFix_pol_I_Farcsec_5pln_cor,157,-1.611813422641717e-05,4.044059460284189e-05,
J0658.5-5556_aFix_pol_I_Farcsec_5pln_cor_crop_0073.npy,J0658.5-5556_aFix_pol_I_Farcsec_5pln_cor,73,-1.5211503523460124e-05,4.380349491839297e-05,
J0658.5-5556_aFix_pol_I_Farcsec_5pln_cor_crop_0070.npy,J0658.5-5556_aFix_pol_I_Farcsec_5pln_cor,70,-1.5211503523460124e-05,4.380349491839297e-05,
Abell_4038_aFix_pol_I_Farcsec_5pln_cor_crop_0145.npy,Abell_4038_aFix_pol_I_Farcsec_5pln_cor,145,-1.8985389033332467e-05,4.2698269680840895e-05,
J0616.8-4748_aFix_pol_I_Farcsec_5pln_cor_crop_0096.npy,J0616.8-4748_aFix_pol_I_Farcsec_5pln_cor,96,-1.6417492588516325e-05,3.9486680179834366e-05,
J0216.3-4816_aFix_pol_I_Farcsec_5pln_cor_crop_0065.npy,J0216.3-4816_aFix_pol_I_Farcsec_5pln_cor,65,-1.5618124962202273e-05,5.211478855926544e-05,
J1645.4-7334_aFix_pol_I_Farcsec_5pln_cor_crop_0096.npy,J1645.4-7334_aFix_pol_I_Farcsec_5pln_cor,96,-2.7542228053789582e-05,5.101114220451564e-05,
J0216.3-4816_aFix_pol_I_Farcsec_5pln_cor_crop_0011.npy,J0216.3-4816_aFix_pol_I_Farcsec_5pln_cor,11,-1.5618124962202273e-05,5.211478855926544e-05,
Abell_133_aFix_pol_I_Farcsec_5pln_cor_crop_0114.npy,Abell_133_aFix_pol_I_Farcsec_5pln_cor,114,-1.6750700524426065e-05,3.861152799800038e-05,
Abell_521_noFix_pol_I_Farcsec_5pln_cor_crop_0169.npy,Abell_521_noFix_pol_I_Farcsec_5pln_cor,169,-1.8806747902999632e-05,4.423171412781812e-05,
J0416.7-5525_aFix_pol_I_Farcsec_5pln_cor_crop_0172.npy,J0416.7-5525_aFix_pol_I_Farcsec_5pln_cor,172,-1.4703909073432442e-05,4.304752292227931e-05,
J1539.5-8335_aFix_pol_I_Farcsec_5pln_cor_crop_0033.npy,J1539.5-8335_aFix_pol_I_Farcsec_5pln_cor,33,-1.7301776097156107e-05,3.6628662201110274e-05,
MACS_J0257.6-2209_noFix_pol_I_Farcsec_5pln_cor_crop_0174.npy,MACS_J0257.6-2209_noFix_pol_I_Farcsec_5pln_cor,174,-2.3381955543300137e-05,4.110854570171796e-05,
Abell_548_Cen_aFix_pol_I_Farcsec_5pln_cor_crop_0027.npy,Abell_548_Cen_aFix_pol_I_Farcsec_5pln_cor,27,-1.6901160051929764e-05,5.435498314909637e-05,
J1535.1-4658_aFix_pol_I_Farcsec_5pln_cor_crop_0142.npy,J1535.1-4658_aFix_pol_I_Farcsec_5pln_cor,142,-2.547855729062576e-05,3.796764576691203e-05,
Abell_3667_aFix_pol_I_Farcsec_5pln_cor_crop_0188.npy,Abell_3667_aFix_pol_I_Farcsec_5pln_cor,188,-3.163510700687766e-05,0.0001603437995072,
J0212.8-4707_aFix_pol_I_Farcsec_5pln_cor_crop_0003.npy,J0212.8-4707_aFix_pol_I_Farcsec_5pln_cor,3,-1.7747841411619447e-05,3.736264625331387e-05,
J0757.7-5315_aFix_pol_I_Farcsec_5pln_cor_crop_0102.npy,J0757.7-5315_aFix_pol_I_Farcsec_5pln_cor,102,-1.5817182429600507e-05,3.550770634319633e-05,
J1653.0-5943_aFix_pol_I_Farcsec_5pln_cor_crop_0196.npy,J1653.0-5943_aFix_pol_I_Farcsec_5pln_cor,196,-2.6878653443418443e-05,3.650951839517802e-05,
J0607.0-4928_aFix_pol_I_Farcsec_5pln_cor_crop_0060.npy,J0607.0-4928_aFix_pol_I_Farcsec_5pln_cor,60,-1.727664130157791e-05,3.109658064204268e-05,
Abell_85_aFix_pol_I_Farcsec_5pln_cor_crop_0077.npy,Abell_85_aFix_pol_I_Farcsec_5pln_cor,77,-1.6969566786428913e-05,4.114058901905082e-05,
Abell_2813_noFix_pol_I_Farcsec_5pln_cor_crop_0027.npy,Abell_2813_noFix_pol_I_Farcsec_5pln_cor,27,-2.1553638362092897e-05,4.1060964576900005e-05,
J0645.4-5413_aFix_pol_I_Farcsec_5pln_cor_crop_0149.npy,J0645.4-5413_aFix_pol_I_Farcsec_5pln_cor,149,-1.871160566224717e-05,4.457303657545708e-05,
J1248.7-4118_aFix_pol_I_Farcsec_5pln_cor_crop_0179.npy,J1248.7-4118_aFix_pol_I_Farcsec_5pln_cor,179,-3.831612048088573e-05,5.340838833944872e-05,
J2104.9-8243_aFix_pol_I_Farcsec_5pln_cor_crop_0154.npy,J2104.9-8243_aFix_pol_I_Farcsec_5pln_cor,154,-1.633186730032321e-05,3.551336703822017e-05,
Abell_521_noFix_pol_I_Farcsec_5pln_cor_crop_0176.npy,Abell_521_noFix_pol_I_Farcsec_5pln_cor,176,-1.8806747902999632e-05,4.423171412781812e-05,
J1601.7-7544_aFix_pol_I_Farcsec_5pln_cor_crop_0165.npy,J1601.7-7544_aFix_pol_I_Farcsec_5pln_cor,165,-1.893065564217977e-05,4.2162908357568085e-05,
J0757.7-5315_aFix_pol_I_Farcsec_5pln_cor_crop_0057.npy,J0757.7-5315_aFix_pol_I_Farcsec_5pln_cor,57,-1.5817182429600507e-05,3.550770634319633e-05,
J1705.1-8210_aFix_pol_I_Farcsec_5pln_cor_crop_0042.npy,J1705.1-8210_aFix_pol_I_Farcsec_5pln_cor,42,-2.258976564917248e-05,4.054370947415009e-05,
Abell_3376_aFix_pol_I_Farcsec_5pln_cor_crop_0004.npy,Abell_3376_aFix_pol_I_Farcsec_5pln_cor,4,-1.6748330381233245e-05,4.895990059594624e-05,
J0631.3-5610_aFix_pol_I_Farcsec_5pln_cor_crop_0167.npy,J0631.3-5610_aFix_pol_I_Farcsec_5pln_cor,167,-1.3746558579441626e-05,3.730034950422123e-05,
Abell_3376copy_aFix_pol_I_Farcsec_5pln_cor_crop_0133.npy,Abell_3376copy_aFix_pol_I_Farcsec_5pln_cor,133,-1.6748330381233245e-05,4.895990059594624e-05,
MACSJ0417.5-1155_aFix_pol_I_Farcsec_5pln_cor_crop_0069.npy,MACSJ0417.5-1155_aFix_pol_I_Farcsec_5pln_cor,69,-1.759273436618969e-05,4.197344605927356e-05,
J0607.0-4928_aFix_pol_I_Farcsec_5pln_cor_crop_0147.npy,J0607.0-4928_aFix_pol_I_Farcsec_5pln_cor,147,-1.727664130157791e-05,3.109658064204268e-05,
Abell_133_aFix_pol_I_Farcsec_5pln_cor_crop_0067.npy,Abell_133_aFix_pol_I_Farcsec_5pln_cor,67,-1.6750700524426065e-05,3.861152799800038e-05,
J0820.9-5704_aFix_pol_I_Farcsec_5pln_cor_crop_0117.npy,J0820.9-5704_aFix_pol_I_Farcsec_5pln_cor,117,-1.654735388001427e-05,3.4318985854042694e-05,
Abell_209_aFix_pol_I_Farcsec_5pln_cor_crop_0178.npy,Abell_209_aFix_pol_I_Farcsec_5pln_cor,178,-2.1105859559611417e-05,4.098449426237494e-05,
J0145.0-5300_aFix_pol_I_Farcsec_5pln_cor_crop_0031.npy,J0145.0-5300_aFix_pol_I_Farcsec_5pln_cor,31,-1.4464765627053566e-05,3.505407221382484e-05,
J0645.4-5413_aFix_pol_I_Farcsec_5pln_cor_crop_0078.npy,J0645.4-5413_aFix_pol_I_Farcsec_5pln_cor,78,-1.871160566224717e-05,4.457303657545708e-05,
J1518.3-4632_aFix_pol_I_Farcsec_5pln_cor_crop_0154.npy,J1518.3-4632_aFix_pol_I_Farcsec_5pln_cor,154,-2.6316898583900183e-05,3.836355244857259e-05,
J0540.1-4322_aFix_pol_I_Farcsec_5pln_cor_crop_0045.npy,J0540.1-4322_aFix_pol_I_Farcsec_5pln_cor,45,-2.016680991800968e-05,3.639713395386934e-05,
Abell_209_aFix_pol_I_Farcsec_5pln_cor_crop_0147.npy,Abell_209_aFix_pol_I_Farcsec_5pln_cor,147,-2.1105859559611417e-05,4.098449426237494e-05,
MACSJ0417.5-1155_aFix_pol_I_Farcsec_5pln_cor_crop_0089.npy,MACSJ0417.5-1155_aFix_pol_I_Farcsec_5pln_cor,89,-1.759273436618969e-05,4.197344605927356e-05,
Abell_3376copy_aFix_pol_I_Farcsec_5pln_cor_crop_0205.npy,Abell_3376copy_aFix_pol_I_Farcsec_5pln_cor,205,-1.6748330381233245e-05,4.895990059594624e-05,
Abell_3562_aFix_pol_I_Farcsec_5pln_cor_crop_0169.npy,Abell_3562_aFix_pol_I_Farcsec_5pln_cor,169,-2.032673728535883e-05,4.53729007858783e-05,
Abell_3365_noFix_pol_I_Farcsec_5pln_cor_crop_0081.npy,Abell_3365_noFix_pol_I_Farcsec_5pln_cor,81,-3.684182956931181e-05,5.151375808054581e-05,
Abell_3558_aFix_pol_I_Farcsec_5pln_cor_crop_0220.npy,Abell_3558_aFix_pol_I_Farcsec_5pln_cor,220,-2.058644531643949e-05,4.082424857188016e-05,
RXCJ1314_aFix_pol_I_Farcsec_5pln_cor_crop_0208.npy,RXCJ1314_aFix_pol_I_Farcsec_5pln_cor,208,-2.6271653041476384e-05,4.702054502558895e-05,
J0528.9-3927_B_aFix_pol_I_Farcsec_5pln_cor_crop_0125.npy,J0528.9-3927_B_aFix_pol_I_Farcsec_5pln_cor,125,-1.3992802450957242e-05,3.4315333323320374e-05,
J0416.7-5525_aFix_pol_I_Farcsec_5pln_cor_crop_0094.npy,J0416.7-5525_aFix_pol_I_Farcsec_5pln_cor,94,-1.4703909073432442e-05,4.304752292227931e-05,
J1653.0-5943_aFix_pol_I_Farcsec_5pln_cor_crop_0128.npy,J1653.0-5943_aFix_pol_I_Farcsec_5pln_cor,128,-2.6878653443418443e-05,3.650951839517802e-05,
Bullet_aFix_pol_I_Farcsec_5pln_cor_crop_0187.npy,Bullet_aFix_pol_I_Farcsec_5pln_cor,187,-1.5211503523460124e-05,4.380349491839297e-05,
J1840.6-7709_aFix_pol_I_Farcsec_5pln_cor_crop_0008.npy,J1840.6-7709_aFix_pol_I_Farcsec_5pln_cor,8,-1.7610127542866394e-05,4.188125240034424e-05,
J1423.7-5412_aFix_pol_I_Farcsec_5pln_cor_crop_0138.npy,J1423.7-5412_aFix_pol_I_Farcsec_5pln_cor,138,-1.8973547412315384e-05,4.0196806367021054e-05,
J0540.1-4322_aFix_pol_I_Farcsec_5pln_cor_crop_0044.npy,J0540.1-4322_aFix_pol_I_Farcsec_5pln_cor,44,-2.016680991800968e-05,3.639713395386934e-05,
J0525.8-4715_aFix_pol_I_Farcsec_5pln_cor_crop_0147.npy,J0525.8-4715_aFix_pol_I_Farcsec_5pln_cor,147,-1.611813422641717e-05,4.044059460284189e-05,
J0812.5-5714_aFix_pol_I_Farcsec_5pln_cor_crop_0104.npy,J0812.5-5714_aFix_pol_I_Farcsec_5pln_cor,104,-1.797733420971781e-05,3.096696309512481e-05,
Abell_545_aFix_pol_I_Farcsec_5pln_cor_crop_0061.npy,Abell_545_aFix_pol_I_Farcsec_5pln_cor,61,-1.9454066205071285e-05,4.5050637709209695e-05,
J0637.3-4828_aFix_pol_I_Farcsec_5pln_cor_crop_0188.npy,J0637.3-4828_aFix_pol_I_Farcsec_5pln_cor,188,-1.5409788829856552e-05,3.9739050407661125e-05,
MACSJ0417.5-1155_aFix_pol_I_Farcsec_5pln_cor_crop_0050.npy,MACSJ0417.5-1155_aFix_pol_I_Farcsec_5pln_cor,50,-1.759273436618969e-05,4.197344605927356e-05,
Abell_2751_aFix_pol_I_Farcsec_5pln_cor_crop_0199.npy,Abell_2751_aFix_pol_I_Farcsec_5pln_cor,199,-2.5066670787055045e-05,4.310646909289062e-05,
Abell_S1063_nofix_pol_I_Farcsec_5pln_cor_crop_0185.npy,Abell_S1063_nofix_pol_I_Farcsec_5pln_cor,185,-1.3156100976630114e-05,3.549207394826226e-05,
Abell_3365A_noFix_pol_I_Farcsec_5pln_cor_crop_0077.npy,Abell_3365A_noFix_pol_I_Farcsec_5pln_cor,77,-1.5037990124255884e-05,3.877880590152927e-05,
J1201.0-4623_aFix_pol_I_Farcsec_5pln_cor_crop_0134.npy,J1201.0-4623_aFix_pol_I_Farcsec_5pln_cor,134,-1.437526134395739e-05,3.895712870871648e-05,
Abell_2744_aFix_pol_I_Farcsec_5pln_cor_crop_0217.npy,Abell_2744_aFix_pol_I_Farcsec_5pln_cor,217,-1.4511139852402266e-05,3.865708276862279e-05,
RXC_J0520.7-1328_aFix_pol_I_Farcsec_5pln_cor_crop_0068.npy,RXC_J0520.7-1328_aFix_pol_I_Farcsec_5pln_cor,68,-4.763286779052578e-05,6.618209590669721e-05,
J0600.8-5835_aFix_pol_I_Farcsec_5pln_cor_crop_0078.npy,J0600.8-5835_aFix_pol_I_Farcsec_5pln_cor,78,-1.2947120012540836e-05,3.535595169523731e-05,
J1653.0-5943_aFix_pol_I_Farcsec_5pln_cor_crop_0150.npy,J1653.0-5943_aFix_pol_I_Farcsec_5pln_cor,150,-2.6878653443418443e-05,3.650951839517802e-05,
J0658.5-5556_aFix_pol_I_Farcsec_5pln_cor_crop_0012.npy,J0658.5-5556_aFix_pol_I_Farcsec_5pln_cor,12,-1.5211503523460124e-05,4.380349491839297e-05,
J0948.6-8327_aFix_pol_I_Farcsec_5pln_cor_crop_0020.npy,J0948.6-8327_aFix_pol_I_Farcsec_5pln_cor,20,-1.3834469427820297e-05,3.5308996302774176e-05,
Abell_22_aFix_pol_I_Farcsec_5pln_cor_crop_0155.npy,Abell_22_aFix_pol_I_Farcsec_5pln_cor,155,-1.7687332729110494e-05,3.791484050452709e-05,
J0738.1-7506_aFix_pol_I_Farcsec_5pln_cor_crop_0106.npy,J0738.1-7506_aFix_pol_I_Farcsec_5pln_cor,106,-1.3090567335893866e-05,3.692142854561098e-05,
Abell_33_noFix_pol_I_Farcsec_5pln_cor_crop_0020.npy,Abell_33_noFix_pol_I_Farcsec_5pln_cor,20,-2.8547556212288328e-05,4.8568657803116366e-05,
Abell_3562_aFix_pol_I_Farcsec_5pln_cor_crop_0210.npy,Abell_3562_aFix_pol_I_Farcsec_5pln_cor,210,-2.032673728535883e-05,4.53729007858783e-05,
J0626.3-5341_aFix_pol_I_Farcsec_5pln_cor_crop_0041.npy,J0626.3-5341_aFix_pol_I_Farcsec_5pln_cor,41,-2.286754715896677e-05,4.3426152842585e-05,
Abell_2744_aFix_pol_I_Farcsec_5pln_cor_crop_0006.npy,Abell_2744_aFix_pol_I_Farcsec_5pln_cor,6,-1.4511139852402266e-05,3.865708276862279e-05,
J1653.0-5943_aFix_pol_I_Farcsec_5pln_cor_crop_0045.npy,J1653.0-5943_aFix_pol_I_Farcsec_5pln_cor,45,-2.6878653443418443e-05,3.650951839517802e-05,
J0820.9-5704_aFix_pol_I_Farcsec_5pln_cor_crop_0206.npy,J0820.9-5704_aFix_pol_I_Farcsec_5pln_cor,206,-1.654735388001427e-05,3.4318985854042694e-05,
J1840.6-7709_aFix_pol_I_Farcsec_5pln_cor_crop_0006.npy,J1840.6-7709_aFix_pol_I_Farcsec_5pln_cor,6,-1.7610127542866394e-05,4.188125240034424e-05,
J0416.7-5525_aFix_pol_I_Farcsec_5pln_cor_crop_0006.npy,J0416.7-5525_aFix_pol_I_Farcsec_5pln_cor,6,-1.4703909073432442e-05,4.304752292227931e-05,
J0645.4-5413_aFix_pol_I_Farcsec_5pln_cor_crop_0065.npy,J0645.4-5413_aFix_pol_I_Farcsec_5pln_cor,65,-1.871160566224717e-05,4.457303657545708e-05,
J0431.4-6126_aFix_pol_I_Farcsec_5pln_cor_crop_0156.npy,J0431.4-6126_aFix_pol_I_Farcsec_5pln_cor,156,-2.59030784945935e-05,4.582747351378202e-05,
J0225.9-4154_aFix_pol_I_Farcsec_5pln_cor_crop_0083.npy,J0225.9-4154_aFix_pol_I_Farcsec_5pln_cor,83,-1.4831659427727573e-05,3.976373773184605e-05,
J0145.0-5300_aFix_pol_I_Farcsec_5pln_cor_crop_0146.npy,J0145.0-5300_aFix_pol_I_Farcsec_5pln_cor,146,-1.4464765627053566e-05,3.505407221382484e-05,
J0317.9-4414_aFix_pol_I_Farcsec_5pln_cor_crop_0114.npy,J0317.9-4414_aFix_pol_I_Farcsec_5pln_cor,114,-1.825527215260081e-05,4.13110428780783e-05,
J2340.1-8510_aFix_pol_I_Farcsec_5pln_cor_crop_0050.npy,J2340.1-8510_aFix_pol_I_Farcsec_5pln_cor,50,-1.53458950080676e-05,3.938611553166993e-05,
J0303.7-7752_aFix_pol_I_Farcsec_5pln_cor_crop_0036.npy,J0303.7-7752_aFix_pol_I_Farcsec_5pln_cor,36,-1.6216928997891955e-05,3.944924537790939e-05,
J0314.3-4525_aFix_pol_I_Farcsec_5pln_cor_crop_0024.npy,J0314.3-4525_aFix_pol_I_Farcsec_5pln_cor,24,-1.2252019587322138e-05,3.824526356766e-05,
J0510.2-4519_aFix_pol_I_Farcsec_5pln_cor_crop_0036.npy,J0510.2-4519_aFix_pol_I_Farcsec_5pln_cor,36,-1.650593003432732e-05,3.797405952354893e-05,
Abell_13_noFix_pol_I_Farcsec_5pln_cor_crop_0115.npy,Abell_13_noFix_pol_I_Farcsec_5pln_cor,115,-1.9173105101799592e-05,3.867880150210112e-05,
J0626.3-5341_aFix_pol_I_Farcsec_5pln_cor_crop_0000.npy,J0626.3-5341_aFix_pol_I_Farcsec_5pln_cor,0,-2.286754715896677e-05,4.3426152842585e-05,
Abell_2597_noFix_pol_I_Farcsec_5pln_cor_crop_0004.npy,Abell_2597_noFix_pol_I_Farcsec_5pln_cor,4,-5.033568595536053e-05,6.417310942197219e-05,
J0645.4-5413_aFix_pol_I_Farcsec_5pln_cor_crop_0005.npy,J0645.4-5413_aFix_pol_I_Farcsec_5pln_cor,5,-1.871160566224717e-05,4.457303657545708e-05,
J0232.2-4420_aFix_pol_I_Farcsec_5pln_cor_crop_0098.npy,J0232.2-4420_aFix_pol_I_Farcsec_5pln_cor,98,-1.3283781299833208e-05,3.414206730667502e-05,
J0014.3-6604_aFix_pol_I_Farcsec_5pln_cor_crop_0085.npy,J0014.3-6604_aFix_pol_I_Farcsec_5pln_cor,85,-1.2331886864558328e-05,3.584220394259319e-05,
J0738.1-7506_aFix_pol_I_Farcsec_5pln_cor_crop_0091.npy,J0738.1-7506_aFix_pol_I_Farcsec_5pln_cor,91,-1.3090567335893866e-05,3.692142854561098e-05,
J0328.6-5542_aFix_pol_I_Farcsec_5pln_cor_crop_0190.npy,J0328.6-5542_aFix_pol_I_Farcsec_5pln_cor,190,-1.7376105461153202e-05,3.237917189835571e-05,
J1248.7-4118_aFix_pol_I_Farcsec_5pln_cor_crop_0146.npy,J1248.7-4118_aFix_pol_I_Farcsec_5pln_cor,146,-3.831612048088573e-05,5.340838833944872e-05,
J0820.9-5704_aFix_pol_I_Farcsec_5pln_cor_crop_0133.npy,J0820.9-5704_aFix_pol_I_Farcsec_5pln_cor,133,-1.654735388001427e-05,3.4318985854042694e-05,
J1201.0-4623_aFix_pol_I_Farcsec_5pln_cor_crop_0164.npy,J1201.0-4623_aFix_pol_I_Farcsec_5pln_cor,164,-1.437526134395739e-05,3.895712870871648e-05,
J0217.2-5244_aFix_pol_I_Farcsec_5pln_cor_crop_0065.npy,J0217.2-5244_aFix_pol_I_Farcsec_5pln_cor,65,-1.7379512428306043e-05,3.482505780993961e-05,
J0528.9-3927_B_aFix_pol_I_Farcsec_5pln_cor_crop_0134.npy,J0528.9-3927_B_aFix_pol_I_Farcsec_5pln_cor,134,-1.3992802450957242e-05,3.4315333323320374e-05,
J0303.7-7752_aFix_pol_I_Farcsec_5pln_cor_crop_0105.npy,J0303.7-7752_aFix_pol_I_Farcsec_5pln_cor,105,-1.6216928997891955e-05,3.944924537790939e-05,
J1705.1-8210_aFix_pol_I_Farcsec_5pln_cor_crop_0047.npy,J1705.1-8210_aFix_pol_I_Farcsec_5pln_cor,47,-2.258976564917248e-05,4.054370947415009e-05,
J0540.1-4050_aFix_pol_I_Farcsec_5pln_cor_crop_0157.npy,J0540.1-4050_aFix_pol_I_Farcsec_5pln_cor,157,-1.9781218725256625e-05,3.538576129358262e-05,
J2319.2-6750_aFix_pol_I_Farcsec_5pln_cor_crop_0133.npy,J2319.2-6750_aFix_pol_I_Farcsec_5pln_cor,133,-1.762574174790643e-05,3.985196599387564e-05,
RXCJ1314_aFix_pol_I_Farcsec_5pln_cor_crop_0077.npy,RXCJ1314_aFix_pol_I_Farcsec_5pln_cor,77,-2.6271653041476384e-05,4.702054502558895e-05,
J0542.8-4100_aFix_pol_I_Farcsec_5pln_cor_crop_0156.npy,J0542.8-4100_aFix_pol_I_Farcsec_5pln_cor,156,-1.260944191017188e-05,3.595814996515401e-05,
J0540.1-4322_aFix_pol_I_Farcsec_5pln_cor_crop_0068.npy,J0540.1-4322_aFix_pol_I_Farcsec_5pln_cor,68,-2.016680991800968e-05,3.639713395386934e-05,
J0328.6-5542_aFix_pol_I_Farcsec_5pln_cor_crop_0060.npy,J0328.6-5542_aFix_pol_I_Farcsec_5pln_cor,60,-1.7376105461153202e-05,3.237917189835571e-05,
MACSJ0417.5-1155_aFix_pol_I_Farcsec_5pln_cor_crop_0111.npy,MACSJ0417.5-1155_aFix_pol_I_Farcsec_5pln_cor,111,-1.759273436618969e-05,4.197344605927356e-05,
J1423.7-5412_aFix_pol_I_Farcsec_5pln_cor_crop_0003.npy,J1423.7-5412_aFix_pol_I_Farcsec_5pln_cor,3,-1.8973547412315384e-05,4.0196806367021054e-05,
Abell_209_aFix_pol_I_Farcsec_5pln_cor_crop_0175.npy,Abell_209_aFix_pol_I_Farcsec_5pln_cor,175,-2.1105859559611417e-05,4.098449426237494e-05,
J0645.4-5413_aFix_pol_I_Farcsec_5pln_cor_crop_0084.npy,J0645.4-5413_aFix_pol_I_Farcsec_5pln_cor,84,-1.871160566224717e-05,4.457303657545708e-05,
J0352.4-7401_aFix_pol_I_Farcsec_5pln_cor_crop_0141.npy,J0352.4-7401_aFix_pol_I_Farcsec_5pln_cor,141,-1.3432473679131364e-05,3.414728053030558e-05,
Abell_370_afix_pol_I_Farcsec_5pln_cor_crop_0002.npy,Abell_370_afix_pol_I_Farcsec_5pln_cor,2,-3.905647463398054e-05,5.590072396444157e-05,
J1240.2-4825_aFix_pol_I_Farcsec_5pln_cor_crop_0191.npy,J1240.2-4825_aFix_pol_I_Farcsec_5pln_cor,191,-1.6159494407474995e-05,3.676811684272252e-05,
J0027.3-5015_aFix_pol_I_Farcsec_5pln_cor_crop_0123.npy,J0027.3-5015_aFix_pol_I_Farcsec_5pln_cor,123,-1.4346433999889996e-05,3.467470014584251e-05,
J1040.7-7047_aFix_pol_I_Farcsec_5pln_cor_crop_0137.npy,J1040.7-7047_aFix_pol_I_Farcsec_5pln_cor,137,-2.545410461607389e-05,4.294725295039825e-05,
J2319.2-6750_aFix_pol_I_Farcsec_5pln_cor_crop_0017.npy,J2319.2-6750_aFix_pol_I_Farcsec_5pln_cor,17,-1.762574174790643e-05,3.985196599387564e-05,
J0625.2-5521_aFix_pol_I_Farcsec_5pln_cor_crop_0013.npy,J0625.2-5521_aFix_pol_I_Farcsec_5pln_cor,13,-2.603908251330722e-05,3.9954342355486006e-05,
J0217.2-5244_aFix_pol_I_Farcsec_5pln_cor_crop_0026.npy,J0217.2-5244_aFix_pol_I_Farcsec_5pln_cor,26,-1.7379512428306043e-05,3.482505780993961e-05,
Abell_13_noFix_pol_I_Farcsec_5pln_cor_crop_0086.npy,Abell_13_noFix_pol_I_Farcsec_5pln_cor,86,-1.9173105101799592e-05,3.867880150210112e-05,
Abell_2811_noFix_pol_I_Farcsec_5pln_cor_crop_0040.npy,Abell_2811_noFix_pol_I_Farcsec_5pln_cor,40,-5.993724334985018e-05,7.318957068491727e-05,
J0027.3-5015_aFix_pol_I_Farcsec_5pln_cor_crop_0044.npy,J0027.3-5015_aFix_pol_I_Farcsec_5pln_cor,44,-1.4346433999889996e-05,3.467470014584251e-05,
Abell_545_aFix_pol_I_Farcsec_5pln_cor_crop_0181.npy,Abell_545_aFix_pol_I_Farcsec_5pln_cor,181,-1.9454066205071285e-05,4.5050637709209695e-05,
Abell_3376_aFix_pol_I_Farcsec_5pln_cor_crop_0196.npy,Abell_3376_aFix_pol_I_Farcsec_5pln_cor,196,-1.6748330381233245e-05,4.895990059594624e-05,
Abell_S1063_nofix_pol_I_Farcsec_5pln_cor_crop_0195.npy,Abell_S1063_nofix_pol_I_Farcsec_5pln_cor,195,-1.3156100976630114e-05,3.549207394826226e-05,
J2319.2-6750_aFix_pol_I_Farcsec_5pln_cor_crop_0014.npy,J2319.2-6750_aFix_pol_I_Farcsec_5pln_cor,14,-1.762574174790643e-05,3.985196599387564e-05,
J0638.7-5358_aFix_pol_I_Farcsec_5pln_cor_crop_0076.npy,J0638.7-5358_aFix_pol_I_Farcsec_5pln_cor,76,-1.4472521797870286e-05,3.7130746932234615e-05,
J1358.9-4750_aFix_pol_I_Farcsec_5pln_cor_crop_0008.npy,J1358.9-4750_aFix_pol_I_Farcsec_5pln_cor,8,-2.6460520530235957e-05,4.666853419621475e-05,
Abell_370_afix_pol_I_Farcsec_5pln_cor_crop_0112.npy,Abell_370_afix_pol_I_Farcsec_5pln_cor,112,-3.905647463398054e-05,5.590072396444157e-05,
J0627.2-5428_aFix_pol_I_Farcsec_5pln_cor_crop_0019.npy,J0627.2-5428_aFix_pol_I_Farcsec_5pln_cor,19,-3.725358692463488e-05,5.157724808668718e-05,
J0117.8-5455_aFix_pol_I_Farcsec_5pln_cor_crop_0032.npy,J0117.8-5455_aFix_pol_I_Farcsec_5pln_cor,32,-1.313004395342432e-05,3.596906753955409e-05,
MACSJ_0025.4-1222B_aFix_pol_I_Farcsec_5pln_cor_crop_0187.npy,MACSJ_0025.4-1222B_aFix_pol_I_Farcsec_5pln_cor,187,-2.179453076678328e-05,4.608399467542768e-05,
J0303.7-7752_aFix_pol_I_Farcsec_5pln_cor_crop_0033.npy,J0303.7-7752_aFix_pol_I_Farcsec_5pln_cor,33,-1.6216928997891955e-05,3.944924537790939e-05,
Abell_3667_aFix_pol_I_Farcsec_5pln_cor_crop_0132.npy,Abell_3667_aFix_pol_I_Farcsec_5pln_cor,132,-3.163510700687766e-05,0.0001603437995072,
Abell_3376_aFix_pol_I_Farcsec_5pln_cor_crop_0042.npy,Abell_3376_aFix_pol_I_Farcsec_5pln_cor,42,-1.6748330381233245e-05,4.895990059594624e-05,
Abell_3376_aFix_pol_I_Farcsec_5pln_cor_crop_0158.npy,Abell_3376_aFix_pol_I_Farcsec_5pln_cor,158,-1.6748330381233245e-05,4.895990059594624e-05,
J0014.3-6604_aFix_pol_I_Farcsec_5pln_cor_crop_0145.npy,J0014.3-6604_aFix_pol_I_Farcsec_5pln_cor,145,-1.2331886864558328e-05,3.584220394259319e-05,
Bullet_aFix_pol_I_Farcsec_5pln_cor_crop_0109.npy,Bullet_aFix_pol_I_Farcsec_5pln_cor,109,-1.5211503523460124e-05,4.380349491839297e-05,
MACS_J0257.6-2209_aFix_pol_I_Farcsec_5pln_cor_crop_0173.npy,MACS_J0257.6-2209_aFix_pol_I_Farcsec_5pln_cor,173,-2.1241523427306674e-05,4.082491795998067e-05,
Abell_548_Cen_aFix_pol_I_Farcsec_5pln_cor_crop_0077.npy,Abell_548_Cen_aFix_pol_I_Farcsec_5pln_cor,77,-1.6901160051929764e-05,5.435498314909637e-05,
J0812.5-5714_aFix_pol_I_Farcsec_5pln_cor_crop_0140.npy,J0812.5-5714_aFix_pol_I_Farcsec_5pln_cor,140,-1.797733420971781e-05,3.096696309512481e-05,
J0217.2-5244_aFix_pol_I_Farcsec_5pln_cor_crop_0048.npy,J0217.2-5244_aFix_pol_I_Farcsec_5pln_cor,48,-1.7379512428306043e-05,3.482505780993961e-05,
J0225.9-4154_aFix_pol_I_Farcsec_5pln_cor_crop_0044.npy,J0225.9-4154_aFix_pol_I_Farcsec_5pln_cor,44,-1.4831659427727573e-05,3.976373773184605e-05,
Abell_3558_aFix_pol_I_Farcsec_5pln_cor_crop_0039.npy,Abell_3558_aFix_pol_I_Farcsec_5pln_cor,39,-2.058644531643949e-05,4.082424857188016e-05,
J0812.5-5714_aFix_pol_I_Farcsec_5pln_cor_crop_0025.npy,J0812.5-5714_aFix_pol_I_Farcsec_5pln_cor,25,-1.797733420971781e-05,3.096696309512481e-05,
Abell_2744_aFix_pol_I_Farcsec_5pln_cor_crop_0021.npy,Abell_2744_aFix_pol_I_Farcsec_5pln_cor,21,-1.4511139852402266e-05,3.865708276862279e-05,
J0638.7-5358_aFix_pol_I_Farcsec_5pln_cor_crop_0009.npy,J0638.7-5358_aFix_pol_I_Farcsec_5pln_cor,9,-1.4472521797870286e-05,3.7130746932234615e-05,
J0510.2-4519_aFix_pol_I_Farcsec_5pln_cor_crop_0092.npy,J0510.2-4519_aFix_pol_I_Farcsec_5pln_cor,92,-1.650593003432732e-05,3.797405952354893e-05,
J0712.0-6030_aFix_pol_I_Farcsec_5pln_cor_crop_0132.npy,J0712.0-6030_aFix_pol_I_Farcsec_5pln_cor,132,-1.3525442227546591e-05,3.74543305952102e-05,
Abell_370_afix_pol_I_Farcsec_5pln_cor_crop_0103.npy,Abell_370_afix_pol_I_Farcsec_5pln_cor,103,-3.905647463398054e-05,5.590072396444157e-05,
J0314.3-4525_aFix_pol_I_Farcsec_5pln_cor_crop_0140.npy,J0314.3-4525_aFix_pol_I_Farcsec_5pln_cor,140,-1.2252019587322138e-05,3.824526356766e-05,
J0212.8-4707_aFix_pol_I_Farcsec_5pln_cor_crop_0116.npy,J0212.8-4707_aFix_pol_I_Farcsec_5pln_cor,116,-1.7747841411619447e-05,3.736264625331387e-05,
Abell_22_aFix_pol_I_Farcsec_5pln_cor_crop_0188.npy,Abell_22_aFix_pol_I_Farcsec_5pln_cor,188,-1.7687332729110494e-05,3.791484050452709e-05,
J2222.2-5235_aFix_pol_I_Farcsec_5pln_cor_crop_0108.npy,J2222.2-5235_aFix_pol_I_Farcsec_5pln_cor,108,-2.0340692572062835e-05,4.029700721730478e-05,
J0625.2-5521_aFix_pol_I_Farcsec_5pln_cor_crop_0126.npy,J0625.2-5521_aFix_pol_I_Farcsec_5pln_cor,126,-2.603908251330722e-05,3.9954342355486006e-05,
J0820.9-5704_aFix_pol_I_Farcsec_5pln_cor_crop_0115.npy,J0820.9-5704_aFix_pol_I_Farcsec_5pln_cor,115,-1.654735388001427e-05,3.4318985854042694e-05,
RXCJ1314_aFix_pol_I_Farcsec_5pln_cor_crop_0054.npy,RXCJ1314_aFix_pol_I_Farcsec_5pln_cor,54,-2.6271653041476384e-05,4.702054502558895e-05,
J0625.2-5521_aFix_pol_I_Farcsec_5pln_cor_crop_0172.npy,J0625.2-5521_aFix_pol_I_Farcsec_5pln_cor,172,-2.603908251330722e-05,3.9954342355486006e-05,
Abell_2751_aFix_pol_I_Farcsec_5pln_cor_crop_0192.npy,Abell_2751_aFix_pol_I_Farcsec_5pln_cor,192,-2.5066670787055045e-05,4.310646909289062e-05,
J0108.5-4020_aFix_pol_I_Farcsec_5pln_cor_crop_0032.npy,J0108.5-4020_aFix_pol_I_Farcsec_5pln_cor,32,-1.5436331523233093e-05,3.3178752346429974e-05,
Abell_S1063_nofix_pol_I_Farcsec_5pln_cor_crop_0087.npy,Abell_S1063_nofix_pol_I_Farcsec_5pln_cor,87,-1.3156100976630114e-05,3.549207394826226e-05,
Abell_4038_aFix_pol_I_Farcsec_5pln_cor_crop_0085.npy,Abell_4038_aFix_pol_I_Farcsec_5pln_cor,85,-1.8985389033332467e-05,4.2698269680840895e-05,
Abell_548_Cen_aFix_pol_I_Farcsec_5pln_cor_crop_0009.npy,Abell_548_Cen_aFix_pol_I_Farcsec_5pln_cor,9,-1.6901160051929764e-05,5.435498314909637e-05,
J0108.5-4020_aFix_pol_I_Farcsec_5pln_cor_crop_0177.npy,J0108.5-4020_aFix_pol_I_Farcsec_5pln_cor,177,-1.5436331523233093e-05,3.3178752346429974e-05,
Abell_2895_noFix_pol_I_Farcsec_5pln_cor_crop_0011.npy,Abell_2895_noFix_pol_I_Farcsec_5pln_cor,11,-1.7904101696331054e-05,3.5388853575568646e-05,
J1840.6-7709_aFix_pol_I_Farcsec_5pln_cor_crop_0099.npy,J1840.6-7709_aFix_pol_I_Farcsec_5pln_cor,99,-1.7610127542866394e-05,4.188125240034424e-05,
J0314.3-4525_aFix_pol_I_Farcsec_5pln_cor_crop_0089.npy,J0314.3-4525_aFix_pol_I_Farcsec_5pln_cor,89,-1.2252019587322138e-05,3.824526356766e-05,
J0738.1-7506_aFix_pol_I_Farcsec_5pln_cor_crop_0067.npy,J0738.1-7506_aFix_pol_I_Farcsec_5pln_cor,67,-1.3090567335893866e-05,3.692142854561098e-05,
J0014.3-6604_aFix_pol_I_Farcsec_5pln_cor_crop_0089.npy,J0014.3-6604_aFix_pol_I_Farcsec_5pln_cor,89,-1.2331886864558328e-05,3.584220394259319e-05,
J0638.7-5358_aFix_pol_I_Farcsec_5pln_cor_crop_0097.npy,J0638.7-5358_aFix_pol_I_Farcsec_5pln_cor,97,-1.4472521797870286e-05,3.7130746932234615e-05,
J2222.2-5235_aFix_pol_I_Farcsec_5pln_cor_crop_0022.npy,J2222.2-5235_aFix_pol_I_Farcsec_5pln_cor,22,-2.0340692572062835e-05,4.029700721730478e-05,
J0943.4-7619_aFix_pol_I_Farcsec_5pln_cor_crop_0054.npy,J0943.4-7619_aFix_pol_I_Farcsec_5pln_cor,54,-2.481557567080017e-05,4.054028249811381e-05,
J2222.2-5235_aFix_pol_I_Farcsec_5pln_cor_crop_0143.npy,J2222.2-5235_aFix_pol_I_Farcsec_5pln_cor,143,-2.0340692572062835e-05,4.029700721730478e-05,
Abell_3365_noFix_pol_I_Farcsec_5pln_cor_crop_0097.npy,Abell_3365_noFix_pol_I_Farcsec_5pln_cor,97,-3.684182956931181e-05,5.151375808054581e-05,
J0645.4-5413_aFix_pol_I_Farcsec_5pln_cor_crop_0076.npy,J0645.4-5413_aFix_pol_I_Farcsec_5pln_cor,76,-1.871160566224717e-05,4.457303657545708e-05,
J0631.3-5610_aFix_pol_I_Farcsec_5pln_cor_crop_0012.npy,J0631.3-5610_aFix_pol_I_Farcsec_5pln_cor,12,-1.3746558579441626e-05,3.730034950422123e-05,
J1201.0-4623_aFix_pol_I_Farcsec_5pln_cor_crop_0085.npy,J1201.0-4623_aFix_pol_I_Farcsec_5pln_cor,85,-1.437526134395739e-05,3.895712870871648e-05,
Abell_3376copy_aFix_pol_I_Farcsec_5pln_cor_crop_0099.npy,Abell_3376copy_aFix_pol_I_Farcsec_5pln_cor,99,-1.6748330381233245e-05,4.895990059594624e-05,
J0351.1-8212_aFix_pol_I_Farcsec_5pln_cor_crop_0159.npy,J0351.1-8212_aFix_pol_I_Farcsec_5pln_cor,159,-1.34867677843431e-05,3.901409581885673e-05,
Abell_S295_aFix_pol_I_Farcsec_5pln_cor_crop_0099.npy,Abell_S295_aFix_pol_I_Farcsec_5pln_cor,99,-1.2192884241812862e-05,4.2860785470111296e-05,
Abell_548_aFix_pol_I_Farcsec_5pln_cor_crop_0176.npy,Abell_548_aFix_pol_I_Farcsec_5pln_cor,176,-1.682372203504201e-05,5.429780867416412e-05,
J0117.8-5455_aFix_pol_I_Farcsec_5pln_cor_crop_0119.npy,J0117.8-5455_aFix_pol_I_Farcsec_5pln_cor,119,-1.313004395342432e-05,3.596906753955409e-05,
Abell_33_noFix_pol_I_Farcsec_5pln_cor_crop_0061.npy,Abell_33_noFix_pol_I_Farcsec_5pln_cor,61,-2.8547556212288328e-05,4.8568657803116366e-05,
Abell_548_Cen_aFix_pol_I_Farcsec_5pln_cor_crop_0215.npy,Abell_548_Cen_aFix_pol_I_Farcsec_5pln_cor,215,-1.6901160051929764e-05,5.435498314909637e-05,
Abell_2895_noFix_pol_I_Farcsec_5pln_cor_crop_0165.npy,Abell_2895_noFix_pol_I_Farcsec_5pln_cor,165,-1.7904101696331054e-05,3.5388853575568646e-05,
J0745.1-5404_aFix_pol_I_Farcsec_5pln_cor_crop_0206.npy,J0745.1-5404_aFix_pol_I_Farcsec_5pln_cor,206,-1.8277149138157256e-05,3.714456397574395e-05,
J1539.5-8335_aFix_pol_I_Farcsec_5pln_cor_crop_0021.npy,J1539.5-8335_aFix_pol_I_Farcsec_5pln_cor,21,-1.7301776097156107e-05,3.6628662201110274e-05,
Abell_2667_noFix_pol_I_Farcsec_5pln_cor_crop_0022.npy,Abell_2667_noFix_pol_I_Farcsec_5pln_cor,22,-1.5058354620123282e-05,4.20943797507789e-05,
Abell_2744_aFix_pol_I_Farcsec_5pln_cor_crop_0063.npy,Abell_2744_aFix_pol_I_Farcsec_5pln_cor,63,-1.4511139852402266e-05,3.865708276862279e-05,
J0431.4-6126_aFix_pol_I_Farcsec_5pln_cor_crop_0112.npy,J0431.4-6126_aFix_pol_I_Farcsec_5pln_cor,112,-2.59030784945935e-05,4.582747351378202e-05,
Abell_545_aFix_pol_I_Farcsec_5pln_cor_crop_0195.npy,Abell_545_aFix_pol_I_Farcsec_5pln_cor,195,-1.9454066205071285e-05,4.5050637709209695e-05,
J0631.3-5610_aFix_pol_I_Farcsec_5pln_cor_crop_0128.npy,J0631.3-5610_aFix_pol_I_Farcsec_5pln_cor,128,-1.3746558579441626e-05,3.730034950422123e-05,
J1240.2-4825_aFix_pol_I_Farcsec_5pln_cor_crop_0130.npy,J1240.2-4825_aFix_pol_I_Farcsec_5pln_cor,130,-1.6159494407474995e-05,3.676811684272252e-05,
RXCJ0225.1-22928_aFix_pol_I_Farcsec_5pln_cor_crop_0160.npy,RXCJ0225.1-22928_aFix_pol_I_Farcsec_5pln_cor,160,-3.11890325974673e-05,5.4694857681170106e-05,
J0638.7-5358_aFix_pol_I_Farcsec_5pln_cor_crop_0029.npy,J0638.7-5358_aFix_pol_I_Farcsec_5pln_cor,29,-1.4472521797870286e-05,3.7130746932234615e-05,
Abell_2744_aFix_pol_I_Farcsec_5pln_cor_crop_0122.npy,Abell_2744_aFix_pol_I_Farcsec_5pln_cor,122,-1.4511139852402266e-05,3.865708276862279e-05,
J0540.1-4322_aFix_pol_I_Farcsec_5pln_cor_crop_0090.npy,J0540.1-4322_aFix_pol_I_Farcsec_5pln_cor,90,-2.016680991800968e-05,3.639713395386934e-05,
J0051.1-4833_aFix_pol_I_Farcsec_5pln_cor_crop_0059.npy,J0051.1-4833_aFix_pol_I_Farcsec_5pln_cor,59,-1.4088746866036672e-05,3.274881237302907e-05,
Abell_33_noFix_pol_I_Farcsec_5pln_cor_crop_0084.npy,Abell_33_noFix_pol_I_Farcsec_5pln_cor,84,-2.8547556212288328e-05,4.8568657803116366e-05,
J0108.5-4020_aFix_pol_I_Farcsec_5pln_cor_crop_0142.npy,J0108.5-4020_aFix_pol_I_Farcsec_5pln_cor,142,-1.5436331523233093e-05,3.3178752346429974e-05,
Abell_2811_noFix_pol_I_Farcsec_5pln_cor_crop_0056.npy,Abell_2811_noFix_pol_I_Farcsec_5pln_cor,56,-5.993724334985018e-05,7.318957068491727e-05,
ElGordo_aFix_pol_I_Farcsec_5pln_cor_crop_0152.npy,ElGordo_aFix_pol_I_Farcsec_5pln_cor,152,-1.8438237020745877e-05,3.2559692044742405e-05,
J0637.3-4828_aFix_pol_I_Farcsec_5pln_cor_crop_0216.npy,J0637.3-4828_aFix_pol_I_Farcsec_5pln_cor,216,-1.5409788829856552e-05,3.9739050407661125e-05,
J0525.8-4715_aFix_pol_I_Farcsec_5pln_cor_crop_0058.npy,J0525.8-4715_aFix_pol_I_Farcsec_5pln_cor,58,-1.611813422641717e-05,4.044059460284189e-05,
Abell_3562_aFix_pol_I_Farcsec_5pln_cor_crop_0031.npy,Abell_3562_aFix_pol_I_Farcsec_5pln_cor,31,-2.032673728535883e-05,4.53729007858783e-05,
J0352.4-7401_aFix_pol_I_Farcsec_5pln_cor_crop_0043.npy,J0352.4-7401_aFix_pol_I_Farcsec_5pln_cor,43,-1.3432473679131364e-05,3.414728053030558e-05,
J0232.2-4420_aFix_pol_I_Farcsec_5pln_cor_crop_0125.npy,J0232.2-4420_aFix_pol_I_Farcsec_5pln_cor,125,-1.3283781299833208e-05,3.414206730667502e-05,
J0317.9-4414_aFix_pol_I_Farcsec_5pln_cor_crop_0131.npy,J0317.9-4414_aFix_pol_I_Farcsec_5pln_cor,131,-1.825527215260081e-05,4.13110428780783e-05,
J0637.3-4828_aFix_pol_I_Farcsec_5pln_cor_crop_0033.npy,J0637.3-4828_aFix_pol_I_Farcsec_5pln_cor,33,-1.5409788829856552e-05,3.9739050407661125e-05,
Abell_194_aFix_pol_I_Farcsec_5pln_cor_crop_0116.npy,Abell_194_aFix_pol_I_Farcsec_5pln_cor,116,-3.945245043723844e-05,0.0001343678013654,
J0336.3-4037_aFix_pol_I_Farcsec_5pln_cor_crop_0056.npy,J0336.3-4037_aFix_pol_I_Farcsec_5pln_cor,56,-1.9070150301558897e-05,3.8439713534899056e-05,
J0027.3-5015_aFix_pol_I_Farcsec_5pln_cor_crop_0160.npy,J0027.3-5015_aFix_pol_I_Farcsec_5pln_cor,160,-1.4346433999889996e-05,3.467470014584251e-05,
J0812.5-5714_aFix_pol_I_Farcsec_5pln_cor_crop_0016.npy,J0812.5-5714_aFix_pol_I_Farcsec_5pln_cor,16,-1.797733420971781e-05,3.096696309512481e-05,
J0540.1-4322_aFix_pol_I_Farcsec_5pln_cor_crop_0150.npy,J0540.1-4322_aFix_pol_I_Farcsec_5pln_cor,150,-2.016680991800968e-05,3.639713395386934e-05,
J0212.8-4707_aFix_pol_I_Farcsec_5pln_cor_crop_0192.npy,J0212.8-4707_aFix_pol_I_Farcsec_5pln_cor,192,-1.7747841411619447e-05,3.736264625331387e-05,
J0525.8-4715_aFix_pol_I_Farcsec_5pln_cor_crop_0089.npy,J0525.8-4715_aFix_pol_I_Farcsec_5pln_cor,89,-1.611813422641717e-05,4.044059460284189e-05,
J0051.1-4833_aFix_pol_I_Farcsec_5pln_cor_crop_0000.npy,J0051.1-4833_aFix_pol_I_Farcsec_5pln_cor,0,-1.4088746866036672e-05,3.274881237302907e-05,
J0625.2-5521_aFix_pol_I_Farcsec_5pln_cor_crop_0168.npy,J0625.2-5521_aFix_pol_I_Farcsec_5pln_cor,168,-2.603908251330722e-05,3.9954342355486006e-05,
J1539.5-8335_aFix_pol_I_Farcsec_5pln_cor_crop_0150.npy,J1539.5-8335_aFix_pol_I_Farcsec_5pln_cor,150,-1.7301776097156107e-05,3.6628662201110274e-05,
J1423.7-5412_aFix_pol_I_Farcsec_5pln_cor_crop_0105.npy,J1423.7-5412_aFix_pol_I_Farcsec_5pln_cor,105,-1.8973547412315384e-05,4.0196806367021054e-05,
J0607.0-4928_aFix_pol_I_Farcsec_5pln_cor_crop_0071.npy,J0607.0-4928_aFix_pol_I_Farcsec_5pln_cor,71,-1.727664130157791e-05,3.109658064204268e-05,
J0712.0-6030_aFix_pol_I_Farcsec_5pln_cor_crop_0099.npy,J0712.0-6030_aFix_pol_I_Farcsec_5pln_cor,99,-1.3525442227546591e-05,3.74543305952102e-05,
J0600.8-5835_aFix_pol_I_Farcsec_5pln_cor_crop_0067.npy,J0600.8-5835_aFix_pol_I_Farcsec_5pln_cor,67,-1.2947120012540836e-05,3.535595169523731e-05,
J0216.3-4816_aFix_pol_I_Farcsec_5pln_cor_crop_0214.npy,J0216.3-4816_aFix_pol_I_Farcsec_5pln_cor,214,-1.5618124962202273e-05,5.211478855926544e-05,
ElGordo_aFix_pol_I_Farcsec_5pln_cor_crop_0117.npy,ElGordo_aFix_pol_I_Farcsec_5pln_cor,117,-1.8438237020745877e-05,3.2559692044742405e-05,
Abell_85_aFix_pol_I_Farcsec_5pln_cor_crop_0188.npy,Abell_85_aFix_pol_I_Farcsec_5pln_cor,188,-1.6969566786428913e-05,4.114058901905082e-05,
J0540.1-4322_aFix_pol_I_Farcsec_5pln_cor_crop_0201.npy,J0540.1-4322_aFix_pol_I_Farcsec_5pln_cor,201,-2.016680991800968e-05,3.639713395386934e-05,
J0658.5-5556_aFix_pol_I_Farcsec_5pln_cor_crop_0137.npy,J0658.5-5556_aFix_pol_I_Farcsec_5pln_cor,137,-1.5211503523460124e-05,4.380349491839297e-05,
PLCK_G200.9-28.2_aFix_pol_I_Farcsec_5pln_cor_crop_0223.npy,PLCK_G200.9-28.2_aFix_pol_I_Farcsec_5pln_cor,223,-2.0549477994791232e-05,4.693285882240161e-05,
Abell_3376copy_aFix_pol_I_Farcsec_5pln_cor_crop_0197.npy,Abell_3376copy_aFix_pol_I_Farcsec_5pln_cor,197,-1.6748330381233245e-05,4.895990059594624e-05,
J0542.8-4100_aFix_pol_I_Farcsec_5pln_cor_crop_0127.npy,J0542.8-4100_aFix_pol_I_Farcsec_5pln_cor,127,-1.260944191017188e-05,3.595814996515401e-05,
J0232.2-4420_aFix_pol_I_Farcsec_5pln_cor_crop_0057.npy,J0232.2-4420_aFix_pol_I_Farcsec_5pln_cor,57,-1.3283781299833208e-05,3.414206730667502e-05,
J0216.3-4816_aFix_pol_I_Farcsec_5pln_cor_crop_0071.npy,J0216.3-4816_aFix_pol_I_Farcsec_5pln_cor,71,-1.5618124962202273e-05,5.211478855926544e-05,
J1248.7-4118_aFix_pol_I_Farcsec_5pln_cor_crop_0160.npy,J1248.7-4118_aFix_pol_I_Farcsec_5pln_cor,160,-3.831612048088573e-05,5.340838833944872e-05,
J0712.0-6030_aFix_pol_I_Farcsec_5pln_cor_crop_0189.npy,J0712.0-6030_aFix_pol_I_Farcsec_5pln_cor,189,-1.3525442227546591e-05,3.74543305952102e-05,
J0638.7-5358_aFix_pol_I_Farcsec_5pln_cor_crop_0067.npy,J0638.7-5358_aFix_pol_I_Farcsec_5pln_cor,67,-1.4472521797870286e-05,3.7130746932234615e-05,
J0543.4-4430_aFix_pol_I_Farcsec_5pln_cor_crop_0157.npy,J0543.4-4430_aFix_pol_I_Farcsec_5pln_cor,157,-1.920615613926202e-05,4.022587017971091e-05,
J0627.2-5428_aFix_pol_I_Farcsec_5pln_cor_crop_0109.npy,J0627.2-5428_aFix_pol_I_Farcsec_5pln_cor,109,-3.725358692463488e-05,5.157724808668718e-05,
J2023.4-5535_aFix_pol_I_Farcsec_5pln_cor_crop_0118.npy,J2023.4-5535_aFix_pol_I_Farcsec_5pln_cor,118,-2.326385947526433e-05,4.042817090521567e-05,
J0745.1-5404_aFix_pol_I_Farcsec_5pln_cor_crop_0220.npy,J0745.1-5404_aFix_pol_I_Farcsec_5pln_cor,220,-1.8277149138157256e-05,3.714456397574395e-05,
J2023.4-5535_aFix_pol_I_Farcsec_5pln_cor_crop_0014.npy,J2023.4-5535_aFix_pol_I_Farcsec_5pln_cor,14,-2.326385947526433e-05,4.042817090521567e-05,
J0627.2-5428_aFix_pol_I_Farcsec_5pln_cor_crop_0059.npy,J0627.2-5428_aFix_pol_I_Farcsec_5pln_cor,59,-3.725358692463488e-05,5.157724808668718e-05,
J0314.3-4525_aFix_pol_I_Farcsec_5pln_cor_crop_0064.npy,J0314.3-4525_aFix_pol_I_Farcsec_5pln_cor,64,-1.2252019587322138e-05,3.824526356766e-05,
Abell_548_aFix_pol_I_Farcsec_5pln_cor_crop_0011.npy,Abell_548_aFix_pol_I_Farcsec_5pln_cor,11,-1.682372203504201e-05,5.429780867416412e-05,
J1248.7-4118_aFix_pol_I_Farcsec_5pln_cor_crop_0026.npy,J1248.7-4118_aFix_pol_I_Farcsec_5pln_cor,26,-3.831612048088573e-05,5.340838833944872e-05,
J0328.6-5542_aFix_pol_I_Farcsec_5pln_cor_crop_0052.npy,J0328.6-5542_aFix_pol_I_Farcsec_5pln_cor,52,-1.7376105461153202e-05,3.237917189835571e-05,
J0303.7-7752_aFix_pol_I_Farcsec_5pln_cor_crop_0120.npy,J0303.7-7752_aFix_pol_I_Farcsec_5pln_cor,120,-1.6216928997891955e-05,3.944924537790939e-05,
Abell_13_noFix_pol_I_Farcsec_5pln_cor_crop_0150.npy,Abell_13_noFix_pol_I_Farcsec_5pln_cor,150,-1.9173105101799592e-05,3.867880150210112e-05,
J1653.0-5943_aFix_pol_I_Farcsec_5pln_cor_crop_0042.npy,J1653.0-5943_aFix_pol_I_Farcsec_5pln_cor,42,-2.6878653443418443e-05,3.650951839517802e-05,
J0525.8-4715_aFix_pol_I_Farcsec_5pln_cor_crop_0084.npy,J0525.8-4715_aFix_pol_I_Farcsec_5pln_cor,84,-1.611813422641717e-05,4.044059460284189e-05,
Abell_209_aFix_pol_I_Farcsec_5pln_cor_crop_0006.npy,Abell_209_aFix_pol_I_Farcsec_5pln_cor,6,-2.1105859559611417e-05,4.098449426237494e-05,
J0528.9-3927_B_aFix_pol_I_Farcsec_5pln_cor_crop_0177.npy,J0528.9-3927_B_aFix_pol_I_Farcsec_5pln_cor,177,-1.3992802450957242e-05,3.4315333323320374e-05,
J0542.8-4100_aFix_pol_I_Farcsec_5pln_cor_crop_0134.npy,J0542.8-4100_aFix_pol_I_Farcsec_5pln_cor,134,-1.260944191017188e-05,3.595814996515401e-05,
J0627.2-5428_aFix_pol_I_Farcsec_5pln_cor_crop_0121.npy,J0627.2-5428_aFix_pol_I_Farcsec_5pln_cor,121,-3.725358692463488e-05,5.157724808668718e-05,
RXCJ2351.0-19_noFix_pol_I_Farcsec_5pln_cor_crop_0168.npy,RXCJ2351.0-19_noFix_pol_I_Farcsec_5pln_cor,168,-1.7816319086705334e-05,4.150596214458346e-05,
Abell_370_afix_pol_I_Farcsec_5pln_cor_crop_0135.npy,Abell_370_afix_pol_I_Farcsec_5pln_cor,135,-3.905647463398054e-05,5.590072396444157e-05,
J0516.6-5430_aFix_pol_I_Farcsec_5pln_cor_crop_0206.npy,J0516.6-5430_aFix_pol_I_Farcsec_5pln_cor,206,-1.4557363101630472e-05,3.583080251701176e-05,
MACS_J0257.6-2209_noFix_pol_I_Farcsec_5pln_cor_crop_0163.npy,MACS_J0257.6-2209_noFix_pol_I_Farcsec_5pln_cor,163,-2.3381955543300137e-05,4.110854570171796e-05,
J2023.4-5535_aFix_pol_I_Farcsec_5pln_cor_crop_0091.npy,J2023.4-5535_aFix_pol_I_Farcsec_5pln_cor,91,-2.326385947526433e-05,4.042817090521567e-05,
MACSJ0417.5-1155_aFix_pol_I_Farcsec_5pln_cor_crop_0117.npy,MACSJ0417.5-1155_aFix_pol_I_Farcsec_5pln_cor,117,-1.759273436618969e-05,4.197344605927356e-05,
J0212.8-4707_aFix_pol_I_Farcsec_5pln_cor_crop_0140.npy,J0212.8-4707_aFix_pol_I_Farcsec_5pln_cor,140,-1.7747841411619447e-05,3.736264625331387e-05,
J1410.4-4246_aFix_pol_I_Farcsec_5pln_cor_crop_0162.npy,J1410.4-4246_aFix_pol_I_Farcsec_5pln_cor,162,-2.2075269953347743e-05,4.486642137635499e-05,
J0314.3-4525_aFix_pol_I_Farcsec_5pln_cor_crop_0125.npy,J0314.3-4525_aFix_pol_I_Farcsec_5pln_cor,125,-1.2252019587322138e-05,3.824526356766e-05,
J0342.8-5338_aFix_pol_I_Farcsec_5pln_cor_crop_0035.npy,J0342.8-5338_aFix_pol_I_Farcsec_5pln_cor,35,-1.83263164217351e-05,3.698056025314145e-05,
RXCJ2351.0-19_noFix_pol_I_Farcsec_5pln_cor_crop_0154.npy,RXCJ2351.0-19_noFix_pol_I_Farcsec_5pln_cor,154,-1.7816319086705334e-05,4.150596214458346e-05,
J2222.2-5235_aFix_pol_I_Farcsec_5pln_cor_crop_0104.npy,J2222.2-5235_aFix_pol_I_Farcsec_5pln_cor,104,-2.0340692572062835e-05,4.029700721730478e-05,
J1705.1-8210_aFix_pol_I_Farcsec_5pln_cor_crop_0126.npy,J1705.1-8210_aFix_pol_I_Farcsec_5pln_cor,126,-2.258976564917248e-05,4.054370947415009e-05,
Abell_548_Cen_aFix_pol_I_Farcsec_5pln_cor_crop_0114.npy,Abell_548_Cen_aFix_pol_I_Farcsec_5pln_cor,114,-1.6901160051929764e-05,5.435498314909637e-05,
J0217.2-5244_aFix_pol_I_Farcsec_5pln_cor_crop_0045.npy,J0217.2-5244_aFix_pol_I_Farcsec_5pln_cor,45,-1.7379512428306043e-05,3.482505780993961e-05,
J1518.3-4632_aFix_pol_I_Farcsec_5pln_cor_crop_0103.npy,J1518.3-4632_aFix_pol_I_Farcsec_5pln_cor,103,-2.6316898583900183e-05,3.836355244857259e-05,
J0336.3-4037_aFix_pol_I_Farcsec_5pln_cor_crop_0139.npy,J0336.3-4037_aFix_pol_I_Farcsec_5pln_cor,139,-1.9070150301558897e-05,3.8439713534899056e-05,
Abell_168_aFix_pol_I_Farcsec_5pln_cor_crop_0037.npy,Abell_168_aFix_pol_I_Farcsec_5pln_cor,37,-2.51656529144384e-05,4.1941199015127495e-05,
J0342.8-5338_aFix_pol_I_Farcsec_5pln_cor_crop_0191.npy,J0342.8-5338_aFix_pol_I_Farcsec_5pln_cor,191,-1.83263164217351e-05,3.698056025314145e-05,
J0352.4-7401_aFix_pol_I_Farcsec_5pln_cor_crop_0050.npy,J0352.4-7401_aFix_pol_I_Farcsec_5pln_cor,50,-1.3432473679131364e-05,3.414728053030558e-05,
J0328.6-5542_aFix_pol_I_Farcsec_5pln_cor_crop_0137.npy,J0328.6-5542_aFix_pol_I_Farcsec_5pln_cor,137,-1.7376105461153202e-05,3.237917189835571e-05,
J0516.6-5430_aFix_pol_I_Farcsec_5pln_cor_crop_0128.npy,J0516.6-5430_aFix_pol_I_Farcsec_5pln_cor,128,-1.4557363101630472e-05,3.583080251701176e-05,
Abell_2667_noFix_pol_I_Farcsec_5pln_cor_crop_0195.npy,Abell_2667_noFix_pol_I_Farcsec_5pln_cor,195,-1.5058354620123282e-05,4.20943797507789e-05,
J0820.9-5704_aFix_pol_I_Farcsec_5pln_cor_crop_0062.npy,J0820.9-5704_aFix_pol_I_Farcsec_5pln_cor,62,-1.654735388001427e-05,3.4318985854042694e-05,
Abell_3376copy_aFix_pol_I_Farcsec_5pln_cor_crop_0094.npy,Abell_3376copy_aFix_pol_I_Farcsec_5pln_cor,94,-1.6748330381233245e-05,4.895990059594624e-05,
J0658.5-5556_aFix_pol_I_Farcsec_5pln_cor_crop_0014.npy,J0658.5-5556_aFix_pol_I_Farcsec_5pln_cor,14,-1.5211503523460124e-05,4.380349491839297e-05,
J1518.3-4632_aFix_pol_I_Farcsec_5pln_cor_crop_0112.npy,J1518.3-4632_aFix_pol_I_Farcsec_5pln_cor,112,-2.6316898583900183e-05,3.836355244857259e-05,
J0627.2-5428_aFix_pol_I_Farcsec_5pln_cor_crop_0042.npy,J0627.2-5428_aFix_pol_I_Farcsec_5pln_cor,42,-3.725358692463488e-05,5.157724808668718e-05,
Abell_3365_noFix_pol_I_Farcsec_5pln_cor_crop_0102.npy,Abell_3365_noFix_pol_I_Farcsec_5pln_cor,102,-3.684182956931181e-05,5.151375808054581e-05,
J1248.7-4118_aFix_pol_I_Farcsec_5pln_cor_crop_0189.npy,J1248.7-4118_aFix_pol_I_Farcsec_5pln_cor,189,-3.831612048088573e-05,5.340838833944872e-05,
J0627.2-5428_aFix_pol_I_Farcsec_5pln_cor_crop_0192.npy,J0627.2-5428_aFix_pol_I_Farcsec_5pln_cor,192,-3.725358692463488e-05,5.157724808668718e-05,
J0658.5-5556_aFix_pol_I_Farcsec_5pln_cor_crop_0119.npy,J0658.5-5556_aFix_pol_I_Farcsec_5pln_cor,119,-1.5211503523460124e-05,4.380349491839297e-05,
Abell_3667_aFix_pol_I_Farcsec_5pln_cor_crop_0109.npy,Abell_3667_aFix_pol_I_Farcsec_5pln_cor,109,-3.163510700687766e-05,0.0001603437995072,
J0757.7-5315_aFix_pol_I_Farcsec_5pln_cor_crop_0184.npy,J0757.7-5315_aFix_pol_I_Farcsec_5pln_cor,184,-1.5817182429600507e-05,3.550770634319633e-05,
J0217.2-5244_aFix_pol_I_Farcsec_5pln_cor_crop_0013.npy,J0217.2-5244_aFix_pol_I_Farcsec_5pln_cor,13,-1.7379512428306043e-05,3.482505780993961e-05,
PLCK_G200.9-28.2_aFix_pol_I_Farcsec_5pln_cor_crop_0100.npy,PLCK_G200.9-28.2_aFix_pol_I_Farcsec_5pln_cor,100,-2.0549477994791232e-05,4.693285882240161e-05,
J0607.0-4928_aFix_pol_I_Farcsec_5pln_cor_crop_0140.npy,J0607.0-4928_aFix_pol_I_Farcsec_5pln_cor,140,-1.727664130157791e-05,3.109658064204268e-05,
Abell_3376_aFix_pol_I_Farcsec_5pln_cor_crop_0023.npy,Abell_3376_aFix_pol_I_Farcsec_5pln_cor,23,-1.6748330381233245e-05,4.895990059594624e-05,
J0545.5-4756_aFix_pol_I_Farcsec_5pln_cor_crop_0106.npy,J0545.5-4756_aFix_pol_I_Farcsec_5pln_cor,106,-1.6526179024367593e-05,4.097030614502728e-05,
Abell_3376copy_aFix_pol_I_Farcsec_5pln_cor_crop_0046.npy,Abell_3376copy_aFix_pol_I_Farcsec_5pln_cor,46,-1.6748330381233245e-05,4.895990059594624e-05,
MACS_J0257.6-2209_aFix_pol_I_Farcsec_5pln_cor_crop_0027.npy,MACS_J0257.6-2209_aFix_pol_I_Farcsec_5pln_cor,27,-2.1241523427306674e-05,4.082491795998067e-05,
PLCK_G200.9-28.2_aFix_pol_I_Farcsec_5pln_cor_crop_0058.npy,PLCK_G200.9-28.2_aFix_pol_I_Farcsec_5pln_cor,58,-2.0549477994791232e-05,4.693285882240161e-05,
J2319.2-6750_aFix_pol_I_Farcsec_5pln_cor_crop_0067.npy,J2319.2-6750_aFix_pol_I_Farcsec_5pln_cor,67,-1.762574174790643e-05,3.985196599387564e-05,
J0212.8-4707_aFix_pol_I_Farcsec_5pln_cor_crop_0182.npy,J0212.8-4707_aFix_pol_I_Farcsec_5pln_cor,182,-1.7747841411619447e-05,3.736264625331387e-05,
J0406.7-7116_aFix_pol_I_Farcsec_5pln_cor_crop_0071.npy,J0406.7-7116_aFix_pol_I_Farcsec_5pln_cor,71,-1.6727117326809093e-05,3.893847315339372e-05,
Abell_2751_aFix_pol_I_Farcsec_5pln_cor_crop_0131.npy,Abell_2751_aFix_pol_I_Farcsec_5pln_cor,131,-2.5066670787055045e-05,4.310646909289062e-05,
J0712.0-6030_aFix_pol_I_Farcsec_5pln_cor_crop_0002.npy,J0712.0-6030_aFix_pol_I_Farcsec_5pln_cor,2,-1.3525442227546591e-05,3.74543305952102e-05,
Abell_S295_aFix_pol_I_Farcsec_5pln_cor_crop_0085.npy,Abell_S295_aFix_pol_I_Farcsec_5pln_cor,85,-1.2192884241812862e-05,4.2860785470111296e-05,
J0051.1-4833_aFix_pol_I_Farcsec_5pln_cor_crop_0193.npy,J0051.1-4833_aFix_pol_I_Farcsec_5pln_cor,193,-1.4088746866036672e-05,3.274881237302907e-05,
J1040.7-7047_aFix_pol_I_Farcsec_5pln_cor_crop_0058.npy,J1040.7-7047_aFix_pol_I_Farcsec_5pln_cor,58,-2.545410461607389e-05,4.294725295039825e-05,
J1535.1-4658_aFix_pol_I_Farcsec_5pln_cor_crop_0105.npy,J1535.1-4658_aFix_pol_I_Farcsec_5pln_cor,105,-2.547855729062576e-05,3.796764576691203e-05,
RXCJ2351.0-19_noFix_pol_I_Farcsec_5pln_cor_crop_0062.npy,RXCJ2351.0-19_noFix_pol_I_Farcsec_5pln_cor,62,-1.7816319086705334e-05,4.150596214458346e-05,
J0217.2-5244_aFix_pol_I_Farcsec_5pln_cor_crop_0087.npy,J0217.2-5244_aFix_pol_I_Farcsec_5pln_cor,87,-1.7379512428306043e-05,3.482505780993961e-05,
J0145.2-6033_aFix_pol_I_Farcsec_5pln_cor_crop_0038.npy,J0145.2-6033_aFix_pol_I_Farcsec_5pln_cor,38,-1.2114905985072257e-05,3.299051968497224e-05,
Abell_3667_aFix_pol_I_Farcsec_5pln_cor_crop_0055.npy,Abell_3667_aFix_pol_I_Farcsec_5pln_cor,55,-3.163510700687766e-05,0.0001603437995072,
J0314.3-4525_aFix_pol_I_Farcsec_5pln_cor_crop_0017.npy,J0314.3-4525_aFix_pol_I_Farcsec_5pln_cor,17,-1.2252019587322138e-05,3.824526356766e-05,
Abell_2645_noFix_pol_I_Farcsec_5pln_cor_crop_0031.npy,Abell_2645_noFix_pol_I_Farcsec_5pln_cor,31,-3.2132909836946055e-05,5.223612970439717e-05,
Abell_2744_aFix_pol_I_Farcsec_5pln_cor_crop_0108.npy,Abell_2744_aFix_pol_I_Farcsec_5pln_cor,108,-1.4511139852402266e-05,3.865708276862279e-05,
ElGordo_aFix_pol_I_Farcsec_5pln_cor_crop_0153.npy,ElGordo_aFix_pol_I_Farcsec_5pln_cor,153,-1.8438237020745877e-05,3.2559692044742405e-05,
Abell_2751_aFix_pol_I_Farcsec_5pln_cor_crop_0219.npy,Abell_2751_aFix_pol_I_Farcsec_5pln_cor,219,-2.5066670787055045e-05,4.310646909289062e-05,
J1535.1-4658_aFix_pol_I_Farcsec_5pln_cor_crop_0183.npy,J1535.1-4658_aFix_pol_I_Farcsec_5pln_cor,183,-2.547855729062576e-05,3.796764576691203e-05,
J0540.1-4322_aFix_pol_I_Farcsec_5pln_cor_crop_0122.npy,J0540.1-4322_aFix_pol_I_Farcsec_5pln_cor,122,-2.016680991800968e-05,3.639713395386934e-05,
J1130.0-4213_aFix_pol_I_Farcsec_5pln_cor_crop_0194.npy,J1130.0-4213_aFix_pol_I_Farcsec_5pln_cor,194,-1.5924631952657364e-05,3.826789543381892e-05,
J0545.5-4756_aFix_pol_I_Farcsec_5pln_cor_crop_0094.npy,J0545.5-4756_aFix_pol_I_Farcsec_5pln_cor,94,-1.6526179024367593e-05,4.097030614502728e-05,
J0540.1-4050_aFix_pol_I_Farcsec_5pln_cor_crop_0166.npy,J0540.1-4050_aFix_pol_I_Farcsec_5pln_cor,166,-1.9781218725256625e-05,3.538576129358262e-05,
J1130.0-4213_aFix_pol_I_Farcsec_5pln_cor_crop_0172.npy,J1130.0-4213_aFix_pol_I_Farcsec_5pln_cor,172,-1.5924631952657364e-05,3.826789543381892e-05,
J0757.7-5315_aFix_pol_I_Farcsec_5pln_cor_crop_0049.npy,J0757.7-5315_aFix_pol_I_Farcsec_5pln_cor,49,-1.5817182429600507e-05,3.550770634319633e-05,
J0336.3-4037_aFix_pol_I_Farcsec_5pln_cor_crop_0149.npy,J0336.3-4037_aFix_pol_I_Farcsec_5pln_cor,149,-1.9070150301558897e-05,3.8439713534899056e-05,
RXCJ2351.0-19_noFix_pol_I_Farcsec_5pln_cor_crop_0043.npy,RXCJ2351.0-19_noFix_pol_I_Farcsec_5pln_cor,43,-1.7816319086705334e-05,4.150596214458346e-05,
J0745.1-5404_aFix_pol_I_Farcsec_5pln_cor_crop_0185.npy,J0745.1-5404_aFix_pol_I_Farcsec_5pln_cor,185,-1.8277149138157256e-05,3.714456397574395e-05,
J0540.1-4322_aFix_pol_I_Farcsec_5pln_cor_crop_0152.npy,J0540.1-4322_aFix_pol_I_Farcsec_5pln_cor,152,-2.016680991800968e-05,3.639713395386934e-05,
J0600.8-5835_aFix_pol_I_Farcsec_5pln_cor_crop_0082.npy,J0600.8-5835_aFix_pol_I_Farcsec_5pln_cor,82,-1.2947120012540836e-05,3.535595169523731e-05,
J0406.7-7116_aFix_pol_I_Farcsec_5pln_cor_crop_0015.npy,J0406.7-7116_aFix_pol_I_Farcsec_5pln_cor,15,-1.6727117326809093e-05,3.893847315339372e-05,
J2023.4-5535_aFix_pol_I_Farcsec_5pln_cor_crop_0194.npy,J2023.4-5535_aFix_pol_I_Farcsec_5pln_cor,194,-2.326385947526433e-05,4.042817090521567e-05,
J1410.4-4246_aFix_pol_I_Farcsec_5pln_cor_crop_0022.npy,J1410.4-4246_aFix_pol_I_Farcsec_5pln_cor,22,-2.2075269953347743e-05,4.486642137635499e-05,
J0027.3-5015_aFix_pol_I_Farcsec_5pln_cor_crop_0095.npy,J0027.3-5015_aFix_pol_I_Farcsec_5pln_cor,95,-1.4346433999889996e-05,3.467470014584251e-05,
J0449.9-4440_aFix_pol_I_Farcsec_5pln_cor_crop_0112.npy,J0449.9-4440_aFix_pol_I_Farcsec_5pln_cor,112,-1.3652566849486902e-05,3.79539851564914e-05,
Abell_2895_noFix_pol_I_Farcsec_5pln_cor_crop_0061.npy,Abell_2895_noFix_pol_I_Farcsec_5pln_cor,61,-1.7904101696331054e-05,3.5388853575568646e-05,
Abell_33_noFix_pol_I_Farcsec_5pln_cor_crop_0036.npy,Abell_33_noFix_pol_I_Farcsec_5pln_cor,36,-2.8547556212288328e-05,4.8568657803116366e-05,
Abell_2895_noFix_pol_I_Farcsec_5pln_cor_crop_0057.npy,Abell_2895_noFix_pol_I_Farcsec_5pln_cor,57,-1.7904101696331054e-05,3.5388853575568646e-05,
J1840.6-7709_aFix_pol_I_Farcsec_5pln_cor_crop_0194.npy,J1840.6-7709_aFix_pol_I_Farcsec_5pln_cor,194,-1.7610127542866394e-05,4.188125240034424e-05,
J1518.3-4632_aFix_pol_I_Farcsec_5pln_cor_crop_0082.npy,J1518.3-4632_aFix_pol_I_Farcsec_5pln_cor,82,-2.6316898583900183e-05,3.836355244857259e-05,
Abell_2895_noFix_pol_I_Farcsec_5pln_cor_crop_0171.npy,Abell_2895_noFix_pol_I_Farcsec_5pln_cor,171,-1.7904101696331054e-05,3.5388853575568646e-05,
MACSJ0417.5-1155_aFix_pol_I_Farcsec_5pln_cor_crop_0051.npy,MACSJ0417.5-1155_aFix_pol_I_Farcsec_5pln_cor,51,-1.759273436618969e-05,4.197344605927356e-05,
MACSJ0417.5-1155_aFix_pol_I_Farcsec_5pln_cor_crop_0041.npy,MACSJ0417.5-1155_aFix_pol_I_Farcsec_5pln_cor,41,-1.759273436618969e-05,4.197344605927356e-05,
J0431.4-6126_aFix_pol_I_Farcsec_5pln_cor_crop_0191.npy,J0431.4-6126_aFix_pol_I_Farcsec_5pln_cor,191,-2.59030784945935e-05,4.582747351378202e-05,
Abell_370_afix_pol_I_Farcsec_5pln_cor_crop_0064.npy,Abell_370_afix_pol_I_Farcsec_5pln_cor,64,-3.905647463398054e-05,5.590072396444157e-05,
Abell_194_aFix_pol_I_Farcsec_5pln_cor_crop_0013.npy,Abell_194_aFix_pol_I_Farcsec_5pln_cor,13,-3.945245043723844e-05,0.0001343678013654,
J1653.0-5943_aFix_pol_I_Farcsec_5pln_cor_crop_0043.npy,J1653.0-5943_aFix_pol_I_Farcsec_5pln_cor,43,-2.6878653443418443e-05,3.650951839517802e-05,
J1145.6-5420_aFix_pol_I_Farcsec_5pln_cor_crop_0174.npy,J1145.6-5420_aFix_pol_I_Farcsec_5pln_cor,174,-1.6585625417064875e-05,3.3761494705686346e-05,
J1518.3-4632_aFix_pol_I_Farcsec_5pln_cor_crop_0161.npy,J1518.3-4632_aFix_pol_I_Farcsec_5pln_cor,161,-2.6316898583900183e-05,3.836355244857259e-05,
J0600.8-5835_aFix_pol_I_Farcsec_5pln_cor_crop_0186.npy,J0600.8-5835_aFix_pol_I_Farcsec_5pln_cor,186,-1.2947120012540836e-05,3.535595169523731e-05,
J0342.8-5338_aFix_pol_I_Farcsec_5pln_cor_crop_0147.npy,J0342.8-5338_aFix_pol_I_Farcsec_5pln_cor,147,-1.83263164217351e-05,3.698056025314145e-05,
J0108.5-4020_aFix_pol_I_Farcsec_5pln_cor_crop_0128.npy,J0108.5-4020_aFix_pol_I_Farcsec_5pln_cor,128,-1.5436331523233093e-05,3.3178752346429974e-05,
Abell_3562_aFix_pol_I_Farcsec_5pln_cor_crop_0131.npy,Abell_3562_aFix_pol_I_Farcsec_5pln_cor,131,-2.032673728535883e-05,4.53729007858783e-05,
J0820.9-5704_aFix_pol_I_Farcsec_5pln_cor_crop_0036.npy,J0820.9-5704_aFix_pol_I_Farcsec_5pln_cor,36,-1.654735388001427e-05,3.4318985854042694e-05,
J1653.0-5943_aFix_pol_I_Farcsec_5pln_cor_crop_0019.npy,J1653.0-5943_aFix_pol_I_Farcsec_5pln_cor,19,-2.6878653443418443e-05,3.650951839517802e-05,
Abell_548_aFix_pol_I_Farcsec_5pln_cor_crop_0037.npy,Abell_548_aFix_pol_I_Farcsec_5pln_cor,37,-1.682372203504201e-05,5.429780867416412e-05,
Abell_3558_aFix_pol_I_Farcsec_5pln_cor_crop_0077.npy,Abell_3558_aFix_pol_I_Farcsec_5pln_cor,77,-2.058644531643949e-05,4.082424857188016e-05,
J1130.0-4213_aFix_pol_I_Farcsec_5pln_cor_crop_0144.npy,J1130.0-4213_aFix_pol_I_Farcsec_5pln_cor,144,-1.5924631952657364e-05,3.826789543381892e-05,
RXC_J0520.7-1328_aFix_pol_I_Farcsec_5pln_cor_crop_0096.npy,RXC_J0520.7-1328_aFix_pol_I_Farcsec_5pln_cor,96,-4.763286779052578e-05,6.618209590669721e-05,
Abell_S1121_noFix_pol_I_Farcsec_5pln_cor_crop_0073.npy,Abell_S1121_noFix_pol_I_Farcsec_5pln_cor,73,-4.2447074520168826e-05,6.132334965514019e-05,
Abell_168_aFix_pol_I_Farcsec_5pln_cor_crop_0120.npy,Abell_168_aFix_pol_I_Farcsec_5pln_cor,120,-2.51656529144384e-05,4.1941199015127495e-05,
Abell_2597_noFix_pol_I_Farcsec_5pln_cor_crop_0148.npy,Abell_2597_noFix_pol_I_Farcsec_5pln_cor,148,-5.033568595536053e-05,6.417310942197219e-05,
J0540.1-4050_aFix_pol_I_Farcsec_5pln_cor_crop_0070.npy,J0540.1-4050_aFix_pol_I_Farcsec_5pln_cor,70,-1.9781218725256625e-05,3.538576129358262e-05,
MACS_J0257.6-2209_aFix_pol_I_Farcsec_5pln_cor_crop_0188.npy,MACS_J0257.6-2209_aFix_pol_I_Farcsec_5pln_cor,188,-2.1241523427306674e-05,4.082491795998067e-05,
J1518.3-4632_aFix_pol_I_Farcsec_5pln_cor_crop_0056.npy,J1518.3-4632_aFix_pol_I_Farcsec_5pln_cor,56,-2.6316898583900183e-05,3.836355244857259e-05,
Abell_33_noFix_pol_I_Farcsec_5pln_cor_crop_0009.npy,Abell_33_noFix_pol_I_Farcsec_5pln_cor,9,-2.8547556212288328e-05,4.8568657803116366e-05,
J0225.9-4154_aFix_pol_I_Farcsec_5pln_cor_crop_0095.npy,J0225.9-4154_aFix_pol_I_Farcsec_5pln_cor,95,-1.4831659427727573e-05,3.976373773184605e-05,
J0631.3-5610_aFix_pol_I_Farcsec_5pln_cor_crop_0080.npy,J0631.3-5610_aFix_pol_I_Farcsec_5pln_cor,80,-1.3746558579441626e-05,3.730034950422123e-05,
J0738.1-7506_aFix_pol_I_Farcsec_5pln_cor_crop_0054.npy,J0738.1-7506_aFix_pol_I_Farcsec_5pln_cor,54,-1.3090567335893866e-05,3.692142854561098e-05,
J0449.9-4440_aFix_pol_I_Farcsec_5pln_cor_crop_0124.npy,J0449.9-4440_aFix_pol_I_Farcsec_5pln_cor,124,-1.3652566849486902e-05,3.79539851564914e-05,
Abell_2485_noFix_pol_I_Farcsec_5pln_cor_crop_0141.npy,Abell_2485_noFix_pol_I_Farcsec_5pln_cor,141,-1.5763916962896474e-05,3.792858478846029e-05,
MACS_J0257.6-2209_noFix_pol_I_Farcsec_5pln_cor_crop_0185.npy,MACS_J0257.6-2209_noFix_pol_I_Farcsec_5pln_cor,185,-2.3381955543300137e-05,4.110854570171796e-05,
Abell_2645_noFix_pol_I_Farcsec_5pln_cor_crop_0018.npy,Abell_2645_noFix_pol_I_Farcsec_5pln_cor,18,-3.2132909836946055e-05,5.223612970439717e-05,
Abell_2744_aFix_pol_I_Farcsec_5pln_cor_crop_0156.npy,Abell_2744_aFix_pol_I_Farcsec_5pln_cor,156,-1.4511139852402266e-05,3.865708276862279e-05,
J0117.8-5455_aFix_pol_I_Farcsec_5pln_cor_crop_0114.npy,J0117.8-5455_aFix_pol_I_Farcsec_5pln_cor,114,-1.313004395342432e-05,3.596906753955409e-05,
J2340.1-8510_aFix_pol_I_Farcsec_5pln_cor_crop_0058.npy,J2340.1-8510_aFix_pol_I_Farcsec_5pln_cor,58,-1.53458950080676e-05,3.938611553166993e-05,
J0027.3-5015_aFix_pol_I_Farcsec_5pln_cor_crop_0051.npy,J0027.3-5015_aFix_pol_I_Farcsec_5pln_cor,51,-1.4346433999889996e-05,3.467470014584251e-05,
Abell_548_Cen_aFix_pol_I_Farcsec_5pln_cor_crop_0209.npy,Abell_548_Cen_aFix_pol_I_Farcsec_5pln_cor,209,-1.6901160051929764e-05,5.435498314909637e-05,
J0117.8-5455_aFix_pol_I_Farcsec_5pln_cor_crop_0003.npy,J0117.8-5455_aFix_pol_I_Farcsec_5pln_cor,3,-1.313004395342432e-05,3.596906753955409e-05,
J2023.4-5535_aFix_pol_I_Farcsec_5pln_cor_crop_0130.npy,J2023.4-5535_aFix_pol_I_Farcsec_5pln_cor,130,-2.326385947526433e-05,4.042817090521567e-05,
J0232.2-4420_aFix_pol_I_Farcsec_5pln_cor_crop_0131.npy,J0232.2-4420_aFix_pol_I_Farcsec_5pln_cor,131,-1.3283781299833208e-05,3.414206730667502e-05,
J0232.2-4420_aFix_pol_I_Farcsec_5pln_cor_crop_0137.npy,J0232.2-4420_aFix_pol_I_Farcsec_5pln_cor,137,-1.3283781299833208e-05,3.414206730667502e-05,
J2222.2-5235_aFix_pol_I_Farcsec_5pln_cor_crop_0015.npy,J2222.2-5235_aFix_pol_I_Farcsec_5pln_cor,15,-2.0340692572062835e-05,4.029700721730478e-05,
J0658.5-5556_aFix_pol_I_Farcsec_5pln_cor_crop_0116.npy,J0658.5-5556_aFix_pol_I_Farcsec_5pln_cor,116,-1.5211503523460124e-05,4.380349491839297e-05,
RXCJ1314_aFix_pol_I_Farcsec_5pln_cor_crop_0001.npy,RXCJ1314_aFix_pol_I_Farcsec_5pln_cor,1,-2.6271653041476384e-05,4.702054502558895e-05,
J0217.2-5244_aFix_pol_I_Farcsec_5pln_cor_crop_0123.npy,J0217.2-5244_aFix_pol_I_Farcsec_5pln_cor,123,-1.7379512428306043e-05,3.482505780993961e-05,
J1645.4-7334_aFix_pol_I_Farcsec_5pln_cor_crop_0160.npy,J1645.4-7334_aFix_pol_I_Farcsec_5pln_cor,160,-2.7542228053789582e-05,5.101114220451564e-05,
Abell_3562_aFix_pol_I_Farcsec_5pln_cor_crop_0070.npy,Abell_3562_aFix_pol_I_Farcsec_5pln_cor,70,-2.032673728535883e-05,4.53729007858783e-05,
J1358.9-4750_aFix_pol_I_Farcsec_5pln_cor_crop_0003.npy,J1358.9-4750_aFix_pol_I_Farcsec_5pln_cor,3,-2.6460520530235957e-05,4.666853419621475e-05,
J1840.6-7709_aFix_pol_I_Farcsec_5pln_cor_crop_0184.npy,J1840.6-7709_aFix_pol_I_Farcsec_5pln_cor,184,-1.7610127542866394e-05,4.188125240034424e-05,
MACSJ0417.5-1155_aFix_pol_I_Farcsec_5pln_cor_crop_0102.npy,MACSJ0417.5-1155_aFix_pol_I_Farcsec_5pln_cor,102,-1.759273436618969e-05,4.197344605927356e-05,
J0117.8-5455_aFix_pol_I_Farcsec_5pln_cor_crop_0046.npy,J0117.8-5455_aFix_pol_I_Farcsec_5pln_cor,46,-1.313004395342432e-05,3.596906753955409e-05,
J0416.7-5525_aFix_pol_I_Farcsec_5pln_cor_crop_0037.npy,J0416.7-5525_aFix_pol_I_Farcsec_5pln_cor,37,-1.4703909073432442e-05,4.304752292227931e-05,
Abell_85_aFix_pol_I_Farcsec_5pln_cor_crop_0206.npy,Abell_85_aFix_pol_I_Farcsec_5pln_cor,206,-1.6969566786428913e-05,4.114058901905082e-05,
J0757.7-5315_aFix_pol_I_Farcsec_5pln_cor_crop_0001.npy,J0757.7-5315_aFix_pol_I_Farcsec_5pln_cor,1,-1.5817182429600507e-05,3.550770634319633e-05,
J1423.7-5412_aFix_pol_I_Farcsec_5pln_cor_crop_0111.npy,J1423.7-5412_aFix_pol_I_Farcsec_5pln_cor,111,-1.8973547412315384e-05,4.0196806367021054e-05,
Abell_2751_aFix_pol_I_Farcsec_5pln_cor_crop_0214.npy,Abell_2751_aFix_pol_I_Farcsec_5pln_cor,214,-2.5066670787055045e-05,4.310646909289062e-05,
J0540.1-4322_aFix_pol_I_Farcsec_5pln_cor_crop_0204.npy,J0540.1-4322_aFix_pol_I_Farcsec_5pln_cor,204,-2.016680991800968e-05,3.639713395386934e-05,
J1535.1-4658_aFix_pol_I_Farcsec_5pln_cor_crop_0140.npy,J1535.1-4658_aFix_pol_I_Farcsec_5pln_cor,140,-2.547855729062576e-05,3.796764576691203e-05,
J0027.3-5015_aFix_pol_I_Farcsec_5pln_cor_crop_0067.npy,J0027.3-5015_aFix_pol_I_Farcsec_5pln_cor,67,-1.4346433999889996e-05,3.467470014584251e-05,
J0948.6-8327_aFix_pol_I_Farcsec_5pln_cor_crop_0175.npy,J0948.6-8327_aFix_pol_I_Farcsec_5pln_cor,175,-1.3834469427820297e-05,3.5308996302774176e-05,
J0540.1-4322_aFix_pol_I_Farcsec_5pln_cor_crop_0048.npy,J0540.1-4322_aFix_pol_I_Farcsec_5pln_cor,48,-2.016680991800968e-05,3.639713395386934e-05,
J1653.0-5943_aFix_pol_I_Farcsec_5pln_cor_crop_0069.npy,J1653.0-5943_aFix_pol_I_Farcsec_5pln_cor,69,-2.6878653443418443e-05,3.650951839517802e-05,
Abell_2751_aFix_pol_I_Farcsec_5pln_cor_crop_0216.npy,Abell_2751_aFix_pol_I_Farcsec_5pln_cor,216,-2.5066670787055045e-05,4.310646909289062e-05,
J0943.4-7619_aFix_pol_I_Farcsec_5pln_cor_crop_0110.npy,J0943.4-7619_aFix_pol_I_Farcsec_5pln_cor,110,-2.481557567080017e-05,4.054028249811381e-05,
J0406.7-7116_aFix_pol_I_Farcsec_5pln_cor_crop_0134.npy,J0406.7-7116_aFix_pol_I_Farcsec_5pln_cor,134,-1.6727117326809093e-05,3.893847315339372e-05,
RXCJ1314_aFix_pol_I_Farcsec_5pln_cor_crop_0017.npy,RXCJ1314_aFix_pol_I_Farcsec_5pln_cor,17,-2.6271653041476384e-05,4.702054502558895e-05,
Abell_2811_noFix_pol_I_Farcsec_5pln_cor_crop_0003.npy,Abell_2811_noFix_pol_I_Farcsec_5pln_cor,3,-5.993724334985018e-05,7.318957068491727e-05,
J1145.6-5420_aFix_pol_I_Farcsec_5pln_cor_crop_0143.npy,J1145.6-5420_aFix_pol_I_Farcsec_5pln_cor,143,-1.6585625417064875e-05,3.3761494705686346e-05,
J0610.5-4848_aFix_pol_I_Farcsec_5pln_cor_crop_0016.npy,J0610.5-4848_aFix_pol_I_Farcsec_5pln_cor,16,-1.432743010809645e-05,3.869758802466095e-05,
Abell_2645_noFix_pol_I_Farcsec_5pln_cor_crop_0120.npy,Abell_2645_noFix_pol_I_Farcsec_5pln_cor,120,-3.2132909836946055e-05,5.223612970439717e-05,
Abell_33_noFix_pol_I_Farcsec_5pln_cor_crop_0155.npy,Abell_33_noFix_pol_I_Farcsec_5pln_cor,155,-2.8547556212288328e-05,4.8568657803116366e-05,
J1645.4-7334_aFix_pol_I_Farcsec_5pln_cor_crop_0023.npy,J1645.4-7334_aFix_pol_I_Farcsec_5pln_cor,23,-2.7542228053789582e-05,5.101114220451564e-05,
Abell_33_noFix_pol_I_Farcsec_5pln_cor_crop_0112.npy,Abell_33_noFix_pol_I_Farcsec_5pln_cor,112,-2.8547556212288328e-05,4.8568657803116366e-05,
Abell_548_aFix_pol_I_Farcsec_5pln_cor_crop_0128.npy,Abell_548_aFix_pol_I_Farcsec_5pln_cor,128,-1.682372203504201e-05,5.429780867416412e-05,
J2222.2-5235_aFix_pol_I_Farcsec_5pln_cor_crop_0156.npy,J2222.2-5235_aFix_pol_I_Farcsec_5pln_cor,156,-2.0340692572062835e-05,4.029700721730478e-05,
Abell_3376copy_aFix_pol_I_Farcsec_5pln_cor_crop_0151.npy,Abell_3376copy_aFix_pol_I_Farcsec_5pln_cor,151,-1.6748330381233245e-05,4.895990059594624e-05,
J0745.1-5404_aFix_pol_I_Farcsec_5pln_cor_crop_0145.npy,J0745.1-5404_aFix_pol_I_Farcsec_5pln_cor,145,-1.8277149138157256e-05,3.714456397574395e-05,
Abell_S1063_nofix_pol_I_Farcsec_5pln_cor_crop_0216.npy,Abell_S1063_nofix_pol_I_Farcsec_5pln_cor,216,-1.3156100976630114e-05,3.549207394826226e-05,
Abell_548_aFix_pol_I_Farcsec_5pln_cor_crop_0189.npy,Abell_548_aFix_pol_I_Farcsec_5pln_cor,189,-1.682372203504201e-05,5.429780867416412e-05,
J1645.4-7334_aFix_pol_I_Farcsec_5pln_cor_crop_0127.npy,J1645.4-7334_aFix_pol_I_Farcsec_5pln_cor,127,-2.7542228053789582e-05,5.101114220451564e-05,
Abell_3376_aFix_pol_I_Farcsec_5pln_cor_crop_0000.npy,Abell_3376_aFix_pol_I_Farcsec_5pln_cor,0,-1.6748330381233245e-05,4.895990059594624e-05,
Abell_22_aFix_pol_I_Farcsec_5pln_cor_crop_0057.npy,Abell_22_aFix_pol_I_Farcsec_5pln_cor,57,-1.7687332729110494e-05,3.791484050452709e-05,
J1705.1-8210_aFix_pol_I_Farcsec_5pln_cor_crop_0155.npy,J1705.1-8210_aFix_pol_I_Farcsec_5pln_cor,155,-2.258976564917248e-05,4.054370947415009e-05,
J0225.9-4154_aFix_pol_I_Farcsec_5pln_cor_crop_0098.npy,J0225.9-4154_aFix_pol_I_Farcsec_5pln_cor,98,-1.4831659427727573e-05,3.976373773184605e-05,
J0745.1-5404_aFix_pol_I_Farcsec_5pln_cor_crop_0186.npy,J0745.1-5404_aFix_pol_I_Farcsec_5pln_cor,186,-1.8277149138157256e-05,3.714456397574395e-05,
J0145.0-5300_aFix_pol_I_Farcsec_5pln_cor_crop_0064.npy,J0145.0-5300_aFix_pol_I_Farcsec_5pln_cor,64,-1.4464765627053566e-05,3.505407221382484e-05,
J0626.3-5341_aFix_pol_I_Farcsec_5pln_cor_crop_0182.npy,J0626.3-5341_aFix_pol_I_Farcsec_5pln_cor,182,-2.286754715896677e-05,4.3426152842585e-05,
J0449.9-4440_aFix_pol_I_Farcsec_5pln_cor_crop_0141.npy,J0449.9-4440_aFix_pol_I_Farcsec_5pln_cor,141,-1.3652566849486902e-05,3.79539851564914e-05,
J1201.0-4623_aFix_pol_I_Farcsec_5pln_cor_crop_0051.npy,J1201.0-4623_aFix_pol_I_Farcsec_5pln_cor,51,-1.437526134395739e-05,3.895712870871648e-05,
J1410.4-4246_aFix_pol_I_Farcsec_5pln_cor_crop_0183.npy,J1410.4-4246_aFix_pol_I_Farcsec_5pln_cor,183,-2.2075269953347743e-05,4.486642137635499e-05,
Abell_22_aFix_pol_I_Farcsec_5pln_cor_crop_0192.npy,Abell_22_aFix_pol_I_Farcsec_5pln_cor,192,-1.7687332729110494e-05,3.791484050452709e-05,
J0406.7-7116_aFix_pol_I_Farcsec_5pln_cor_crop_0019.npy,J0406.7-7116_aFix_pol_I_Farcsec_5pln_cor,19,-1.6727117326809093e-05,3.893847315339372e-05,
J0631.3-5610_aFix_pol_I_Farcsec_5pln_cor_crop_0077.npy,J0631.3-5610_aFix_pol_I_Farcsec_5pln_cor,77,-1.3746558579441626e-05,3.730034950422123e-05,
Abell_3365A_noFix_pol_I_Farcsec_5pln_cor_crop_0036.npy,Abell_3365A_noFix_pol_I_Farcsec_5pln_cor,36,-1.5037990124255884e-05,3.877880590152927e-05,
J1535.1-4658_aFix_pol_I_Farcsec_5pln_cor_crop_0034.npy,J1535.1-4658_aFix_pol_I_Farcsec_5pln_cor,34,-2.547855729062576e-05,3.796764576691203e-05,
J0948.6-8327_aFix_pol_I_Farcsec_5pln_cor_crop_0043.npy,J0948.6-8327_aFix_pol_I_Farcsec_5pln_cor,43,-1.3834469427820297e-05,3.5308996302774176e-05,
Abell_133_aFix_pol_I_Farcsec_5pln_cor_crop_0103.npy,Abell_133_aFix_pol_I_Farcsec_5pln_cor,103,-1.6750700524426065e-05,3.861152799800038e-05,
Abell_209_aFix_pol_I_Farcsec_5pln_cor_crop_0211.npy,Abell_209_aFix_pol_I_Farcsec_5pln_cor,211,-2.1105859559611417e-05,4.098449426237494e-05,
Abell_548_aFix_pol_I_Farcsec_5pln_cor_crop_0061.npy,Abell_548_aFix_pol_I_Farcsec_5pln_cor,61,-1.682372203504201e-05,5.429780867416412e-05,
RXCJ1314_aFix_pol_I_Farcsec_5pln_cor_crop_0034.npy,RXCJ1314_aFix_pol_I_Farcsec_5pln_cor,34,-2.6271653041476384e-05,4.702054502558895e-05,
J1410.4-4246_aFix_pol_I_Farcsec_5pln_cor_crop_0103.npy,J1410.4-4246_aFix_pol_I_Farcsec_5pln_cor,103,-2.2075269953347743e-05,4.486642137635499e-05,
RXC_J0520.7-1328_aFix_pol_I_Farcsec_5pln_cor_crop_0134.npy,RXC_J0520.7-1328_aFix_pol_I_Farcsec_5pln_cor,134,-4.763286779052578e-05,6.618209590669721e-05,
J0658.5-5556_aFix_pol_I_Farcsec_5pln_cor_crop_0109.npy,J0658.5-5556_aFix_pol_I_Farcsec_5pln_cor,109,-1.5211503523460124e-05,4.380349491839297e-05,
J1535.1-4658_aFix_pol_I_Farcsec_5pln_cor_crop_0019.npy,J1535.1-4658_aFix_pol_I_Farcsec_5pln_cor,19,-2.547855729062576e-05,3.796764576691203e-05,
RXC_J0520.7-1328_aFix_pol_I_Farcsec_5pln_cor_crop_0085.npy,RXC_J0520.7-1328_aFix_pol_I_Farcsec_5pln_cor,85,-4.763286779052578e-05,6.618209590669721e-05,
Abell_194_aFix_pol_I_Farcsec_5pln_cor_crop_0115.npy,Abell_194_aFix_pol_I_Farcsec_5pln_cor,115,-3.945245043723844e-05,0.0001343678013654,
J0117.8-5455_aFix_pol_I_Farcsec_5pln_cor_crop_0082.npy,J0117.8-5455_aFix_pol_I_Farcsec_5pln_cor,82,-1.313004395342432e-05,3.596906753955409e-05,
RXCJ2351.0-19_noFix_pol_I_Farcsec_5pln_cor_crop_0165.npy,RXCJ2351.0-19_noFix_pol_I_Farcsec_5pln_cor,165,-1.7816319086705334e-05,4.150596214458346e-05,
J0351.1-8212_aFix_pol_I_Farcsec_5pln_cor_crop_0140.npy,J0351.1-8212_aFix_pol_I_Farcsec_5pln_cor,140,-1.34867677843431e-05,3.901409581885673e-05,
Abell_S1063_nofix_pol_I_Farcsec_5pln_cor_crop_0032.npy,Abell_S1063_nofix_pol_I_Farcsec_5pln_cor,32,-1.3156100976630114e-05,3.549207394826226e-05,
J0416.7-5525_aFix_pol_I_Farcsec_5pln_cor_crop_0057.npy,J0416.7-5525_aFix_pol_I_Farcsec_5pln_cor,57,-1.4703909073432442e-05,4.304752292227931e-05,
MACSJ_0025.4-1222B_aFix_pol_I_Farcsec_5pln_cor_crop_0013.npy,MACSJ_0025.4-1222B_aFix_pol_I_Farcsec_5pln_cor,13,-2.179453076678328e-05,4.608399467542768e-05,
Abell_3558_aFix_pol_I_Farcsec_5pln_cor_crop_0045.npy,Abell_3558_aFix_pol_I_Farcsec_5pln_cor,45,-2.058644531643949e-05,4.082424857188016e-05,
Abell_194_aFix_pol_I_Farcsec_5pln_cor_crop_0012.npy,Abell_194_aFix_pol_I_Farcsec_5pln_cor,12,-3.945245043723844e-05,0.0001343678013654,
J0600.8-5835_aFix_pol_I_Farcsec_5pln_cor_crop_0179.npy,J0600.8-5835_aFix_pol_I_Farcsec_5pln_cor,179,-1.2947120012540836e-05,3.535595169523731e-05,
J1601.7-7544_aFix_pol_I_Farcsec_5pln_cor_crop_0138.npy,J1601.7-7544_aFix_pol_I_Farcsec_5pln_cor,138,-1.893065564217977e-05,4.2162908357568085e-05,
J0317.9-4414_aFix_pol_I_Farcsec_5pln_cor_crop_0004.npy,J0317.9-4414_aFix_pol_I_Farcsec_5pln_cor,4,-1.825527215260081e-05,4.13110428780783e-05,
J1840.6-7709_aFix_pol_I_Farcsec_5pln_cor_crop_0089.npy,J1840.6-7709_aFix_pol_I_Farcsec_5pln_cor,89,-1.7610127542866394e-05,4.188125240034424e-05,
J0051.1-4833_aFix_pol_I_Farcsec_5pln_cor_crop_0055.npy,J0051.1-4833_aFix_pol_I_Farcsec_5pln_cor,55,-1.4088746866036672e-05,3.274881237302907e-05,
J0406.7-7116_aFix_pol_I_Farcsec_5pln_cor_crop_0028.npy,J0406.7-7116_aFix_pol_I_Farcsec_5pln_cor,28,-1.6727117326809093e-05,3.893847315339372e-05,
Abell_3558_aFix_pol_I_Farcsec_5pln_cor_crop_0069.npy,Abell_3558_aFix_pol_I_Farcsec_5pln_cor,69,-2.058644531643949e-05,4.082424857188016e-05,
Abell_168_aFix_pol_I_Farcsec_5pln_cor_crop_0139.npy,Abell_168_aFix_pol_I_Farcsec_5pln_cor,139,-2.51656529144384e-05,4.1941199015127495e-05,
J0027.3-5015_aFix_pol_I_Farcsec_5pln_cor_crop_0145.npy,J0027.3-5015_aFix_pol_I_Farcsec_5pln_cor,145,-1.4346433999889996e-05,3.467470014584251e-05,
J0217.2-5244_aFix_pol_I_Farcsec_5pln_cor_crop_0007.npy,J0217.2-5244_aFix_pol_I_Farcsec_5pln_cor,7,-1.7379512428306043e-05,3.482505780993961e-05,
Abell_2811_noFix_pol_I_Farcsec_5pln_cor_crop_0147.npy,Abell_2811_noFix_pol_I_Farcsec_5pln_cor,147,-5.993724334985018e-05,7.318957068491727e-05,
J0216.3-4816_aFix_pol_I_Farcsec_5pln_cor_crop_0188.npy,J0216.3-4816_aFix_pol_I_Farcsec_5pln_cor,188,-1.5618124962202273e-05,5.211478855926544e-05,
J0027.3-5015_aFix_pol_I_Farcsec_5pln_cor_crop_0045.npy,J0027.3-5015_aFix_pol_I_Farcsec_5pln_cor,45,-1.4346433999889996e-05,3.467470014584251e-05,
J0542.8-4100_aFix_pol_I_Farcsec_5pln_cor_crop_0195.npy,J0542.8-4100_aFix_pol_I_Farcsec_5pln_cor,195,-1.260944191017188e-05,3.595814996515401e-05,
J1240.2-4825_aFix_pol_I_Farcsec_5pln_cor_crop_0144.npy,J1240.2-4825_aFix_pol_I_Farcsec_5pln_cor,144,-1.6159494407474995e-05,3.676811684272252e-05,
J1201.0-4623_aFix_pol_I_Farcsec_5pln_cor_crop_0091.npy,J1201.0-4623_aFix_pol_I_Farcsec_5pln_cor,91,-1.437526134395739e-05,3.895712870871648e-05,
J1840.6-7709_aFix_pol_I_Farcsec_5pln_cor_crop_0041.npy,J1840.6-7709_aFix_pol_I_Farcsec_5pln_cor,41,-1.7610127542866394e-05,4.188125240034424e-05,
J0545.5-4756_aFix_pol_I_Farcsec_5pln_cor_crop_0188.npy,J0545.5-4756_aFix_pol_I_Farcsec_5pln_cor,188,-1.6526179024367593e-05,4.097030614502728e-05,
J0516.6-5430_aFix_pol_I_Farcsec_5pln_cor_crop_0104.npy,J0516.6-5430_aFix_pol_I_Farcsec_5pln_cor,104,-1.4557363101630472e-05,3.583080251701176e-05,
Abell_2597_noFix_pol_I_Farcsec_5pln_cor_crop_0026.npy,Abell_2597_noFix_pol_I_Farcsec_5pln_cor,26,-5.033568595536053e-05,6.417310942197219e-05,
J2023.4-5535_aFix_pol_I_Farcsec_5pln_cor_crop_0115.npy,J2023.4-5535_aFix_pol_I_Farcsec_5pln_cor,115,-2.326385947526433e-05,4.042817090521567e-05,
J1653.0-5943_aFix_pol_I_Farcsec_5pln_cor_crop_0109.npy,J1653.0-5943_aFix_pol_I_Farcsec_5pln_cor,109,-2.6878653443418443e-05,3.650951839517802e-05,
J0212.8-4707_aFix_pol_I_Farcsec_5pln_cor_crop_0079.npy,J0212.8-4707_aFix_pol_I_Farcsec_5pln_cor,79,-1.7747841411619447e-05,3.736264625331387e-05,
J0812.5-5714_aFix_pol_I_Farcsec_5pln_cor_crop_0160.npy,J0812.5-5714_aFix_pol_I_Farcsec_5pln_cor,160,-1.797733420971781e-05,3.096696309512481e-05,
Abell_3667_aFix_pol_I_Farcsec_5pln_cor_crop_0064.npy,Abell_3667_aFix_pol_I_Farcsec_5pln_cor,64,-3.163510700687766e-05,0.0001603437995072,
J0145.2-6033_aFix_pol_I_Farcsec_5pln_cor_crop_0059.npy,J0145.2-6033_aFix_pol_I_Farcsec_5pln_cor,59,-1.2114905985072257e-05,3.299051968497224e-05,
MACSJ_0025.4-1222B_aFix_pol_I_Farcsec_5pln_cor_crop_0092.npy,MACSJ_0025.4-1222B_aFix_pol_I_Farcsec_5pln_cor,92,-2.179453076678328e-05,4.608399467542768e-05,
J1539.5-8335_aFix_pol_I_Farcsec_5pln_cor_crop_0109.npy,J1539.5-8335_aFix_pol_I_Farcsec_5pln_cor,109,-1.7301776097156107e-05,3.6628662201110274e-05,
J0342.8-5338_aFix_pol_I_Farcsec_5pln_cor_crop_0134.npy,J0342.8-5338_aFix_pol_I_Farcsec_5pln_cor,134,-1.83263164217351e-05,3.698056025314145e-05,
Abell_2645_noFix_pol_I_Farcsec_5pln_cor_crop_0183.npy,Abell_2645_noFix_pol_I_Farcsec_5pln_cor,183,-3.2132909836946055e-05,5.223612970439717e-05,
Abell_3376copy_aFix_pol_I_Farcsec_5pln_cor_crop_0084.npy,Abell_3376copy_aFix_pol_I_Farcsec_5pln_cor,84,-1.6748330381233245e-05,4.895990059594624e-05,
ElGordo_aFix_pol_I_Farcsec_5pln_cor_crop_0129.npy,ElGordo_aFix_pol_I_Farcsec_5pln_cor,129,-1.8438237020745877e-05,3.2559692044742405e-05,
J0328.6-5542_aFix_pol_I_Farcsec_5pln_cor_crop_0123.npy,J0328.6-5542_aFix_pol_I_Farcsec_5pln_cor,123,-1.7376105461153202e-05,3.237917189835571e-05,
Abell_3376copy_aFix_pol_I_Farcsec_5pln_cor_crop_0145.npy,Abell_3376copy_aFix_pol_I_Farcsec_5pln_cor,145,-1.6748330381233245e-05,4.895990059594624e-05,
J0510.2-4519_aFix_pol_I_Farcsec_5pln_cor_crop_0128.npy,J0510.2-4519_aFix_pol_I_Farcsec_5pln_cor,128,-1.650593003432732e-05,3.797405952354893e-05,
Abell_2813_noFix_pol_I_Farcsec_5pln_cor_crop_0083.npy,Abell_2813_noFix_pol_I_Farcsec_5pln_cor,83,-2.1553638362092897e-05,4.1060964576900005e-05,
J0225.9-4154_aFix_pol_I_Farcsec_5pln_cor_crop_0179.npy,J0225.9-4154_aFix_pol_I_Farcsec_5pln_cor,179,-1.4831659427727573e-05,3.976373773184605e-05,
Abell_3562_aFix_pol_I_Farcsec_5pln_cor_crop_0066.npy,Abell_3562_aFix_pol_I_Farcsec_5pln_cor,66,-2.032673728535883e-05,4.53729007858783e-05,
J1518.3-4632_aFix_pol_I_Farcsec_5pln_cor_crop_0194.npy,J1518.3-4632_aFix_pol_I_Farcsec_5pln_cor,194,-2.6316898583900183e-05,3.836355244857259e-05,
J0351.1-8212_aFix_pol_I_Farcsec_5pln_cor_crop_0167.npy,J0351.1-8212_aFix_pol_I_Farcsec_5pln_cor,167,-1.34867677843431e-05,3.901409581885673e-05,
J1645.4-7334_aFix_pol_I_Farcsec_5pln_cor_crop_0031.npy,J1645.4-7334_aFix_pol_I_Farcsec_5pln_cor,31,-2.7542228053789582e-05,5.101114220451564e-05,
J0303.7-7752_aFix_pol_I_Farcsec_5pln_cor_crop_0075.npy,J0303.7-7752_aFix_pol_I_Farcsec_5pln_cor,75,-1.6216928997891955e-05,3.944924537790939e-05,
J0516.6-5430_aFix_pol_I_Farcsec_5pln_cor_crop_0089.npy,J0516.6-5430_aFix_pol_I_Farcsec_5pln_cor,89,-1.4557363101630472e-05,3.583080251701176e-05,
J2319.2-6750_aFix_pol_I_Farcsec_5pln_cor_crop_0011.npy,J2319.2-6750_aFix_pol_I_Farcsec_5pln_cor,11,-1.762574174790643e-05,3.985196599387564e-05,
Abell_2813_noFix_pol_I_Farcsec_5pln_cor_crop_0013.npy,Abell_2813_noFix_pol_I_Farcsec_5pln_cor,13,-2.1553638362092897e-05,4.1060964576900005e-05,
J0540.1-4322_aFix_pol_I_Farcsec_5pln_cor_crop_0100.npy,J0540.1-4322_aFix_pol_I_Farcsec_5pln_cor,100,-2.016680991800968e-05,3.639713395386934e-05,
J0745.1-5404_aFix_pol_I_Farcsec_5pln_cor_crop_0195.npy,J0745.1-5404_aFix_pol_I_Farcsec_5pln_cor,195,-1.8277149138157256e-05,3.714456397574395e-05,
J0108.5-4020_aFix_pol_I_Farcsec_5pln_cor_crop_0037.npy,J0108.5-4020_aFix_pol_I_Farcsec_5pln_cor,37,-1.5436331523233093e-05,3.3178752346429974e-05,
Abell_2744_aFix_pol_I_Farcsec_5pln_cor_crop_0161.npy,Abell_2744_aFix_pol_I_Farcsec_5pln_cor,161,-1.4511139852402266e-05,3.865708276862279e-05,
J0607.0-4928_aFix_pol_I_Farcsec_5pln_cor_crop_0182.npy,J0607.0-4928_aFix_pol_I_Farcsec_5pln_cor,182,-1.727664130157791e-05,3.109658064204268e-05,
J0542.8-4100_aFix_pol_I_Farcsec_5pln_cor_crop_0052.npy,J0542.8-4100_aFix_pol_I_Farcsec_5pln_cor,52,-1.260944191017188e-05,3.595814996515401e-05,
Abell_3365_noFix_pol_I_Farcsec_5pln_cor_crop_0019.npy,Abell_3365_noFix_pol_I_Farcsec_5pln_cor,19,-3.684182956931181e-05,5.151375808054581e-05,
J0516.6-5430_aFix_pol_I_Farcsec_5pln_cor_crop_0063.npy,J0516.6-5430_aFix_pol_I_Farcsec_5pln_cor,63,-1.4557363101630472e-05,3.583080251701176e-05,
J0625.2-5521_aFix_pol_I_Farcsec_5pln_cor_crop_0046.npy,J0625.2-5521_aFix_pol_I_Farcsec_5pln_cor,46,-2.603908251330722e-05,3.9954342355486006e-05,
J0217.2-5244_aFix_pol_I_Farcsec_5pln_cor_crop_0082.npy,J0217.2-5244_aFix_pol_I_Farcsec_5pln_cor,82,-1.7379512428306043e-05,3.482505780993961e-05,
J0303.7-7752_aFix_pol_I_Farcsec_5pln_cor_crop_0125.npy,J0303.7-7752_aFix_pol_I_Farcsec_5pln_cor,125,-1.6216928997891955e-05,3.944924537790939e-05,
J0342.8-5338_aFix_pol_I_Farcsec_5pln_cor_crop_0026.npy,J0342.8-5338_aFix_pol_I_Farcsec_5pln_cor,26,-1.83263164217351e-05,3.698056025314145e-05,
J0351.1-8212_aFix_pol_I_Farcsec_5pln_cor_crop_0137.npy,J0351.1-8212_aFix_pol_I_Farcsec_5pln_cor,137,-1.34867677843431e-05,3.901409581885673e-05,
J1535.1-4658_aFix_pol_I_Farcsec_5pln_cor_crop_0174.npy,J1535.1-4658_aFix_pol_I_Farcsec_5pln_cor,174,-2.547855729062576e-05,3.796764576691203e-05,
Abell_141_aFix_pol_I_Farcsec_5pln_cor_crop_0104.npy,Abell_141_aFix_pol_I_Farcsec_5pln_cor,104,-1.6963114831014536e-05,3.675864718388766e-05,
Abell_22_aFix_pol_I_Farcsec_5pln_cor_crop_0128.npy,Abell_22_aFix_pol_I_Farcsec_5pln_cor,128,-1.7687332729110494e-05,3.791484050452709e-05,
J1201.0-4623_aFix_pol_I_Farcsec_5pln_cor_crop_0195.npy,J1201.0-4623_aFix_pol_I_Farcsec_5pln_cor,195,-1.437526134395739e-05,3.895712870871648e-05,
J0637.3-4828_aFix_pol_I_Farcsec_5pln_cor_crop_0125.npy,J0637.3-4828_aFix_pol_I_Farcsec_5pln_cor,125,-1.5409788829856552e-05,3.9739050407661125e-05,
Abell_S1063_nofix_pol_I_Farcsec_5pln_cor_crop_0097.npy,Abell_S1063_nofix_pol_I_Farcsec_5pln_cor,97,-1.3156100976630114e-05,3.549207394826226e-05,
J0627.2-5428_aFix_pol_I_Farcsec_5pln_cor_crop_0012.npy,J0627.2-5428_aFix_pol_I_Farcsec_5pln_cor,12,-3.725358692463488e-05,5.157724808668718e-05,
Abell_548_aFix_pol_I_Farcsec_5pln_cor_crop_0122.npy,Abell_548_aFix_pol_I_Farcsec_5pln_cor,122,-1.682372203504201e-05,5.429780867416412e-05,
Abell_22_aFix_pol_I_Farcsec_5pln_cor_crop_0191.npy,Abell_22_aFix_pol_I_Farcsec_5pln_cor,191,-1.7687332729110494e-05,3.791484050452709e-05,
RXCJ0225.1-22928_aFix_pol_I_Farcsec_5pln_cor_crop_0156.npy,RXCJ0225.1-22928_aFix_pol_I_Farcsec_5pln_cor,156,-3.11890325974673e-05,5.4694857681170106e-05,
RXCJ0225.1-22928_aFix_pol_I_Farcsec_5pln_cor_crop_0149.npy,RXCJ0225.1-22928_aFix_pol_I_Farcsec_5pln_cor,149,-3.11890325974673e-05,5.4694857681170106e-05,
J0757.7-5315_aFix_pol_I_Farcsec_5pln_cor_crop_0081.npy,J0757.7-5315_aFix_pol_I_Farcsec_5pln_cor,81,-1.5817182429600507e-05,3.550770634319633e-05,
J1240.2-4825_aFix_pol_I_Farcsec_5pln_cor_crop_0129.npy,J1240.2-4825_aFix_pol_I_Farcsec_5pln_cor,129,-1.6159494407474995e-05,3.676811684272252e-05,
Abell_2751_aFix_pol_I_Farcsec_5pln_cor_crop_0044.npy,Abell_2751_aFix_pol_I_Farcsec_5pln_cor,44,-2.5066670787055045e-05,4.310646909289062e-05,
PLCK_G200.9-28.2_aFix_pol_I_Farcsec_5pln_cor_crop_0092.npy,PLCK_G200.9-28.2_aFix_pol_I_Farcsec_5pln_cor,92,-2.0549477994791232e-05,4.693285882240161e-05,
J0212.8-4707_aFix_pol_I_Farcsec_5pln_cor_crop_0160.npy,J0212.8-4707_aFix_pol_I_Farcsec_5pln_cor,160,-1.7747841411619447e-05,3.736264625331387e-05,
Abell_2811_noFix_pol_I_Farcsec_5pln_cor_crop_0025.npy,Abell_2811_noFix_pol_I_Farcsec_5pln_cor,25,-5.993724334985018e-05,7.318957068491727e-05,
MACS_J0257.6-2209_aFix_pol_I_Farcsec_5pln_cor_crop_0118.npy,MACS_J0257.6-2209_aFix_pol_I_Farcsec_5pln_cor,118,-2.1241523427306674e-05,4.082491795998067e-05,
J1535.1-4658_aFix_pol_I_Farcsec_5pln_cor_crop_0080.npy,J1535.1-4658_aFix_pol_I_Farcsec_5pln_cor,80,-2.547855729062576e-05,3.796764576691203e-05,
J0216.3-4816_aFix_pol_I_Farcsec_5pln_cor_crop_0127.npy,J0216.3-4816_aFix_pol_I_Farcsec_5pln_cor,127,-1.5618124962202273e-05,5.211478855926544e-05,
MACSJ_0025.4-1222B_aFix_pol_I_Farcsec_5pln_cor_crop_0105.npy,MACSJ_0025.4-1222B_aFix_pol_I_Farcsec_5pln_cor,105,-2.179453076678328e-05,4.608399467542768e-05,
J0540.1-4050_aFix_pol_I_Farcsec_5pln_cor_crop_0065.npy,J0540.1-4050_aFix_pol_I_Farcsec_5pln_cor,65,-1.9781218725256625e-05,3.538576129358262e-05,
J0637.3-4828_aFix_pol_I_Farcsec_5pln_cor_crop_0114.npy,J0637.3-4828_aFix_pol_I_Farcsec_5pln_cor,114,-1.5409788829856552e-05,3.9739050407661125e-05,
J1705.1-8210_aFix_pol_I_Farcsec_5pln_cor_crop_0112.npy,J1705.1-8210_aFix_pol_I_Farcsec_5pln_cor,112,-2.258976564917248e-05,4.054370947415009e-05,
J0543.4-4430_aFix_pol_I_Farcsec_5pln_cor_crop_0128.npy,J0543.4-4430_aFix_pol_I_Farcsec_5pln_cor,128,-1.920615613926202e-05,4.022587017971091e-05,
J0449.9-4440_aFix_pol_I_Farcsec_5pln_cor_crop_0136.npy,J0449.9-4440_aFix_pol_I_Farcsec_5pln_cor,136,-1.3652566849486902e-05,3.79539851564914e-05,
Abell_4038_aFix_pol_I_Farcsec_5pln_cor_crop_0092.npy,Abell_4038_aFix_pol_I_Farcsec_5pln_cor,92,-1.8985389033332467e-05,4.2698269680840895e-05,
J0317.9-4414_aFix_pol_I_Farcsec_5pln_cor_crop_0115.npy,J0317.9-4414_aFix_pol_I_Farcsec_5pln_cor,115,-1.825527215260081e-05,4.13110428780783e-05,
J0342.8-5338_aFix_pol_I_Farcsec_5pln_cor_crop_0016.npy,J0342.8-5338_aFix_pol_I_Farcsec_5pln_cor,16,-1.83263164217351e-05,3.698056025314145e-05,
J0820.9-5704_aFix_pol_I_Farcsec_5pln_cor_crop_0031.npy,J0820.9-5704_aFix_pol_I_Farcsec_5pln_cor,31,-1.654735388001427e-05,3.4318985854042694e-05,
J0117.8-5455_aFix_pol_I_Farcsec_5pln_cor_crop_0141.npy,J0117.8-5455_aFix_pol_I_Farcsec_5pln_cor,141,-1.313004395342432e-05,3.596906753955409e-05,
Abell_2667_noFix_pol_I_Farcsec_5pln_cor_crop_0087.npy,Abell_2667_noFix_pol_I_Farcsec_5pln_cor,87,-1.5058354620123282e-05,4.20943797507789e-05,
Abell_2751_aFix_pol_I_Farcsec_5pln_cor_crop_0021.npy,Abell_2751_aFix_pol_I_Farcsec_5pln_cor,21,-2.5066670787055045e-05,4.310646909289062e-05,
J0108.5-4020_aFix_pol_I_Farcsec_5pln_cor_crop_0003.npy,J0108.5-4020_aFix_pol_I_Farcsec_5pln_cor,3,-1.5436331523233093e-05,3.3178752346429974e-05,
J2222.2-5235_aFix_pol_I_Farcsec_5pln_cor_crop_0107.npy,J2222.2-5235_aFix_pol_I_Farcsec_5pln_cor,107,-2.0340692572062835e-05,4.029700721730478e-05,
J1240.2-4825_aFix_pol_I_Farcsec_5pln_cor_crop_0082.npy,J1240.2-4825_aFix_pol_I_Farcsec_5pln_cor,82,-1.6159494407474995e-05,3.676811684272252e-05,
J1645.4-7334_aFix_pol_I_Farcsec_5pln_cor_crop_0107.npy,J1645.4-7334_aFix_pol_I_Farcsec_5pln_cor,107,-2.7542228053789582e-05,5.101114220451564e-05,
J0525.8-4715_aFix_pol_I_Farcsec_5pln_cor_crop_0182.npy,J0525.8-4715_aFix_pol_I_Farcsec_5pln_cor,182,-1.611813422641717e-05,4.044059460284189e-05,
J1535.1-4658_aFix_pol_I_Farcsec_5pln_cor_crop_0014.npy,J1535.1-4658_aFix_pol_I_Farcsec_5pln_cor,14,-2.547855729062576e-05,3.796764576691203e-05,
RXCJ1314_aFix_pol_I_Farcsec_5pln_cor_crop_0114.npy,RXCJ1314_aFix_pol_I_Farcsec_5pln_cor,114,-2.6271653041476384e-05,4.702054502558895e-05,
J1130.0-4213_aFix_pol_I_Farcsec_5pln_cor_crop_0118.npy,J1130.0-4213_aFix_pol_I_Farcsec_5pln_cor,118,-1.5924631952657364e-05,3.826789543381892e-05,
J1145.6-5420_aFix_pol_I_Farcsec_5pln_cor_crop_0014.npy,J1145.6-5420_aFix_pol_I_Farcsec_5pln_cor,14,-1.6585625417064875e-05,3.3761494705686346e-05,
J0757.7-5315_aFix_pol_I_Farcsec_5pln_cor_crop_0043.npy,J0757.7-5315_aFix_pol_I_Farcsec_5pln_cor,43,-1.5817182429600507e-05,3.550770634319633e-05,
J1645.4-7334_aFix_pol_I_Farcsec_5pln_cor_crop_0145.npy,J1645.4-7334_aFix_pol_I_Farcsec_5pln_cor,145,-2.7542228053789582e-05,5.101114220451564e-05,
Abell_2485_noFix_pol_I_Farcsec_5pln_cor_crop_0140.npy,Abell_2485_noFix_pol_I_Farcsec_5pln_cor,140,-1.5763916962896474e-05,3.792858478846029e-05,
J1645.4-7334_aFix_pol_I_Farcsec_5pln_cor_crop_0187.npy,J1645.4-7334_aFix_pol_I_Farcsec_5pln_cor,187,-2.7542228053789582e-05,5.101114220451564e-05,
Abell_4038_aFix_pol_I_Farcsec_5pln_cor_crop_0015.npy,Abell_4038_aFix_pol_I_Farcsec_5pln_cor,15,-1.8985389033332467e-05,4.2698269680840895e-05,
J0406.7-7116_aFix_pol_I_Farcsec_5pln_cor_crop_0123.npy,J0406.7-7116_aFix_pol_I_Farcsec_5pln_cor,123,-1.6727117326809093e-05,3.893847315339372e-05,
RXCJ1314_aFix_pol_I_Farcsec_5pln_cor_crop_0023.npy,RXCJ1314_aFix_pol_I_Farcsec_5pln_cor,23,-2.6271653041476384e-05,4.702054502558895e-05,
J0336.3-4037_aFix_pol_I_Farcsec_5pln_cor_crop_0031.npy,J0336.3-4037_aFix_pol_I_Farcsec_5pln_cor,31,-1.9070150301558897e-05,3.8439713534899056e-05,
RXCJ0225.1-22928_aFix_pol_I_Farcsec_5pln_cor_crop_0131.npy,RXCJ0225.1-22928_aFix_pol_I_Farcsec_5pln_cor,131,-3.11890325974673e-05,5.4694857681170106e-05,
J0738.1-7506_aFix_pol_I_Farcsec_5pln_cor_crop_0098.npy,J0738.1-7506_aFix_pol_I_Farcsec_5pln_cor,98,-1.3090567335893866e-05,3.692142854561098e-05,
J0217.2-5244_aFix_pol_I_Farcsec_5pln_cor_crop_0131.npy,J0217.2-5244_aFix_pol_I_Farcsec_5pln_cor,131,-1.7379512428306043e-05,3.482505780993961e-05,
Abell_3365A_noFix_pol_I_Farcsec_5pln_cor_crop_0163.npy,Abell_3365A_noFix_pol_I_Farcsec_5pln_cor,163,-1.5037990124255884e-05,3.877880590152927e-05,
J0610.5-4848_aFix_pol_I_Farcsec_5pln_cor_crop_0081.npy,J0610.5-4848_aFix_pol_I_Farcsec_5pln_cor,81,-1.432743010809645e-05,3.869758802466095e-05,
Abell_548_Cen_aFix_pol_I_Farcsec_5pln_cor_crop_0051.npy,Abell_548_Cen_aFix_pol_I_Farcsec_5pln_cor,51,-1.6901160051929764e-05,5.435498314909637e-05,
Abell_209_aFix_pol_I_Farcsec_5pln_cor_crop_0185.npy,Abell_209_aFix_pol_I_Farcsec_5pln_cor,185,-2.1105859559611417e-05,4.098449426237494e-05,
J0449.9-4440_aFix_pol_I_Farcsec_5pln_cor_crop_0169.npy,J0449.9-4440_aFix_pol_I_Farcsec_5pln_cor,169,-1.3652566849486902e-05,3.79539851564914e-05,
J1130.0-4213_aFix_pol_I_Farcsec_5pln_cor_crop_0120.npy,J1130.0-4213_aFix_pol_I_Farcsec_5pln_cor,120,-1.5924631952657364e-05,3.826789543381892e-05,
J0051.1-4833_aFix_pol_I_Farcsec_5pln_cor_crop_0178.npy,J0051.1-4833_aFix_pol_I_Farcsec_5pln_cor,178,-1.4088746866036672e-05,3.274881237302907e-05,
J1840.6-7709_aFix_pol_I_Farcsec_5pln_cor_crop_0090.npy,J1840.6-7709_aFix_pol_I_Farcsec_5pln_cor,90,-1.7610127542866394e-05,4.188125240034424e-05,
J1240.2-4825_aFix_pol_I_Farcsec_5pln_cor_crop_0118.npy,J1240.2-4825_aFix_pol_I_Farcsec_5pln_cor,118,-1.6159494407474995e-05,3.676811684272252e-05,
J1240.2-4825_aFix_pol_I_Farcsec_5pln_cor_crop_0159.npy,J1240.2-4825_aFix_pol_I_Farcsec_5pln_cor,159,-1.6159494407474995e-05,3.676811684272252e-05,
Bullet_aFix_pol_I_Farcsec_5pln_cor_crop_0061.npy,Bullet_aFix_pol_I_Farcsec_5pln_cor,61,-1.5211503523460124e-05,4.380349491839297e-05,
J1535.1-4658_aFix_pol_I_Farcsec_5pln_cor_crop_0152.npy,J1535.1-4658_aFix_pol_I_Farcsec_5pln_cor,152,-2.547855729062576e-05,3.796764576691203e-05,
J0745.1-5404_aFix_pol_I_Farcsec_5pln_cor_crop_0171.npy,J0745.1-5404_aFix_pol_I_Farcsec_5pln_cor,171,-1.8277149138157256e-05,3.714456397574395e-05,
J0510.2-4519_aFix_pol_I_Farcsec_5pln_cor_crop_0038.npy,J0510.2-4519_aFix_pol_I_Farcsec_5pln_cor,38,-1.650593003432732e-05,3.797405952354893e-05,
Abell_133_aFix_pol_I_Farcsec_5pln_cor_crop_0120.npy,Abell_133_aFix_pol_I_Farcsec_5pln_cor,120,-1.6750700524426065e-05,3.861152799800038e-05,
J0232.2-4420_aFix_pol_I_Farcsec_5pln_cor_crop_0129.npy,J0232.2-4420_aFix_pol_I_Farcsec_5pln_cor,129,-1.3283781299833208e-05,3.414206730667502e-05,
J0314.3-4525_aFix_pol_I_Farcsec_5pln_cor_crop_0008.npy,J0314.3-4525_aFix_pol_I_Farcsec_5pln_cor,8,-1.2252019587322138e-05,3.824526356766e-05,
Abell_3558_aFix_pol_I_Farcsec_5pln_cor_crop_0063.npy,Abell_3558_aFix_pol_I_Farcsec_5pln_cor,63,-2.058644531643949e-05,4.082424857188016e-05,
MACSJ0417.5-1155_aFix_pol_I_Farcsec_5pln_cor_crop_0027.npy,MACSJ0417.5-1155_aFix_pol_I_Farcsec_5pln_cor,27,-1.759273436618969e-05,4.197344605927356e-05,
Abell_370_afix_pol_I_Farcsec_5pln_cor_crop_0190.npy,Abell_370_afix_pol_I_Farcsec_5pln_cor,190,-3.905647463398054e-05,5.590072396444157e-05,
J1130.0-4213_aFix_pol_I_Farcsec_5pln_cor_crop_0160.npy,J1130.0-4213_aFix_pol_I_Farcsec_5pln_cor,160,-1.5924631952657364e-05,3.826789543381892e-05,
Abell_2895_noFix_pol_I_Farcsec_5pln_cor_crop_0152.npy,Abell_2895_noFix_pol_I_Farcsec_5pln_cor,152,-1.7904101696331054e-05,3.5388853575568646e-05,
J0645.4-5413_aFix_pol_I_Farcsec_5pln_cor_crop_0012.npy,J0645.4-5413_aFix_pol_I_Farcsec_5pln_cor,12,-1.871160566224717e-05,4.457303657545708e-05,
Bullet_aFix_pol_I_Farcsec_5pln_cor_crop_0172.npy,Bullet_aFix_pol_I_Farcsec_5pln_cor,172,-1.5211503523460124e-05,4.380349491839297e-05,
Abell_141_aFix_pol_I_Farcsec_5pln_cor_crop_0163.npy,Abell_141_aFix_pol_I_Farcsec_5pln_cor,163,-1.6963114831014536e-05,3.675864718388766e-05,
MACSJ_0025.4-1222B_aFix_pol_I_Farcsec_5pln_cor_crop_0055.npy,MACSJ_0025.4-1222B_aFix_pol_I_Farcsec_5pln_cor,55,-2.179453076678328e-05,4.608399467542768e-05,
J0449.9-4440_aFix_pol_I_Farcsec_5pln_cor_crop_0128.npy,J0449.9-4440_aFix_pol_I_Farcsec_5pln_cor,128,-1.3652566849486902e-05,3.79539851564914e-05,
J1423.7-5412_aFix_pol_I_Farcsec_5pln_cor_crop_0085.npy,J1423.7-5412_aFix_pol_I_Farcsec_5pln_cor,85,-1.8973547412315384e-05,4.0196806367021054e-05,
J0616.8-4748_aFix_pol_I_Farcsec_5pln_cor_crop_0087.npy,J0616.8-4748_aFix_pol_I_Farcsec_5pln_cor,87,-1.6417492588516325e-05,3.9486680179834366e-05,
J1535.1-4658_aFix_pol_I_Farcsec_5pln_cor_crop_0156.npy,J1535.1-4658_aFix_pol_I_Farcsec_5pln_cor,156,-2.547855729062576e-05,3.796764576691203e-05,
Abell_168_aFix_pol_I_Farcsec_5pln_cor_crop_0202.npy,Abell_168_aFix_pol_I_Farcsec_5pln_cor,202,-2.51656529144384e-05,4.1941199015127495e-05,
J0540.1-4322_aFix_pol_I_Farcsec_5pln_cor_crop_0114.npy,J0540.1-4322_aFix_pol_I_Farcsec_5pln_cor,114,-2.016680991800968e-05,3.639713395386934e-05,
Abell_133_aFix_pol_I_Farcsec_5pln_cor_crop_0101.npy,Abell_133_aFix_pol_I_Farcsec_5pln_cor,101,-1.6750700524426065e-05,3.861152799800038e-05,
J1705.1-8210_aFix_pol_I_Farcsec_5pln_cor_crop_0103.npy,J1705.1-8210_aFix_pol_I_Farcsec_5pln_cor,103,-2.258976564917248e-05,4.054370947415009e-05,
J0516.6-5430_aFix_pol_I_Farcsec_5pln_cor_crop_0100.npy,J0516.6-5430_aFix_pol_I_Farcsec_5pln_cor,100,-1.4557363101630472e-05,3.583080251701176e-05,
J1518.3-4632_aFix_pol_I_Farcsec_5pln_cor_crop_0070.npy,J1518.3-4632_aFix_pol_I_Farcsec_5pln_cor,70,-2.6316898583900183e-05,3.836355244857259e-05,
J1518.3-4632_aFix_pol_I_Farcsec_5pln_cor_crop_0128.npy,J1518.3-4632_aFix_pol_I_Farcsec_5pln_cor,128,-2.6316898583900183e-05,3.836355244857259e-05,
J2104.9-8243_aFix_pol_I_Farcsec_5pln_cor_crop_0091.npy,J2104.9-8243_aFix_pol_I_Farcsec_5pln_cor,91,-1.633186730032321e-05,3.551336703822017e-05,
J0145.0-5300_aFix_pol_I_Farcsec_5pln_cor_crop_0030.npy,J0145.0-5300_aFix_pol_I_Farcsec_5pln_cor,30,-1.4464765627053566e-05,3.505407221382484e-05,
J1130.0-4213_aFix_pol_I_Farcsec_5pln_cor_crop_0067.npy,J1130.0-4213_aFix_pol_I_Farcsec_5pln_cor,67,-1.5924631952657364e-05,3.826789543381892e-05,
J1539.5-8335_aFix_pol_I_Farcsec_5pln_cor_crop_0187.npy,J1539.5-8335_aFix_pol_I_Farcsec_5pln_cor,187,-1.7301776097156107e-05,3.6628662201110274e-05,
J0600.8-5835_aFix_pol_I_Farcsec_5pln_cor_crop_0188.npy,J0600.8-5835_aFix_pol_I_Farcsec_5pln_cor,188,-1.2947120012540836e-05,3.535595169523731e-05,
Abell_209_aFix_pol_I_Farcsec_5pln_cor_crop_0062.npy,Abell_209_aFix_pol_I_Farcsec_5pln_cor,62,-2.1105859559611417e-05,4.098449426237494e-05,
J2023.4-5535_aFix_pol_I_Farcsec_5pln_cor_crop_0017.npy,J2023.4-5535_aFix_pol_I_Farcsec_5pln_cor,17,-2.326385947526433e-05,4.042817090521567e-05,
J0610.5-4848_aFix_pol_I_Farcsec_5pln_cor_crop_0041.npy,J0610.5-4848_aFix_pol_I_Farcsec_5pln_cor,41,-1.432743010809645e-05,3.869758802466095e-05,
Abell_2667_noFix_pol_I_Farcsec_5pln_cor_crop_0170.npy,Abell_2667_noFix_pol_I_Farcsec_5pln_cor,170,-1.5058354620123282e-05,4.20943797507789e-05,
J0528.9-3927_B_aFix_pol_I_Farcsec_5pln_cor_crop_0092.npy,J0528.9-3927_B_aFix_pol_I_Farcsec_5pln_cor,92,-1.3992802450957242e-05,3.4315333323320374e-05,
MACSJ_0025.4-1222B_aFix_pol_I_Farcsec_5pln_cor_crop_0178.npy,MACSJ_0025.4-1222B_aFix_pol_I_Farcsec_5pln_cor,178,-2.179453076678328e-05,4.608399467542768e-05,
J1518.3-4632_aFix_pol_I_Farcsec_5pln_cor_crop_0219.npy,J1518.3-4632_aFix_pol_I_Farcsec_5pln_cor,219,-2.6316898583900183e-05,3.836355244857259e-05,
J1653.0-5943_aFix_pol_I_Farcsec_5pln_cor_crop_0162.npy,J1653.0-5943_aFix_pol_I_Farcsec_5pln_cor,162,-2.6878653443418443e-05,3.650951839517802e-05,
J0948.6-8327_aFix_pol_I_Farcsec_5pln_cor_crop_0019.npy,J0948.6-8327_aFix_pol_I_Farcsec_5pln_cor,19,-1.3834469427820297e-05,3.5308996302774176e-05,
J0352.4-7401_aFix_pol_I_Farcsec_5pln_cor_crop_0122.npy,J0352.4-7401_aFix_pol_I_Farcsec_5pln_cor,122,-1.3432473679131364e-05,3.414728053030558e-05,
Abell_521_noFix_pol_I_Farcsec_5pln_cor_crop_0172.npy,Abell_521_noFix_pol_I_Farcsec_5pln_cor,172,-1.8806747902999632e-05,4.423171412781812e-05,
J0406.7-7116_aFix_pol_I_Farcsec_5pln_cor_crop_0065.npy,J0406.7-7116_aFix_pol_I_Farcsec_5pln_cor,65,-1.6727117326809093e-05,3.893847315339372e-05,
J0658.5-5556_aFix_pol_I_Farcsec_5pln_cor_crop_0106.npy,J0658.5-5556_aFix_pol_I_Farcsec_5pln_cor,106,-1.5211503523460124e-05,4.380349491839297e-05,
J0658.5-5556_aFix_pol_I_Farcsec_5pln_cor_crop_0165.npy,J0658.5-5556_aFix_pol_I_Farcsec_5pln_cor,165,-1.5211503523460124e-05,4.380349491839297e-05,
J0449.9-4440_aFix_pol_I_Farcsec_5pln_cor_crop_0145.npy,J0449.9-4440_aFix_pol_I_Farcsec_5pln_cor,145,-1.3652566849486902e-05,3.79539851564914e-05,
J0745.1-5404_aFix_pol_I_Farcsec_5pln_cor_crop_0071.npy,J0745.1-5404_aFix_pol_I_Farcsec_5pln_cor,71,-1.8277149138157256e-05,3.714456397574395e-05,
Abell_3562_aFix_pol_I_Farcsec_5pln_cor_crop_0099.npy,Abell_3562_aFix_pol_I_Farcsec_5pln_cor,99,-2.032673728535883e-05,4.53729007858783e-05,
J2340.1-8510_aFix_pol_I_Farcsec_5pln_cor_crop_0049.npy,J2340.1-8510_aFix_pol_I_Farcsec_5pln_cor,49,-1.53458950080676e-05,3.938611553166993e-05,
J0117.8-5455_aFix_pol_I_Farcsec_5pln_cor_crop_0160.npy,J0117.8-5455_aFix_pol_I_Farcsec_5pln_cor,160,-1.313004395342432e-05,3.596906753955409e-05,
J1653.0-5943_aFix_pol_I_Farcsec_5pln_cor_crop_0125.npy,J1653.0-5943_aFix_pol_I_Farcsec_5pln_cor,125,-2.6878653443418443e-05,3.650951839517802e-05,
J0637.3-4828_aFix_pol_I_Farcsec_5pln_cor_crop_0043.npy,J0637.3-4828_aFix_pol_I_Farcsec_5pln_cor,43,-1.5409788829856552e-05,3.9739050407661125e-05,
J0336.3-4037_aFix_pol_I_Farcsec_5pln_cor_crop_0153.npy,J0336.3-4037_aFix_pol_I_Farcsec_5pln_cor,153,-1.9070150301558897e-05,3.8439713534899056e-05,
Abell_3365_noFix_pol_I_Farcsec_5pln_cor_crop_0098.npy,Abell_3365_noFix_pol_I_Farcsec_5pln_cor,98,-3.684182956931181e-05,5.151375808054581e-05,
Abell_S1063_nofix_pol_I_Farcsec_5pln_cor_crop_0173.npy,Abell_S1063_nofix_pol_I_Farcsec_5pln_cor,173,-1.3156100976630114e-05,3.549207394826226e-05,
Abell_2645_noFix_pol_I_Farcsec_5pln_cor_crop_0149.npy,Abell_2645_noFix_pol_I_Farcsec_5pln_cor,149,-3.2132909836946055e-05,5.223612970439717e-05,
J2104.9-8243_aFix_pol_I_Farcsec_5pln_cor_crop_0067.npy,J2104.9-8243_aFix_pol_I_Farcsec_5pln_cor,67,-1.633186730032321e-05,3.551336703822017e-05,
J0108.5-4020_aFix_pol_I_Farcsec_5pln_cor_crop_0127.npy,J0108.5-4020_aFix_pol_I_Farcsec_5pln_cor,127,-1.5436331523233093e-05,3.3178752346429974e-05,
Abell_2485_noFix_pol_I_Farcsec_5pln_cor_crop_0009.npy,Abell_2485_noFix_pol_I_Farcsec_5pln_cor,9,-1.5763916962896474e-05,3.792858478846029e-05,
ElGordo_aFix_pol_I_Farcsec_5pln_cor_crop_0216.npy,ElGordo_aFix_pol_I_Farcsec_5pln_cor,216,-1.8438237020745877e-05,3.2559692044742405e-05,
J1653.0-5943_aFix_pol_I_Farcsec_5pln_cor_crop_0174.npy,J1653.0-5943_aFix_pol_I_Farcsec_5pln_cor,174,-2.6878653443418443e-05,3.650951839517802e-05,
Abell_S295_aFix_pol_I_Farcsec_5pln_cor_crop_0086.npy,Abell_S295_aFix_pol_I_Farcsec_5pln_cor,86,-1.2192884241812862e-05,4.2860785470111296e-05,
J2319.2-6750_aFix_pol_I_Farcsec_5pln_cor_crop_0069.npy,J2319.2-6750_aFix_pol_I_Farcsec_5pln_cor,69,-1.762574174790643e-05,3.985196599387564e-05,
J0431.4-6126_aFix_pol_I_Farcsec_5pln_cor_crop_0169.npy,J0431.4-6126_aFix_pol_I_Farcsec_5pln_cor,169,-2.59030784945935e-05,4.582747351378202e-05,
J0014.3-6604_aFix_pol_I_Farcsec_5pln_cor_crop_0096.npy,J0014.3-6604_aFix_pol_I_Farcsec_5pln_cor,96,-1.2331886864558328e-05,3.584220394259319e-05,
J0607.0-4928_aFix_pol_I_Farcsec_5pln_cor_crop_0063.npy,J0607.0-4928_aFix_pol_I_Farcsec_5pln_cor,63,-1.727664130157791e-05,3.109658064204268e-05,
J2222.2-5235_aFix_pol_I_Farcsec_5pln_cor_crop_0191.npy,J2222.2-5235_aFix_pol_I_Farcsec_5pln_cor,191,-2.0340692572062835e-05,4.029700721730478e-05,
J0303.7-7752_aFix_pol_I_Farcsec_5pln_cor_crop_0146.npy,J0303.7-7752_aFix_pol_I_Farcsec_5pln_cor,146,-1.6216928997891955e-05,3.944924537790939e-05,
J0117.8-5455_aFix_pol_I_Farcsec_5pln_cor_crop_0048.npy,J0117.8-5455_aFix_pol_I_Farcsec_5pln_cor,48,-1.313004395342432e-05,3.596906753955409e-05,
J0510.2-4519_aFix_pol_I_Farcsec_5pln_cor_crop_0079.npy,J0510.2-4519_aFix_pol_I_Farcsec_5pln_cor,79,-1.650593003432732e-05,3.797405952354893e-05,
J1653.0-5943_aFix_pol_I_Farcsec_5pln_cor_crop_0163.npy,J1653.0-5943_aFix_pol_I_Farcsec_5pln_cor,163,-2.6878653443418443e-05,3.650951839517802e-05,
J0232.2-4420_aFix_pol_I_Farcsec_5pln_cor_crop_0135.npy,J0232.2-4420_aFix_pol_I_Farcsec_5pln_cor,135,-1.3283781299833208e-05,3.414206730667502e-05,
Abell_548_Cen_aFix_pol_I_Farcsec_5pln_cor_crop_0086.npy,Abell_548_Cen_aFix_pol_I_Farcsec_5pln_cor,86,-1.6901160051929764e-05,5.435498314909637e-05,
Bullet_aFix_pol_I_Farcsec_5pln_cor_crop_0053.npy,Bullet_aFix_pol_I_Farcsec_5pln_cor,53,-1.5211503523460124e-05,4.380349491839297e-05,
J0738.1-7506_aFix_pol_I_Farcsec_5pln_cor_crop_0122.npy,J0738.1-7506_aFix_pol_I_Farcsec_5pln_cor,122,-1.3090567335893866e-05,3.692142854561098e-05,
J0145.0-5300_aFix_pol_I_Farcsec_5pln_cor_crop_0027.npy,J0145.0-5300_aFix_pol_I_Farcsec_5pln_cor,27,-1.4464765627053566e-05,3.505407221382484e-05,
J0637.3-4828_aFix_pol_I_Farcsec_5pln_cor_crop_0224.npy,J0637.3-4828_aFix_pol_I_Farcsec_5pln_cor,224,-1.5409788829856552e-05,3.9739050407661125e-05,
J1535.1-4658_aFix_pol_I_Farcsec_5pln_cor_crop_0147.npy,J1535.1-4658_aFix_pol_I_Farcsec_5pln_cor,147,-2.547855729062576e-05,3.796764576691203e-05,
J0812.5-5714_aFix_pol_I_Farcsec_5pln_cor_crop_0151.npy,J0812.5-5714_aFix_pol_I_Farcsec_5pln_cor,151,-1.797733420971781e-05,3.096696309512481e-05,
J1535.1-4658_aFix_pol_I_Farcsec_5pln_cor_crop_0016.npy,J1535.1-4658_aFix_pol_I_Farcsec_5pln_cor,16,-2.547855729062576e-05,3.796764576691203e-05,
J0108.5-4020_aFix_pol_I_Farcsec_5pln_cor_crop_0146.npy,J0108.5-4020_aFix_pol_I_Farcsec_5pln_cor,146,-1.5436331523233093e-05,3.3178752346429974e-05,
J0543.4-4430_aFix_pol_I_Farcsec_5pln_cor_crop_0096.npy,J0543.4-4430_aFix_pol_I_Farcsec_5pln_cor,96,-1.920615613926202e-05,4.022587017971091e-05,
J0812.5-5714_aFix_pol_I_Farcsec_5pln_cor_crop_0123.npy,J0812.5-5714_aFix_pol_I_Farcsec_5pln_cor,123,-1.797733420971781e-05,3.096696309512481e-05,
J0217.2-5244_aFix_pol_I_Farcsec_5pln_cor_crop_0101.npy,J0217.2-5244_aFix_pol_I_Farcsec_5pln_cor,101,-1.7379512428306043e-05,3.482505780993961e-05,
J0225.9-4154_aFix_pol_I_Farcsec_5pln_cor_crop_0086.npy,J0225.9-4154_aFix_pol_I_Farcsec_5pln_cor,86,-1.4831659427727573e-05,3.976373773184605e-05,
MACS_J0257.6-2209_noFix_pol_I_Farcsec_5pln_cor_crop_0075.npy,MACS_J0257.6-2209_noFix_pol_I_Farcsec_5pln_cor,75,-2.3381955543300137e-05,4.110854570171796e-05,
J0610.5-4848_aFix_pol_I_Farcsec_5pln_cor_crop_0028.npy,J0610.5-4848_aFix_pol_I_Farcsec_5pln_cor,28,-1.432743010809645e-05,3.869758802466095e-05,
J0027.3-5015_aFix_pol_I_Farcsec_5pln_cor_crop_0091.npy,J0027.3-5015_aFix_pol_I_Farcsec_5pln_cor,91,-1.4346433999889996e-05,3.467470014584251e-05,
J0516.6-5430_aFix_pol_I_Farcsec_5pln_cor_crop_0103.npy,J0516.6-5430_aFix_pol_I_Farcsec_5pln_cor,103,-1.4557363101630472e-05,3.583080251701176e-05,
J0525.8-4715_aFix_pol_I_Farcsec_5pln_cor_crop_0142.npy,J0525.8-4715_aFix_pol_I_Farcsec_5pln_cor,142,-1.611813422641717e-05,4.044059460284189e-05,
Abell_168_aFix_pol_I_Farcsec_5pln_cor_crop_0040.npy,Abell_168_aFix_pol_I_Farcsec_5pln_cor,40,-2.51656529144384e-05,4.1941199015127495e-05,
J1201.0-4623_aFix_pol_I_Farcsec_5pln_cor_crop_0147.npy,J1201.0-4623_aFix_pol_I_Farcsec_5pln_cor,147,-1.437526134395739e-05,3.895712870871648e-05,
J0812.5-5714_aFix_pol_I_Farcsec_5pln_cor_crop_0084.npy,J0812.5-5714_aFix_pol_I_Farcsec_5pln_cor,84,-1.797733420971781e-05,3.096696309512481e-05,
RXCJ0225.1-22928_aFix_pol_I_Farcsec_5pln_cor_crop_0022.npy,RXCJ0225.1-22928_aFix_pol_I_Farcsec_5pln_cor,22,-3.11890325974673e-05,5.4694857681170106e-05,
J1840.6-7709_aFix_pol_I_Farcsec_5pln_cor_crop_0043.npy,J1840.6-7709_aFix_pol_I_Farcsec_5pln_cor,43,-1.7610127542866394e-05,4.188125240034424e-05,
Abell_33_noFix_pol_I_Farcsec_5pln_cor_crop_0059.npy,Abell_33_noFix_pol_I_Farcsec_5pln_cor,59,-2.8547556212288328e-05,4.8568657803116366e-05,
Abell_3562_aFix_pol_I_Farcsec_5pln_cor_crop_0161.npy,Abell_3562_aFix_pol_I_Farcsec_5pln_cor,161,-2.032673728535883e-05,4.53729007858783e-05,
Abell_S295_aFix_pol_I_Farcsec_5pln_cor_crop_0105.npy,Abell_S295_aFix_pol_I_Farcsec_5pln_cor,105,-1.2192884241812862e-05,4.2860785470111296e-05,
J0600.8-5835_aFix_pol_I_Farcsec_5pln_cor_crop_0189.npy,J0600.8-5835_aFix_pol_I_Farcsec_5pln_cor,189,-1.2947120012540836e-05,3.535595169523731e-05,
Abell_2811_noFix_pol_I_Farcsec_5pln_cor_crop_0050.npy,Abell_2811_noFix_pol_I_Farcsec_5pln_cor,50,-5.993724334985018e-05,7.318957068491727e-05,
J0314.3-4525_aFix_pol_I_Farcsec_5pln_cor_crop_0150.npy,J0314.3-4525_aFix_pol_I_Farcsec_5pln_cor,150,-1.2252019587322138e-05,3.824526356766e-05,
RXCJ1314_aFix_pol_I_Farcsec_5pln_cor_crop_0056.npy,RXCJ1314_aFix_pol_I_Farcsec_5pln_cor,56,-2.6271653041476384e-05,4.702054502558895e-05,
J0812.5-5714_aFix_pol_I_Farcsec_5pln_cor_crop_0010.npy,J0812.5-5714_aFix_pol_I_Farcsec_5pln_cor,10,-1.797733420971781e-05,3.096696309512481e-05,
J0145.0-5300_aFix_pol_I_Farcsec_5pln_cor_crop_0171.npy,J0145.0-5300_aFix_pol_I_Farcsec_5pln_cor,171,-1.4464765627053566e-05,3.505407221382484e-05,
J0820.9-5704_aFix_pol_I_Farcsec_5pln_cor_crop_0018.npy,J0820.9-5704_aFix_pol_I_Farcsec_5pln_cor,18,-1.654735388001427e-05,3.4318985854042694e-05,
J0108.5-4020_aFix_pol_I_Farcsec_5pln_cor_crop_0193.npy,J0108.5-4020_aFix_pol_I_Farcsec_5pln_cor,193,-1.5436331523233093e-05,3.3178752346429974e-05,
J1645.4-7334_aFix_pol_I_Farcsec_5pln_cor_crop_0111.npy,J1645.4-7334_aFix_pol_I_Farcsec_5pln_cor,111,-2.7542228053789582e-05,5.101114220451564e-05,
J1705.1-8210_aFix_pol_I_Farcsec_5pln_cor_crop_0009.npy,J1705.1-8210_aFix_pol_I_Farcsec_5pln_cor,9,-2.258976564917248e-05,4.054370947415009e-05,
Abell_85_aFix_pol_I_Farcsec_5pln_cor_crop_0063.npy,Abell_85_aFix_pol_I_Farcsec_5pln_cor,63,-1.6969566786428913e-05,4.114058901905082e-05,
J0336.3-4037_aFix_pol_I_Farcsec_5pln_cor_crop_0028.npy,J0336.3-4037_aFix_pol_I_Farcsec_5pln_cor,28,-1.9070150301558897e-05,3.8439713534899056e-05,
J0406.7-7116_aFix_pol_I_Farcsec_5pln_cor_crop_0066.npy,J0406.7-7116_aFix_pol_I_Farcsec_5pln_cor,66,-1.6727117326809093e-05,3.893847315339372e-05,
J0336.3-4037_aFix_pol_I_Farcsec_5pln_cor_crop_0138.npy,J0336.3-4037_aFix_pol_I_Farcsec_5pln_cor,138,-1.9070150301558897e-05,3.8439713534899056e-05,
Abell_S295_aFix_pol_I_Farcsec_5pln_cor_crop_0220.npy,Abell_S295_aFix_pol_I_Farcsec_5pln_cor,220,-1.2192884241812862e-05,4.2860785470111296e-05,
J1705.1-8210_aFix_pol_I_Farcsec_5pln_cor_crop_0186.npy,J1705.1-8210_aFix_pol_I_Farcsec_5pln_cor,186,-2.258976564917248e-05,4.054370947415009e-05,
J0812.5-5714_aFix_pol_I_Farcsec_5pln_cor_crop_0164.npy,J0812.5-5714_aFix_pol_I_Farcsec_5pln_cor,164,-1.797733420971781e-05,3.096696309512481e-05,
RXCJ0225.1-22928_aFix_pol_I_Farcsec_5pln_cor_crop_0063.npy,RXCJ0225.1-22928_aFix_pol_I_Farcsec_5pln_cor,63,-3.11890325974673e-05,5.4694857681170106e-05,
J1535.1-4658_aFix_pol_I_Farcsec_5pln_cor_crop_0010.npy,J1535.1-4658_aFix_pol_I_Farcsec_5pln_cor,10,-2.547855729062576e-05,3.796764576691203e-05,
J0820.9-5704_aFix_pol_I_Farcsec_5pln_cor_crop_0048.npy,J0820.9-5704_aFix_pol_I_Farcsec_5pln_cor,48,-1.654735388001427e-05,3.4318985854042694e-05,
J1518.3-4632_aFix_pol_I_Farcsec_5pln_cor_crop_0034.npy,J1518.3-4632_aFix_pol_I_Farcsec_5pln_cor,34,-2.6316898583900183e-05,3.836355244857259e-05,
J0516.6-5430_aFix_pol_I_Farcsec_5pln_cor_crop_0109.npy,J0516.6-5430_aFix_pol_I_Farcsec_5pln_cor,109,-1.4557363101630472e-05,3.583080251701176e-05,
Abell_2597_noFix_pol_I_Farcsec_5pln_cor_crop_0168.npy,Abell_2597_noFix_pol_I_Farcsec_5pln_cor,168,-5.033568595536053e-05,6.417310942197219e-05,
J1601.7-7544_aFix_pol_I_Farcsec_5pln_cor_crop_0147.npy,J1601.7-7544_aFix_pol_I_Farcsec_5pln_cor,147,-1.893065564217977e-05,4.2162908357568085e-05,
J0314.3-4525_aFix_pol_I_Farcsec_5pln_cor_crop_0121.npy,J0314.3-4525_aFix_pol_I_Farcsec_5pln_cor,121,-1.2252019587322138e-05,3.824526356766e-05,
Abell_S295_aFix_pol_I_Farcsec_5pln_cor_crop_0177.npy,Abell_S295_aFix_pol_I_Farcsec_5pln_cor,177,-1.2192884241812862e-05,4.2860785470111296e-05,
Abell_22_aFix_pol_I_Farcsec_5pln_cor_crop_0058.npy,Abell_22_aFix_pol_I_Farcsec_5pln_cor,58,-1.7687332729110494e-05,3.791484050452709e-05,
J0145.2-6033_aFix_pol_I_Farcsec_5pln_cor_crop_0067.npy,J0145.2-6033_aFix_pol_I_Farcsec_5pln_cor,67,-1.2114905985072257e-05,3.299051968497224e-05,
Abell_3562_aFix_pol_I_Farcsec_5pln_cor_crop_0015.npy,Abell_3562_aFix_pol_I_Farcsec_5pln_cor,15,-2.032673728535883e-05,4.53729007858783e-05,
Abell_194_aFix_pol_I_Farcsec_5pln_cor_crop_0106.npy,Abell_194_aFix_pol_I_Farcsec_5pln_cor,106,-3.945245043723844e-05,0.0001343678013654,
J0225.9-4154_aFix_pol_I_Farcsec_5pln_cor_crop_0170.npy,J0225.9-4154_aFix_pol_I_Farcsec_5pln_cor,170,-1.4831659427727573e-05,3.976373773184605e-05,
J2104.9-8243_aFix_pol_I_Farcsec_5pln_cor_crop_0013.npy,J2104.9-8243_aFix_pol_I_Farcsec_5pln_cor,13,-1.633186730032321e-05,3.551336703822017e-05,
Abell_2813_noFix_pol_I_Farcsec_5pln_cor_crop_0194.npy,Abell_2813_noFix_pol_I_Farcsec_5pln_cor,194,-2.1553638362092897e-05,4.1060964576900005e-05,
J0352.4-7401_aFix_pol_I_Farcsec_5pln_cor_crop_0167.npy,J0352.4-7401_aFix_pol_I_Farcsec_5pln_cor,167,-1.3432473679131364e-05,3.414728053030558e-05,
J0626.3-5341_aFix_pol_I_Farcsec_5pln_cor_crop_0030.npy,J0626.3-5341_aFix_pol_I_Farcsec_5pln_cor,30,-2.286754715896677e-05,4.3426152842585e-05,
J0943.4-7619_aFix_pol_I_Farcsec_5pln_cor_crop_0138.npy,J0943.4-7619_aFix_pol_I_Farcsec_5pln_cor,138,-2.481557567080017e-05,4.054028249811381e-05,
Abell_2667_noFix_pol_I_Farcsec_5pln_cor_crop_0155.npy,Abell_2667_noFix_pol_I_Farcsec_5pln_cor,155,-1.5058354620123282e-05,4.20943797507789e-05,
J0658.5-5556_aFix_pol_I_Farcsec_5pln_cor_crop_0148.npy,J0658.5-5556_aFix_pol_I_Farcsec_5pln_cor,148,-1.5211503523460124e-05,4.380349491839297e-05,
J1653.0-5943_aFix_pol_I_Farcsec_5pln_cor_crop_0079.npy,J1653.0-5943_aFix_pol_I_Farcsec_5pln_cor,79,-2.6878653443418443e-05,3.650951839517802e-05,
J1145.6-5420_aFix_pol_I_Farcsec_5pln_cor_crop_0078.npy,J1145.6-5420_aFix_pol_I_Farcsec_5pln_cor,78,-1.6585625417064875e-05,3.3761494705686346e-05,
Abell_3558_aFix_pol_I_Farcsec_5pln_cor_crop_0003.npy,Abell_3558_aFix_pol_I_Farcsec_5pln_cor,3,-2.058644531643949e-05,4.082424857188016e-05,
J2340.1-8510_aFix_pol_I_Farcsec_5pln_cor_crop_0072.npy,J2340.1-8510_aFix_pol_I_Farcsec_5pln_cor,72,-1.53458950080676e-05,3.938611553166993e-05,
J0212.8-4707_aFix_pol_I_Farcsec_5pln_cor_crop_0011.npy,J0212.8-4707_aFix_pol_I_Farcsec_5pln_cor,11,-1.7747841411619447e-05,3.736264625331387e-05,
J0542.8-4100_aFix_pol_I_Farcsec_5pln_cor_crop_0029.npy,J0542.8-4100_aFix_pol_I_Farcsec_5pln_cor,29,-1.260944191017188e-05,3.595814996515401e-05,
J0303.7-7752_aFix_pol_I_Farcsec_5pln_cor_crop_0136.npy,J0303.7-7752_aFix_pol_I_Farcsec_5pln_cor,136,-1.6216928997891955e-05,3.944924537790939e-05,
Abell_2744_aFix_pol_I_Farcsec_5pln_cor_crop_0224.npy,Abell_2744_aFix_pol_I_Farcsec_5pln_cor,224,-1.4511139852402266e-05,3.865708276862279e-05,
Abell_209_aFix_pol_I_Farcsec_5pln_cor_crop_0030.npy,Abell_209_aFix_pol_I_Farcsec_5pln_cor,30,-2.1105859559611417e-05,4.098449426237494e-05,
Abell_2744_aFix_pol_I_Farcsec_5pln_cor_crop_0048.npy,Abell_2744_aFix_pol_I_Farcsec_5pln_cor,48,-1.4511139852402266e-05,3.865708276862279e-05,
J0658.5-5556_aFix_pol_I_Farcsec_5pln_cor_crop_0131.npy,J0658.5-5556_aFix_pol_I_Farcsec_5pln_cor,131,-1.5211503523460124e-05,4.380349491839297e-05,
Abell_2667_noFix_pol_I_Farcsec_5pln_cor_crop_0077.npy,Abell_2667_noFix_pol_I_Farcsec_5pln_cor,77,-1.5058354620123282e-05,4.20943797507789e-05,
J0627.2-5428_aFix_pol_I_Farcsec_5pln_cor_crop_0009.npy,J0627.2-5428_aFix_pol_I_Farcsec_5pln_cor,9,-3.725358692463488e-05,5.157724808668718e-05,
J2104.9-8243_aFix_pol_I_Farcsec_5pln_cor_crop_0113.npy,J2104.9-8243_aFix_pol_I_Farcsec_5pln_cor,113,-1.633186730032321e-05,3.551336703822017e-05,
Abell_168_aFix_pol_I_Farcsec_5pln_cor_crop_0069.npy,Abell_168_aFix_pol_I_Farcsec_5pln_cor,69,-2.51656529144384e-05,4.1941199015127495e-05,
J1358.9-4750_aFix_pol_I_Farcsec_5pln_cor_crop_0074.npy,J1358.9-4750_aFix_pol_I_Farcsec_5pln_cor,74,-2.6460520530235957e-05,4.666853419621475e-05,
J0812.5-5714_aFix_pol_I_Farcsec_5pln_cor_crop_0189.npy,J0812.5-5714_aFix_pol_I_Farcsec_5pln_cor,189,-1.797733420971781e-05,3.096696309512481e-05,
Abell_3558_aFix_pol_I_Farcsec_5pln_cor_crop_0144.npy,Abell_3558_aFix_pol_I_Farcsec_5pln_cor,144,-2.058644531643949e-05,4.082424857188016e-05,
J0216.3-4816_aFix_pol_I_Farcsec_5pln_cor_crop_0072.npy,J0216.3-4816_aFix_pol_I_Farcsec_5pln_cor,72,-1.5618124962202273e-05,5.211478855926544e-05,
J0540.1-4322_aFix_pol_I_Farcsec_5pln_cor_crop_0062.npy,J0540.1-4322_aFix_pol_I_Farcsec_5pln_cor,62,-2.016680991800968e-05,3.639713395386934e-05,
J2319.2-6750_aFix_pol_I_Farcsec_5pln_cor_crop_0113.npy,J2319.2-6750_aFix_pol_I_Farcsec_5pln_cor,113,-1.762574174790643e-05,3.985196599387564e-05,
Abell_545_aFix_pol_I_Farcsec_5pln_cor_crop_0170.npy,Abell_545_aFix_pol_I_Farcsec_5pln_cor,170,-1.9454066205071285e-05,4.5050637709209695e-05,
ElGordo_aFix_pol_I_Farcsec_5pln_cor_crop_0173.npy,ElGordo_aFix_pol_I_Farcsec_5pln_cor,173,-1.8438237020745877e-05,3.2559692044742405e-05,
J0027.3-5015_aFix_pol_I_Farcsec_5pln_cor_crop_0088.npy,J0027.3-5015_aFix_pol_I_Farcsec_5pln_cor,88,-1.4346433999889996e-05,3.467470014584251e-05,
J0352.4-7401_aFix_pol_I_Farcsec_5pln_cor_crop_0163.npy,J0352.4-7401_aFix_pol_I_Farcsec_5pln_cor,163,-1.3432473679131364e-05,3.414728053030558e-05,
Abell_209_aFix_pol_I_Farcsec_5pln_cor_crop_0129.npy,Abell_209_aFix_pol_I_Farcsec_5pln_cor,129,-2.1105859559611417e-05,4.098449426237494e-05,
Abell_4038_aFix_pol_I_Farcsec_5pln_cor_crop_0137.npy,Abell_4038_aFix_pol_I_Farcsec_5pln_cor,137,-1.8985389033332467e-05,4.2698269680840895e-05,
J0027.3-5015_aFix_pol_I_Farcsec_5pln_cor_crop_0164.npy,J0027.3-5015_aFix_pol_I_Farcsec_5pln_cor,164,-1.4346433999889996e-05,3.467470014584251e-05,
ElGordo_aFix_pol_I_Farcsec_5pln_cor_crop_0210.npy,ElGordo_aFix_pol_I_Farcsec_5pln_cor,210,-1.8438237020745877e-05,3.2559692044742405e-05,
Abell_S295_aFix_pol_I_Farcsec_5pln_cor_crop_0112.npy,Abell_S295_aFix_pol_I_Farcsec_5pln_cor,112,-1.2192884241812862e-05,4.2860785470111296e-05,
Abell_3376copy_aFix_pol_I_Farcsec_5pln_cor_crop_0011.npy,Abell_3376copy_aFix_pol_I_Farcsec_5pln_cor,11,-1.6748330381233245e-05,4.895990059594624e-05,
J1201.0-4623_aFix_pol_I_Farcsec_5pln_cor_crop_0083.npy,J1201.0-4623_aFix_pol_I_Farcsec_5pln_cor,83,-1.437526134395739e-05,3.895712870871648e-05,
J0600.8-5835_aFix_pol_I_Farcsec_5pln_cor_crop_0167.npy,J0600.8-5835_aFix_pol_I_Farcsec_5pln_cor,167,-1.2947120012540836e-05,3.535595169523731e-05,
Abell_2813_noFix_pol_I_Farcsec_5pln_cor_crop_0010.npy,Abell_2813_noFix_pol_I_Farcsec_5pln_cor,10,-2.1553638362092897e-05,4.1060964576900005e-05,
Abell_2485_noFix_pol_I_Farcsec_5pln_cor_crop_0178.npy,Abell_2485_noFix_pol_I_Farcsec_5pln_cor,178,-1.5763916962896474e-05,3.792858478846029e-05,
Abell_3376_aFix_pol_I_Farcsec_5pln_cor_crop_0145.npy,Abell_3376_aFix_pol_I_Farcsec_5pln_cor,145,-1.6748330381233245e-05,4.895990059594624e-05,
J2222.2-5235_aFix_pol_I_Farcsec_5pln_cor_crop_0146.npy,J2222.2-5235_aFix_pol_I_Farcsec_5pln_cor,146,-2.0340692572062835e-05,4.029700721730478e-05,
J0216.3-4816_aFix_pol_I_Farcsec_5pln_cor_crop_0170.npy,J0216.3-4816_aFix_pol_I_Farcsec_5pln_cor,170,-1.5618124962202273e-05,5.211478855926544e-05,
RXC_J0520.7-1328_aFix_pol_I_Farcsec_5pln_cor_crop_0186.npy,RXC_J0520.7-1328_aFix_pol_I_Farcsec_5pln_cor,186,-4.763286779052578e-05,6.618209590669721e-05,
Abell_3558_aFix_pol_I_Farcsec_5pln_cor_crop_0184.npy,Abell_3558_aFix_pol_I_Farcsec_5pln_cor,184,-2.058644531643949e-05,4.082424857188016e-05,
J0212.8-4707_aFix_pol_I_Farcsec_5pln_cor_crop_0190.npy,J0212.8-4707_aFix_pol_I_Farcsec_5pln_cor,190,-1.7747841411619447e-05,3.736264625331387e-05,
Abell_2667_noFix_pol_I_Farcsec_5pln_cor_crop_0065.npy,Abell_2667_noFix_pol_I_Farcsec_5pln_cor,65,-1.5058354620123282e-05,4.20943797507789e-05,
J1358.9-4750_aFix_pol_I_Farcsec_5pln_cor_crop_0187.npy,J1358.9-4750_aFix_pol_I_Farcsec_5pln_cor,187,-2.6460520530235957e-05,4.666853419621475e-05,
Abell_3562_aFix_pol_I_Farcsec_5pln_cor_crop_0117.npy,Abell_3562_aFix_pol_I_Farcsec_5pln_cor,117,-2.032673728535883e-05,4.53729007858783e-05,
Abell_141_aFix_pol_I_Farcsec_5pln_cor_crop_0177.npy,Abell_141_aFix_pol_I_Farcsec_5pln_cor,177,-1.6963114831014536e-05,3.675864718388766e-05,
J0616.8-4748_aFix_pol_I_Farcsec_5pln_cor_crop_0179.npy,J0616.8-4748_aFix_pol_I_Farcsec_5pln_cor,179,-1.6417492588516325e-05,3.9486680179834366e-05,
Abell_S1063_nofix_pol_I_Farcsec_5pln_cor_crop_0112.npy,Abell_S1063_nofix_pol_I_Farcsec_5pln_cor,112,-1.3156100976630114e-05,3.549207394826226e-05,
Abell_33_noFix_pol_I_Farcsec_5pln_cor_crop_0127.npy,Abell_33_noFix_pol_I_Farcsec_5pln_cor,127,-2.8547556212288328e-05,4.8568657803116366e-05,
J0314.3-4525_aFix_pol_I_Farcsec_5pln_cor_crop_0050.npy,J0314.3-4525_aFix_pol_I_Farcsec_5pln_cor,50,-1.2252019587322138e-05,3.824526356766e-05,
J0525.8-4715_aFix_pol_I_Farcsec_5pln_cor_crop_0120.npy,J0525.8-4715_aFix_pol_I_Farcsec_5pln_cor,120,-1.611813422641717e-05,4.044059460284189e-05,
J0317.9-4414_aFix_pol_I_Farcsec_5pln_cor_crop_0053.npy,J0317.9-4414_aFix_pol_I_Farcsec_5pln_cor,53,-1.825527215260081e-05,4.13110428780783e-05,
Abell_3562_aFix_pol_I_Farcsec_5pln_cor_crop_0143.npy,Abell_3562_aFix_pol_I_Farcsec_5pln_cor,143,-2.032673728535883e-05,4.53729007858783e-05,
ElGordo_aFix_pol_I_Farcsec_5pln_cor_crop_0135.npy,ElGordo_aFix_pol_I_Farcsec_5pln_cor,135,-1.8438237020745877e-05,3.2559692044742405e-05,
Abell_209_aFix_pol_I_Farcsec_5pln_cor_crop_0224.npy,Abell_209_aFix_pol_I_Farcsec_5pln_cor,224,-2.1105859559611417e-05,4.098449426237494e-05,
J0317.9-4414_aFix_pol_I_Farcsec_5pln_cor_crop_0067.npy,J0317.9-4414_aFix_pol_I_Farcsec_5pln_cor,67,-1.825527215260081e-05,4.13110428780783e-05,
J1539.5-8335_aFix_pol_I_Farcsec_5pln_cor_crop_0119.npy,J1539.5-8335_aFix_pol_I_Farcsec_5pln_cor,119,-1.7301776097156107e-05,3.6628662201110274e-05,
J1130.0-4213_aFix_pol_I_Farcsec_5pln_cor_crop_0057.npy,J1130.0-4213_aFix_pol_I_Farcsec_5pln_cor,57,-1.5924631952657364e-05,3.826789543381892e-05,
J0317.9-4414_aFix_pol_I_Farcsec_5pln_cor_crop_0100.npy,J0317.9-4414_aFix_pol_I_Farcsec_5pln_cor,100,-1.825527215260081e-05,4.13110428780783e-05,
J1040.7-7047_aFix_pol_I_Farcsec_5pln_cor_crop_0023.npy,J1040.7-7047_aFix_pol_I_Farcsec_5pln_cor,23,-2.545410461607389e-05,4.294725295039825e-05,
J0314.3-4525_aFix_pol_I_Farcsec_5pln_cor_crop_0190.npy,J0314.3-4525_aFix_pol_I_Farcsec_5pln_cor,190,-1.2252019587322138e-05,3.824526356766e-05,
Abell_2645_noFix_pol_I_Farcsec_5pln_cor_crop_0172.npy,Abell_2645_noFix_pol_I_Farcsec_5pln_cor,172,-3.2132909836946055e-05,5.223612970439717e-05,
J1358.9-4750_aFix_pol_I_Farcsec_5pln_cor_crop_0157.npy,J1358.9-4750_aFix_pol_I_Farcsec_5pln_cor,157,-2.6460520530235957e-05,4.666853419621475e-05,
J1130.0-4213_aFix_pol_I_Farcsec_5pln_cor_crop_0048.npy,J1130.0-4213_aFix_pol_I_Farcsec_5pln_cor,48,-1.5924631952657364e-05,3.826789543381892e-05,
Abell_3376_aFix_pol_I_Farcsec_5pln_cor_crop_0057.npy,Abell_3376_aFix_pol_I_Farcsec_5pln_cor,57,-1.6748330381233245e-05,4.895990059594624e-05,
J0745.1-5404_aFix_pol_I_Farcsec_5pln_cor_crop_0139.npy,J0745.1-5404_aFix_pol_I_Farcsec_5pln_cor,139,-1.8277149138157256e-05,3.714456397574395e-05,
J0600.8-5835_aFix_pol_I_Farcsec_5pln_cor_crop_0072.npy,J0600.8-5835_aFix_pol_I_Farcsec_5pln_cor,72,-1.2947120012540836e-05,3.535595169523731e-05,
J0745.1-5404_aFix_pol_I_Farcsec_5pln_cor_crop_0038.npy,J0745.1-5404_aFix_pol_I_Farcsec_5pln_cor,38,-1.8277149138157256e-05,3.714456397574395e-05,
J1410.4-4246_aFix_pol_I_Farcsec_5pln_cor_crop_0032.npy,J1410.4-4246_aFix_pol_I_Farcsec_5pln_cor,32,-2.2075269953347743e-05,4.486642137635499e-05,
J0540.1-4050_aFix_pol_I_Farcsec_5pln_cor_crop_0013.npy,J0540.1-4050_aFix_pol_I_Farcsec_5pln_cor,13,-1.9781218725256625e-05,3.538576129358262e-05,
Abell_3562_aFix_pol_I_Farcsec_5pln_cor_crop_0083.npy,Abell_3562_aFix_pol_I_Farcsec_5pln_cor,83,-2.032673728535883e-05,4.53729007858783e-05,
Abell_133_aFix_pol_I_Farcsec_5pln_cor_crop_0209.npy,Abell_133_aFix_pol_I_Farcsec_5pln_cor,209,-1.6750700524426065e-05,3.861152799800038e-05,
Abell_133_aFix_pol_I_Farcsec_5pln_cor_crop_0023.npy,Abell_133_aFix_pol_I_Farcsec_5pln_cor,23,-1.6750700524426065e-05,3.861152799800038e-05,
RXCJ2351.0-19_noFix_pol_I_Farcsec_5pln_cor_crop_0138.npy,RXCJ2351.0-19_noFix_pol_I_Farcsec_5pln_cor,138,-1.7816319086705334e-05,4.150596214458346e-05,
Abell_22_aFix_pol_I_Farcsec_5pln_cor_crop_0146.npy,Abell_22_aFix_pol_I_Farcsec_5pln_cor,146,-1.7687332729110494e-05,3.791484050452709e-05,
J1130.0-4213_aFix_pol_I_Farcsec_5pln_cor_crop_0157.npy,J1130.0-4213_aFix_pol_I_Farcsec_5pln_cor,157,-1.5924631952657364e-05,3.826789543381892e-05,
J0616.8-4748_aFix_pol_I_Farcsec_5pln_cor_crop_0136.npy,J0616.8-4748_aFix_pol_I_Farcsec_5pln_cor,136,-1.6417492588516325e-05,3.9486680179834366e-05,
J0545.5-4756_aFix_pol_I_Farcsec_5pln_cor_crop_0121.npy,J0545.5-4756_aFix_pol_I_Farcsec_5pln_cor,121,-1.6526179024367593e-05,4.097030614502728e-05,
J0510.2-4519_aFix_pol_I_Farcsec_5pln_cor_crop_0075.npy,J0510.2-4519_aFix_pol_I_Farcsec_5pln_cor,75,-1.650593003432732e-05,3.797405952354893e-05,
J0232.2-4420_aFix_pol_I_Farcsec_5pln_cor_crop_0186.npy,J0232.2-4420_aFix_pol_I_Farcsec_5pln_cor,186,-1.3283781299833208e-05,3.414206730667502e-05,
Abell_S295_aFix_pol_I_Farcsec_5pln_cor_crop_0003.npy,Abell_S295_aFix_pol_I_Farcsec_5pln_cor,3,-1.2192884241812862e-05,4.2860785470111296e-05,
Abell_3365_noFix_pol_I_Farcsec_5pln_cor_crop_0046.npy,Abell_3365_noFix_pol_I_Farcsec_5pln_cor,46,-3.684182956931181e-05,5.151375808054581e-05,
J0352.4-7401_aFix_pol_I_Farcsec_5pln_cor_crop_0121.npy,J0352.4-7401_aFix_pol_I_Farcsec_5pln_cor,121,-1.3432473679131364e-05,3.414728053030558e-05,
Abell_2811_noFix_pol_I_Farcsec_5pln_cor_crop_0159.npy,Abell_2811_noFix_pol_I_Farcsec_5pln_cor,159,-5.993724334985018e-05,7.318957068491727e-05,
Abell_548_Cen_aFix_pol_I_Farcsec_5pln_cor_crop_0121.npy,Abell_548_Cen_aFix_pol_I_Farcsec_5pln_cor,121,-1.6901160051929764e-05,5.435498314909637e-05,
J0712.0-6030_aFix_pol_I_Farcsec_5pln_cor_crop_0023.npy,J0712.0-6030_aFix_pol_I_Farcsec_5pln_cor,23,-1.3525442227546591e-05,3.74543305952102e-05,
J0117.8-5455_aFix_pol_I_Farcsec_5pln_cor_crop_0144.npy,J0117.8-5455_aFix_pol_I_Farcsec_5pln_cor,144,-1.313004395342432e-05,3.596906753955409e-05,
Abell_3365A_noFix_pol_I_Farcsec_5pln_cor_crop_0138.npy,Abell_3365A_noFix_pol_I_Farcsec_5pln_cor,138,-1.5037990124255884e-05,3.877880590152927e-05,
J0510.2-4519_aFix_pol_I_Farcsec_5pln_cor_crop_0017.npy,J0510.2-4519_aFix_pol_I_Farcsec_5pln_cor,17,-1.650593003432732e-05,3.797405952354893e-05,
J0014.3-6604_aFix_pol_I_Farcsec_5pln_cor_crop_0110.npy,J0014.3-6604_aFix_pol_I_Farcsec_5pln_cor,110,-1.2331886864558328e-05,3.584220394259319e-05,
J0948.6-8327_aFix_pol_I_Farcsec_5pln_cor_crop_0168.npy,J0948.6-8327_aFix_pol_I_Farcsec_5pln_cor,168,-1.3834469427820297e-05,3.5308996302774176e-05,
Abell_2667_noFix_pol_I_Farcsec_5pln_cor_crop_0173.npy,Abell_2667_noFix_pol_I_Farcsec_5pln_cor,173,-1.5058354620123282e-05,4.20943797507789e-05,
J0712.0-6030_aFix_pol_I_Farcsec_5pln_cor_crop_0102.npy,J0712.0-6030_aFix_pol_I_Farcsec_5pln_cor,102,-1.3525442227546591e-05,3.74543305952102e-05,
Abell_545_aFix_pol_I_Farcsec_5pln_cor_crop_0050.npy,Abell_545_aFix_pol_I_Farcsec_5pln_cor,50,-1.9454066205071285e-05,4.5050637709209695e-05,
J0216.3-4816_aFix_pol_I_Farcsec_5pln_cor_crop_0103.npy,J0216.3-4816_aFix_pol_I_Farcsec_5pln_cor,103,-1.5618124962202273e-05,5.211478855926544e-05,
MACS_J0257.6-2209_aFix_pol_I_Farcsec_5pln_cor_crop_0108.npy,MACS_J0257.6-2209_aFix_pol_I_Farcsec_5pln_cor,108,-2.1241523427306674e-05,4.082491795998067e-05,
Abell_545_aFix_pol_I_Farcsec_5pln_cor_crop_0086.npy,Abell_545_aFix_pol_I_Farcsec_5pln_cor,86,-1.9454066205071285e-05,4.5050637709209695e-05,
J0542.8-4100_aFix_pol_I_Farcsec_5pln_cor_crop_0077.npy,J0542.8-4100_aFix_pol_I_Farcsec_5pln_cor,77,-1.260944191017188e-05,3.595814996515401e-05,
J0328.6-5542_aFix_pol_I_Farcsec_5pln_cor_crop_0147.npy,J0328.6-5542_aFix_pol_I_Farcsec_5pln_cor,147,-1.7376105461153202e-05,3.237917189835571e-05,
J0108.5-4020_aFix_pol_I_Farcsec_5pln_cor_crop_0048.npy,J0108.5-4020_aFix_pol_I_Farcsec_5pln_cor,48,-1.5436331523233093e-05,3.3178752346429974e-05,
J0540.1-4050_aFix_pol_I_Farcsec_5pln_cor_crop_0108.npy,J0540.1-4050_aFix_pol_I_Farcsec_5pln_cor,108,-1.9781218725256625e-05,3.538576129358262e-05,
J1539.5-8335_aFix_pol_I_Farcsec_5pln_cor_crop_0059.npy,J1539.5-8335_aFix_pol_I_Farcsec_5pln_cor,59,-1.7301776097156107e-05,3.6628662201110274e-05,
Abell_209_aFix_pol_I_Farcsec_5pln_cor_crop_0003.npy,Abell_209_aFix_pol_I_Farcsec_5pln_cor,3,-2.1105859559611417e-05,4.098449426237494e-05,
J0406.7-7116_aFix_pol_I_Farcsec_5pln_cor_crop_0127.npy,J0406.7-7116_aFix_pol_I_Farcsec_5pln_cor,127,-1.6727117326809093e-05,3.893847315339372e-05,
Abell_141_aFix_pol_I_Farcsec_5pln_cor_crop_0170.npy,Abell_141_aFix_pol_I_Farcsec_5pln_cor,170,-1.6963114831014536e-05,3.675864718388766e-05,
J0314.3-4525_aFix_pol_I_Farcsec_5pln_cor_crop_0081.npy,J0314.3-4525_aFix_pol_I_Farcsec_5pln_cor,81,-1.2252019587322138e-05,3.824526356766e-05,
J0631.3-5610_aFix_pol_I_Farcsec_5pln_cor_crop_0097.npy,J0631.3-5610_aFix_pol_I_Farcsec_5pln_cor,97,-1.3746558579441626e-05,3.730034950422123e-05,
J0108.5-4020_aFix_pol_I_Farcsec_5pln_cor_crop_0029.npy,J0108.5-4020_aFix_pol_I_Farcsec_5pln_cor,29,-1.5436331523233093e-05,3.3178752346429974e-05,
J1040.7-7047_aFix_pol_I_Farcsec_5pln_cor_crop_0030.npy,J1040.7-7047_aFix_pol_I_Farcsec_5pln_cor,30,-2.545410461607389e-05,4.294725295039825e-05,
J0117.8-5455_aFix_pol_I_Farcsec_5pln_cor_crop_0121.npy,J0117.8-5455_aFix_pol_I_Farcsec_5pln_cor,121,-1.313004395342432e-05,3.596906753955409e-05,
J0431.4-6126_aFix_pol_I_Farcsec_5pln_cor_crop_0192.npy,J0431.4-6126_aFix_pol_I_Farcsec_5pln_cor,192,-2.59030784945935e-05,4.582747351378202e-05,
J0658.5-5556_aFix_pol_I_Farcsec_5pln_cor_crop_0045.npy,J0658.5-5556_aFix_pol_I_Farcsec_5pln_cor,45,-1.5211503523460124e-05,4.380349491839297e-05,
J0510.2-4519_aFix_pol_I_Farcsec_5pln_cor_crop_0146.npy,J0510.2-4519_aFix_pol_I_Farcsec_5pln_cor,146,-1.650593003432732e-05,3.797405952354893e-05,
Abell_133_aFix_pol_I_Farcsec_5pln_cor_crop_0143.npy,Abell_133_aFix_pol_I_Farcsec_5pln_cor,143,-1.6750700524426065e-05,3.861152799800038e-05,
J0638.7-5358_aFix_pol_I_Farcsec_5pln_cor_crop_0220.npy,J0638.7-5358_aFix_pol_I_Farcsec_5pln_cor,220,-1.4472521797870286e-05,3.7130746932234615e-05,
Abell_521_noFix_pol_I_Farcsec_5pln_cor_crop_0103.npy,Abell_521_noFix_pol_I_Farcsec_5pln_cor,103,-1.8806747902999632e-05,4.423171412781812e-05,
PLCK_G200.9-28.2_aFix_pol_I_Farcsec_5pln_cor_crop_0148.npy,PLCK_G200.9-28.2_aFix_pol_I_Farcsec_5pln_cor,148,-2.0549477994791232e-05,4.693285882240161e-05,
J1645.4-7334_aFix_pol_I_Farcsec_5pln_cor_crop_0030.npy,J1645.4-7334_aFix_pol_I_Farcsec_5pln_cor,30,-2.7542228053789582e-05,5.101114220451564e-05,
J0607.0-4928_aFix_pol_I_Farcsec_5pln_cor_crop_0127.npy,J0607.0-4928_aFix_pol_I_Farcsec_5pln_cor,127,-1.727664130157791e-05,3.109658064204268e-05,
J0317.9-4414_aFix_pol_I_Farcsec_5pln_cor_crop_0064.npy,J0317.9-4414_aFix_pol_I_Farcsec_5pln_cor,64,-1.825527215260081e-05,4.13110428780783e-05,
Abell_3667_aFix_pol_I_Farcsec_5pln_cor_crop_0058.npy,Abell_3667_aFix_pol_I_Farcsec_5pln_cor,58,-3.163510700687766e-05,0.0001603437995072,
J0542.8-4100_aFix_pol_I_Farcsec_5pln_cor_crop_0047.npy,J0542.8-4100_aFix_pol_I_Farcsec_5pln_cor,47,-1.260944191017188e-05,3.595814996515401e-05,
Abell_33_noFix_pol_I_Farcsec_5pln_cor_crop_0070.npy,Abell_33_noFix_pol_I_Farcsec_5pln_cor,70,-2.8547556212288328e-05,4.8568657803116366e-05,
J0303.7-7752_aFix_pol_I_Farcsec_5pln_cor_crop_0071.npy,J0303.7-7752_aFix_pol_I_Farcsec_5pln_cor,71,-1.6216928997891955e-05,3.944924537790939e-05,
J1248.7-4118_aFix_pol_I_Farcsec_5pln_cor_crop_0021.npy,J1248.7-4118_aFix_pol_I_Farcsec_5pln_cor,21,-3.831612048088573e-05,5.340838833944872e-05,
J1653.0-5943_aFix_pol_I_Farcsec_5pln_cor_crop_0044.npy,J1653.0-5943_aFix_pol_I_Farcsec_5pln_cor,44,-2.6878653443418443e-05,3.650951839517802e-05,
J1840.6-7709_aFix_pol_I_Farcsec_5pln_cor_crop_0067.npy,J1840.6-7709_aFix_pol_I_Farcsec_5pln_cor,67,-1.7610127542866394e-05,4.188125240034424e-05,
J1645.4-7334_aFix_pol_I_Farcsec_5pln_cor_crop_0182.npy,J1645.4-7334_aFix_pol_I_Farcsec_5pln_cor,182,-2.7542228053789582e-05,5.101114220451564e-05,
J1248.7-4118_aFix_pol_I_Farcsec_5pln_cor_crop_0074.npy,J1248.7-4118_aFix_pol_I_Farcsec_5pln_cor,74,-3.831612048088573e-05,5.340838833944872e-05,
Abell_3376copy_aFix_pol_I_Farcsec_5pln_cor_crop_0104.npy,Abell_3376copy_aFix_pol_I_Farcsec_5pln_cor,104,-1.6748330381233245e-05,4.895990059594624e-05,
J0145.0-5300_aFix_pol_I_Farcsec_5pln_cor_crop_0133.npy,J0145.0-5300_aFix_pol_I_Farcsec_5pln_cor,133,-1.4464765627053566e-05,3.505407221382484e-05,
J1518.3-4632_aFix_pol_I_Farcsec_5pln_cor_crop_0217.npy,J1518.3-4632_aFix_pol_I_Farcsec_5pln_cor,217,-2.6316898583900183e-05,3.836355244857259e-05,
J0232.2-4420_aFix_pol_I_Farcsec_5pln_cor_crop_0172.npy,J0232.2-4420_aFix_pol_I_Farcsec_5pln_cor,172,-1.3283781299833208e-05,3.414206730667502e-05,
Abell_3376copy_aFix_pol_I_Farcsec_5pln_cor_crop_0014.npy,Abell_3376copy_aFix_pol_I_Farcsec_5pln_cor,14,-1.6748330381233245e-05,4.895990059594624e-05,
J0607.0-4928_aFix_pol_I_Farcsec_5pln_cor_crop_0081.npy,J0607.0-4928_aFix_pol_I_Farcsec_5pln_cor,81,-1.727664130157791e-05,3.109658064204268e-05,
J2023.4-5535_aFix_pol_I_Farcsec_5pln_cor_crop_0150.npy,J2023.4-5535_aFix_pol_I_Farcsec_5pln_cor,150,-2.326385947526433e-05,4.042817090521567e-05,
RXCJ0225.1-22928_aFix_pol_I_Farcsec_5pln_cor_crop_0054.npy,RXCJ0225.1-22928_aFix_pol_I_Farcsec_5pln_cor,54,-3.11890325974673e-05,5.4694857681170106e-05,
J1201.0-4623_aFix_pol_I_Farcsec_5pln_cor_crop_0027.npy,J1201.0-4623_aFix_pol_I_Farcsec_5pln_cor,27,-1.437526134395739e-05,3.895712870871648e-05,
J2104.9-8243_aFix_pol_I_Farcsec_5pln_cor_crop_0016.npy,J2104.9-8243_aFix_pol_I_Farcsec_5pln_cor,16,-1.633186730032321e-05,3.551336703822017e-05,
J0627.2-5428_aFix_pol_I_Farcsec_5pln_cor_crop_0092.npy,J0627.2-5428_aFix_pol_I_Farcsec_5pln_cor,92,-3.725358692463488e-05,5.157724808668718e-05,
J0145.2-6033_aFix_pol_I_Farcsec_5pln_cor_crop_0065.npy,J0145.2-6033_aFix_pol_I_Farcsec_5pln_cor,65,-1.2114905985072257e-05,3.299051968497224e-05,
PLCK_G200.9-28.2_aFix_pol_I_Farcsec_5pln_cor_crop_0180.npy,PLCK_G200.9-28.2_aFix_pol_I_Farcsec_5pln_cor,180,-2.0549477994791232e-05,4.693285882240161e-05,
J0948.6-8327_aFix_pol_I_Farcsec_5pln_cor_crop_0133.npy,J0948.6-8327_aFix_pol_I_Farcsec_5pln_cor,133,-1.3834469427820297e-05,3.5308996302774176e-05,
Abell_194_aFix_pol_I_Farcsec_5pln_cor_crop_0107.npy,Abell_194_aFix_pol_I_Farcsec_5pln_cor,107,-3.945245043723844e-05,0.0001343678013654,
Abell_3376_aFix_pol_I_Farcsec_5pln_cor_crop_0147.npy,Abell_3376_aFix_pol_I_Farcsec_5pln_cor,147,-1.6748330381233245e-05,4.895990059594624e-05,
Abell_3365_noFix_pol_I_Farcsec_5pln_cor_crop_0052.npy,Abell_3365_noFix_pol_I_Farcsec_5pln_cor,52,-3.684182956931181e-05,5.151375808054581e-05,
Abell_3376_aFix_pol_I_Farcsec_5pln_cor_crop_0168.npy,Abell_3376_aFix_pol_I_Farcsec_5pln_cor,168,-1.6748330381233245e-05,4.895990059594624e-05,
ElGordo_aFix_pol_I_Farcsec_5pln_cor_crop_0104.npy,ElGordo_aFix_pol_I_Farcsec_5pln_cor,104,-1.8438237020745877e-05,3.2559692044742405e-05,
Abell_2597_noFix_pol_I_Farcsec_5pln_cor_crop_0174.npy,Abell_2597_noFix_pol_I_Farcsec_5pln_cor,174,-5.033568595536053e-05,6.417310942197219e-05,
J0712.0-6030_aFix_pol_I_Farcsec_5pln_cor_crop_0186.npy,J0712.0-6030_aFix_pol_I_Farcsec_5pln_cor,186,-1.3525442227546591e-05,3.74543305952102e-05,
Abell_2751_aFix_pol_I_Farcsec_5pln_cor_crop_0095.npy,Abell_2751_aFix_pol_I_Farcsec_5pln_cor,95,-2.5066670787055045e-05,4.310646909289062e-05,
J1653.0-5943_aFix_pol_I_Farcsec_5pln_cor_crop_0206.npy,J1653.0-5943_aFix_pol_I_Farcsec_5pln_cor,206,-2.6878653443418443e-05,3.650951839517802e-05,
J0712.0-6030_aFix_pol_I_Farcsec_5pln_cor_crop_0004.npy,J0712.0-6030_aFix_pol_I_Farcsec_5pln_cor,4,-1.3525442227546591e-05,3.74543305952102e-05,
J0600.8-5835_aFix_pol_I_Farcsec_5pln_cor_crop_0181.npy,J0600.8-5835_aFix_pol_I_Farcsec_5pln_cor,181,-1.2947120012540836e-05,3.535595169523731e-05,
Abell_3562_aFix_pol_I_Farcsec_5pln_cor_crop_0014.npy,Abell_3562_aFix_pol_I_Farcsec_5pln_cor,14,-2.032673728535883e-05,4.53729007858783e-05,
J0543.4-4430_aFix_pol_I_Farcsec_5pln_cor_crop_0056.npy,J0543.4-4430_aFix_pol_I_Farcsec_5pln_cor,56,-1.920615613926202e-05,4.022587017971091e-05,
Abell_3667_aFix_pol_I_Farcsec_5pln_cor_crop_0030.npy,Abell_3667_aFix_pol_I_Farcsec_5pln_cor,30,-3.163510700687766e-05,0.0001603437995072,
J0212.8-4707_aFix_pol_I_Farcsec_5pln_cor_crop_0168.npy,J0212.8-4707_aFix_pol_I_Farcsec_5pln_cor,168,-1.7747841411619447e-05,3.736264625331387e-05,
J0051.1-4833_aFix_pol_I_Farcsec_5pln_cor_crop_0174.npy,J0051.1-4833_aFix_pol_I_Farcsec_5pln_cor,174,-1.4088746866036672e-05,3.274881237302907e-05,
RXC_J0520.7-1328_aFix_pol_I_Farcsec_5pln_cor_crop_0044.npy,RXC_J0520.7-1328_aFix_pol_I_Farcsec_5pln_cor,44,-4.763286779052578e-05,6.618209590669721e-05,
J0314.3-4525_aFix_pol_I_Farcsec_5pln_cor_crop_0119.npy,J0314.3-4525_aFix_pol_I_Farcsec_5pln_cor,119,-1.2252019587322138e-05,3.824526356766e-05,
J0637.3-4828_aFix_pol_I_Farcsec_5pln_cor_crop_0025.npy,J0637.3-4828_aFix_pol_I_Farcsec_5pln_cor,25,-1.5409788829856552e-05,3.9739050407661125e-05,
J0658.5-5556_aFix_pol_I_Farcsec_5pln_cor_crop_0180.npy,J0658.5-5556_aFix_pol_I_Farcsec_5pln_cor,180,-1.5211503523460124e-05,4.380349491839297e-05,
J0416.7-5525_aFix_pol_I_Farcsec_5pln_cor_crop_0147.npy,J0416.7-5525_aFix_pol_I_Farcsec_5pln_cor,147,-1.4703909073432442e-05,4.304752292227931e-05,
J0342.8-5338_aFix_pol_I_Farcsec_5pln_cor_crop_0160.npy,J0342.8-5338_aFix_pol_I_Farcsec_5pln_cor,160,-1.83263164217351e-05,3.698056025314145e-05,
Abell_3558_aFix_pol_I_Farcsec_5pln_cor_crop_0087.npy,Abell_3558_aFix_pol_I_Farcsec_5pln_cor,87,-2.058644531643949e-05,4.082424857188016e-05,
J0712.0-6030_aFix_pol_I_Farcsec_5pln_cor_crop_0033.npy,J0712.0-6030_aFix_pol_I_Farcsec_5pln_cor,33,-1.3525442227546591e-05,3.74543305952102e-05,
Bullet_aFix_pol_I_Farcsec_5pln_cor_crop_0085.npy,Bullet_aFix_pol_I_Farcsec_5pln_cor,85,-1.5211503523460124e-05,4.380349491839297e-05,
Abell_545_aFix_pol_I_Farcsec_5pln_cor_crop_0044.npy,Abell_545_aFix_pol_I_Farcsec_5pln_cor,44,-1.9454066205071285e-05,4.5050637709209695e-05,
J0528.9-3927_B_aFix_pol_I_Farcsec_5pln_cor_crop_0033.npy,J0528.9-3927_B_aFix_pol_I_Farcsec_5pln_cor,33,-1.3992802450957242e-05,3.4315333323320374e-05,
RXCJ1314_aFix_pol_I_Farcsec_5pln_cor_crop_0216.npy,RXCJ1314_aFix_pol_I_Farcsec_5pln_cor,216,-2.6271653041476384e-05,4.702054502558895e-05,
J0431.4-6126_aFix_pol_I_Farcsec_5pln_cor_crop_0107.npy,J0431.4-6126_aFix_pol_I_Farcsec_5pln_cor,107,-2.59030784945935e-05,4.582747351378202e-05,
J0145.0-5300_aFix_pol_I_Farcsec_5pln_cor_crop_0184.npy,J0145.0-5300_aFix_pol_I_Farcsec_5pln_cor,184,-1.4464765627053566e-05,3.505407221382484e-05,
J0217.2-5244_aFix_pol_I_Farcsec_5pln_cor_crop_0017.npy,J0217.2-5244_aFix_pol_I_Farcsec_5pln_cor,17,-1.7379512428306043e-05,3.482505780993961e-05,
Abell_2645_noFix_pol_I_Farcsec_5pln_cor_crop_0131.npy,Abell_2645_noFix_pol_I_Farcsec_5pln_cor,131,-3.2132909836946055e-05,5.223612970439717e-05,
Abell_194_aFix_pol_I_Farcsec_5pln_cor_crop_0098.npy,Abell_194_aFix_pol_I_Farcsec_5pln_cor,98,-3.945245043723844e-05,0.0001343678013654,
J0948.6-8327_aFix_pol_I_Farcsec_5pln_cor_crop_0074.npy,J0948.6-8327_aFix_pol_I_Farcsec_5pln_cor,74,-1.3834469427820297e-05,3.5308996302774176e-05,
J0303.7-7752_aFix_pol_I_Farcsec_5pln_cor_crop_0102.npy,J0303.7-7752_aFix_pol_I_Farcsec_5pln_cor,102,-1.6216928997891955e-05,3.944924537790939e-05,
J0416.7-5525_aFix_pol_I_Farcsec_5pln_cor_crop_0159.npy,J0416.7-5525_aFix_pol_I_Farcsec_5pln_cor,159,-1.4703909073432442e-05,4.304752292227931e-05,
J0449.9-4440_aFix_pol_I_Farcsec_5pln_cor_crop_0084.npy,J0449.9-4440_aFix_pol_I_Farcsec_5pln_cor,84,-1.3652566849486902e-05,3.79539851564914e-05,
J0948.6-8327_aFix_pol_I_Farcsec_5pln_cor_crop_0165.npy,J0948.6-8327_aFix_pol_I_Farcsec_5pln_cor,165,-1.3834469427820297e-05,3.5308996302774176e-05,
Abell_548_Cen_aFix_pol_I_Farcsec_5pln_cor_crop_0096.npy,Abell_548_Cen_aFix_pol_I_Farcsec_5pln_cor,96,-1.6901160051929764e-05,5.435498314909637e-05,
J1201.0-4623_aFix_pol_I_Farcsec_5pln_cor_crop_0224.npy,J1201.0-4623_aFix_pol_I_Farcsec_5pln_cor,224,-1.437526134395739e-05,3.895712870871648e-05,
Abell_22_aFix_pol_I_Farcsec_5pln_cor_crop_0133.npy,Abell_22_aFix_pol_I_Farcsec_5pln_cor,133,-1.7687332729110494e-05,3.791484050452709e-05,
Abell_2895_noFix_pol_I_Farcsec_5pln_cor_crop_0106.npy,Abell_2895_noFix_pol_I_Farcsec_5pln_cor,106,-1.7904101696331054e-05,3.5388853575568646e-05,
Abell_141_aFix_pol_I_Farcsec_5pln_cor_crop_0167.npy,Abell_141_aFix_pol_I_Farcsec_5pln_cor,167,-1.6963114831014536e-05,3.675864718388766e-05,
Abell_3365_noFix_pol_I_Farcsec_5pln_cor_crop_0186.npy,Abell_3365_noFix_pol_I_Farcsec_5pln_cor,186,-3.684182956931181e-05,5.151375808054581e-05,
J0014.3-6604_aFix_pol_I_Farcsec_5pln_cor_crop_0003.npy,J0014.3-6604_aFix_pol_I_Farcsec_5pln_cor,3,-1.2331886864558328e-05,3.584220394259319e-05,
J0948.6-8327_aFix_pol_I_Farcsec_5pln_cor_crop_0172.npy,J0948.6-8327_aFix_pol_I_Farcsec_5pln_cor,172,-1.3834469427820297e-05,3.5308996302774176e-05,
J0658.5-5556_aFix_pol_I_Farcsec_5pln_cor_crop_0122.npy,J0658.5-5556_aFix_pol_I_Farcsec_5pln_cor,122,-1.5211503523460124e-05,4.380349491839297e-05,
J0607.0-4928_aFix_pol_I_Farcsec_5pln_cor_crop_0089.npy,J0607.0-4928_aFix_pol_I_Farcsec_5pln_cor,89,-1.727664130157791e-05,3.109658064204268e-05,
ElGordo_aFix_pol_I_Farcsec_5pln_cor_crop_0138.npy,ElGordo_aFix_pol_I_Farcsec_5pln_cor,138,-1.8438237020745877e-05,3.2559692044742405e-05,
Abell_168_aFix_pol_I_Farcsec_5pln_cor_crop_0131.npy,Abell_168_aFix_pol_I_Farcsec_5pln_cor,131,-2.51656529144384e-05,4.1941199015127495e-05,
Abell_2667_noFix_pol_I_Farcsec_5pln_cor_crop_0072.npy,Abell_2667_noFix_pol_I_Farcsec_5pln_cor,72,-1.5058354620123282e-05,4.20943797507789e-05,
J0745.1-5404_aFix_pol_I_Farcsec_5pln_cor_crop_0160.npy,J0745.1-5404_aFix_pol_I_Farcsec_5pln_cor,160,-1.8277149138157256e-05,3.714456397574395e-05,
J1201.0-4623_aFix_pol_I_Farcsec_5pln_cor_crop_0009.npy,J1201.0-4623_aFix_pol_I_Farcsec_5pln_cor,9,-1.437526134395739e-05,3.895712870871648e-05,
J0225.9-4154_aFix_pol_I_Farcsec_5pln_cor_crop_0119.npy,J0225.9-4154_aFix_pol_I_Farcsec_5pln_cor,119,-1.4831659427727573e-05,3.976373773184605e-05,
Abell_2645_noFix_pol_I_Farcsec_5pln_cor_crop_0001.npy,Abell_2645_noFix_pol_I_Farcsec_5pln_cor,1,-3.2132909836946055e-05,5.223612970439717e-05,
Abell_133_aFix_pol_I_Farcsec_5pln_cor_crop_0011.npy,Abell_133_aFix_pol_I_Farcsec_5pln_cor,11,-1.6750700524426065e-05,3.861152799800038e-05,
Abell_3667_aFix_pol_I_Farcsec_5pln_cor_crop_0207.npy,Abell_3667_aFix_pol_I_Farcsec_5pln_cor,207,-3.163510700687766e-05,0.0001603437995072,
Abell_209_aFix_pol_I_Farcsec_5pln_cor_crop_0083.npy,Abell_209_aFix_pol_I_Farcsec_5pln_cor,83,-2.1105859559611417e-05,4.098449426237494e-05,
J0351.1-8212_aFix_pol_I_Farcsec_5pln_cor_crop_0113.npy,J0351.1-8212_aFix_pol_I_Farcsec_5pln_cor,113,-1.34867677843431e-05,3.901409581885673e-05,
Abell_22_aFix_pol_I_Farcsec_5pln_cor_crop_0187.npy,Abell_22_aFix_pol_I_Farcsec_5pln_cor,187,-1.7687332729110494e-05,3.791484050452709e-05,
Abell_548_aFix_pol_I_Farcsec_5pln_cor_crop_0149.npy,Abell_548_aFix_pol_I_Farcsec_5pln_cor,149,-1.682372203504201e-05,5.429780867416412e-05,
J0416.7-5525_aFix_pol_I_Farcsec_5pln_cor_crop_0059.npy,J0416.7-5525_aFix_pol_I_Farcsec_5pln_cor,59,-1.4703909073432442e-05,4.304752292227931e-05,
Abell_S1121_noFix_pol_I_Farcsec_5pln_cor_crop_0084.npy,Abell_S1121_noFix_pol_I_Farcsec_5pln_cor,84,-4.2447074520168826e-05,6.132334965514019e-05,
Abell_3365A_noFix_pol_I_Farcsec_5pln_cor_crop_0062.npy,Abell_3365A_noFix_pol_I_Farcsec_5pln_cor,62,-1.5037990124255884e-05,3.877880590152927e-05,
Bullet_aFix_pol_I_Farcsec_5pln_cor_crop_0067.npy,Bullet_aFix_pol_I_Farcsec_5pln_cor,67,-1.5211503523460124e-05,4.380349491839297e-05,
Abell_2667_noFix_pol_I_Farcsec_5pln_cor_crop_0013.npy,Abell_2667_noFix_pol_I_Farcsec_5pln_cor,13,-1.5058354620123282e-05,4.20943797507789e-05,
J1535.1-4658_aFix_pol_I_Farcsec_5pln_cor_crop_0015.npy,J1535.1-4658_aFix_pol_I_Farcsec_5pln_cor,15,-2.547855729062576e-05,3.796764576691203e-05,
J1358.9-4750_aFix_pol_I_Farcsec_5pln_cor_crop_0039.npy,J1358.9-4750_aFix_pol_I_Farcsec_5pln_cor,39,-2.6460520530235957e-05,4.666853419621475e-05,
J0516.6-5430_aFix_pol_I_Farcsec_5pln_cor_crop_0083.npy,J0516.6-5430_aFix_pol_I_Farcsec_5pln_cor,83,-1.4557363101630472e-05,3.583080251701176e-05,
Abell_2895_noFix_pol_I_Farcsec_5pln_cor_crop_0044.npy,Abell_2895_noFix_pol_I_Farcsec_5pln_cor,44,-1.7904101696331054e-05,3.5388853575568646e-05,
Abell_548_Cen_aFix_pol_I_Farcsec_5pln_cor_crop_0082.npy,Abell_548_Cen_aFix_pol_I_Farcsec_5pln_cor,82,-1.6901160051929764e-05,5.435498314909637e-05,
J1410.4-4246_aFix_pol_I_Farcsec_5pln_cor_crop_0130.npy,J1410.4-4246_aFix_pol_I_Farcsec_5pln_cor,130,-2.2075269953347743e-05,4.486642137635499e-05,
Abell_3667_aFix_pol_I_Farcsec_5pln_cor_crop_0105.npy,Abell_3667_aFix_pol_I_Farcsec_5pln_cor,105,-3.163510700687766e-05,0.0001603437995072,
RXCJ2351.0-19_noFix_pol_I_Farcsec_5pln_cor_crop_0178.npy,RXCJ2351.0-19_noFix_pol_I_Farcsec_5pln_cor,178,-1.7816319086705334e-05,4.150596214458346e-05,
Abell_3365_noFix_pol_I_Farcsec_5pln_cor_crop_0178.npy,Abell_3365_noFix_pol_I_Farcsec_5pln_cor,178,-3.684182956931181e-05,5.151375808054581e-05,
J0820.9-5704_aFix_pol_I_Farcsec_5pln_cor_crop_0131.npy,J0820.9-5704_aFix_pol_I_Farcsec_5pln_cor,131,-1.654735388001427e-05,3.4318985854042694e-05,
J0637.3-4828_aFix_pol_I_Farcsec_5pln_cor_crop_0068.npy,J0637.3-4828_aFix_pol_I_Farcsec_5pln_cor,68,-1.5409788829856552e-05,3.9739050407661125e-05,
J0658.5-5556_aFix_pol_I_Farcsec_5pln_cor_crop_0192.npy,J0658.5-5556_aFix_pol_I_Farcsec_5pln_cor,192,-1.5211503523460124e-05,4.380349491839297e-05,
RXC_J0520.7-1328_aFix_pol_I_Farcsec_5pln_cor_crop_0054.npy,RXC_J0520.7-1328_aFix_pol_I_Farcsec_5pln_cor,54,-4.763286779052578e-05,6.618209590669721e-05,
Abell_S295_aFix_pol_I_Farcsec_5pln_cor_crop_0199.npy,Abell_S295_aFix_pol_I_Farcsec_5pln_cor,199,-1.2192884241812862e-05,4.2860785470111296e-05,
J0145.2-6033_aFix_pol_I_Farcsec_5pln_cor_crop_0013.npy,J0145.2-6033_aFix_pol_I_Farcsec_5pln_cor,13,-1.2114905985072257e-05,3.299051968497224e-05,
J0216.3-4816_aFix_pol_I_Farcsec_5pln_cor_crop_0113.npy,J0216.3-4816_aFix_pol_I_Farcsec_5pln_cor,113,-1.5618124962202273e-05,5.211478855926544e-05,
J1601.7-7544_aFix_pol_I_Farcsec_5pln_cor_crop_0102.npy,J1601.7-7544_aFix_pol_I_Farcsec_5pln_cor,102,-1.893065564217977e-05,4.2162908357568085e-05,
PLCK_G200.9-28.2_aFix_pol_I_Farcsec_5pln_cor_crop_0174.npy,PLCK_G200.9-28.2_aFix_pol_I_Farcsec_5pln_cor,174,-2.0549477994791232e-05,4.693285882240161e-05,
MACSJ0417.5-1155_aFix_pol_I_Farcsec_5pln_cor_crop_0188.npy,MACSJ0417.5-1155_aFix_pol_I_Farcsec_5pln_cor,188,-1.759273436618969e-05,4.197344605927356e-05,
J1130.0-4213_aFix_pol_I_Farcsec_5pln_cor_crop_0014.npy,J1130.0-4213_aFix_pol_I_Farcsec_5pln_cor,14,-1.5924631952657364e-05,3.826789543381892e-05,
J0625.2-5521_aFix_pol_I_Farcsec_5pln_cor_crop_0145.npy,J0625.2-5521_aFix_pol_I_Farcsec_5pln_cor,145,-2.603908251330722e-05,3.9954342355486006e-05,
J0812.5-5714_aFix_pol_I_Farcsec_5pln_cor_crop_0054.npy,J0812.5-5714_aFix_pol_I_Farcsec_5pln_cor,54,-1.797733420971781e-05,3.096696309512481e-05,
Bullet_aFix_pol_I_Farcsec_5pln_cor_crop_0026.npy,Bullet_aFix_pol_I_Farcsec_5pln_cor,26,-1.5211503523460124e-05,4.380349491839297e-05,
J0027.3-5015_aFix_pol_I_Farcsec_5pln_cor_crop_0072.npy,J0027.3-5015_aFix_pol_I_Farcsec_5pln_cor,72,-1.4346433999889996e-05,3.467470014584251e-05,
J0738.1-7506_aFix_pol_I_Farcsec_5pln_cor_crop_0129.npy,J0738.1-7506_aFix_pol_I_Farcsec_5pln_cor,129,-1.3090567335893866e-05,3.692142854561098e-05,
J0616.8-4748_aFix_pol_I_Farcsec_5pln_cor_crop_0144.npy,J0616.8-4748_aFix_pol_I_Farcsec_5pln_cor,144,-1.6417492588516325e-05,3.9486680179834366e-05,
J0108.5-4020_aFix_pol_I_Farcsec_5pln_cor_crop_0025.npy,J0108.5-4020_aFix_pol_I_Farcsec_5pln_cor,25,-1.5436331523233093e-05,3.3178752346429974e-05,
Abell_209_aFix_pol_I_Farcsec_5pln_cor_crop_0054.npy,Abell_209_aFix_pol_I_Farcsec_5pln_cor,54,-2.1105859559611417e-05,4.098449426237494e-05,
Abell_3562_aFix_pol_I_Farcsec_5pln_cor_crop_0067.npy,Abell_3562_aFix_pol_I_Farcsec_5pln_cor,67,-2.032673728535883e-05,4.53729007858783e-05,
J0217.2-5244_aFix_pol_I_Farcsec_5pln_cor_crop_0075.npy,J0217.2-5244_aFix_pol_I_Farcsec_5pln_cor,75,-1.7379512428306043e-05,3.482505780993961e-05,
Abell_3376_aFix_pol_I_Farcsec_5pln_cor_crop_0219.npy,Abell_3376_aFix_pol_I_Farcsec_5pln_cor,219,-1.6748330381233245e-05,4.895990059594624e-05,
J0314.3-4525_aFix_pol_I_Farcsec_5pln_cor_crop_0078.npy,J0314.3-4525_aFix_pol_I_Farcsec_5pln_cor,78,-1.2252019587322138e-05,3.824526356766e-05,
Abell_S1063_nofix_pol_I_Farcsec_5pln_cor_crop_0077.npy,Abell_S1063_nofix_pol_I_Farcsec_5pln_cor,77,-1.3156100976630114e-05,3.549207394826226e-05,
Abell_S295_aFix_pol_I_Farcsec_5pln_cor_crop_0134.npy,Abell_S295_aFix_pol_I_Farcsec_5pln_cor,134,-1.2192884241812862e-05,4.2860785470111296e-05,
Abell_S295_aFix_pol_I_Farcsec_5pln_cor_crop_0182.npy,Abell_S295_aFix_pol_I_Farcsec_5pln_cor,182,-1.2192884241812862e-05,4.2860785470111296e-05,
J2023.4-5535_aFix_pol_I_Farcsec_5pln_cor_crop_0010.npy,J2023.4-5535_aFix_pol_I_Farcsec_5pln_cor,10,-2.326385947526433e-05,4.042817090521567e-05,
Abell_2751_aFix_pol_I_Farcsec_5pln_cor_crop_0091.npy,Abell_2751_aFix_pol_I_Farcsec_5pln_cor,91,-2.5066670787055045e-05,4.310646909289062e-05,
J0638.7-5358_aFix_pol_I_Farcsec_5pln_cor_crop_0163.npy,J0638.7-5358_aFix_pol_I_Farcsec_5pln_cor,163,-1.4472521797870286e-05,3.7130746932234615e-05,
J0626.3-5341_aFix_pol_I_Farcsec_5pln_cor_crop_0010.npy,J0626.3-5341_aFix_pol_I_Farcsec_5pln_cor,10,-2.286754715896677e-05,4.3426152842585e-05,
Abell_2645_noFix_pol_I_Farcsec_5pln_cor_crop_0193.npy,Abell_2645_noFix_pol_I_Farcsec_5pln_cor,193,-3.2132909836946055e-05,5.223612970439717e-05,
Abell_2744_aFix_pol_I_Farcsec_5pln_cor_crop_0042.npy,Abell_2744_aFix_pol_I_Farcsec_5pln_cor,42,-1.4511139852402266e-05,3.865708276862279e-05,
J0352.4-7401_aFix_pol_I_Farcsec_5pln_cor_crop_0086.npy,J0352.4-7401_aFix_pol_I_Farcsec_5pln_cor,86,-1.3432473679131364e-05,3.414728053030558e-05,
Abell_168_aFix_pol_I_Farcsec_5pln_cor_crop_0065.npy,Abell_168_aFix_pol_I_Farcsec_5pln_cor,65,-2.51656529144384e-05,4.1941199015127495e-05,
RXCJ1314_aFix_pol_I_Farcsec_5pln_cor_crop_0118.npy,RXCJ1314_aFix_pol_I_Farcsec_5pln_cor,118,-2.6271653041476384e-05,4.702054502558895e-05,
Abell_141_aFix_pol_I_Farcsec_5pln_cor_crop_0111.npy,Abell_141_aFix_pol_I_Farcsec_5pln_cor,111,-1.6963114831014536e-05,3.675864718388766e-05,
J2104.9-8243_aFix_pol_I_Farcsec_5pln_cor_crop_0168.npy,J2104.9-8243_aFix_pol_I_Farcsec_5pln_cor,168,-1.633186730032321e-05,3.551336703822017e-05,
Abell_133_aFix_pol_I_Farcsec_5pln_cor_crop_0027.npy,Abell_133_aFix_pol_I_Farcsec_5pln_cor,27,-1.6750700524426065e-05,3.861152799800038e-05,
J0607.0-4928_aFix_pol_I_Farcsec_5pln_cor_crop_0142.npy,J0607.0-4928_aFix_pol_I_Farcsec_5pln_cor,142,-1.727664130157791e-05,3.109658064204268e-05,
J0820.9-5704_aFix_pol_I_Farcsec_5pln_cor_crop_0053.npy,J0820.9-5704_aFix_pol_I_Farcsec_5pln_cor,53,-1.654735388001427e-05,3.4318985854042694e-05,
J0626.3-5341_aFix_pol_I_Farcsec_5pln_cor_crop_0080.npy,J0626.3-5341_aFix_pol_I_Farcsec_5pln_cor,80,-2.286754715896677e-05,4.3426152842585e-05,
Abell_S1063_nofix_pol_I_Farcsec_5pln_cor_crop_0039.npy,Abell_S1063_nofix_pol_I_Farcsec_5pln_cor,39,-1.3156100976630114e-05,3.549207394826226e-05,
J0342.8-5338_aFix_pol_I_Farcsec_5pln_cor_crop_0132.npy,J0342.8-5338_aFix_pol_I_Farcsec_5pln_cor,132,-1.83263164217351e-05,3.698056025314145e-05,
Abell_4038_aFix_pol_I_Farcsec_5pln_cor_crop_0180.npy,Abell_4038_aFix_pol_I_Farcsec_5pln_cor,180,-1.8985389033332467e-05,4.2698269680840895e-05,
J2340.1-8510_aFix_pol_I_Farcsec_5pln_cor_crop_0170.npy,J2340.1-8510_aFix_pol_I_Farcsec_5pln_cor,170,-1.53458950080676e-05,3.938611553166993e-05,
J0351.1-8212_aFix_pol_I_Farcsec_5pln_cor_crop_0064.npy,J0351.1-8212_aFix_pol_I_Farcsec_5pln_cor,64,-1.34867677843431e-05,3.901409581885673e-05,
J0217.2-5244_aFix_pol_I_Farcsec_5pln_cor_crop_0058.npy,J0217.2-5244_aFix_pol_I_Farcsec_5pln_cor,58,-1.7379512428306043e-05,3.482505780993961e-05,
RXCJ1314_aFix_pol_I_Farcsec_5pln_cor_crop_0209.npy,RXCJ1314_aFix_pol_I_Farcsec_5pln_cor,209,-2.6271653041476384e-05,4.702054502558895e-05,
Abell_3376_aFix_pol_I_Farcsec_5pln_cor_crop_0191.npy,Abell_3376_aFix_pol_I_Farcsec_5pln_cor,191,-1.6748330381233245e-05,4.895990059594624e-05,
J0525.8-4715_aFix_pol_I_Farcsec_5pln_cor_crop_0020.npy,J0525.8-4715_aFix_pol_I_Farcsec_5pln_cor,20,-1.611813422641717e-05,4.044059460284189e-05,
J1130.0-4213_aFix_pol_I_Farcsec_5pln_cor_crop_0056.npy,J1130.0-4213_aFix_pol_I_Farcsec_5pln_cor,56,-1.5924631952657364e-05,3.826789543381892e-05,
J0637.3-4828_aFix_pol_I_Farcsec_5pln_cor_crop_0024.npy,J0637.3-4828_aFix_pol_I_Farcsec_5pln_cor,24,-1.5409788829856552e-05,3.9739050407661125e-05,
Abell_2744_aFix_pol_I_Farcsec_5pln_cor_crop_0176.npy,Abell_2744_aFix_pol_I_Farcsec_5pln_cor,176,-1.4511139852402266e-05,3.865708276862279e-05,
J0303.7-7752_aFix_pol_I_Farcsec_5pln_cor_crop_0096.npy,J0303.7-7752_aFix_pol_I_Farcsec_5pln_cor,96,-1.6216928997891955e-05,3.944924537790939e-05,
J0610.5-4848_aFix_pol_I_Farcsec_5pln_cor_crop_0168.npy,J0610.5-4848_aFix_pol_I_Farcsec_5pln_cor,168,-1.432743010809645e-05,3.869758802466095e-05,
Abell_3667_aFix_pol_I_Farcsec_5pln_cor_crop_0155.npy,Abell_3667_aFix_pol_I_Farcsec_5pln_cor,155,-3.163510700687766e-05,0.0001603437995072,
J1410.4-4246_aFix_pol_I_Farcsec_5pln_cor_crop_0000.npy,J1410.4-4246_aFix_pol_I_Farcsec_5pln_cor,0,-2.2075269953347743e-05,4.486642137635499e-05,
RXC_J0520.7-1328_aFix_pol_I_Farcsec_5pln_cor_crop_0191.npy,RXC_J0520.7-1328_aFix_pol_I_Farcsec_5pln_cor,191,-4.763286779052578e-05,6.618209590669721e-05,
Abell_548_Cen_aFix_pol_I_Farcsec_5pln_cor_crop_0171.npy,Abell_548_Cen_aFix_pol_I_Farcsec_5pln_cor,171,-1.6901160051929764e-05,5.435498314909637e-05,
Abell_521_noFix_pol_I_Farcsec_5pln_cor_crop_0089.npy,Abell_521_noFix_pol_I_Farcsec_5pln_cor,89,-1.8806747902999632e-05,4.423171412781812e-05,
J0812.5-5714_aFix_pol_I_Farcsec_5pln_cor_crop_0166.npy,J0812.5-5714_aFix_pol_I_Farcsec_5pln_cor,166,-1.797733420971781e-05,3.096696309512481e-05,
J0528.9-3927_B_aFix_pol_I_Farcsec_5pln_cor_crop_0121.npy,J0528.9-3927_B_aFix_pol_I_Farcsec_5pln_cor,121,-1.3992802450957242e-05,3.4315333323320374e-05,
RXC_J0520.7-1328_aFix_pol_I_Farcsec_5pln_cor_crop_0039.npy,RXC_J0520.7-1328_aFix_pol_I_Farcsec_5pln_cor,39,-4.763286779052578e-05,6.618209590669721e-05,
J1645.4-7334_aFix_pol_I_Farcsec_5pln_cor_crop_0003.npy,J1645.4-7334_aFix_pol_I_Farcsec_5pln_cor,3,-2.7542228053789582e-05,5.101114220451564e-05,
Abell_2485_noFix_pol_I_Farcsec_5pln_cor_crop_0015.npy,Abell_2485_noFix_pol_I_Farcsec_5pln_cor,15,-1.5763916962896474e-05,3.792858478846029e-05,
J0545.5-4756_aFix_pol_I_Farcsec_5pln_cor_crop_0102.npy,J0545.5-4756_aFix_pol_I_Farcsec_5pln_cor,102,-1.6526179024367593e-05,4.097030614502728e-05,
RXC_J0520.7-1328_aFix_pol_I_Farcsec_5pln_cor_crop_0043.npy,RXC_J0520.7-1328_aFix_pol_I_Farcsec_5pln_cor,43,-4.763286779052578e-05,6.618209590669721e-05,
Abell_85_aFix_pol_I_Farcsec_5pln_cor_crop_0150.npy,Abell_85_aFix_pol_I_Farcsec_5pln_cor,150,-1.6969566786428913e-05,4.114058901905082e-05,
J1601.7-7544_aFix_pol_I_Farcsec_5pln_cor_crop_0079.npy,J1601.7-7544_aFix_pol_I_Farcsec_5pln_cor,79,-1.893065564217977e-05,4.2162908357568085e-05,
J1358.9-4750_aFix_pol_I_Farcsec_5pln_cor_crop_0077.npy,J1358.9-4750_aFix_pol_I_Farcsec_5pln_cor,77,-2.6460520530235957e-05,4.666853419621475e-05,
PLCK_G200.9-28.2_aFix_pol_I_Farcsec_5pln_cor_crop_0053.npy,PLCK_G200.9-28.2_aFix_pol_I_Farcsec_5pln_cor,53,-2.0549477994791232e-05,4.693285882240161e-05,
RXCJ1314_aFix_pol_I_Farcsec_5pln_cor_crop_0041.npy,RXCJ1314_aFix_pol_I_Farcsec_5pln_cor,41,-2.6271653041476384e-05,4.702054502558895e-05,
J0217.2-5244_aFix_pol_I_Farcsec_5pln_cor_crop_0053.npy,J0217.2-5244_aFix_pol_I_Farcsec_5pln_cor,53,-1.7379512428306043e-05,3.482505780993961e-05,
Abell_141_aFix_pol_I_Farcsec_5pln_cor_crop_0171.npy,Abell_141_aFix_pol_I_Farcsec_5pln_cor,171,-1.6963114831014536e-05,3.675864718388766e-05,
Abell_3365A_noFix_pol_I_Farcsec_5pln_cor_crop_0085.npy,Abell_3365A_noFix_pol_I_Farcsec_5pln_cor,85,-1.5037990124255884e-05,3.877880590152927e-05,
J1645.4-7334_aFix_pol_I_Farcsec_5pln_cor_crop_0181.npy,J1645.4-7334_aFix_pol_I_Farcsec_5pln_cor,181,-2.7542228053789582e-05,5.101114220451564e-05,
Abell_33_noFix_pol_I_Farcsec_5pln_cor_crop_0110.npy,Abell_33_noFix_pol_I_Farcsec_5pln_cor,110,-2.8547556212288328e-05,4.8568657803116366e-05,
Abell_85_aFix_pol_I_Farcsec_5pln_cor_crop_0082.npy,Abell_85_aFix_pol_I_Farcsec_5pln_cor,82,-1.6969566786428913e-05,4.114058901905082e-05,
J2222.2-5235_aFix_pol_I_Farcsec_5pln_cor_crop_0161.npy,J2222.2-5235_aFix_pol_I_Farcsec_5pln_cor,161,-2.0340692572062835e-05,4.029700721730478e-05,
J0303.7-7752_aFix_pol_I_Farcsec_5pln_cor_crop_0063.npy,J0303.7-7752_aFix_pol_I_Farcsec_5pln_cor,63,-1.6216928997891955e-05,3.944924537790939e-05,
J0145.0-5300_aFix_pol_I_Farcsec_5pln_cor_crop_0135.npy,J0145.0-5300_aFix_pol_I_Farcsec_5pln_cor,135,-1.4464765627053566e-05,3.505407221382484e-05,
MACSJ_0025.4-1222B_aFix_pol_I_Farcsec_5pln_cor_crop_0160.npy,MACSJ_0025.4-1222B_aFix_pol_I_Farcsec_5pln_cor,160,-2.179453076678328e-05,4.608399467542768e-05,
MACSJ_0025.4-1222B_aFix_pol_I_Farcsec_5pln_cor_crop_0142.npy,MACSJ_0025.4-1222B_aFix_pol_I_Farcsec_5pln_cor,142,-2.179453076678328e-05,4.608399467542768e-05,
RXC_J0520.7-1328_aFix_pol_I_Farcsec_5pln_cor_crop_0064.npy,RXC_J0520.7-1328_aFix_pol_I_Farcsec_5pln_cor,64,-4.763286779052578e-05,6.618209590669721e-05,
J0757.7-5315_aFix_pol_I_Farcsec_5pln_cor_crop_0013.npy,J0757.7-5315_aFix_pol_I_Farcsec_5pln_cor,13,-1.5817182429600507e-05,3.550770634319633e-05,
J0627.2-5428_aFix_pol_I_Farcsec_5pln_cor_crop_0223.npy,J0627.2-5428_aFix_pol_I_Farcsec_5pln_cor,223,-3.725358692463488e-05,5.157724808668718e-05,
Abell_2813_noFix_pol_I_Farcsec_5pln_cor_crop_0128.npy,Abell_2813_noFix_pol_I_Farcsec_5pln_cor,128,-2.1553638362092897e-05,4.1060964576900005e-05,
Abell_370_afix_pol_I_Farcsec_5pln_cor_crop_0182.npy,Abell_370_afix_pol_I_Farcsec_5pln_cor,182,-3.905647463398054e-05,5.590072396444157e-05,
J1145.6-5420_aFix_pol_I_Farcsec_5pln_cor_crop_0041.npy,J1145.6-5420_aFix_pol_I_Farcsec_5pln_cor,41,-1.6585625417064875e-05,3.3761494705686346e-05,
Abell_2813_noFix_pol_I_Farcsec_5pln_cor_crop_0038.npy,Abell_2813_noFix_pol_I_Farcsec_5pln_cor,38,-2.1553638362092897e-05,4.1060964576900005e-05,
J0820.9-5704_aFix_pol_I_Farcsec_5pln_cor_crop_0116.npy,J0820.9-5704_aFix_pol_I_Farcsec_5pln_cor,116,-1.654735388001427e-05,3.4318985854042694e-05,
J0303.7-7752_aFix_pol_I_Farcsec_5pln_cor_crop_0155.npy,J0303.7-7752_aFix_pol_I_Farcsec_5pln_cor,155,-1.6216928997891955e-05,3.944924537790939e-05,
ElGordo_aFix_pol_I_Farcsec_5pln_cor_crop_0134.npy,ElGordo_aFix_pol_I_Farcsec_5pln_cor,134,-1.8438237020745877e-05,3.2559692044742405e-05,
Abell_194_aFix_pol_I_Farcsec_5pln_cor_crop_0008.npy,Abell_194_aFix_pol_I_Farcsec_5pln_cor,8,-3.945245043723844e-05,0.0001343678013654,
Abell_133_aFix_pol_I_Farcsec_5pln_cor_crop_0168.npy,Abell_133_aFix_pol_I_Farcsec_5pln_cor,168,-1.6750700524426065e-05,3.861152799800038e-05,
J0051.1-4833_aFix_pol_I_Farcsec_5pln_cor_crop_0189.npy,J0051.1-4833_aFix_pol_I_Farcsec_5pln_cor,189,-1.4088746866036672e-05,3.274881237302907e-05,
MACSJ_0025.4-1222B_aFix_pol_I_Farcsec_5pln_cor_crop_0139.npy,MACSJ_0025.4-1222B_aFix_pol_I_Farcsec_5pln_cor,139,-2.179453076678328e-05,4.608399467542768e-05,
J0516.6-5430_aFix_pol_I_Farcsec_5pln_cor_crop_0168.npy,J0516.6-5430_aFix_pol_I_Farcsec_5pln_cor,168,-1.4557363101630472e-05,3.583080251701176e-05,
J1240.2-4825_aFix_pol_I_Farcsec_5pln_cor_crop_0109.npy,J1240.2-4825_aFix_pol_I_Farcsec_5pln_cor,109,-1.6159494407474995e-05,3.676811684272252e-05,
Abell_85_aFix_pol_I_Farcsec_5pln_cor_crop_0183.npy,Abell_85_aFix_pol_I_Farcsec_5pln_cor,183,-1.6969566786428913e-05,4.114058901905082e-05,
J0948.6-8327_aFix_pol_I_Farcsec_5pln_cor_crop_0120.npy,J0948.6-8327_aFix_pol_I_Farcsec_5pln_cor,120,-1.3834469427820297e-05,3.5308996302774176e-05,
J0610.5-4848_aFix_pol_I_Farcsec_5pln_cor_crop_0065.npy,J0610.5-4848_aFix_pol_I_Farcsec_5pln_cor,65,-1.432743010809645e-05,3.869758802466095e-05,
Abell_3667_aFix_pol_I_Farcsec_5pln_cor_crop_0059.npy,Abell_3667_aFix_pol_I_Farcsec_5pln_cor,59,-3.163510700687766e-05,0.0001603437995072,
Abell_85_aFix_pol_I_Farcsec_5pln_cor_crop_0088.npy,Abell_85_aFix_pol_I_Farcsec_5pln_cor,88,-1.6969566786428913e-05,4.114058901905082e-05,
J0216.3-4816_aFix_pol_I_Farcsec_5pln_cor_crop_0004.npy,J0216.3-4816_aFix_pol_I_Farcsec_5pln_cor,4,-1.5618124962202273e-05,5.211478855926544e-05,
J0051.1-4833_aFix_pol_I_Farcsec_5pln_cor_crop_0114.npy,J0051.1-4833_aFix_pol_I_Farcsec_5pln_cor,114,-1.4088746866036672e-05,3.274881237302907e-05,
J0528.9-3927_B_aFix_pol_I_Farcsec_5pln_cor_crop_0088.npy,J0528.9-3927_B_aFix_pol_I_Farcsec_5pln_cor,88,-1.3992802450957242e-05,3.4315333323320374e-05,
J0314.3-4525_aFix_pol_I_Farcsec_5pln_cor_crop_0130.npy,J0314.3-4525_aFix_pol_I_Farcsec_5pln_cor,130,-1.2252019587322138e-05,3.824526356766e-05,
Abell_545_aFix_pol_I_Farcsec_5pln_cor_crop_0093.npy,Abell_545_aFix_pol_I_Farcsec_5pln_cor,93,-1.9454066205071285e-05,4.5050637709209695e-05,
Abell_S1121_noFix_pol_I_Farcsec_5pln_cor_crop_0066.npy,Abell_S1121_noFix_pol_I_Farcsec_5pln_cor,66,-4.2447074520168826e-05,6.132334965514019e-05,
RXCJ2351.0-19_noFix_pol_I_Farcsec_5pln_cor_crop_0186.npy,RXCJ2351.0-19_noFix_pol_I_Farcsec_5pln_cor,186,-1.7816319086705334e-05,4.150596214458346e-05,
J0545.5-4756_aFix_pol_I_Farcsec_5pln_cor_crop_0157.npy,J0545.5-4756_aFix_pol_I_Farcsec_5pln_cor,157,-1.6526179024367593e-05,4.097030614502728e-05,
J0607.0-4928_aFix_pol_I_Farcsec_5pln_cor_crop_0013.npy,J0607.0-4928_aFix_pol_I_Farcsec_5pln_cor,13,-1.727664130157791e-05,3.109658064204268e-05,
J0540.1-4322_aFix_pol_I_Farcsec_5pln_cor_crop_0156.npy,J0540.1-4322_aFix_pol_I_Farcsec_5pln_cor,156,-2.016680991800968e-05,3.639713395386934e-05,
Abell_4038_aFix_pol_I_Farcsec_5pln_cor_crop_0120.npy,Abell_4038_aFix_pol_I_Farcsec_5pln_cor,120,-1.8985389033332467e-05,4.2698269680840895e-05,
J2319.2-6750_aFix_pol_I_Farcsec_5pln_cor_crop_0139.npy,J2319.2-6750_aFix_pol_I_Farcsec_5pln_cor,139,-1.762574174790643e-05,3.985196599387564e-05,
J0314.3-4525_aFix_pol_I_Farcsec_5pln_cor_crop_0015.npy,J0314.3-4525_aFix_pol_I_Farcsec_5pln_cor,15,-1.2252019587322138e-05,3.824526356766e-05,
J0543.4-4430_aFix_pol_I_Farcsec_5pln_cor_crop_0187.npy,J0543.4-4430_aFix_pol_I_Farcsec_5pln_cor,187,-1.920615613926202e-05,4.022587017971091e-05,
J0328.6-5542_aFix_pol_I_Farcsec_5pln_cor_crop_0138.npy,J0328.6-5542_aFix_pol_I_Farcsec_5pln_cor,138,-1.7376105461153202e-05,3.237917189835571e-05,
MACSJ_0025.4-1222B_aFix_pol_I_Farcsec_5pln_cor_crop_0190.npy,MACSJ_0025.4-1222B_aFix_pol_I_Farcsec_5pln_cor,190,-2.179453076678328e-05,4.608399467542768e-05,
J0745.1-5404_aFix_pol_I_Farcsec_5pln_cor_crop_0001.npy,J0745.1-5404_aFix_pol_I_Farcsec_5pln_cor,1,-1.8277149138157256e-05,3.714456397574395e-05,
Abell_370_afix_pol_I_Farcsec_5pln_cor_crop_0160.npy,Abell_370_afix_pol_I_Farcsec_5pln_cor,160,-3.905647463398054e-05,5.590072396444157e-05,
J0745.1-5404_aFix_pol_I_Farcsec_5pln_cor_crop_0050.npy,J0745.1-5404_aFix_pol_I_Farcsec_5pln_cor,50,-1.8277149138157256e-05,3.714456397574395e-05,
J2222.2-5235_aFix_pol_I_Farcsec_5pln_cor_crop_0164.npy,J2222.2-5235_aFix_pol_I_Farcsec_5pln_cor,164,-2.0340692572062835e-05,4.029700721730478e-05,
J0712.0-6030_aFix_pol_I_Farcsec_5pln_cor_crop_0001.npy,J0712.0-6030_aFix_pol_I_Farcsec_5pln_cor,1,-1.3525442227546591e-05,3.74543305952102e-05,
Abell_141_aFix_pol_I_Farcsec_5pln_cor_crop_0048.npy,Abell_141_aFix_pol_I_Farcsec_5pln_cor,48,-1.6963114831014536e-05,3.675864718388766e-05,
J2023.4-5535_aFix_pol_I_Farcsec_5pln_cor_crop_0142.npy,J2023.4-5535_aFix_pol_I_Farcsec_5pln_cor,142,-2.326385947526433e-05,4.042817090521567e-05,
J1645.4-7334_aFix_pol_I_Farcsec_5pln_cor_crop_0010.npy,J1645.4-7334_aFix_pol_I_Farcsec_5pln_cor,10,-2.7542228053789582e-05,5.101114220451564e-05,
J1145.6-5420_aFix_pol_I_Farcsec_5pln_cor_crop_0168.npy,J1145.6-5420_aFix_pol_I_Farcsec_5pln_cor,168,-1.6585625417064875e-05,3.3761494705686346e-05,
Abell_S295_aFix_pol_I_Farcsec_5pln_cor_crop_0116.npy,Abell_S295_aFix_pol_I_Farcsec_5pln_cor,116,-1.2192884241812862e-05,4.2860785470111296e-05,
J1539.5-8335_aFix_pol_I_Farcsec_5pln_cor_crop_0130.npy,J1539.5-8335_aFix_pol_I_Farcsec_5pln_cor,130,-1.7301776097156107e-05,3.6628662201110274e-05,
J1705.1-8210_aFix_pol_I_Farcsec_5pln_cor_crop_0005.npy,J1705.1-8210_aFix_pol_I_Farcsec_5pln_cor,5,-2.258976564917248e-05,4.054370947415009e-05,
J1535.1-4658_aFix_pol_I_Farcsec_5pln_cor_crop_0076.npy,J1535.1-4658_aFix_pol_I_Farcsec_5pln_cor,76,-2.547855729062576e-05,3.796764576691203e-05,
J0212.8-4707_aFix_pol_I_Farcsec_5pln_cor_crop_0051.npy,J0212.8-4707_aFix_pol_I_Farcsec_5pln_cor,51,-1.7747841411619447e-05,3.736264625331387e-05,
Abell_4038_aFix_pol_I_Farcsec_5pln_cor_crop_0215.npy,Abell_4038_aFix_pol_I_Farcsec_5pln_cor,215,-1.8985389033332467e-05,4.2698269680840895e-05,
J0943.4-7619_aFix_pol_I_Farcsec_5pln_cor_crop_0189.npy,J0943.4-7619_aFix_pol_I_Farcsec_5pln_cor,189,-2.481557567080017e-05,4.054028249811381e-05,
ElGordo_aFix_pol_I_Farcsec_5pln_cor_crop_0103.npy,ElGordo_aFix_pol_I_Farcsec_5pln_cor,103,-1.8438237020745877e-05,3.2559692044742405e-05,
PLCK_G200.9-28.2_aFix_pol_I_Farcsec_5pln_cor_crop_0127.npy,PLCK_G200.9-28.2_aFix_pol_I_Farcsec_5pln_cor,127,-2.0549477994791232e-05,4.693285882240161e-05,
J0545.5-4756_aFix_pol_I_Farcsec_5pln_cor_crop_0138.npy,J0545.5-4756_aFix_pol_I_Farcsec_5pln_cor,138,-1.6526179024367593e-05,4.097030614502728e-05,
J0232.2-4420_aFix_pol_I_Farcsec_5pln_cor_crop_0139.npy,J0232.2-4420_aFix_pol_I_Farcsec_5pln_cor,139,-1.3283781299833208e-05,3.414206730667502e-05,
J0336.3-4037_aFix_pol_I_Farcsec_5pln_cor_crop_0131.npy,J0336.3-4037_aFix_pol_I_Farcsec_5pln_cor,131,-1.9070150301558897e-05,3.8439713534899056e-05,
J0631.3-5610_aFix_pol_I_Farcsec_5pln_cor_crop_0144.npy,J0631.3-5610_aFix_pol_I_Farcsec_5pln_cor,144,-1.3746558579441626e-05,3.730034950422123e-05,
J0431.4-6126_aFix_pol_I_Farcsec_5pln_cor_crop_0187.npy,J0431.4-6126_aFix_pol_I_Farcsec_5pln_cor,187,-2.59030784945935e-05,4.582747351378202e-05,
J2340.1-8510_aFix_pol_I_Farcsec_5pln_cor_crop_0134.npy,J2340.1-8510_aFix_pol_I_Farcsec_5pln_cor,134,-1.53458950080676e-05,3.938611553166993e-05,
Bullet_aFix_pol_I_Farcsec_5pln_cor_crop_0034.npy,Bullet_aFix_pol_I_Farcsec_5pln_cor,34,-1.5211503523460124e-05,4.380349491839297e-05,
Bullet_aFix_pol_I_Farcsec_5pln_cor_crop_0168.npy,Bullet_aFix_pol_I_Farcsec_5pln_cor,168,-1.5211503523460124e-05,4.380349491839297e-05,
J1240.2-4825_aFix_pol_I_Farcsec_5pln_cor_crop_0002.npy,J1240.2-4825_aFix_pol_I_Farcsec_5pln_cor,2,-1.6159494407474995e-05,3.676811684272252e-05,
J1201.0-4623_aFix_pol_I_Farcsec_5pln_cor_crop_0078.npy,J1201.0-4623_aFix_pol_I_Farcsec_5pln_cor,78,-1.437526134395739e-05,3.895712870871648e-05,
MACS_J0257.6-2209_aFix_pol_I_Farcsec_5pln_cor_crop_0115.npy,MACS_J0257.6-2209_aFix_pol_I_Farcsec_5pln_cor,115,-2.1241523427306674e-05,4.082491795998067e-05,
Abell_3376_aFix_pol_I_Farcsec_5pln_cor_crop_0211.npy,Abell_3376_aFix_pol_I_Farcsec_5pln_cor,211,-1.6748330381233245e-05,4.895990059594624e-05,
J0232.2-4420_aFix_pol_I_Farcsec_5pln_cor_crop_0170.npy,J0232.2-4420_aFix_pol_I_Farcsec_5pln_cor,170,-1.3283781299833208e-05,3.414206730667502e-05,
J0051.1-4833_aFix_pol_I_Farcsec_5pln_cor_crop_0132.npy,J0051.1-4833_aFix_pol_I_Farcsec_5pln_cor,132,-1.4088746866036672e-05,3.274881237302907e-05,
J0542.8-4100_aFix_pol_I_Farcsec_5pln_cor_crop_0044.npy,J0542.8-4100_aFix_pol_I_Farcsec_5pln_cor,44,-1.260944191017188e-05,3.595814996515401e-05,
PLCK_G200.9-28.2_aFix_pol_I_Farcsec_5pln_cor_crop_0095.npy,PLCK_G200.9-28.2_aFix_pol_I_Farcsec_5pln_cor,95,-2.0549477994791232e-05,4.693285882240161e-05,
J1358.9-4750_aFix_pol_I_Farcsec_5pln_cor_crop_0092.npy,J1358.9-4750_aFix_pol_I_Farcsec_5pln_cor,92,-2.6460520530235957e-05,4.666853419621475e-05,
J0631.3-5610_aFix_pol_I_Farcsec_5pln_cor_crop_0067.npy,J0631.3-5610_aFix_pol_I_Farcsec_5pln_cor,67,-1.3746558579441626e-05,3.730034950422123e-05,
J0145.2-6033_aFix_pol_I_Farcsec_5pln_cor_crop_0194.npy,J0145.2-6033_aFix_pol_I_Farcsec_5pln_cor,194,-1.2114905985072257e-05,3.299051968497224e-05,
J0431.4-6126_aFix_pol_I_Farcsec_5pln_cor_crop_0075.npy,J0431.4-6126_aFix_pol_I_Farcsec_5pln_cor,75,-2.59030784945935e-05,4.582747351378202e-05,
Abell_141_aFix_pol_I_Farcsec_5pln_cor_crop_0101.npy,Abell_141_aFix_pol_I_Farcsec_5pln_cor,101,-1.6963114831014536e-05,3.675864718388766e-05,
J0431.4-6126_aFix_pol_I_Farcsec_5pln_cor_crop_0194.npy,J0431.4-6126_aFix_pol_I_Farcsec_5pln_cor,194,-2.59030784945935e-05,4.582747351378202e-05,
RXCJ2351.0-19_noFix_pol_I_Farcsec_5pln_cor_crop_0051.npy,RXCJ2351.0-19_noFix_pol_I_Farcsec_5pln_cor,51,-1.7816319086705334e-05,4.150596214458346e-05,
J0232.2-4420_aFix_pol_I_Farcsec_5pln_cor_crop_0094.npy,J0232.2-4420_aFix_pol_I_Farcsec_5pln_cor,94,-1.3283781299833208e-05,3.414206730667502e-05,
J0145.2-6033_aFix_pol_I_Farcsec_5pln_cor_crop_0187.npy,J0145.2-6033_aFix_pol_I_Farcsec_5pln_cor,187,-1.2114905985072257e-05,3.299051968497224e-05,
J0406.7-7116_aFix_pol_I_Farcsec_5pln_cor_crop_0026.npy,J0406.7-7116_aFix_pol_I_Farcsec_5pln_cor,26,-1.6727117326809093e-05,3.893847315339372e-05,
J2023.4-5535_aFix_pol_I_Farcsec_5pln_cor_crop_0133.npy,J2023.4-5535_aFix_pol_I_Farcsec_5pln_cor,133,-2.326385947526433e-05,4.042817090521567e-05,
J0638.7-5358_aFix_pol_I_Farcsec_5pln_cor_crop_0040.npy,J0638.7-5358_aFix_pol_I_Farcsec_5pln_cor,40,-1.4472521797870286e-05,3.7130746932234615e-05,
Bullet_aFix_pol_I_Farcsec_5pln_cor_crop_0003.npy,Bullet_aFix_pol_I_Farcsec_5pln_cor,3,-1.5211503523460124e-05,4.380349491839297e-05,
Abell_22_aFix_pol_I_Farcsec_5pln_cor_crop_0123.npy,Abell_22_aFix_pol_I_Farcsec_5pln_cor,123,-1.7687332729110494e-05,3.791484050452709e-05,
J0545.5-4756_aFix_pol_I_Farcsec_5pln_cor_crop_0006.npy,J0545.5-4756_aFix_pol_I_Farcsec_5pln_cor,6,-1.6526179024367593e-05,4.097030614502728e-05,
Abell_S1121_noFix_pol_I_Farcsec_5pln_cor_crop_0137.npy,Abell_S1121_noFix_pol_I_Farcsec_5pln_cor,137,-4.2447074520168826e-05,6.132334965514019e-05,
MACS_J0257.6-2209_noFix_pol_I_Farcsec_5pln_cor_crop_0127.npy,MACS_J0257.6-2209_noFix_pol_I_Farcsec_5pln_cor,127,-2.3381955543300137e-05,4.110854570171796e-05,
J0712.0-6030_aFix_pol_I_Farcsec_5pln_cor_crop_0048.npy,J0712.0-6030_aFix_pol_I_Farcsec_5pln_cor,48,-1.3525442227546591e-05,3.74543305952102e-05,
J0542.8-4100_aFix_pol_I_Farcsec_5pln_cor_crop_0053.npy,J0542.8-4100_aFix_pol_I_Farcsec_5pln_cor,53,-1.260944191017188e-05,3.595814996515401e-05,
J0528.9-3927_B_aFix_pol_I_Farcsec_5pln_cor_crop_0047.npy,J0528.9-3927_B_aFix_pol_I_Farcsec_5pln_cor,47,-1.3992802450957242e-05,3.4315333323320374e-05,
J1705.1-8210_aFix_pol_I_Farcsec_5pln_cor_crop_0012.npy,J1705.1-8210_aFix_pol_I_Farcsec_5pln_cor,12,-2.258976564917248e-05,4.054370947415009e-05,
RXCJ1314_aFix_pol_I_Farcsec_5pln_cor_crop_0187.npy,RXCJ1314_aFix_pol_I_Farcsec_5pln_cor,187,-2.6271653041476384e-05,4.702054502558895e-05,
J0631.3-5610_aFix_pol_I_Farcsec_5pln_cor_crop_0095.npy,J0631.3-5610_aFix_pol_I_Farcsec_5pln_cor,95,-1.3746558579441626e-05,3.730034950422123e-05,
J0449.9-4440_aFix_pol_I_Farcsec_5pln_cor_crop_0042.npy,J0449.9-4440_aFix_pol_I_Farcsec_5pln_cor,42,-1.3652566849486902e-05,3.79539851564914e-05,
J0431.4-6126_aFix_pol_I_Farcsec_5pln_cor_crop_0151.npy,J0431.4-6126_aFix_pol_I_Farcsec_5pln_cor,151,-2.59030784945935e-05,4.582747351378202e-05,
J1705.1-8210_aFix_pol_I_Farcsec_5pln_cor_crop_0189.npy,J1705.1-8210_aFix_pol_I_Farcsec_5pln_cor,189,-2.258976564917248e-05,4.054370947415009e-05,
Abell_3558_aFix_pol_I_Farcsec_5pln_cor_crop_0158.npy,Abell_3558_aFix_pol_I_Farcsec_5pln_cor,158,-2.058644531643949e-05,4.082424857188016e-05,
J0658.5-5556_aFix_pol_I_Farcsec_5pln_cor_crop_0162.npy,J0658.5-5556_aFix_pol_I_Farcsec_5pln_cor,162,-1.5211503523460124e-05,4.380349491839297e-05,
J1535.1-4658_aFix_pol_I_Farcsec_5pln_cor_crop_0068.npy,J1535.1-4658_aFix_pol_I_Farcsec_5pln_cor,68,-2.547855729062576e-05,3.796764576691203e-05,
J1535.1-4658_aFix_pol_I_Farcsec_5pln_cor_crop_0161.npy,J1535.1-4658_aFix_pol_I_Farcsec_5pln_cor,161,-2.547855729062576e-05,3.796764576691203e-05,
J0625.2-5521_aFix_pol_I_Farcsec_5pln_cor_crop_0117.npy,J0625.2-5521_aFix_pol_I_Farcsec_5pln_cor,117,-2.603908251330722e-05,3.9954342355486006e-05,
Abell_548_aFix_pol_I_Farcsec_5pln_cor_crop_0217.npy,Abell_548_aFix_pol_I_Farcsec_5pln_cor,217,-1.682372203504201e-05,5.429780867416412e-05,
Abell_85_aFix_pol_I_Farcsec_5pln_cor_crop_0047.npy,Abell_85_aFix_pol_I_Farcsec_5pln_cor,47,-1.6969566786428913e-05,4.114058901905082e-05,
Abell_548_aFix_pol_I_Farcsec_5pln_cor_crop_0205.npy,Abell_548_aFix_pol_I_Farcsec_5pln_cor,205,-1.682372203504201e-05,5.429780867416412e-05,
Abell_2813_noFix_pol_I_Farcsec_5pln_cor_crop_0149.npy,Abell_2813_noFix_pol_I_Farcsec_5pln_cor,149,-2.1553638362092897e-05,4.1060964576900005e-05,
J0745.1-5404_aFix_pol_I_Farcsec_5pln_cor_crop_0129.npy,J0745.1-5404_aFix_pol_I_Farcsec_5pln_cor,129,-1.8277149138157256e-05,3.714456397574395e-05,
Abell_548_aFix_pol_I_Farcsec_5pln_cor_crop_0084.npy,Abell_548_aFix_pol_I_Farcsec_5pln_cor,84,-1.682372203504201e-05,5.429780867416412e-05,
J1358.9-4750_aFix_pol_I_Farcsec_5pln_cor_crop_0036.npy,J1358.9-4750_aFix_pol_I_Farcsec_5pln_cor,36,-2.6460520530235957e-05,4.666853419621475e-05,
Abell_2811_noFix_pol_I_Farcsec_5pln_cor_crop_0136.npy,Abell_2811_noFix_pol_I_Farcsec_5pln_cor,136,-5.993724334985018e-05,7.318957068491727e-05,
Abell_3376_aFix_pol_I_Farcsec_5pln_cor_crop_0122.npy,Abell_3376_aFix_pol_I_Farcsec_5pln_cor,122,-1.6748330381233245e-05,4.895990059594624e-05,
J0616.8-4748_aFix_pol_I_Farcsec_5pln_cor_crop_0164.npy,J0616.8-4748_aFix_pol_I_Farcsec_5pln_cor,164,-1.6417492588516325e-05,3.9486680179834366e-05,
J1535.1-4658_aFix_pol_I_Farcsec_5pln_cor_crop_0145.npy,J1535.1-4658_aFix_pol_I_Farcsec_5pln_cor,145,-2.547855729062576e-05,3.796764576691203e-05,
Abell_521_noFix_pol_I_Farcsec_5pln_cor_crop_0061.npy,Abell_521_noFix_pol_I_Farcsec_5pln_cor,61,-1.8806747902999632e-05,4.423171412781812e-05,
J0738.1-7506_aFix_pol_I_Farcsec_5pln_cor_crop_0000.npy,J0738.1-7506_aFix_pol_I_Farcsec_5pln_cor,0,-1.3090567335893866e-05,3.692142854561098e-05,
J1248.7-4118_aFix_pol_I_Farcsec_5pln_cor_crop_0000.npy,J1248.7-4118_aFix_pol_I_Farcsec_5pln_cor,0,-3.831612048088573e-05,5.340838833944872e-05,
J1645.4-7334_aFix_pol_I_Farcsec_5pln_cor_crop_0159.npy,J1645.4-7334_aFix_pol_I_Farcsec_5pln_cor,159,-2.7542228053789582e-05,5.101114220451564e-05,
J0757.7-5315_aFix_pol_I_Farcsec_5pln_cor_crop_0188.npy,J0757.7-5315_aFix_pol_I_Farcsec_5pln_cor,188,-1.5817182429600507e-05,3.550770634319633e-05,
Abell_3365_noFix_pol_I_Farcsec_5pln_cor_crop_0099.npy,Abell_3365_noFix_pol_I_Farcsec_5pln_cor,99,-3.684182956931181e-05,5.151375808054581e-05,
Abell_3558_aFix_pol_I_Farcsec_5pln_cor_crop_0056.npy,Abell_3558_aFix_pol_I_Farcsec_5pln_cor,56,-2.058644531643949e-05,4.082424857188016e-05,
J0943.4-7619_aFix_pol_I_Farcsec_5pln_cor_crop_0151.npy,J0943.4-7619_aFix_pol_I_Farcsec_5pln_cor,151,-2.481557567080017e-05,4.054028249811381e-05,
Bullet_aFix_pol_I_Farcsec_5pln_cor_crop_0151.npy,Bullet_aFix_pol_I_Farcsec_5pln_cor,151,-1.5211503523460124e-05,4.380349491839297e-05,
J1410.4-4246_aFix_pol_I_Farcsec_5pln_cor_crop_0188.npy,J1410.4-4246_aFix_pol_I_Farcsec_5pln_cor,188,-2.2075269953347743e-05,4.486642137635499e-05,
Abell_141_aFix_pol_I_Farcsec_5pln_cor_crop_0024.npy,Abell_141_aFix_pol_I_Farcsec_5pln_cor,24,-1.6963114831014536e-05,3.675864718388766e-05,
Abell_S1121_noFix_pol_I_Farcsec_5pln_cor_crop_0088.npy,Abell_S1121_noFix_pol_I_Farcsec_5pln_cor,88,-4.2447074520168826e-05,6.132334965514019e-05,
J0616.8-4748_aFix_pol_I_Farcsec_5pln_cor_crop_0062.npy,J0616.8-4748_aFix_pol_I_Farcsec_5pln_cor,62,-1.6417492588516325e-05,3.9486680179834366e-05,
J0645.4-5413_aFix_pol_I_Farcsec_5pln_cor_crop_0187.npy,J0645.4-5413_aFix_pol_I_Farcsec_5pln_cor,187,-1.871160566224717e-05,4.457303657545708e-05,
J0610.5-4848_aFix_pol_I_Farcsec_5pln_cor_crop_0093.npy,J0610.5-4848_aFix_pol_I_Farcsec_5pln_cor,93,-1.432743010809645e-05,3.869758802466095e-05,
Abell_2811_noFix_pol_I_Farcsec_5pln_cor_crop_0182.npy,Abell_2811_noFix_pol_I_Farcsec_5pln_cor,182,-5.993724334985018e-05,7.318957068491727e-05,
J0616.8-4748_aFix_pol_I_Farcsec_5pln_cor_crop_0168.npy,J0616.8-4748_aFix_pol_I_Farcsec_5pln_cor,168,-1.6417492588516325e-05,3.9486680179834366e-05,
Bullet_aFix_pol_I_Farcsec_5pln_cor_crop_0117.npy,Bullet_aFix_pol_I_Farcsec_5pln_cor,117,-1.5211503523460124e-05,4.380349491839297e-05,
Abell_2645_noFix_pol_I_Farcsec_5pln_cor_crop_0132.npy,Abell_2645_noFix_pol_I_Farcsec_5pln_cor,132,-3.2132909836946055e-05,5.223612970439717e-05,
J1130.0-4213_aFix_pol_I_Farcsec_5pln_cor_crop_0074.npy,J1130.0-4213_aFix_pol_I_Farcsec_5pln_cor,74,-1.5924631952657364e-05,3.826789543381892e-05,
Abell_2811_noFix_pol_I_Farcsec_5pln_cor_crop_0059.npy,Abell_2811_noFix_pol_I_Farcsec_5pln_cor,59,-5.993724334985018e-05,7.318957068491727e-05,
Abell_545_aFix_pol_I_Farcsec_5pln_cor_crop_0137.npy,Abell_545_aFix_pol_I_Farcsec_5pln_cor,137,-1.9454066205071285e-05,4.5050637709209695e-05,
J0232.2-4420_aFix_pol_I_Farcsec_5pln_cor_crop_0112.npy,J0232.2-4420_aFix_pol_I_Farcsec_5pln_cor,112,-1.3283781299833208e-05,3.414206730667502e-05,
J0317.9-4414_aFix_pol_I_Farcsec_5pln_cor_crop_0016.npy,J0317.9-4414_aFix_pol_I_Farcsec_5pln_cor,16,-1.825527215260081e-05,4.13110428780783e-05,
J0216.3-4816_aFix_pol_I_Farcsec_5pln_cor_crop_0010.npy,J0216.3-4816_aFix_pol_I_Farcsec_5pln_cor,10,-1.5618124962202273e-05,5.211478855926544e-05,
J0631.3-5610_aFix_pol_I_Farcsec_5pln_cor_crop_0017.npy,J0631.3-5610_aFix_pol_I_Farcsec_5pln_cor,17,-1.3746558579441626e-05,3.730034950422123e-05,
J0014.3-6604_aFix_pol_I_Farcsec_5pln_cor_crop_0093.npy,J0014.3-6604_aFix_pol_I_Farcsec_5pln_cor,93,-1.2331886864558328e-05,3.584220394259319e-05,
J0212.8-4707_aFix_pol_I_Farcsec_5pln_cor_crop_0084.npy,J0212.8-4707_aFix_pol_I_Farcsec_5pln_cor,84,-1.7747841411619447e-05,3.736264625331387e-05,
J0607.0-4928_aFix_pol_I_Farcsec_5pln_cor_crop_0136.npy,J0607.0-4928_aFix_pol_I_Farcsec_5pln_cor,136,-1.727664130157791e-05,3.109658064204268e-05,
Abell_33_noFix_pol_I_Farcsec_5pln_cor_crop_0068.npy,Abell_33_noFix_pol_I_Farcsec_5pln_cor,68,-2.8547556212288328e-05,4.8568657803116366e-05,
J0217.2-5244_aFix_pol_I_Farcsec_5pln_cor_crop_0039.npy,J0217.2-5244_aFix_pol_I_Farcsec_5pln_cor,39,-1.7379512428306043e-05,3.482505780993961e-05,
ElGordo_aFix_pol_I_Farcsec_5pln_cor_crop_0051.npy,ElGordo_aFix_pol_I_Farcsec_5pln_cor,51,-1.8438237020745877e-05,3.2559692044742405e-05,
J1535.1-4658_aFix_pol_I_Farcsec_5pln_cor_crop_0037.npy,J1535.1-4658_aFix_pol_I_Farcsec_5pln_cor,37,-2.547855729062576e-05,3.796764576691203e-05,
J0645.4-5413_aFix_pol_I_Farcsec_5pln_cor_crop_0022.npy,J0645.4-5413_aFix_pol_I_Farcsec_5pln_cor,22,-1.871160566224717e-05,4.457303657545708e-05,
J0352.4-7401_aFix_pol_I_Farcsec_5pln_cor_crop_0018.npy,J0352.4-7401_aFix_pol_I_Farcsec_5pln_cor,18,-1.3432473679131364e-05,3.414728053030558e-05,
J2340.1-8510_aFix_pol_I_Farcsec_5pln_cor_crop_0160.npy,J2340.1-8510_aFix_pol_I_Farcsec_5pln_cor,160,-1.53458950080676e-05,3.938611553166993e-05,
J0638.7-5358_aFix_pol_I_Farcsec_5pln_cor_crop_0129.npy,J0638.7-5358_aFix_pol_I_Farcsec_5pln_cor,129,-1.4472521797870286e-05,3.7130746932234615e-05,
Abell_3365A_noFix_pol_I_Farcsec_5pln_cor_crop_0009.npy,Abell_3365A_noFix_pol_I_Farcsec_5pln_cor,9,-1.5037990124255884e-05,3.877880590152927e-05,
J0516.6-5430_aFix_pol_I_Farcsec_5pln_cor_crop_0039.npy,J0516.6-5430_aFix_pol_I_Farcsec_5pln_cor,39,-1.4557363101630472e-05,3.583080251701176e-05,
J1423.7-5412_aFix_pol_I_Farcsec_5pln_cor_crop_0175.npy,J1423.7-5412_aFix_pol_I_Farcsec_5pln_cor,175,-1.8973547412315384e-05,4.0196806367021054e-05,
RXC_J0520.7-1328_aFix_pol_I_Farcsec_5pln_cor_crop_0128.npy,RXC_J0520.7-1328_aFix_pol_I_Farcsec_5pln_cor,128,-4.763286779052578e-05,6.618209590669721e-05,
J0145.2-6033_aFix_pol_I_Farcsec_5pln_cor_crop_0094.npy,J0145.2-6033_aFix_pol_I_Farcsec_5pln_cor,94,-1.2114905985072257e-05,3.299051968497224e-05,
J0658.5-5556_aFix_pol_I_Farcsec_5pln_cor_crop_0135.npy,J0658.5-5556_aFix_pol_I_Farcsec_5pln_cor,135,-1.5211503523460124e-05,4.380349491839297e-05,
J0658.5-5556_aFix_pol_I_Farcsec_5pln_cor_crop_0051.npy,J0658.5-5556_aFix_pol_I_Farcsec_5pln_cor,51,-1.5211503523460124e-05,4.380349491839297e-05,
J0108.5-4020_aFix_pol_I_Farcsec_5pln_cor_crop_0053.npy,J0108.5-4020_aFix_pol_I_Farcsec_5pln_cor,53,-1.5436331523233093e-05,3.3178752346429974e-05,
J0638.7-5358_aFix_pol_I_Farcsec_5pln_cor_crop_0016.npy,J0638.7-5358_aFix_pol_I_Farcsec_5pln_cor,16,-1.4472521797870286e-05,3.7130746932234615e-05,
J1653.0-5943_aFix_pol_I_Farcsec_5pln_cor_crop_0180.npy,J1653.0-5943_aFix_pol_I_Farcsec_5pln_cor,180,-2.6878653443418443e-05,3.650951839517802e-05,
J0051.1-4833_aFix_pol_I_Farcsec_5pln_cor_crop_0134.npy,J0051.1-4833_aFix_pol_I_Farcsec_5pln_cor,134,-1.4088746866036672e-05,3.274881237302907e-05,
Abell_S1121_noFix_pol_I_Farcsec_5pln_cor_crop_0042.npy,Abell_S1121_noFix_pol_I_Farcsec_5pln_cor,42,-4.2447074520168826e-05,6.132334965514019e-05,
Abell_3376_aFix_pol_I_Farcsec_5pln_cor_crop_0133.npy,Abell_3376_aFix_pol_I_Farcsec_5pln_cor,133,-1.6748330381233245e-05,4.895990059594624e-05,
J0616.8-4748_aFix_pol_I_Farcsec_5pln_cor_crop_0022.npy,J0616.8-4748_aFix_pol_I_Farcsec_5pln_cor,22,-1.6417492588516325e-05,3.9486680179834366e-05,
J0738.1-7506_aFix_pol_I_Farcsec_5pln_cor_crop_0031.npy,J0738.1-7506_aFix_pol_I_Farcsec_5pln_cor,31,-1.3090567335893866e-05,3.692142854561098e-05,
J0416.7-5525_aFix_pol_I_Farcsec_5pln_cor_crop_0144.npy,J0416.7-5525_aFix_pol_I_Farcsec_5pln_cor,144,-1.4703909073432442e-05,4.304752292227931e-05,
J0303.7-7752_aFix_pol_I_Farcsec_5pln_cor_crop_0191.npy,J0303.7-7752_aFix_pol_I_Farcsec_5pln_cor,191,-1.6216928997891955e-05,3.944924537790939e-05,
J2222.2-5235_aFix_pol_I_Farcsec_5pln_cor_crop_0179.npy,J2222.2-5235_aFix_pol_I_Farcsec_5pln_cor,179,-2.0340692572062835e-05,4.029700721730478e-05,
Abell_548_aFix_pol_I_Farcsec_5pln_cor_crop_0160.npy,Abell_548_aFix_pol_I_Farcsec_5pln_cor,160,-1.682372203504201e-05,5.429780867416412e-05,
J0738.1-7506_aFix_pol_I_Farcsec_5pln_cor_crop_0005.npy,J0738.1-7506_aFix_pol_I_Farcsec_5pln_cor,5,-1.3090567335893866e-05,3.692142854561098e-05,
J0712.0-6030_aFix_pol_I_Farcsec_5pln_cor_crop_0129.npy,J0712.0-6030_aFix_pol_I_Farcsec_5pln_cor,129,-1.3525442227546591e-05,3.74543305952102e-05,
MACSJ0417.5-1155_aFix_pol_I_Farcsec_5pln_cor_crop_0007.npy,MACSJ0417.5-1155_aFix_pol_I_Farcsec_5pln_cor,7,-1.759273436618969e-05,4.197344605927356e-05,
Abell_85_aFix_pol_I_Farcsec_5pln_cor_crop_0205.npy,Abell_85_aFix_pol_I_Farcsec_5pln_cor,205,-1.6969566786428913e-05,4.114058901905082e-05,
J0303.7-7752_aFix_pol_I_Farcsec_5pln_cor_crop_0121.npy,J0303.7-7752_aFix_pol_I_Farcsec_5pln_cor,121,-1.6216928997891955e-05,3.944924537790939e-05,
J2222.2-5235_aFix_pol_I_Farcsec_5pln_cor_crop_0099.npy,J2222.2-5235_aFix_pol_I_Farcsec_5pln_cor,99,-2.0340692572062835e-05,4.029700721730478e-05,
RXCJ2351.0-19_noFix_pol_I_Farcsec_5pln_cor_crop_0064.npy,RXCJ2351.0-19_noFix_pol_I_Farcsec_5pln_cor,64,-1.7816319086705334e-05,4.150596214458346e-05,
J0528.9-3927_B_aFix_pol_I_Farcsec_5pln_cor_crop_0126.npy,J0528.9-3927_B_aFix_pol_I_Farcsec_5pln_cor,126,-1.3992802450957242e-05,3.4315333323320374e-05,
J1201.0-4623_aFix_pol_I_Farcsec_5pln_cor_crop_0144.npy,J1201.0-4623_aFix_pol_I_Farcsec_5pln_cor,144,-1.437526134395739e-05,3.895712870871648e-05,
J2222.2-5235_aFix_pol_I_Farcsec_5pln_cor_crop_0063.npy,J2222.2-5235_aFix_pol_I_Farcsec_5pln_cor,63,-2.0340692572062835e-05,4.029700721730478e-05,
J0626.3-5341_aFix_pol_I_Farcsec_5pln_cor_crop_0050.npy,J0626.3-5341_aFix_pol_I_Farcsec_5pln_cor,50,-2.286754715896677e-05,4.3426152842585e-05,
Abell_2645_noFix_pol_I_Farcsec_5pln_cor_crop_0113.npy,Abell_2645_noFix_pol_I_Farcsec_5pln_cor,113,-3.2132909836946055e-05,5.223612970439717e-05,
Abell_3376copy_aFix_pol_I_Farcsec_5pln_cor_crop_0024.npy,Abell_3376copy_aFix_pol_I_Farcsec_5pln_cor,24,-1.6748330381233245e-05,4.895990059594624e-05,
J0510.2-4519_aFix_pol_I_Farcsec_5pln_cor_crop_0116.npy,J0510.2-4519_aFix_pol_I_Farcsec_5pln_cor,116,-1.650593003432732e-05,3.797405952354893e-05,
J0014.3-6604_aFix_pol_I_Farcsec_5pln_cor_crop_0116.npy,J0014.3-6604_aFix_pol_I_Farcsec_5pln_cor,116,-1.2331886864558328e-05,3.584220394259319e-05,
MACSJ_0025.4-1222B_aFix_pol_I_Farcsec_5pln_cor_crop_0043.npy,MACSJ_0025.4-1222B_aFix_pol_I_Farcsec_5pln_cor,43,-2.179453076678328e-05,4.608399467542768e-05,
J1705.1-8210_aFix_pol_I_Farcsec_5pln_cor_crop_0037.npy,J1705.1-8210_aFix_pol_I_Farcsec_5pln_cor,37,-2.258976564917248e-05,4.054370947415009e-05,
J0543.4-4430_aFix_pol_I_Farcsec_5pln_cor_crop_0003.npy,J0543.4-4430_aFix_pol_I_Farcsec_5pln_cor,3,-1.920615613926202e-05,4.022587017971091e-05,
J0328.6-5542_aFix_pol_I_Farcsec_5pln_cor_crop_0034.npy,J0328.6-5542_aFix_pol_I_Farcsec_5pln_cor,34,-1.7376105461153202e-05,3.237917189835571e-05,
Abell_2485_noFix_pol_I_Farcsec_5pln_cor_crop_0102.npy,Abell_2485_noFix_pol_I_Farcsec_5pln_cor,102,-1.5763916962896474e-05,3.792858478846029e-05,
J0540.1-4322_aFix_pol_I_Farcsec_5pln_cor_crop_0104.npy,J0540.1-4322_aFix_pol_I_Farcsec_5pln_cor,104,-2.016680991800968e-05,3.639713395386934e-05,
J0616.8-4748_aFix_pol_I_Farcsec_5pln_cor_crop_0000.npy,J0616.8-4748_aFix_pol_I_Farcsec_5pln_cor,0,-1.6417492588516325e-05,3.9486680179834366e-05,
J0616.8-4748_aFix_pol_I_Farcsec_5pln_cor_crop_0039.npy,J0616.8-4748_aFix_pol_I_Farcsec_5pln_cor,39,-1.6417492588516325e-05,3.9486680179834366e-05,
Abell_S1121_noFix_pol_I_Farcsec_5pln_cor_crop_0060.npy,Abell_S1121_noFix_pol_I_Farcsec_5pln_cor,60,-4.2447074520168826e-05,6.132334965514019e-05,
J0314.3-4525_aFix_pol_I_Farcsec_5pln_cor_crop_0193.npy,J0314.3-4525_aFix_pol_I_Farcsec_5pln_cor,193,-1.2252019587322138e-05,3.824526356766e-05,
J0638.7-5358_aFix_pol_I_Farcsec_5pln_cor_crop_0156.npy,J0638.7-5358_aFix_pol_I_Farcsec_5pln_cor,156,-1.4472521797870286e-05,3.7130746932234615e-05,
J0645.4-5413_aFix_pol_I_Farcsec_5pln_cor_crop_0082.npy,J0645.4-5413_aFix_pol_I_Farcsec_5pln_cor,82,-1.871160566224717e-05,4.457303657545708e-05,
J0216.3-4816_aFix_pol_I_Farcsec_5pln_cor_crop_0165.npy,J0216.3-4816_aFix_pol_I_Farcsec_5pln_cor,165,-1.5618124962202273e-05,5.211478855926544e-05,
Bullet_aFix_pol_I_Farcsec_5pln_cor_crop_0009.npy,Bullet_aFix_pol_I_Farcsec_5pln_cor,9,-1.5211503523460124e-05,4.380349491839297e-05,
J0607.0-4928_aFix_pol_I_Farcsec_5pln_cor_crop_0187.npy,J0607.0-4928_aFix_pol_I_Farcsec_5pln_cor,187,-1.727664130157791e-05,3.109658064204268e-05,
J1601.7-7544_aFix_pol_I_Farcsec_5pln_cor_crop_0028.npy,J1601.7-7544_aFix_pol_I_Farcsec_5pln_cor,28,-1.893065564217977e-05,4.2162908357568085e-05,
J2340.1-8510_aFix_pol_I_Farcsec_5pln_cor_crop_0048.npy,J2340.1-8510_aFix_pol_I_Farcsec_5pln_cor,48,-1.53458950080676e-05,3.938611553166993e-05,
J0145.2-6033_aFix_pol_I_Farcsec_5pln_cor_crop_0083.npy,J0145.2-6033_aFix_pol_I_Farcsec_5pln_cor,83,-1.2114905985072257e-05,3.299051968497224e-05,
J0342.8-5338_aFix_pol_I_Farcsec_5pln_cor_crop_0162.npy,J0342.8-5338_aFix_pol_I_Farcsec_5pln_cor,162,-1.83263164217351e-05,3.698056025314145e-05,
J0600.8-5835_aFix_pol_I_Farcsec_5pln_cor_crop_0038.npy,J0600.8-5835_aFix_pol_I_Farcsec_5pln_cor,38,-1.2947120012540836e-05,3.535595169523731e-05,
J0820.9-5704_aFix_pol_I_Farcsec_5pln_cor_crop_0050.npy,J0820.9-5704_aFix_pol_I_Farcsec_5pln_cor,50,-1.654735388001427e-05,3.4318985854042694e-05,
Abell_3365A_noFix_pol_I_Farcsec_5pln_cor_crop_0081.npy,Abell_3365A_noFix_pol_I_Farcsec_5pln_cor,81,-1.5037990124255884e-05,3.877880590152927e-05,
MACSJ0417.5-1155_aFix_pol_I_Farcsec_5pln_cor_crop_0135.npy,MACSJ0417.5-1155_aFix_pol_I_Farcsec_5pln_cor,135,-1.759273436618969e-05,4.197344605927356e-05,
Abell_2811_noFix_pol_I_Farcsec_5pln_cor_crop_0142.npy,Abell_2811_noFix_pol_I_Farcsec_5pln_cor,142,-5.993724334985018e-05,7.318957068491727e-05,
J0943.4-7619_aFix_pol_I_Farcsec_5pln_cor_crop_0060.npy,J0943.4-7619_aFix_pol_I_Farcsec_5pln_cor,60,-2.481557567080017e-05,4.054028249811381e-05,
J0314.3-4525_aFix_pol_I_Farcsec_5pln_cor_crop_0136.npy,J0314.3-4525_aFix_pol_I_Farcsec_5pln_cor,136,-1.2252019587322138e-05,3.824526356766e-05,
J0145.2-6033_aFix_pol_I_Farcsec_5pln_cor_crop_0191.npy,J0145.2-6033_aFix_pol_I_Farcsec_5pln_cor,191,-1.2114905985072257e-05,3.299051968497224e-05,
Abell_22_aFix_pol_I_Farcsec_5pln_cor_crop_0084.npy,Abell_22_aFix_pol_I_Farcsec_5pln_cor,84,-1.7687332729110494e-05,3.791484050452709e-05,
J1410.4-4246_aFix_pol_I_Farcsec_5pln_cor_crop_0059.npy,J1410.4-4246_aFix_pol_I_Farcsec_5pln_cor,59,-2.2075269953347743e-05,4.486642137635499e-05,
Abell_85_aFix_pol_I_Farcsec_5pln_cor_crop_0018.npy,Abell_85_aFix_pol_I_Farcsec_5pln_cor,18,-1.6969566786428913e-05,4.114058901905082e-05,
MACSJ0417.5-1155_aFix_pol_I_Farcsec_5pln_cor_crop_0028.npy,MACSJ0417.5-1155_aFix_pol_I_Farcsec_5pln_cor,28,-1.759273436618969e-05,4.197344605927356e-05,
J2319.2-6750_aFix_pol_I_Farcsec_5pln_cor_crop_0066.npy,J2319.2-6750_aFix_pol_I_Farcsec_5pln_cor,66,-1.762574174790643e-05,3.985196599387564e-05,
RXCJ2351.0-19_noFix_pol_I_Farcsec_5pln_cor_crop_0048.npy,RXCJ2351.0-19_noFix_pol_I_Farcsec_5pln_cor,48,-1.7816319086705334e-05,4.150596214458346e-05,
Abell_133_aFix_pol_I_Farcsec_5pln_cor_crop_0052.npy,Abell_133_aFix_pol_I_Farcsec_5pln_cor,52,-1.6750700524426065e-05,3.861152799800038e-05,
J0738.1-7506_aFix_pol_I_Farcsec_5pln_cor_crop_0140.npy,J0738.1-7506_aFix_pol_I_Farcsec_5pln_cor,140,-1.3090567335893866e-05,3.692142854561098e-05,
J0607.0-4928_aFix_pol_I_Farcsec_5pln_cor_crop_0004.npy,J0607.0-4928_aFix_pol_I_Farcsec_5pln_cor,4,-1.727664130157791e-05,3.109658064204268e-05,
Abell_85_aFix_pol_I_Farcsec_5pln_cor_crop_0163.npy,Abell_85_aFix_pol_I_Farcsec_5pln_cor,163,-1.6969566786428913e-05,4.114058901905082e-05,
RXCJ2351.0-19_noFix_pol_I_Farcsec_5pln_cor_crop_0067.npy,RXCJ2351.0-19_noFix_pol_I_Farcsec_5pln_cor,67,-1.7816319086705334e-05,4.150596214458346e-05,
J0416.7-5525_aFix_pol_I_Farcsec_5pln_cor_crop_0165.npy,J0416.7-5525_aFix_pol_I_Farcsec_5pln_cor,165,-1.4703909073432442e-05,4.304752292227931e-05,
J1601.7-7544_aFix_pol_I_Farcsec_5pln_cor_crop_0094.npy,J1601.7-7544_aFix_pol_I_Farcsec_5pln_cor,94,-1.893065564217977e-05,4.2162908357568085e-05,
Abell_3562_aFix_pol_I_Farcsec_5pln_cor_crop_0142.npy,Abell_3562_aFix_pol_I_Farcsec_5pln_cor,142,-2.032673728535883e-05,4.53729007858783e-05,
Abell_3562_aFix_pol_I_Farcsec_5pln_cor_crop_0172.npy,Abell_3562_aFix_pol_I_Farcsec_5pln_cor,172,-2.032673728535883e-05,4.53729007858783e-05,
J1130.0-4213_aFix_pol_I_Farcsec_5pln_cor_crop_0154.npy,J1130.0-4213_aFix_pol_I_Farcsec_5pln_cor,154,-1.5924631952657364e-05,3.826789543381892e-05,
J0820.9-5704_aFix_pol_I_Farcsec_5pln_cor_crop_0204.npy,J0820.9-5704_aFix_pol_I_Farcsec_5pln_cor,204,-1.654735388001427e-05,3.4318985854042694e-05,
J0600.8-5835_aFix_pol_I_Farcsec_5pln_cor_crop_0168.npy,J0600.8-5835_aFix_pol_I_Farcsec_5pln_cor,168,-1.2947120012540836e-05,3.535595169523731e-05,
MACS_J0257.6-2209_noFix_pol_I_Farcsec_5pln_cor_crop_0115.npy,MACS_J0257.6-2209_noFix_pol_I_Farcsec_5pln_cor,115,-2.3381955543300137e-05,4.110854570171796e-05,
Abell_209_aFix_pol_I_Farcsec_5pln_cor_crop_0130.npy,Abell_209_aFix_pol_I_Farcsec_5pln_cor,130,-2.1105859559611417e-05,4.098449426237494e-05,
J0545.5-4756_aFix_pol_I_Farcsec_5pln_cor_crop_0034.npy,J0545.5-4756_aFix_pol_I_Farcsec_5pln_cor,34,-1.6526179024367593e-05,4.097030614502728e-05,
J0616.8-4748_aFix_pol_I_Farcsec_5pln_cor_crop_0012.npy,J0616.8-4748_aFix_pol_I_Farcsec_5pln_cor,12,-1.6417492588516325e-05,3.9486680179834366e-05,
J0943.4-7619_aFix_pol_I_Farcsec_5pln_cor_crop_0002.npy,J0943.4-7619_aFix_pol_I_Farcsec_5pln_cor,2,-2.481557567080017e-05,4.054028249811381e-05,
PLCK_G200.9-28.2_aFix_pol_I_Farcsec_5pln_cor_crop_0140.npy,PLCK_G200.9-28.2_aFix_pol_I_Farcsec_5pln_cor,140,-2.0549477994791232e-05,4.693285882240161e-05,
MACSJ0417.5-1155_aFix_pol_I_Farcsec_5pln_cor_crop_0040.npy,MACSJ0417.5-1155_aFix_pol_I_Farcsec_5pln_cor,40,-1.759273436618969e-05,4.197344605927356e-05,
J1645.4-7334_aFix_pol_I_Farcsec_5pln_cor_crop_0092.npy,J1645.4-7334_aFix_pol_I_Farcsec_5pln_cor,92,-2.7542228053789582e-05,5.101114220451564e-05,
Abell_209_aFix_pol_I_Farcsec_5pln_cor_crop_0040.npy,Abell_209_aFix_pol_I_Farcsec_5pln_cor,40,-2.1105859559611417e-05,4.098449426237494e-05,
J0516.6-5430_aFix_pol_I_Farcsec_5pln_cor_crop_0027.npy,J0516.6-5430_aFix_pol_I_Farcsec_5pln_cor,27,-1.4557363101630472e-05,3.583080251701176e-05,
J0014.3-6604_aFix_pol_I_Farcsec_5pln_cor_crop_0105.npy,J0014.3-6604_aFix_pol_I_Farcsec_5pln_cor,105,-1.2331886864558328e-05,3.584220394259319e-05,
J0626.3-5341_aFix_pol_I_Farcsec_5pln_cor_crop_0177.npy,J0626.3-5341_aFix_pol_I_Farcsec_5pln_cor,177,-2.286754715896677e-05,4.3426152842585e-05,
J1601.7-7544_aFix_pol_I_Farcsec_5pln_cor_crop_0040.npy,J1601.7-7544_aFix_pol_I_Farcsec_5pln_cor,40,-1.893065564217977e-05,4.2162908357568085e-05,
J1145.6-5420_aFix_pol_I_Farcsec_5pln_cor_crop_0003.npy,J1145.6-5420_aFix_pol_I_Farcsec_5pln_cor,3,-1.6585625417064875e-05,3.3761494705686346e-05,
Abell_3365A_noFix_pol_I_Farcsec_5pln_cor_crop_0099.npy,Abell_3365A_noFix_pol_I_Farcsec_5pln_cor,99,-1.5037990124255884e-05,3.877880590152927e-05,
J1201.0-4623_aFix_pol_I_Farcsec_5pln_cor_crop_0046.npy,J1201.0-4623_aFix_pol_I_Farcsec_5pln_cor,46,-1.437526134395739e-05,3.895712870871648e-05,
J0317.9-4414_aFix_pol_I_Farcsec_5pln_cor_crop_0166.npy,J0317.9-4414_aFix_pol_I_Farcsec_5pln_cor,166,-1.825527215260081e-05,4.13110428780783e-05,
J0108.5-4020_aFix_pol_I_Farcsec_5pln_cor_crop_0189.npy,J0108.5-4020_aFix_pol_I_Farcsec_5pln_cor,189,-1.5436331523233093e-05,3.3178752346429974e-05,
MACSJ0417.5-1155_aFix_pol_I_Farcsec_5pln_cor_crop_0108.npy,MACSJ0417.5-1155_aFix_pol_I_Farcsec_5pln_cor,108,-1.759273436618969e-05,4.197344605927356e-05,
J1040.7-7047_aFix_pol_I_Farcsec_5pln_cor_crop_0132.npy,J1040.7-7047_aFix_pol_I_Farcsec_5pln_cor,132,-2.545410461607389e-05,4.294725295039825e-05,
J1040.7-7047_aFix_pol_I_Farcsec_5pln_cor_crop_0164.npy,J1040.7-7047_aFix_pol_I_Farcsec_5pln_cor,164,-2.545410461607389e-05,4.294725295039825e-05,
Abell_2895_noFix_pol_I_Farcsec_5pln_cor_crop_0062.npy,Abell_2895_noFix_pol_I_Farcsec_5pln_cor,62,-1.7904101696331054e-05,3.5388853575568646e-05,
J2222.2-5235_aFix_pol_I_Farcsec_5pln_cor_crop_0190.npy,J2222.2-5235_aFix_pol_I_Farcsec_5pln_cor,190,-2.0340692572062835e-05,4.029700721730478e-05,
J1201.0-4623_aFix_pol_I_Farcsec_5pln_cor_crop_0064.npy,J1201.0-4623_aFix_pol_I_Farcsec_5pln_cor,64,-1.437526134395739e-05,3.895712870871648e-05,
Abell_33_noFix_pol_I_Farcsec_5pln_cor_crop_0038.npy,Abell_33_noFix_pol_I_Farcsec_5pln_cor,38,-2.8547556212288328e-05,4.8568657803116366e-05,
J0616.8-4748_aFix_pol_I_Farcsec_5pln_cor_crop_0092.npy,J0616.8-4748_aFix_pol_I_Farcsec_5pln_cor,92,-1.6417492588516325e-05,3.9486680179834366e-05,
J0431.4-6126_aFix_pol_I_Farcsec_5pln_cor_crop_0006.npy,J0431.4-6126_aFix_pol_I_Farcsec_5pln_cor,6,-2.59030784945935e-05,4.582747351378202e-05,
J0416.7-5525_aFix_pol_I_Farcsec_5pln_cor_crop_0129.npy,J0416.7-5525_aFix_pol_I_Farcsec_5pln_cor,129,-1.4703909073432442e-05,4.304752292227931e-05,
J0212.8-4707_aFix_pol_I_Farcsec_5pln_cor_crop_0080.npy,J0212.8-4707_aFix_pol_I_Farcsec_5pln_cor,80,-1.7747841411619447e-05,3.736264625331387e-05,
J2023.4-5535_aFix_pol_I_Farcsec_5pln_cor_crop_0188.npy,J2023.4-5535_aFix_pol_I_Farcsec_5pln_cor,188,-2.326385947526433e-05,4.042817090521567e-05,
MACS_J0257.6-2209_aFix_pol_I_Farcsec_5pln_cor_crop_0062.npy,MACS_J0257.6-2209_aFix_pol_I_Farcsec_5pln_cor,62,-2.1241523427306674e-05,4.082491795998067e-05,
Abell_2485_noFix_pol_I_Farcsec_5pln_cor_crop_0082.npy,Abell_2485_noFix_pol_I_Farcsec_5pln_cor,82,-1.5763916962896474e-05,3.792858478846029e-05,
J0542.8-4100_aFix_pol_I_Farcsec_5pln_cor_crop_0114.npy,J0542.8-4100_aFix_pol_I_Farcsec_5pln_cor,114,-1.260944191017188e-05,3.595814996515401e-05,
J1539.5-8335_aFix_pol_I_Farcsec_5pln_cor_crop_0137.npy,J1539.5-8335_aFix_pol_I_Farcsec_5pln_cor,137,-1.7301776097156107e-05,3.6628662201110274e-05,
Bullet_aFix_pol_I_Farcsec_5pln_cor_crop_0084.npy,Bullet_aFix_pol_I_Farcsec_5pln_cor,84,-1.5211503523460124e-05,4.380349491839297e-05,
Abell_133_aFix_pol_I_Farcsec_5pln_cor_crop_0037.npy,Abell_133_aFix_pol_I_Farcsec_5pln_cor,37,-1.6750700524426065e-05,3.861152799800038e-05,
J1539.5-8335_aFix_pol_I_Farcsec_5pln_cor_crop_0172.npy,J1539.5-8335_aFix_pol_I_Farcsec_5pln_cor,172,-1.7301776097156107e-05,3.6628662201110274e-05,
Abell_3365_noFix_pol_I_Farcsec_5pln_cor_crop_0002.npy,Abell_3365_noFix_pol_I_Farcsec_5pln_cor,2,-3.684182956931181e-05,5.151375808054581e-05,
Abell_2751_aFix_pol_I_Farcsec_5pln_cor_crop_0145.npy,Abell_2751_aFix_pol_I_Farcsec_5pln_cor,145,-2.5066670787055045e-05,4.310646909289062e-05,
J0145.0-5300_aFix_pol_I_Farcsec_5pln_cor_crop_0015.npy,J0145.0-5300_aFix_pol_I_Farcsec_5pln_cor,15,-1.4464765627053566e-05,3.505407221382484e-05,
Abell_168_aFix_pol_I_Farcsec_5pln_cor_crop_0036.npy,Abell_168_aFix_pol_I_Farcsec_5pln_cor,36,-2.51656529144384e-05,4.1941199015127495e-05,
J1410.4-4246_aFix_pol_I_Farcsec_5pln_cor_crop_0023.npy,J1410.4-4246_aFix_pol_I_Farcsec_5pln_cor,23,-2.2075269953347743e-05,4.486642137635499e-05,
Abell_545_aFix_pol_I_Farcsec_5pln_cor_crop_0051.npy,Abell_545_aFix_pol_I_Farcsec_5pln_cor,51,-1.9454066205071285e-05,4.5050637709209695e-05,
Abell_3365_noFix_pol_I_Farcsec_5pln_cor_crop_0169.npy,Abell_3365_noFix_pol_I_Farcsec_5pln_cor,169,-3.684182956931181e-05,5.151375808054581e-05,
Abell_3562_aFix_pol_I_Farcsec_5pln_cor_crop_0086.npy,Abell_3562_aFix_pol_I_Farcsec_5pln_cor,86,-2.032673728535883e-05,4.53729007858783e-05,
J1840.6-7709_aFix_pol_I_Farcsec_5pln_cor_crop_0147.npy,J1840.6-7709_aFix_pol_I_Farcsec_5pln_cor,147,-1.7610127542866394e-05,4.188125240034424e-05,
J0510.2-4519_aFix_pol_I_Farcsec_5pln_cor_crop_0137.npy,J0510.2-4519_aFix_pol_I_Farcsec_5pln_cor,137,-1.650593003432732e-05,3.797405952354893e-05,
J0117.8-5455_aFix_pol_I_Farcsec_5pln_cor_crop_0043.npy,J0117.8-5455_aFix_pol_I_Farcsec_5pln_cor,43,-1.313004395342432e-05,3.596906753955409e-05,
Abell_3365_noFix_pol_I_Farcsec_5pln_cor_crop_0151.npy,Abell_3365_noFix_pol_I_Farcsec_5pln_cor,151,-3.684182956931181e-05,5.151375808054581e-05,
Abell_2895_noFix_pol_I_Farcsec_5pln_cor_crop_0160.npy,Abell_2895_noFix_pol_I_Farcsec_5pln_cor,160,-1.7904101696331054e-05,3.5388853575568646e-05,
J1840.6-7709_aFix_pol_I_Farcsec_5pln_cor_crop_0001.npy,J1840.6-7709_aFix_pol_I_Farcsec_5pln_cor,1,-1.7610127542866394e-05,4.188125240034424e-05,
J1145.6-5420_aFix_pol_I_Farcsec_5pln_cor_crop_0161.npy,J1145.6-5420_aFix_pol_I_Farcsec_5pln_cor,161,-1.6585625417064875e-05,3.3761494705686346e-05,
J0336.3-4037_aFix_pol_I_Farcsec_5pln_cor_crop_0063.npy,J0336.3-4037_aFix_pol_I_Farcsec_5pln_cor,63,-1.9070150301558897e-05,3.8439713534899056e-05,
Abell_2645_noFix_pol_I_Farcsec_5pln_cor_crop_0093.npy,Abell_2645_noFix_pol_I_Farcsec_5pln_cor,93,-3.2132909836946055e-05,5.223612970439717e-05,
RXCJ2351.0-19_noFix_pol_I_Farcsec_5pln_cor_crop_0030.npy,RXCJ2351.0-19_noFix_pol_I_Farcsec_5pln_cor,30,-1.7816319086705334e-05,4.150596214458346e-05,
Abell_3376copy_aFix_pol_I_Farcsec_5pln_cor_crop_0162.npy,Abell_3376copy_aFix_pol_I_Farcsec_5pln_cor,162,-1.6748330381233245e-05,4.895990059594624e-05,
Abell_2811_noFix_pol_I_Farcsec_5pln_cor_crop_0075.npy,Abell_2811_noFix_pol_I_Farcsec_5pln_cor,75,-5.993724334985018e-05,7.318957068491727e-05,
J0051.1-4833_aFix_pol_I_Farcsec_5pln_cor_crop_0146.npy,J0051.1-4833_aFix_pol_I_Farcsec_5pln_cor,146,-1.4088746866036672e-05,3.274881237302907e-05,
Abell_2813_noFix_pol_I_Farcsec_5pln_cor_crop_0018.npy,Abell_2813_noFix_pol_I_Farcsec_5pln_cor,18,-2.1553638362092897e-05,4.1060964576900005e-05,
J0051.1-4833_aFix_pol_I_Farcsec_5pln_cor_crop_0184.npy,J0051.1-4833_aFix_pol_I_Farcsec_5pln_cor,184,-1.4088746866036672e-05,3.274881237302907e-05,
J0232.2-4420_aFix_pol_I_Farcsec_5pln_cor_crop_0055.npy,J0232.2-4420_aFix_pol_I_Farcsec_5pln_cor,55,-1.3283781299833208e-05,3.414206730667502e-05,
MACS_J0257.6-2209_aFix_pol_I_Farcsec_5pln_cor_crop_0170.npy,MACS_J0257.6-2209_aFix_pol_I_Farcsec_5pln_cor,170,-2.1241523427306674e-05,4.082491795998067e-05,
J0431.4-6126_aFix_pol_I_Farcsec_5pln_cor_crop_0132.npy,J0431.4-6126_aFix_pol_I_Farcsec_5pln_cor,132,-2.59030784945935e-05,4.582747351378202e-05,
J0145.2-6033_aFix_pol_I_Farcsec_5pln_cor_crop_0127.npy,J0145.2-6033_aFix_pol_I_Farcsec_5pln_cor,127,-1.2114905985072257e-05,3.299051968497224e-05,
J0416.7-5525_aFix_pol_I_Farcsec_5pln_cor_crop_0174.npy,J0416.7-5525_aFix_pol_I_Farcsec_5pln_cor,174,-1.4703909073432442e-05,4.304752292227931e-05,
J0314.3-4525_aFix_pol_I_Farcsec_5pln_cor_crop_0023.npy,J0314.3-4525_aFix_pol_I_Farcsec_5pln_cor,23,-1.2252019587322138e-05,3.824526356766e-05,
J0342.8-5338_aFix_pol_I_Farcsec_5pln_cor_crop_0069.npy,J0342.8-5338_aFix_pol_I_Farcsec_5pln_cor,69,-1.83263164217351e-05,3.698056025314145e-05,
Abell_85_aFix_pol_I_Farcsec_5pln_cor_crop_0072.npy,Abell_85_aFix_pol_I_Farcsec_5pln_cor,72,-1.6969566786428913e-05,4.114058901905082e-05,
J0406.7-7116_aFix_pol_I_Farcsec_5pln_cor_crop_0097.npy,J0406.7-7116_aFix_pol_I_Farcsec_5pln_cor,97,-1.6727117326809093e-05,3.893847315339372e-05,
ElGordo_aFix_pol_I_Farcsec_5pln_cor_crop_0055.npy,ElGordo_aFix_pol_I_Farcsec_5pln_cor,55,-1.8438237020745877e-05,3.2559692044742405e-05,
J0812.5-5714_aFix_pol_I_Farcsec_5pln_cor_crop_0116.npy,J0812.5-5714_aFix_pol_I_Farcsec_5pln_cor,116,-1.797733420971781e-05,3.096696309512481e-05,
Abell_133_aFix_pol_I_Farcsec_5pln_cor_crop_0069.npy,Abell_133_aFix_pol_I_Farcsec_5pln_cor,69,-1.6750700524426065e-05,3.861152799800038e-05,
J1423.7-5412_aFix_pol_I_Farcsec_5pln_cor_crop_0165.npy,J1423.7-5412_aFix_pol_I_Farcsec_5pln_cor,165,-1.8973547412315384e-05,4.0196806367021054e-05,
Abell_2485_noFix_pol_I_Farcsec_5pln_cor_crop_0144.npy,Abell_2485_noFix_pol_I_Farcsec_5pln_cor,144,-1.5763916962896474e-05,3.792858478846029e-05,
J1653.0-5943_aFix_pol_I_Farcsec_5pln_cor_crop_0145.npy,J1653.0-5943_aFix_pol_I_Farcsec_5pln_cor,145,-2.6878653443418443e-05,3.650951839517802e-05,
MACSJ_0025.4-1222B_aFix_pol_I_Farcsec_5pln_cor_crop_0180.npy,MACSJ_0025.4-1222B_aFix_pol_I_Farcsec_5pln_cor,180,-2.179453076678328e-05,4.608399467542768e-05,
Abell_3365_noFix_pol_I_Farcsec_5pln_cor_crop_0103.npy,Abell_3365_noFix_pol_I_Farcsec_5pln_cor,103,-3.684182956931181e-05,5.151375808054581e-05,
Abell_S1063_nofix_pol_I_Farcsec_5pln_cor_crop_0166.npy,Abell_S1063_nofix_pol_I_Farcsec_5pln_cor,166,-1.3156100976630114e-05,3.549207394826226e-05,
Abell_521_noFix_pol_I_Farcsec_5pln_cor_crop_0066.npy,Abell_521_noFix_pol_I_Farcsec_5pln_cor,66,-1.8806747902999632e-05,4.423171412781812e-05,
ElGordo_aFix_pol_I_Farcsec_5pln_cor_crop_0165.npy,ElGordo_aFix_pol_I_Farcsec_5pln_cor,165,-1.8438237020745877e-05,3.2559692044742405e-05,
Abell_521_noFix_pol_I_Farcsec_5pln_cor_crop_0148.npy,Abell_521_noFix_pol_I_Farcsec_5pln_cor,148,-1.8806747902999632e-05,4.423171412781812e-05,
J0645.4-5413_aFix_pol_I_Farcsec_5pln_cor_crop_0023.npy,J0645.4-5413_aFix_pol_I_Farcsec_5pln_cor,23,-1.871160566224717e-05,4.457303657545708e-05,
MACS_J0257.6-2209_noFix_pol_I_Farcsec_5pln_cor_crop_0027.npy,MACS_J0257.6-2209_noFix_pol_I_Farcsec_5pln_cor,27,-2.3381955543300137e-05,4.110854570171796e-05,
J0431.4-6126_aFix_pol_I_Farcsec_5pln_cor_crop_0104.npy,J0431.4-6126_aFix_pol_I_Farcsec_5pln_cor,104,-2.59030784945935e-05,4.582747351378202e-05,
J0014.3-6604_aFix_pol_I_Farcsec_5pln_cor_crop_0084.npy,J0014.3-6604_aFix_pol_I_Farcsec_5pln_cor,84,-1.2331886864558328e-05,3.584220394259319e-05,
J0738.1-7506_aFix_pol_I_Farcsec_5pln_cor_crop_0056.npy,J0738.1-7506_aFix_pol_I_Farcsec_5pln_cor,56,-1.3090567335893866e-05,3.692142854561098e-05,
J1410.4-4246_aFix_pol_I_Farcsec_5pln_cor_crop_0069.npy,J1410.4-4246_aFix_pol_I_Farcsec_5pln_cor,69,-2.2075269953347743e-05,4.486642137635499e-05,
J0525.8-4715_aFix_pol_I_Farcsec_5pln_cor_crop_0191.npy,J0525.8-4715_aFix_pol_I_Farcsec_5pln_cor,191,-1.611813422641717e-05,4.044059460284189e-05,
J1240.2-4825_aFix_pol_I_Farcsec_5pln_cor_crop_0158.npy,J1240.2-4825_aFix_pol_I_Farcsec_5pln_cor,158,-1.6159494407474995e-05,3.676811684272252e-05,
Abell_2813_noFix_pol_I_Farcsec_5pln_cor_crop_0075.npy,Abell_2813_noFix_pol_I_Farcsec_5pln_cor,75,-2.1553638362092897e-05,4.1060964576900005e-05,
J0638.7-5358_aFix_pol_I_Farcsec_5pln_cor_crop_0034.npy,J0638.7-5358_aFix_pol_I_Farcsec_5pln_cor,34,-1.4472521797870286e-05,3.7130746932234615e-05,
J1410.4-4246_aFix_pol_I_Farcsec_5pln_cor_crop_0174.npy,J1410.4-4246_aFix_pol_I_Farcsec_5pln_cor,174,-2.2075269953347743e-05,4.486642137635499e-05,
Abell_521_noFix_pol_I_Farcsec_5pln_cor_crop_0080.npy,Abell_521_noFix_pol_I_Farcsec_5pln_cor,80,-1.8806747902999632e-05,4.423171412781812e-05,
Abell_33_noFix_pol_I_Farcsec_5pln_cor_crop_0006.npy,Abell_33_noFix_pol_I_Farcsec_5pln_cor,6,-2.8547556212288328e-05,4.8568657803116366e-05,
J0303.7-7752_aFix_pol_I_Farcsec_5pln_cor_crop_0193.npy,J0303.7-7752_aFix_pol_I_Farcsec_5pln_cor,193,-1.6216928997891955e-05,3.944924537790939e-05,
Abell_22_aFix_pol_I_Farcsec_5pln_cor_crop_0078.npy,Abell_22_aFix_pol_I_Farcsec_5pln_cor,78,-1.7687332729110494e-05,3.791484050452709e-05,
J0216.3-4816_aFix_pol_I_Farcsec_5pln_cor_crop_0210.npy,J0216.3-4816_aFix_pol_I_Farcsec_5pln_cor,210,-1.5618124962202273e-05,5.211478855926544e-05,
MACSJ0417.5-1155_aFix_pol_I_Farcsec_5pln_cor_crop_0105.npy,MACSJ0417.5-1155_aFix_pol_I_Farcsec_5pln_cor,105,-1.759273436618969e-05,4.197344605927356e-05,
PLCK_G200.9-28.2_aFix_pol_I_Farcsec_5pln_cor_crop_0006.npy,PLCK_G200.9-28.2_aFix_pol_I_Farcsec_5pln_cor,6,-2.0549477994791232e-05,4.693285882240161e-05,
J0543.4-4430_aFix_pol_I_Farcsec_5pln_cor_crop_0177.npy,J0543.4-4430_aFix_pol_I_Farcsec_5pln_cor,177,-1.920615613926202e-05,4.022587017971091e-05,
J1240.2-4825_aFix_pol_I_Farcsec_5pln_cor_crop_0058.npy,J1240.2-4825_aFix_pol_I_Farcsec_5pln_cor,58,-1.6159494407474995e-05,3.676811684272252e-05,
Abell_3376copy_aFix_pol_I_Farcsec_5pln_cor_crop_0064.npy,Abell_3376copy_aFix_pol_I_Farcsec_5pln_cor,64,-1.6748330381233245e-05,4.895990059594624e-05,
Abell_548_Cen_aFix_pol_I_Farcsec_5pln_cor_crop_0129.npy,Abell_548_Cen_aFix_pol_I_Farcsec_5pln_cor,129,-1.6901160051929764e-05,5.435498314909637e-05,
J0145.0-5300_aFix_pol_I_Farcsec_5pln_cor_crop_0148.npy,J0145.0-5300_aFix_pol_I_Farcsec_5pln_cor,148,-1.4464765627053566e-05,3.505407221382484e-05,
Abell_2667_noFix_pol_I_Farcsec_5pln_cor_crop_0152.npy,Abell_2667_noFix_pol_I_Farcsec_5pln_cor,152,-1.5058354620123282e-05,4.20943797507789e-05,
J0645.4-5413_aFix_pol_I_Farcsec_5pln_cor_crop_0195.npy,J0645.4-5413_aFix_pol_I_Farcsec_5pln_cor,195,-1.871160566224717e-05,4.457303657545708e-05,
J1518.3-4632_aFix_pol_I_Farcsec_5pln_cor_crop_0185.npy,J1518.3-4632_aFix_pol_I_Farcsec_5pln_cor,185,-2.6316898583900183e-05,3.836355244857259e-05,
Abell_4038_aFix_pol_I_Farcsec_5pln_cor_crop_0027.npy,Abell_4038_aFix_pol_I_Farcsec_5pln_cor,27,-1.8985389033332467e-05,4.2698269680840895e-05,
Abell_2751_aFix_pol_I_Farcsec_5pln_cor_crop_0193.npy,Abell_2751_aFix_pol_I_Farcsec_5pln_cor,193,-2.5066670787055045e-05,4.310646909289062e-05,
J0216.3-4816_aFix_pol_I_Farcsec_5pln_cor_crop_0099.npy,J0216.3-4816_aFix_pol_I_Farcsec_5pln_cor,99,-1.5618124962202273e-05,5.211478855926544e-05,
J1653.0-5943_aFix_pol_I_Farcsec_5pln_cor_crop_0214.npy,J1653.0-5943_aFix_pol_I_Farcsec_5pln_cor,214,-2.6878653443418443e-05,3.650951839517802e-05,
J0542.8-4100_aFix_pol_I_Farcsec_5pln_cor_crop_0054.npy,J0542.8-4100_aFix_pol_I_Farcsec_5pln_cor,54,-1.260944191017188e-05,3.595814996515401e-05,
Abell_3562_aFix_pol_I_Farcsec_5pln_cor_crop_0080.npy,Abell_3562_aFix_pol_I_Farcsec_5pln_cor,80,-2.032673728535883e-05,4.53729007858783e-05,
Abell_194_aFix_pol_I_Farcsec_5pln_cor_crop_0112.npy,Abell_194_aFix_pol_I_Farcsec_5pln_cor,112,-3.945245043723844e-05,0.0001343678013654,
J0812.5-5714_aFix_pol_I_Farcsec_5pln_cor_crop_0036.npy,J0812.5-5714_aFix_pol_I_Farcsec_5pln_cor,36,-1.797733420971781e-05,3.096696309512481e-05,
Abell_168_aFix_pol_I_Farcsec_5pln_cor_crop_0041.npy,Abell_168_aFix_pol_I_Farcsec_5pln_cor,41,-2.51656529144384e-05,4.1941199015127495e-05,
J0745.1-5404_aFix_pol_I_Farcsec_5pln_cor_crop_0178.npy,J0745.1-5404_aFix_pol_I_Farcsec_5pln_cor,178,-1.8277149138157256e-05,3.714456397574395e-05,
Abell_2744_aFix_pol_I_Farcsec_5pln_cor_crop_0199.npy,Abell_2744_aFix_pol_I_Farcsec_5pln_cor,199,-1.4511139852402266e-05,3.865708276862279e-05,
J0216.3-4816_aFix_pol_I_Farcsec_5pln_cor_crop_0021.npy,J0216.3-4816_aFix_pol_I_Farcsec_5pln_cor,21,-1.5618124962202273e-05,5.211478855926544e-05,
J1201.0-4623_aFix_pol_I_Farcsec_5pln_cor_crop_0042.npy,J1201.0-4623_aFix_pol_I_Farcsec_5pln_cor,42,-1.437526134395739e-05,3.895712870871648e-05,
J0117.8-5455_aFix_pol_I_Farcsec_5pln_cor_crop_0040.npy,J0117.8-5455_aFix_pol_I_Farcsec_5pln_cor,40,-1.313004395342432e-05,3.596906753955409e-05,
J1240.2-4825_aFix_pol_I_Farcsec_5pln_cor_crop_0108.npy,J1240.2-4825_aFix_pol_I_Farcsec_5pln_cor,108,-1.6159494407474995e-05,3.676811684272252e-05,
Abell_S1063_nofix_pol_I_Farcsec_5pln_cor_crop_0177.npy,Abell_S1063_nofix_pol_I_Farcsec_5pln_cor,177,-1.3156100976630114e-05,3.549207394826226e-05,
J0712.0-6030_aFix_pol_I_Farcsec_5pln_cor_crop_0115.npy,J0712.0-6030_aFix_pol_I_Farcsec_5pln_cor,115,-1.3525442227546591e-05,3.74543305952102e-05,
J0712.0-6030_aFix_pol_I_Farcsec_5pln_cor_crop_0009.npy,J0712.0-6030_aFix_pol_I_Farcsec_5pln_cor,9,-1.3525442227546591e-05,3.74543305952102e-05,
J0416.7-5525_aFix_pol_I_Farcsec_5pln_cor_crop_0076.npy,J0416.7-5525_aFix_pol_I_Farcsec_5pln_cor,76,-1.4703909073432442e-05,4.304752292227931e-05,
J0540.1-4050_aFix_pol_I_Farcsec_5pln_cor_crop_0047.npy,J0540.1-4050_aFix_pol_I_Farcsec_5pln_cor,47,-1.9781218725256625e-05,3.538576129358262e-05,
J0117.8-5455_aFix_pol_I_Farcsec_5pln_cor_crop_0128.npy,J0117.8-5455_aFix_pol_I_Farcsec_5pln_cor,128,-1.313004395342432e-05,3.596906753955409e-05,
J1248.7-4118_aFix_pol_I_Farcsec_5pln_cor_crop_0010.npy,J1248.7-4118_aFix_pol_I_Farcsec_5pln_cor,10,-3.831612048088573e-05,5.340838833944872e-05,
Abell_2744_aFix_pol_I_Farcsec_5pln_cor_crop_0101.npy,Abell_2744_aFix_pol_I_Farcsec_5pln_cor,101,-1.4511139852402266e-05,3.865708276862279e-05,
Abell_3365_noFix_pol_I_Farcsec_5pln_cor_crop_0090.npy,Abell_3365_noFix_pol_I_Farcsec_5pln_cor,90,-3.684182956931181e-05,5.151375808054581e-05,
J0314.3-4525_aFix_pol_I_Farcsec_5pln_cor_crop_0116.npy,J0314.3-4525_aFix_pol_I_Farcsec_5pln_cor,116,-1.2252019587322138e-05,3.824526356766e-05,
Abell_545_aFix_pol_I_Farcsec_5pln_cor_crop_0076.npy,Abell_545_aFix_pol_I_Farcsec_5pln_cor,76,-1.9454066205071285e-05,4.5050637709209695e-05,
Abell_2597_noFix_pol_I_Farcsec_5pln_cor_crop_0123.npy,Abell_2597_noFix_pol_I_Farcsec_5pln_cor,123,-5.033568595536053e-05,6.417310942197219e-05,
Abell_3376_aFix_pol_I_Farcsec_5pln_cor_crop_0009.npy,Abell_3376_aFix_pol_I_Farcsec_5pln_cor,9,-1.6748330381233245e-05,4.895990059594624e-05,
J0416.7-5525_aFix_pol_I_Farcsec_5pln_cor_crop_0012.npy,J0416.7-5525_aFix_pol_I_Farcsec_5pln_cor,12,-1.4703909073432442e-05,4.304752292227931e-05,
J0449.9-4440_aFix_pol_I_Farcsec_5pln_cor_crop_0108.npy,J0449.9-4440_aFix_pol_I_Farcsec_5pln_cor,108,-1.3652566849486902e-05,3.79539851564914e-05,
J0212.8-4707_aFix_pol_I_Farcsec_5pln_cor_crop_0172.npy,J0212.8-4707_aFix_pol_I_Farcsec_5pln_cor,172,-1.7747841411619447e-05,3.736264625331387e-05,
J0543.4-4430_aFix_pol_I_Farcsec_5pln_cor_crop_0179.npy,J0543.4-4430_aFix_pol_I_Farcsec_5pln_cor,179,-1.920615613926202e-05,4.022587017971091e-05,
J0738.1-7506_aFix_pol_I_Farcsec_5pln_cor_crop_0002.npy,J0738.1-7506_aFix_pol_I_Farcsec_5pln_cor,2,-1.3090567335893866e-05,3.692142854561098e-05,
J1240.2-4825_aFix_pol_I_Farcsec_5pln_cor_crop_0076.npy,J1240.2-4825_aFix_pol_I_Farcsec_5pln_cor,76,-1.6159494407474995e-05,3.676811684272252e-05,
J1130.0-4213_aFix_pol_I_Farcsec_5pln_cor_crop_0026.npy,J1130.0-4213_aFix_pol_I_Farcsec_5pln_cor,26,-1.5924631952657364e-05,3.826789543381892e-05,
Abell_2667_noFix_pol_I_Farcsec_5pln_cor_crop_0078.npy,Abell_2667_noFix_pol_I_Farcsec_5pln_cor,78,-1.5058354620123282e-05,4.20943797507789e-05,
J0225.9-4154_aFix_pol_I_Farcsec_5pln_cor_crop_0073.npy,J0225.9-4154_aFix_pol_I_Farcsec_5pln_cor,73,-1.4831659427727573e-05,3.976373773184605e-05,
J0510.2-4519_aFix_pol_I_Farcsec_5pln_cor_crop_0156.npy,J0510.2-4519_aFix_pol_I_Farcsec_5pln_cor,156,-1.650593003432732e-05,3.797405952354893e-05,
Abell_3667_aFix_pol_I_Farcsec_5pln_cor_crop_0216.npy,Abell_3667_aFix_pol_I_Farcsec_5pln_cor,216,-3.163510700687766e-05,0.0001603437995072,
Abell_S1121_noFix_pol_I_Farcsec_5pln_cor_crop_0152.npy,Abell_S1121_noFix_pol_I_Farcsec_5pln_cor,152,-4.2447074520168826e-05,6.132334965514019e-05,
J1705.1-8210_aFix_pol_I_Farcsec_5pln_cor_crop_0018.npy,J1705.1-8210_aFix_pol_I_Farcsec_5pln_cor,18,-2.258976564917248e-05,4.054370947415009e-05,
Abell_2813_noFix_pol_I_Farcsec_5pln_cor_crop_0167.npy,Abell_2813_noFix_pol_I_Farcsec_5pln_cor,167,-2.1553638362092897e-05,4.1060964576900005e-05,
J0216.3-4816_aFix_pol_I_Farcsec_5pln_cor_crop_0153.npy,J0216.3-4816_aFix_pol_I_Farcsec_5pln_cor,153,-1.5618124962202273e-05,5.211478855926544e-05,
Abell_2485_noFix_pol_I_Farcsec_5pln_cor_crop_0092.npy,Abell_2485_noFix_pol_I_Farcsec_5pln_cor,92,-1.5763916962896474e-05,3.792858478846029e-05,
J0540.1-4050_aFix_pol_I_Farcsec_5pln_cor_crop_0162.npy,J0540.1-4050_aFix_pol_I_Farcsec_5pln_cor,162,-1.9781218725256625e-05,3.538576129358262e-05,
J1840.6-7709_aFix_pol_I_Farcsec_5pln_cor_crop_0094.npy,J1840.6-7709_aFix_pol_I_Farcsec_5pln_cor,94,-1.7610127542866394e-05,4.188125240034424e-05,
J0051.1-4833_aFix_pol_I_Farcsec_5pln_cor_crop_0069.npy,J0051.1-4833_aFix_pol_I_Farcsec_5pln_cor,69,-1.4088746866036672e-05,3.274881237302907e-05,
J2222.2-5235_aFix_pol_I_Farcsec_5pln_cor_crop_0178.npy,J2222.2-5235_aFix_pol_I_Farcsec_5pln_cor,178,-2.0340692572062835e-05,4.029700721730478e-05,
J0543.4-4430_aFix_pol_I_Farcsec_5pln_cor_crop_0126.npy,J0543.4-4430_aFix_pol_I_Farcsec_5pln_cor,126,-1.920615613926202e-05,4.022587017971091e-05,
J2319.2-6750_aFix_pol_I_Farcsec_5pln_cor_crop_0034.npy,J2319.2-6750_aFix_pol_I_Farcsec_5pln_cor,34,-1.762574174790643e-05,3.985196599387564e-05,
Abell_2744_aFix_pol_I_Farcsec_5pln_cor_crop_0071.npy,Abell_2744_aFix_pol_I_Farcsec_5pln_cor,71,-1.4511139852402266e-05,3.865708276862279e-05,
J1535.1-4658_aFix_pol_I_Farcsec_5pln_cor_crop_0132.npy,J1535.1-4658_aFix_pol_I_Farcsec_5pln_cor,132,-2.547855729062576e-05,3.796764576691203e-05,
J0812.5-5714_aFix_pol_I_Farcsec_5pln_cor_crop_0078.npy,J0812.5-5714_aFix_pol_I_Farcsec_5pln_cor,78,-1.797733420971781e-05,3.096696309512481e-05,
J1410.4-4246_aFix_pol_I_Farcsec_5pln_cor_crop_0182.npy,J1410.4-4246_aFix_pol_I_Farcsec_5pln_cor,182,-2.2075269953347743e-05,4.486642137635499e-05,
Abell_S1121_noFix_pol_I_Farcsec_5pln_cor_crop_0091.npy,Abell_S1121_noFix_pol_I_Farcsec_5pln_cor,91,-4.2447074520168826e-05,6.132334965514019e-05,
J0757.7-5315_aFix_pol_I_Farcsec_5pln_cor_crop_0097.npy,J0757.7-5315_aFix_pol_I_Farcsec_5pln_cor,97,-1.5817182429600507e-05,3.550770634319633e-05,
Abell_S295_aFix_pol_I_Farcsec_5pln_cor_crop_0148.npy,Abell_S295_aFix_pol_I_Farcsec_5pln_cor,148,-1.2192884241812862e-05,4.2860785470111296e-05,
Abell_S1063_nofix_pol_I_Farcsec_5pln_cor_crop_0161.npy,Abell_S1063_nofix_pol_I_Farcsec_5pln_cor,161,-1.3156100976630114e-05,3.549207394826226e-05,
Abell_2813_noFix_pol_I_Farcsec_5pln_cor_crop_0115.npy,Abell_2813_noFix_pol_I_Farcsec_5pln_cor,115,-2.1553638362092897e-05,4.1060964576900005e-05,
Abell_545_aFix_pol_I_Farcsec_5pln_cor_crop_0066.npy,Abell_545_aFix_pol_I_Farcsec_5pln_cor,66,-1.9454066205071285e-05,4.5050637709209695e-05,
Abell_4038_aFix_pol_I_Farcsec_5pln_cor_crop_0067.npy,Abell_4038_aFix_pol_I_Farcsec_5pln_cor,67,-1.8985389033332467e-05,4.2698269680840895e-05,
Abell_2744_aFix_pol_I_Farcsec_5pln_cor_crop_0197.npy,Abell_2744_aFix_pol_I_Farcsec_5pln_cor,197,-1.4511139852402266e-05,3.865708276862279e-05,
J1423.7-5412_aFix_pol_I_Farcsec_5pln_cor_crop_0152.npy,J1423.7-5412_aFix_pol_I_Farcsec_5pln_cor,152,-1.8973547412315384e-05,4.0196806367021054e-05,
J0351.1-8212_aFix_pol_I_Farcsec_5pln_cor_crop_0036.npy,J0351.1-8212_aFix_pol_I_Farcsec_5pln_cor,36,-1.34867677843431e-05,3.901409581885673e-05,
J0626.3-5341_aFix_pol_I_Farcsec_5pln_cor_crop_0094.npy,J0626.3-5341_aFix_pol_I_Farcsec_5pln_cor,94,-2.286754715896677e-05,4.3426152842585e-05,
J0616.8-4748_aFix_pol_I_Farcsec_5pln_cor_crop_0008.npy,J0616.8-4748_aFix_pol_I_Farcsec_5pln_cor,8,-1.6417492588516325e-05,3.9486680179834366e-05,
Abell_521_noFix_pol_I_Farcsec_5pln_cor_crop_0088.npy,Abell_521_noFix_pol_I_Farcsec_5pln_cor,88,-1.8806747902999632e-05,4.423171412781812e-05,
J2023.4-5535_aFix_pol_I_Farcsec_5pln_cor_crop_0064.npy,J2023.4-5535_aFix_pol_I_Farcsec_5pln_cor,64,-2.326385947526433e-05,4.042817090521567e-05,
Abell_2645_noFix_pol_I_Farcsec_5pln_cor_crop_0114.npy,Abell_2645_noFix_pol_I_Farcsec_5pln_cor,114,-3.2132909836946055e-05,5.223612970439717e-05,
J0336.3-4037_aFix_pol_I_Farcsec_5pln_cor_crop_0111.npy,J0336.3-4037_aFix_pol_I_Farcsec_5pln_cor,111,-1.9070150301558897e-05,3.8439713534899056e-05,
Abell_133_aFix_pol_I_Farcsec_5pln_cor_crop_0196.npy,Abell_133_aFix_pol_I_Farcsec_5pln_cor,196,-1.6750700524426065e-05,3.861152799800038e-05,
Abell_194_aFix_pol_I_Farcsec_5pln_cor_crop_0161.npy,Abell_194_aFix_pol_I_Farcsec_5pln_cor,161,-3.945245043723844e-05,0.0001343678013654,
Abell_2811_noFix_pol_I_Farcsec_5pln_cor_crop_0143.npy,Abell_2811_noFix_pol_I_Farcsec_5pln_cor,143,-5.993724334985018e-05,7.318957068491727e-05,
Abell_548_Cen_aFix_pol_I_Farcsec_5pln_cor_crop_0033.npy,Abell_548_Cen_aFix_pol_I_Farcsec_5pln_cor,33,-1.6901160051929764e-05,5.435498314909637e-05,
J0314.3-4525_aFix_pol_I_Farcsec_5pln_cor_crop_0147.npy,J0314.3-4525_aFix_pol_I_Farcsec_5pln_cor,147,-1.2252019587322138e-05,3.824526356766e-05,
J0328.6-5542_aFix_pol_I_Farcsec_5pln_cor_crop_0040.npy,J0328.6-5542_aFix_pol_I_Farcsec_5pln_cor,40,-1.7376105461153202e-05,3.237917189835571e-05,
Abell_209_aFix_pol_I_Farcsec_5pln_cor_crop_0207.npy,Abell_209_aFix_pol_I_Farcsec_5pln_cor,207,-2.1105859559611417e-05,4.098449426237494e-05,
J0416.7-5525_aFix_pol_I_Farcsec_5pln_cor_crop_0061.npy,J0416.7-5525_aFix_pol_I_Farcsec_5pln_cor,61,-1.4703909073432442e-05,4.304752292227931e-05,
J0336.3-4037_aFix_pol_I_Farcsec_5pln_cor_crop_0055.npy,J0336.3-4037_aFix_pol_I_Farcsec_5pln_cor,55,-1.9070150301558897e-05,3.8439713534899056e-05,
Abell_33_noFix_pol_I_Farcsec_5pln_cor_crop_0035.npy,Abell_33_noFix_pol_I_Farcsec_5pln_cor,35,-2.8547556212288328e-05,4.8568657803116366e-05,
J2222.2-5235_aFix_pol_I_Farcsec_5pln_cor_crop_0057.npy,J2222.2-5235_aFix_pol_I_Farcsec_5pln_cor,57,-2.0340692572062835e-05,4.029700721730478e-05,
Abell_3558_aFix_pol_I_Farcsec_5pln_cor_crop_0212.npy,Abell_3558_aFix_pol_I_Farcsec_5pln_cor,212,-2.058644531643949e-05,4.082424857188016e-05,
J0336.3-4037_aFix_pol_I_Farcsec_5pln_cor_crop_0038.npy,J0336.3-4037_aFix_pol_I_Farcsec_5pln_cor,38,-1.9070150301558897e-05,3.8439713534899056e-05,
Abell_85_aFix_pol_I_Farcsec_5pln_cor_crop_0013.npy,Abell_85_aFix_pol_I_Farcsec_5pln_cor,13,-1.6969566786428913e-05,4.114058901905082e-05,
J0027.3-5015_aFix_pol_I_Farcsec_5pln_cor_crop_0027.npy,J0027.3-5015_aFix_pol_I_Farcsec_5pln_cor,27,-1.4346433999889996e-05,3.467470014584251e-05,
J1423.7-5412_aFix_pol_I_Farcsec_5pln_cor_crop_0113.npy,J1423.7-5412_aFix_pol_I_Farcsec_5pln_cor,113,-1.8973547412315384e-05,4.0196806367021054e-05,
J0540.1-4050_aFix_pol_I_Farcsec_5pln_cor_crop_0086.npy,J0540.1-4050_aFix_pol_I_Farcsec_5pln_cor,86,-1.9781218725256625e-05,3.538576129358262e-05,
J0745.1-5404_aFix_pol_I_Farcsec_5pln_cor_crop_0088.npy,J0745.1-5404_aFix_pol_I_Farcsec_5pln_cor,88,-1.8277149138157256e-05,3.714456397574395e-05,
J0328.6-5542_aFix_pol_I_Farcsec_5pln_cor_crop_0148.npy,J0328.6-5542_aFix_pol_I_Farcsec_5pln_cor,148,-1.7376105461153202e-05,3.237917189835571e-05,
Abell_2667_noFix_pol_I_Farcsec_5pln_cor_crop_0127.npy,Abell_2667_noFix_pol_I_Farcsec_5pln_cor,127,-1.5058354620123282e-05,4.20943797507789e-05,
Abell_3558_aFix_pol_I_Farcsec_5pln_cor_crop_0125.npy,Abell_3558_aFix_pol_I_Farcsec_5pln_cor,125,-2.058644531643949e-05,4.082424857188016e-05,
Abell_521_noFix_pol_I_Farcsec_5pln_cor_crop_0068.npy,Abell_521_noFix_pol_I_Farcsec_5pln_cor,68,-1.8806747902999632e-05,4.423171412781812e-05,
J0658.5-5556_aFix_pol_I_Farcsec_5pln_cor_crop_0080.npy,J0658.5-5556_aFix_pol_I_Farcsec_5pln_cor,80,-1.5211503523460124e-05,4.380349491839297e-05,
J1840.6-7709_aFix_pol_I_Farcsec_5pln_cor_crop_0183.npy,J1840.6-7709_aFix_pol_I_Farcsec_5pln_cor,183,-1.7610127542866394e-05,4.188125240034424e-05,
Abell_141_aFix_pol_I_Farcsec_5pln_cor_crop_0120.npy,Abell_141_aFix_pol_I_Farcsec_5pln_cor,120,-1.6963114831014536e-05,3.675864718388766e-05,
J0014.3-6604_aFix_pol_I_Farcsec_5pln_cor_crop_0127.npy,J0014.3-6604_aFix_pol_I_Farcsec_5pln_cor,127,-1.2331886864558328e-05,3.584220394259319e-05,
Abell_194_aFix_pol_I_Farcsec_5pln_cor_crop_0198.npy,Abell_194_aFix_pol_I_Farcsec_5pln_cor,198,-3.945245043723844e-05,0.0001343678013654,
J0627.2-5428_aFix_pol_I_Farcsec_5pln_cor_crop_0174.npy,J0627.2-5428_aFix_pol_I_Farcsec_5pln_cor,174,-3.725358692463488e-05,5.157724808668718e-05,
Abell_S295_aFix_pol_I_Farcsec_5pln_cor_crop_0050.npy,Abell_S295_aFix_pol_I_Farcsec_5pln_cor,50,-1.2192884241812862e-05,4.2860785470111296e-05,
Abell_3365_noFix_pol_I_Farcsec_5pln_cor_crop_0161.npy,Abell_3365_noFix_pol_I_Farcsec_5pln_cor,161,-3.684182956931181e-05,5.151375808054581e-05,
ElGordo_aFix_pol_I_Farcsec_5pln_cor_crop_0189.npy,ElGordo_aFix_pol_I_Farcsec_5pln_cor,189,-1.8438237020745877e-05,3.2559692044742405e-05,
Abell_2813_noFix_pol_I_Farcsec_5pln_cor_crop_0023.npy,Abell_2813_noFix_pol_I_Farcsec_5pln_cor,23,-2.1553638362092897e-05,4.1060964576900005e-05,
J0812.5-5714_aFix_pol_I_Farcsec_5pln_cor_crop_0031.npy,J0812.5-5714_aFix_pol_I_Farcsec_5pln_cor,31,-1.797733420971781e-05,3.096696309512481e-05,
J0212.8-4707_aFix_pol_I_Farcsec_5pln_cor_crop_0008.npy,J0212.8-4707_aFix_pol_I_Farcsec_5pln_cor,8,-1.7747841411619447e-05,3.736264625331387e-05,
J0108.5-4020_aFix_pol_I_Farcsec_5pln_cor_crop_0073.npy,J0108.5-4020_aFix_pol_I_Farcsec_5pln_cor,73,-1.5436331523233093e-05,3.3178752346429974e-05,
J0145.0-5300_aFix_pol_I_Farcsec_5pln_cor_crop_0014.npy,J0145.0-5300_aFix_pol_I_Farcsec_5pln_cor,14,-1.4464765627053566e-05,3.505407221382484e-05,
J0014.3-6604_aFix_pol_I_Farcsec_5pln_cor_crop_0098.npy,J0014.3-6604_aFix_pol_I_Farcsec_5pln_cor,98,-1.2331886864558328e-05,3.584220394259319e-05,
Abell_3558_aFix_pol_I_Farcsec_5pln_cor_crop_0095.npy,Abell_3558_aFix_pol_I_Farcsec_5pln_cor,95,-2.058644531643949e-05,4.082424857188016e-05,
Abell_2485_noFix_pol_I_Farcsec_5pln_cor_crop_0002.npy,Abell_2485_noFix_pol_I_Farcsec_5pln_cor,2,-1.5763916962896474e-05,3.792858478846029e-05,
J0328.6-5542_aFix_pol_I_Farcsec_5pln_cor_crop_0038.npy,J0328.6-5542_aFix_pol_I_Farcsec_5pln_cor,38,-1.7376105461153202e-05,3.237917189835571e-05,
J0352.4-7401_aFix_pol_I_Farcsec_5pln_cor_crop_0064.npy,J0352.4-7401_aFix_pol_I_Farcsec_5pln_cor,64,-1.3432473679131364e-05,3.414728053030558e-05,
J1653.0-5943_aFix_pol_I_Farcsec_5pln_cor_crop_0175.npy,J1653.0-5943_aFix_pol_I_Farcsec_5pln_cor,175,-2.6878653443418443e-05,3.650951839517802e-05,
J0528.9-3927_B_aFix_pol_I_Farcsec_5pln_cor_crop_0104.npy,J0528.9-3927_B_aFix_pol_I_Farcsec_5pln_cor,104,-1.3992802450957242e-05,3.4315333323320374e-05,
J0542.8-4100_aFix_pol_I_Farcsec_5pln_cor_crop_0083.npy,J0542.8-4100_aFix_pol_I_Farcsec_5pln_cor,83,-1.260944191017188e-05,3.595814996515401e-05,
Abell_13_noFix_pol_I_Farcsec_5pln_cor_crop_0008.npy,Abell_13_noFix_pol_I_Farcsec_5pln_cor,8,-1.9173105101799592e-05,3.867880150210112e-05,
J0216.3-4816_aFix_pol_I_Farcsec_5pln_cor_crop_0161.npy,J0216.3-4816_aFix_pol_I_Farcsec_5pln_cor,161,-1.5618124962202273e-05,5.211478855926544e-05,
J0145.0-5300_aFix_pol_I_Farcsec_5pln_cor_crop_0189.npy,J0145.0-5300_aFix_pol_I_Farcsec_5pln_cor,189,-1.4464765627053566e-05,3.505407221382484e-05,
J0540.1-4050_aFix_pol_I_Farcsec_5pln_cor_crop_0031.npy,J0540.1-4050_aFix_pol_I_Farcsec_5pln_cor,31,-1.9781218725256625e-05,3.538576129358262e-05,
J0528.9-3927_B_aFix_pol_I_Farcsec_5pln_cor_crop_0008.npy,J0528.9-3927_B_aFix_pol_I_Farcsec_5pln_cor,8,-1.3992802450957242e-05,3.4315333323320374e-05,
RXCJ1314_aFix_pol_I_Farcsec_5pln_cor_crop_0020.npy,RXCJ1314_aFix_pol_I_Farcsec_5pln_cor,20,-2.6271653041476384e-05,4.702054502558895e-05,
J0027.3-5015_aFix_pol_I_Farcsec_5pln_cor_crop_0137.npy,J0027.3-5015_aFix_pol_I_Farcsec_5pln_cor,137,-1.4346433999889996e-05,3.467470014584251e-05,
Bullet_aFix_pol_I_Farcsec_5pln_cor_crop_0091.npy,Bullet_aFix_pol_I_Farcsec_5pln_cor,91,-1.5211503523460124e-05,4.380349491839297e-05,
J0600.8-5835_aFix_pol_I_Farcsec_5pln_cor_crop_0070.npy,J0600.8-5835_aFix_pol_I_Farcsec_5pln_cor,70,-1.2947120012540836e-05,3.535595169523731e-05,
J0212.8-4707_aFix_pol_I_Farcsec_5pln_cor_crop_0028.npy,J0212.8-4707_aFix_pol_I_Farcsec_5pln_cor,28,-1.7747841411619447e-05,3.736264625331387e-05,
J0600.8-5835_aFix_pol_I_Farcsec_5pln_cor_crop_0119.npy,J0600.8-5835_aFix_pol_I_Farcsec_5pln_cor,119,-1.2947120012540836e-05,3.535595169523731e-05,
J1518.3-4632_aFix_pol_I_Farcsec_5pln_cor_crop_0102.npy,J1518.3-4632_aFix_pol_I_Farcsec_5pln_cor,102,-2.6316898583900183e-05,3.836355244857259e-05,
J1653.0-5943_aFix_pol_I_Farcsec_5pln_cor_crop_0094.npy,J1653.0-5943_aFix_pol_I_Farcsec_5pln_cor,94,-2.6878653443418443e-05,3.650951839517802e-05,
J0645.4-5413_aFix_pol_I_Farcsec_5pln_cor_crop_0119.npy,J0645.4-5413_aFix_pol_I_Farcsec_5pln_cor,119,-1.871160566224717e-05,4.457303657545708e-05,
J1040.7-7047_aFix_pol_I_Farcsec_5pln_cor_crop_0035.npy,J1040.7-7047_aFix_pol_I_Farcsec_5pln_cor,35,-2.545410461607389e-05,4.294725295039825e-05,
J0145.0-5300_aFix_pol_I_Farcsec_5pln_cor_crop_0022.npy,J0145.0-5300_aFix_pol_I_Farcsec_5pln_cor,22,-1.4464765627053566e-05,3.505407221382484e-05,
J2319.2-6750_aFix_pol_I_Farcsec_5pln_cor_crop_0193.npy,J2319.2-6750_aFix_pol_I_Farcsec_5pln_cor,193,-1.762574174790643e-05,3.985196599387564e-05,
J2222.2-5235_aFix_pol_I_Farcsec_5pln_cor_crop_0189.npy,J2222.2-5235_aFix_pol_I_Farcsec_5pln_cor,189,-2.0340692572062835e-05,4.029700721730478e-05,
Abell_3562_aFix_pol_I_Farcsec_5pln_cor_crop_0187.npy,Abell_3562_aFix_pol_I_Farcsec_5pln_cor,187,-2.032673728535883e-05,4.53729007858783e-05,
Abell_141_aFix_pol_I_Farcsec_5pln_cor_crop_0109.npy,Abell_141_aFix_pol_I_Farcsec_5pln_cor,109,-1.6963114831014536e-05,3.675864718388766e-05,
J0314.3-4525_aFix_pol_I_Farcsec_5pln_cor_crop_0200.npy,J0314.3-4525_aFix_pol_I_Farcsec_5pln_cor,200,-1.2252019587322138e-05,3.824526356766e-05,
J0738.1-7506_aFix_pol_I_Farcsec_5pln_cor_crop_0093.npy,J0738.1-7506_aFix_pol_I_Farcsec_5pln_cor,93,-1.3090567335893866e-05,3.692142854561098e-05,
J0232.2-4420_aFix_pol_I_Farcsec_5pln_cor_crop_0054.npy,J0232.2-4420_aFix_pol_I_Farcsec_5pln_cor,54,-1.3283781299833208e-05,3.414206730667502e-05,
Abell_3562_aFix_pol_I_Farcsec_5pln_cor_crop_0052.npy,Abell_3562_aFix_pol_I_Farcsec_5pln_cor,52,-2.032673728535883e-05,4.53729007858783e-05,
Abell_133_aFix_pol_I_Farcsec_5pln_cor_crop_0074.npy,Abell_133_aFix_pol_I_Farcsec_5pln_cor,74,-1.6750700524426065e-05,3.861152799800038e-05,
Abell_2667_noFix_pol_I_Farcsec_5pln_cor_crop_0154.npy,Abell_2667_noFix_pol_I_Farcsec_5pln_cor,154,-1.5058354620123282e-05,4.20943797507789e-05,
J0352.4-7401_aFix_pol_I_Farcsec_5pln_cor_crop_0047.npy,J0352.4-7401_aFix_pol_I_Farcsec_5pln_cor,47,-1.3432473679131364e-05,3.414728053030558e-05,
MACS_J0257.6-2209_aFix_pol_I_Farcsec_5pln_cor_crop_0000.npy,MACS_J0257.6-2209_aFix_pol_I_Farcsec_5pln_cor,0,-2.1241523427306674e-05,4.082491795998067e-05,
J1358.9-4750_aFix_pol_I_Farcsec_5pln_cor_crop_0130.npy,J1358.9-4750_aFix_pol_I_Farcsec_5pln_cor,130,-2.6460520530235957e-05,4.666853419621475e-05,
J1410.4-4246_aFix_pol_I_Farcsec_5pln_cor_crop_0006.npy,J1410.4-4246_aFix_pol_I_Farcsec_5pln_cor,6,-2.2075269953347743e-05,4.486642137635499e-05,
J0637.3-4828_aFix_pol_I_Farcsec_5pln_cor_crop_0127.npy,J0637.3-4828_aFix_pol_I_Farcsec_5pln_cor,127,-1.5409788829856552e-05,3.9739050407661125e-05,
J1539.5-8335_aFix_pol_I_Farcsec_5pln_cor_crop_0075.npy,J1539.5-8335_aFix_pol_I_Farcsec_5pln_cor,75,-1.7301776097156107e-05,3.6628662201110274e-05,
J0820.9-5704_aFix_pol_I_Farcsec_5pln_cor_crop_0064.npy,J0820.9-5704_aFix_pol_I_Farcsec_5pln_cor,64,-1.654735388001427e-05,3.4318985854042694e-05,
Abell_2744_aFix_pol_I_Farcsec_5pln_cor_crop_0067.npy,Abell_2744_aFix_pol_I_Farcsec_5pln_cor,67,-1.4511139852402266e-05,3.865708276862279e-05,
J0303.7-7752_aFix_pol_I_Farcsec_5pln_cor_crop_0140.npy,J0303.7-7752_aFix_pol_I_Farcsec_5pln_cor,140,-1.6216928997891955e-05,3.944924537790939e-05,
J0525.8-4715_aFix_pol_I_Farcsec_5pln_cor_crop_0188.npy,J0525.8-4715_aFix_pol_I_Farcsec_5pln_cor,188,-1.611813422641717e-05,4.044059460284189e-05,
J1840.6-7709_aFix_pol_I_Farcsec_5pln_cor_crop_0120.npy,J1840.6-7709_aFix_pol_I_Farcsec_5pln_cor,120,-1.7610127542866394e-05,4.188125240034424e-05,
J0820.9-5704_aFix_pol_I_Farcsec_5pln_cor_crop_0166.npy,J0820.9-5704_aFix_pol_I_Farcsec_5pln_cor,166,-1.654735388001427e-05,3.4318985854042694e-05,
J0431.4-6126_aFix_pol_I_Farcsec_5pln_cor_crop_0177.npy,J0431.4-6126_aFix_pol_I_Farcsec_5pln_cor,177,-2.59030784945935e-05,4.582747351378202e-05,
J0712.0-6030_aFix_pol_I_Farcsec_5pln_cor_crop_0017.npy,J0712.0-6030_aFix_pol_I_Farcsec_5pln_cor,17,-1.3525442227546591e-05,3.74543305952102e-05,
J0616.8-4748_aFix_pol_I_Farcsec_5pln_cor_crop_0072.npy,J0616.8-4748_aFix_pol_I_Farcsec_5pln_cor,72,-1.6417492588516325e-05,3.9486680179834366e-05,
J0738.1-7506_aFix_pol_I_Farcsec_5pln_cor_crop_0065.npy,J0738.1-7506_aFix_pol_I_Farcsec_5pln_cor,65,-1.3090567335893866e-05,3.692142854561098e-05,
Abell_2645_noFix_pol_I_Farcsec_5pln_cor_crop_0097.npy,Abell_2645_noFix_pol_I_Farcsec_5pln_cor,97,-3.2132909836946055e-05,5.223612970439717e-05,
J0406.7-7116_aFix_pol_I_Farcsec_5pln_cor_crop_0184.npy,J0406.7-7116_aFix_pol_I_Farcsec_5pln_cor,184,-1.6727117326809093e-05,3.893847315339372e-05,
J0217.2-5244_aFix_pol_I_Farcsec_5pln_cor_crop_0042.npy,J0217.2-5244_aFix_pol_I_Farcsec_5pln_cor,42,-1.7379512428306043e-05,3.482505780993961e-05,
J0145.0-5300_aFix_pol_I_Farcsec_5pln_cor_crop_0077.npy,J0145.0-5300_aFix_pol_I_Farcsec_5pln_cor,77,-1.4464765627053566e-05,3.505407221382484e-05,
J0610.5-4848_aFix_pol_I_Farcsec_5pln_cor_crop_0114.npy,J0610.5-4848_aFix_pol_I_Farcsec_5pln_cor,114,-1.432743010809645e-05,3.869758802466095e-05,
J1423.7-5412_aFix_pol_I_Farcsec_5pln_cor_crop_0119.npy,J1423.7-5412_aFix_pol_I_Farcsec_5pln_cor,119,-1.8973547412315384e-05,4.0196806367021054e-05,
J0610.5-4848_aFix_pol_I_Farcsec_5pln_cor_crop_0082.npy,J0610.5-4848_aFix_pol_I_Farcsec_5pln_cor,82,-1.432743010809645e-05,3.869758802466095e-05,
J0712.0-6030_aFix_pol_I_Farcsec_5pln_cor_crop_0078.npy,J0712.0-6030_aFix_pol_I_Farcsec_5pln_cor,78,-1.3525442227546591e-05,3.74543305952102e-05,
J1423.7-5412_aFix_pol_I_Farcsec_5pln_cor_crop_0159.npy,J1423.7-5412_aFix_pol_I_Farcsec_5pln_cor,159,-1.8973547412315384e-05,4.0196806367021054e-05,
J0328.6-5542_aFix_pol_I_Farcsec_5pln_cor_crop_0114.npy,J0328.6-5542_aFix_pol_I_Farcsec_5pln_cor,114,-1.7376105461153202e-05,3.237917189835571e-05,
J0027.3-5015_aFix_pol_I_Farcsec_5pln_cor_crop_0028.npy,J0027.3-5015_aFix_pol_I_Farcsec_5pln_cor,28,-1.4346433999889996e-05,3.467470014584251e-05,
Abell_3667_aFix_pol_I_Farcsec_5pln_cor_crop_0011.npy,Abell_3667_aFix_pol_I_Farcsec_5pln_cor,11,-3.163510700687766e-05,0.0001603437995072,
Abell_521_noFix_pol_I_Farcsec_5pln_cor_crop_0090.npy,Abell_521_noFix_pol_I_Farcsec_5pln_cor,90,-1.8806747902999632e-05,4.423171412781812e-05,
RXCJ1314_aFix_pol_I_Farcsec_5pln_cor_crop_0190.npy,RXCJ1314_aFix_pol_I_Farcsec_5pln_cor,190,-2.6271653041476384e-05,4.702054502558895e-05,
J2319.2-6750_aFix_pol_I_Farcsec_5pln_cor_crop_0130.npy,J2319.2-6750_aFix_pol_I_Farcsec_5pln_cor,130,-1.762574174790643e-05,3.985196599387564e-05,
RXCJ1314_aFix_pol_I_Farcsec_5pln_cor_crop_0103.npy,RXCJ1314_aFix_pol_I_Farcsec_5pln_cor,103,-2.6271653041476384e-05,4.702054502558895e-05,
J1645.4-7334_aFix_pol_I_Farcsec_5pln_cor_crop_0073.npy,J1645.4-7334_aFix_pol_I_Farcsec_5pln_cor,73,-2.7542228053789582e-05,5.101114220451564e-05,
Abell_3558_aFix_pol_I_Farcsec_5pln_cor_crop_0173.npy,Abell_3558_aFix_pol_I_Farcsec_5pln_cor,173,-2.058644531643949e-05,4.082424857188016e-05,
J0627.2-5428_aFix_pol_I_Farcsec_5pln_cor_crop_0167.npy,J0627.2-5428_aFix_pol_I_Farcsec_5pln_cor,167,-3.725358692463488e-05,5.157724808668718e-05,
Abell_3376copy_aFix_pol_I_Farcsec_5pln_cor_crop_0110.npy,Abell_3376copy_aFix_pol_I_Farcsec_5pln_cor,110,-1.6748330381233245e-05,4.895990059594624e-05,
Abell_548_Cen_aFix_pol_I_Farcsec_5pln_cor_crop_0196.npy,Abell_548_Cen_aFix_pol_I_Farcsec_5pln_cor,196,-1.6901160051929764e-05,5.435498314909637e-05,
J2104.9-8243_aFix_pol_I_Farcsec_5pln_cor_crop_0024.npy,J2104.9-8243_aFix_pol_I_Farcsec_5pln_cor,24,-1.633186730032321e-05,3.551336703822017e-05,
J0108.5-4020_aFix_pol_I_Farcsec_5pln_cor_crop_0031.npy,J0108.5-4020_aFix_pol_I_Farcsec_5pln_cor,31,-1.5436331523233093e-05,3.3178752346429974e-05,
Abell_3365A_noFix_pol_I_Farcsec_5pln_cor_crop_0060.npy,Abell_3365A_noFix_pol_I_Farcsec_5pln_cor,60,-1.5037990124255884e-05,3.877880590152927e-05,
J0328.6-5542_aFix_pol_I_Farcsec_5pln_cor_crop_0098.npy,J0328.6-5542_aFix_pol_I_Farcsec_5pln_cor,98,-1.7376105461153202e-05,3.237917189835571e-05,
MACS_J0257.6-2209_aFix_pol_I_Farcsec_5pln_cor_crop_0006.npy,MACS_J0257.6-2209_aFix_pol_I_Farcsec_5pln_cor,6,-2.1241523427306674e-05,4.082491795998067e-05,
Abell_3365_noFix_pol_I_Farcsec_5pln_cor_crop_0109.npy,Abell_3365_noFix_pol_I_Farcsec_5pln_cor,109,-3.684182956931181e-05,5.151375808054581e-05,
J0212.8-4707_aFix_pol_I_Farcsec_5pln_cor_crop_0060.npy,J0212.8-4707_aFix_pol_I_Farcsec_5pln_cor,60,-1.7747841411619447e-05,3.736264625331387e-05,
J0625.2-5521_aFix_pol_I_Farcsec_5pln_cor_crop_0002.npy,J0625.2-5521_aFix_pol_I_Farcsec_5pln_cor,2,-2.603908251330722e-05,3.9954342355486006e-05,
J1518.3-4632_aFix_pol_I_Farcsec_5pln_cor_crop_0203.npy,J1518.3-4632_aFix_pol_I_Farcsec_5pln_cor,203,-2.6316898583900183e-05,3.836355244857259e-05,
J0812.5-5714_aFix_pol_I_Farcsec_5pln_cor_crop_0171.npy,J0812.5-5714_aFix_pol_I_Farcsec_5pln_cor,171,-1.797733420971781e-05,3.096696309512481e-05,
Abell_2667_noFix_pol_I_Farcsec_5pln_cor_crop_0026.npy,Abell_2667_noFix_pol_I_Farcsec_5pln_cor,26,-1.5058354620123282e-05,4.20943797507789e-05,
J1705.1-8210_aFix_pol_I_Farcsec_5pln_cor_crop_0116.npy,J1705.1-8210_aFix_pol_I_Farcsec_5pln_cor,116,-2.258976564917248e-05,4.054370947415009e-05,
J0216.3-4816_aFix_pol_I_Farcsec_5pln_cor_crop_0164.npy,J0216.3-4816_aFix_pol_I_Farcsec_5pln_cor,164,-1.5618124962202273e-05,5.211478855926544e-05,
J0232.2-4420_aFix_pol_I_Farcsec_5pln_cor_crop_0008.npy,J0232.2-4420_aFix_pol_I_Farcsec_5pln_cor,8,-1.3283781299833208e-05,3.414206730667502e-05,
J0416.7-5525_aFix_pol_I_Farcsec_5pln_cor_crop_0079.npy,J0416.7-5525_aFix_pol_I_Farcsec_5pln_cor,79,-1.4703909073432442e-05,4.304752292227931e-05,
J0108.5-4020_aFix_pol_I_Farcsec_5pln_cor_crop_0008.npy,J0108.5-4020_aFix_pol_I_Farcsec_5pln_cor,8,-1.5436331523233093e-05,3.3178752346429974e-05,
J0948.6-8327_aFix_pol_I_Farcsec_5pln_cor_crop_0078.npy,J0948.6-8327_aFix_pol_I_Farcsec_5pln_cor,78,-1.3834469427820297e-05,3.5308996302774176e-05,
Abell_168_aFix_pol_I_Farcsec_5pln_cor_crop_0161.npy,Abell_168_aFix_pol_I_Farcsec_5pln_cor,161,-2.51656529144384e-05,4.1941199015127495e-05,
Abell_13_noFix_pol_I_Farcsec_5pln_cor_crop_0061.npy,Abell_13_noFix_pol_I_Farcsec_5pln_cor,61,-1.9173105101799592e-05,3.867880150210112e-05,
PLCK_G200.9-28.2_aFix_pol_I_Farcsec_5pln_cor_crop_0195.npy,PLCK_G200.9-28.2_aFix_pol_I_Farcsec_5pln_cor,195,-2.0549477994791232e-05,4.693285882240161e-05,
J0406.7-7116_aFix_pol_I_Farcsec_5pln_cor_crop_0149.npy,J0406.7-7116_aFix_pol_I_Farcsec_5pln_cor,149,-1.6727117326809093e-05,3.893847315339372e-05,
J1653.0-5943_aFix_pol_I_Farcsec_5pln_cor_crop_0000.npy,J1653.0-5943_aFix_pol_I_Farcsec_5pln_cor,0,-2.6878653443418443e-05,3.650951839517802e-05,
J0225.9-4154_aFix_pol_I_Farcsec_5pln_cor_crop_0007.npy,J0225.9-4154_aFix_pol_I_Farcsec_5pln_cor,7,-1.4831659427727573e-05,3.976373773184605e-05,
Abell_3365A_noFix_pol_I_Farcsec_5pln_cor_crop_0073.npy,Abell_3365A_noFix_pol_I_Farcsec_5pln_cor,73,-1.5037990124255884e-05,3.877880590152927e-05,
J2319.2-6750_aFix_pol_I_Farcsec_5pln_cor_crop_0157.npy,J2319.2-6750_aFix_pol_I_Farcsec_5pln_cor,157,-1.762574174790643e-05,3.985196599387564e-05,
J0645.4-5413_aFix_pol_I_Farcsec_5pln_cor_crop_0134.npy,J0645.4-5413_aFix_pol_I_Farcsec_5pln_cor,134,-1.871160566224717e-05,4.457303657545708e-05,
J0757.7-5315_aFix_pol_I_Farcsec_5pln_cor_crop_0064.npy,J0757.7-5315_aFix_pol_I_Farcsec_5pln_cor,64,-1.5817182429600507e-05,3.550770634319633e-05,
Abell_548_aFix_pol_I_Farcsec_5pln_cor_crop_0031.npy,Abell_548_aFix_pol_I_Farcsec_5pln_cor,31,-1.682372203504201e-05,5.429780867416412e-05,
J0525.8-4715_aFix_pol_I_Farcsec_5pln_cor_crop_0151.npy,J0525.8-4715_aFix_pol_I_Farcsec_5pln_cor,151,-1.611813422641717e-05,4.044059460284189e-05,
J0757.7-5315_aFix_pol_I_Farcsec_5pln_cor_crop_0173.npy,J0757.7-5315_aFix_pol_I_Farcsec_5pln_cor,173,-1.5817182429600507e-05,3.550770634319633e-05,
J0658.5-5556_aFix_pol_I_Farcsec_5pln_cor_crop_0129.npy,J0658.5-5556_aFix_pol_I_Farcsec_5pln_cor,129,-1.5211503523460124e-05,4.380349491839297e-05,
J0431.4-6126_aFix_pol_I_Farcsec_5pln_cor_crop_0178.npy,J0431.4-6126_aFix_pol_I_Farcsec_5pln_cor,178,-2.59030784945935e-05,4.582747351378202e-05,
J0627.2-5428_aFix_pol_I_Farcsec_5pln_cor_crop_0091.npy,J0627.2-5428_aFix_pol_I_Farcsec_5pln_cor,91,-3.725358692463488e-05,5.157724808668718e-05,
J0745.1-5404_aFix_pol_I_Farcsec_5pln_cor_crop_0138.npy,J0745.1-5404_aFix_pol_I_Farcsec_5pln_cor,138,-1.8277149138157256e-05,3.714456397574395e-05,
J0212.8-4707_aFix_pol_I_Farcsec_5pln_cor_crop_0098.npy,J0212.8-4707_aFix_pol_I_Farcsec_5pln_cor,98,-1.7747841411619447e-05,3.736264625331387e-05,
J0431.4-6126_aFix_pol_I_Farcsec_5pln_cor_crop_0010.npy,J0431.4-6126_aFix_pol_I_Farcsec_5pln_cor,10,-2.59030784945935e-05,4.582747351378202e-05,
J0516.6-5430_aFix_pol_I_Farcsec_5pln_cor_crop_0072.npy,J0516.6-5430_aFix_pol_I_Farcsec_5pln_cor,72,-1.4557363101630472e-05,3.583080251701176e-05,
Abell_33_noFix_pol_I_Farcsec_5pln_cor_crop_0048.npy,Abell_33_noFix_pol_I_Farcsec_5pln_cor,48,-2.8547556212288328e-05,4.8568657803116366e-05,
J0543.4-4430_aFix_pol_I_Farcsec_5pln_cor_crop_0155.npy,J0543.4-4430_aFix_pol_I_Farcsec_5pln_cor,155,-1.920615613926202e-05,4.022587017971091e-05,
J0545.5-4756_aFix_pol_I_Farcsec_5pln_cor_crop_0165.npy,J0545.5-4756_aFix_pol_I_Farcsec_5pln_cor,165,-1.6526179024367593e-05,4.097030614502728e-05,
Abell_545_aFix_pol_I_Farcsec_5pln_cor_crop_0134.npy,Abell_545_aFix_pol_I_Farcsec_5pln_cor,134,-1.9454066205071285e-05,4.5050637709209695e-05,
J1240.2-4825_aFix_pol_I_Farcsec_5pln_cor_crop_0077.npy,J1240.2-4825_aFix_pol_I_Farcsec_5pln_cor,77,-1.6159494407474995e-05,3.676811684272252e-05,
J1423.7-5412_aFix_pol_I_Farcsec_5pln_cor_crop_0067.npy,J1423.7-5412_aFix_pol_I_Farcsec_5pln_cor,67,-1.8973547412315384e-05,4.0196806367021054e-05,
MACSJ_0025.4-1222B_aFix_pol_I_Farcsec_5pln_cor_crop_0027.npy,MACSJ_0025.4-1222B_aFix_pol_I_Farcsec_5pln_cor,27,-2.179453076678328e-05,4.608399467542768e-05,
Abell_4038_aFix_pol_I_Farcsec_5pln_cor_crop_0041.npy,Abell_4038_aFix_pol_I_Farcsec_5pln_cor,41,-1.8985389033332467e-05,4.2698269680840895e-05,
Abell_3365_noFix_pol_I_Farcsec_5pln_cor_crop_0029.npy,Abell_3365_noFix_pol_I_Farcsec_5pln_cor,29,-3.684182956931181e-05,5.151375808054581e-05,
J0542.8-4100_aFix_pol_I_Farcsec_5pln_cor_crop_0010.npy,J0542.8-4100_aFix_pol_I_Farcsec_5pln_cor,10,-1.260944191017188e-05,3.595814996515401e-05,
Abell_209_aFix_pol_I_Farcsec_5pln_cor_crop_0097.npy,Abell_209_aFix_pol_I_Farcsec_5pln_cor,97,-2.1105859559611417e-05,4.098449426237494e-05,
Abell_13_noFix_pol_I_Farcsec_5pln_cor_crop_0192.npy,Abell_13_noFix_pol_I_Farcsec_5pln_cor,192,-1.9173105101799592e-05,3.867880150210112e-05,
Abell_33_noFix_pol_I_Farcsec_5pln_cor_crop_0154.npy,Abell_33_noFix_pol_I_Farcsec_5pln_cor,154,-2.8547556212288328e-05,4.8568657803116366e-05,
J1240.2-4825_aFix_pol_I_Farcsec_5pln_cor_crop_0021.npy,J1240.2-4825_aFix_pol_I_Farcsec_5pln_cor,21,-1.6159494407474995e-05,3.676811684272252e-05,
J2319.2-6750_aFix_pol_I_Farcsec_5pln_cor_crop_0030.npy,J2319.2-6750_aFix_pol_I_Farcsec_5pln_cor,30,-1.762574174790643e-05,3.985196599387564e-05,
J0625.2-5521_aFix_pol_I_Farcsec_5pln_cor_crop_0174.npy,J0625.2-5521_aFix_pol_I_Farcsec_5pln_cor,174,-2.603908251330722e-05,3.9954342355486006e-05,
J0027.3-5015_aFix_pol_I_Farcsec_5pln_cor_crop_0070.npy,J0027.3-5015_aFix_pol_I_Farcsec_5pln_cor,70,-1.4346433999889996e-05,3.467470014584251e-05,
Abell_S1063_nofix_pol_I_Farcsec_5pln_cor_crop_0212.npy,Abell_S1063_nofix_pol_I_Farcsec_5pln_cor,212,-1.3156100976630114e-05,3.549207394826226e-05,
Abell_2813_noFix_pol_I_Farcsec_5pln_cor_crop_0061.npy,Abell_2813_noFix_pol_I_Farcsec_5pln_cor,61,-2.1553638362092897e-05,4.1060964576900005e-05,
J0540.1-4322_aFix_pol_I_Farcsec_5pln_cor_crop_0214.npy,J0540.1-4322_aFix_pol_I_Farcsec_5pln_cor,214,-2.016680991800968e-05,3.639713395386934e-05,
RXCJ0225.1-22928_aFix_pol_I_Farcsec_5pln_cor_crop_0018.npy,RXCJ0225.1-22928_aFix_pol_I_Farcsec_5pln_cor,18,-3.11890325974673e-05,5.4694857681170106e-05,
Abell_209_aFix_pol_I_Farcsec_5pln_cor_crop_0066.npy,Abell_209_aFix_pol_I_Farcsec_5pln_cor,66,-2.1105859559611417e-05,4.098449426237494e-05,
PLCK_G200.9-28.2_aFix_pol_I_Farcsec_5pln_cor_crop_0172.npy,PLCK_G200.9-28.2_aFix_pol_I_Farcsec_5pln_cor,172,-2.0549477994791232e-05,4.693285882240161e-05,
Abell_548_aFix_pol_I_Farcsec_5pln_cor_crop_0167.npy,Abell_548_aFix_pol_I_Farcsec_5pln_cor,167,-1.682372203504201e-05,5.429780867416412e-05,
Abell_3376copy_aFix_pol_I_Farcsec_5pln_cor_crop_0211.npy,Abell_3376copy_aFix_pol_I_Farcsec_5pln_cor,211,-1.6748330381233245e-05,4.895990059594624e-05,
J0600.8-5835_aFix_pol_I_Farcsec_5pln_cor_crop_0031.npy,J0600.8-5835_aFix_pol_I_Farcsec_5pln_cor,31,-1.2947120012540836e-05,3.535595169523731e-05,
Abell_3376_aFix_pol_I_Farcsec_5pln_cor_crop_0046.npy,Abell_3376_aFix_pol_I_Farcsec_5pln_cor,46,-1.6748330381233245e-05,4.895990059594624e-05,
J0449.9-4440_aFix_pol_I_Farcsec_5pln_cor_crop_0081.npy,J0449.9-4440_aFix_pol_I_Farcsec_5pln_cor,81,-1.3652566849486902e-05,3.79539851564914e-05,
J0217.2-5244_aFix_pol_I_Farcsec_5pln_cor_crop_0124.npy,J0217.2-5244_aFix_pol_I_Farcsec_5pln_cor,124,-1.7379512428306043e-05,3.482505780993961e-05,
J1518.3-4632_aFix_pol_I_Farcsec_5pln_cor_crop_0041.npy,J1518.3-4632_aFix_pol_I_Farcsec_5pln_cor,41,-2.6316898583900183e-05,3.836355244857259e-05,
Abell_2645_noFix_pol_I_Farcsec_5pln_cor_crop_0159.npy,Abell_2645_noFix_pol_I_Farcsec_5pln_cor,159,-3.2132909836946055e-05,5.223612970439717e-05,
MACS_J0257.6-2209_aFix_pol_I_Farcsec_5pln_cor_crop_0055.npy,MACS_J0257.6-2209_aFix_pol_I_Farcsec_5pln_cor,55,-2.1241523427306674e-05,4.082491795998067e-05,
J0528.9-3927_B_aFix_pol_I_Farcsec_5pln_cor_crop_0110.npy,J0528.9-3927_B_aFix_pol_I_Farcsec_5pln_cor,110,-1.3992802450957242e-05,3.4315333323320374e-05,
Abell_2811_noFix_pol_I_Farcsec_5pln_cor_crop_0141.npy,Abell_2811_noFix_pol_I_Farcsec_5pln_cor,141,-5.993724334985018e-05,7.318957068491727e-05,
J0145.2-6033_aFix_pol_I_Farcsec_5pln_cor_crop_0124.npy,J0145.2-6033_aFix_pol_I_Farcsec_5pln_cor,124,-1.2114905985072257e-05,3.299051968497224e-05,
J0540.1-4050_aFix_pol_I_Farcsec_5pln_cor_crop_0191.npy,J0540.1-4050_aFix_pol_I_Farcsec_5pln_cor,191,-1.9781218725256625e-05,3.538576129358262e-05,
J0540.1-4050_aFix_pol_I_Farcsec_5pln_cor_crop_0035.npy,J0540.1-4050_aFix_pol_I_Farcsec_5pln_cor,35,-1.9781218725256625e-05,3.538576129358262e-05,
MACSJ0417.5-1155_aFix_pol_I_Farcsec_5pln_cor_crop_0037.npy,MACSJ0417.5-1155_aFix_pol_I_Farcsec_5pln_cor,37,-1.759273436618969e-05,4.197344605927356e-05,
J0516.6-5430_aFix_pol_I_Farcsec_5pln_cor_crop_0090.npy,J0516.6-5430_aFix_pol_I_Farcsec_5pln_cor,90,-1.4557363101630472e-05,3.583080251701176e-05,
Abell_13_noFix_pol_I_Farcsec_5pln_cor_crop_0156.npy,Abell_13_noFix_pol_I_Farcsec_5pln_cor,156,-1.9173105101799592e-05,3.867880150210112e-05,
J1653.0-5943_aFix_pol_I_Farcsec_5pln_cor_crop_0050.npy,J1653.0-5943_aFix_pol_I_Farcsec_5pln_cor,50,-2.6878653443418443e-05,3.650951839517802e-05,
Abell_133_aFix_pol_I_Farcsec_5pln_cor_crop_0092.npy,Abell_133_aFix_pol_I_Farcsec_5pln_cor,92,-1.6750700524426065e-05,3.861152799800038e-05,
Abell_548_Cen_aFix_pol_I_Farcsec_5pln_cor_crop_0208.npy,Abell_548_Cen_aFix_pol_I_Farcsec_5pln_cor,208,-1.6901160051929764e-05,5.435498314909637e-05,
RXCJ0225.1-22928_aFix_pol_I_Farcsec_5pln_cor_crop_0142.npy,RXCJ0225.1-22928_aFix_pol_I_Farcsec_5pln_cor,142,-3.11890325974673e-05,5.4694857681170106e-05,
Abell_2811_noFix_pol_I_Farcsec_5pln_cor_crop_0015.npy,Abell_2811_noFix_pol_I_Farcsec_5pln_cor,15,-5.993724334985018e-05,7.318957068491727e-05,
J0406.7-7116_aFix_pol_I_Farcsec_5pln_cor_crop_0012.npy,J0406.7-7116_aFix_pol_I_Farcsec_5pln_cor,12,-1.6727117326809093e-05,3.893847315339372e-05,
J0948.6-8327_aFix_pol_I_Farcsec_5pln_cor_crop_0093.npy,J0948.6-8327_aFix_pol_I_Farcsec_5pln_cor,93,-1.3834469427820297e-05,3.5308996302774176e-05,
Abell_3376_aFix_pol_I_Farcsec_5pln_cor_crop_0223.npy,Abell_3376_aFix_pol_I_Farcsec_5pln_cor,223,-1.6748330381233245e-05,4.895990059594624e-05,
Abell_22_aFix_pol_I_Farcsec_5pln_cor_crop_0066.npy,Abell_22_aFix_pol_I_Farcsec_5pln_cor,66,-1.7687332729110494e-05,3.791484050452709e-05,
J0637.3-4828_aFix_pol_I_Farcsec_5pln_cor_crop_0063.npy,J0637.3-4828_aFix_pol_I_Farcsec_5pln_cor,63,-1.5409788829856552e-05,3.9739050407661125e-05,
J0626.3-5341_aFix_pol_I_Farcsec_5pln_cor_crop_0154.npy,J0626.3-5341_aFix_pol_I_Farcsec_5pln_cor,154,-2.286754715896677e-05,4.3426152842585e-05,
Abell_2895_noFix_pol_I_Farcsec_5pln_cor_crop_0139.npy,Abell_2895_noFix_pol_I_Farcsec_5pln_cor,139,-1.7904101696331054e-05,3.5388853575568646e-05,
J0820.9-5704_aFix_pol_I_Farcsec_5pln_cor_crop_0105.npy,J0820.9-5704_aFix_pol_I_Farcsec_5pln_cor,105,-1.654735388001427e-05,3.4318985854042694e-05,
Abell_2811_noFix_pol_I_Farcsec_5pln_cor_crop_0123.npy,Abell_2811_noFix_pol_I_Farcsec_5pln_cor,123,-5.993724334985018e-05,7.318957068491727e-05,
Abell_4038_aFix_pol_I_Farcsec_5pln_cor_crop_0167.npy,Abell_4038_aFix_pol_I_Farcsec_5pln_cor,167,-1.8985389033332467e-05,4.2698269680840895e-05,
J0540.1-4322_aFix_pol_I_Farcsec_5pln_cor_crop_0219.npy,J0540.1-4322_aFix_pol_I_Farcsec_5pln_cor,219,-2.016680991800968e-05,3.639713395386934e-05,
Abell_3365A_noFix_pol_I_Farcsec_5pln_cor_crop_0041.npy,Abell_3365A_noFix_pol_I_Farcsec_5pln_cor,41,-1.5037990124255884e-05,3.877880590152927e-05,
J1535.1-4658_aFix_pol_I_Farcsec_5pln_cor_crop_0063.npy,J1535.1-4658_aFix_pol_I_Farcsec_5pln_cor,63,-2.547855729062576e-05,3.796764576691203e-05,
Abell_2811_noFix_pol_I_Farcsec_5pln_cor_crop_0081.npy,Abell_2811_noFix_pol_I_Farcsec_5pln_cor,81,-5.993724334985018e-05,7.318957068491727e-05,
Bullet_aFix_pol_I_Farcsec_5pln_cor_crop_0094.npy,Bullet_aFix_pol_I_Farcsec_5pln_cor,94,-1.5211503523460124e-05,4.380349491839297e-05,
J1201.0-4623_aFix_pol_I_Farcsec_5pln_cor_crop_0048.npy,J1201.0-4623_aFix_pol_I_Farcsec_5pln_cor,48,-1.437526134395739e-05,3.895712870871648e-05,
J0738.1-7506_aFix_pol_I_Farcsec_5pln_cor_crop_0082.npy,J0738.1-7506_aFix_pol_I_Farcsec_5pln_cor,82,-1.3090567335893866e-05,3.692142854561098e-05,
Abell_S1121_noFix_pol_I_Farcsec_5pln_cor_crop_0155.npy,Abell_S1121_noFix_pol_I_Farcsec_5pln_cor,155,-4.2447074520168826e-05,6.132334965514019e-05,
J0638.7-5358_aFix_pol_I_Farcsec_5pln_cor_crop_0193.npy,J0638.7-5358_aFix_pol_I_Farcsec_5pln_cor,193,-1.4472521797870286e-05,3.7130746932234615e-05,
J1248.7-4118_aFix_pol_I_Farcsec_5pln_cor_crop_0075.npy,J1248.7-4118_aFix_pol_I_Farcsec_5pln_cor,75,-3.831612048088573e-05,5.340838833944872e-05,
J0658.5-5556_aFix_pol_I_Farcsec_5pln_cor_crop_0168.npy,J0658.5-5556_aFix_pol_I_Farcsec_5pln_cor,168,-1.5211503523460124e-05,4.380349491839297e-05,
J0625.2-5521_aFix_pol_I_Farcsec_5pln_cor_crop_0105.npy,J0625.2-5521_aFix_pol_I_Farcsec_5pln_cor,105,-2.603908251330722e-05,3.9954342355486006e-05,
Abell_3376_aFix_pol_I_Farcsec_5pln_cor_crop_0055.npy,Abell_3376_aFix_pol_I_Farcsec_5pln_cor,55,-1.6748330381233245e-05,4.895990059594624e-05,
J0638.7-5358_aFix_pol_I_Farcsec_5pln_cor_crop_0059.npy,J0638.7-5358_aFix_pol_I_Farcsec_5pln_cor,59,-1.4472521797870286e-05,3.7130746932234615e-05,
Abell_141_aFix_pol_I_Farcsec_5pln_cor_crop_0017.npy,Abell_141_aFix_pol_I_Farcsec_5pln_cor,17,-1.6963114831014536e-05,3.675864718388766e-05,
J0145.2-6033_aFix_pol_I_Farcsec_5pln_cor_crop_0027.npy,J0145.2-6033_aFix_pol_I_Farcsec_5pln_cor,27,-1.2114905985072257e-05,3.299051968497224e-05,
J0027.3-5015_aFix_pol_I_Farcsec_5pln_cor_crop_0157.npy,J0027.3-5015_aFix_pol_I_Farcsec_5pln_cor,157,-1.4346433999889996e-05,3.467470014584251e-05,
J0738.1-7506_aFix_pol_I_Farcsec_5pln_cor_crop_0028.npy,J0738.1-7506_aFix_pol_I_Farcsec_5pln_cor,28,-1.3090567335893866e-05,3.692142854561098e-05,
Abell_168_aFix_pol_I_Farcsec_5pln_cor_crop_0042.npy,Abell_168_aFix_pol_I_Farcsec_5pln_cor,42,-2.51656529144384e-05,4.1941199015127495e-05,
J1410.4-4246_aFix_pol_I_Farcsec_5pln_cor_crop_0046.npy,J1410.4-4246_aFix_pol_I_Farcsec_5pln_cor,46,-2.2075269953347743e-05,4.486642137635499e-05,
Abell_2597_noFix_pol_I_Farcsec_5pln_cor_crop_0059.npy,Abell_2597_noFix_pol_I_Farcsec_5pln_cor,59,-5.033568595536053e-05,6.417310942197219e-05,
J1145.6-5420_aFix_pol_I_Farcsec_5pln_cor_crop_0195.npy,J1145.6-5420_aFix_pol_I_Farcsec_5pln_cor,195,-1.6585625417064875e-05,3.3761494705686346e-05,
Bullet_aFix_pol_I_Farcsec_5pln_cor_crop_0111.npy,Bullet_aFix_pol_I_Farcsec_5pln_cor,111,-1.5211503523460124e-05,4.380349491839297e-05,
J0607.0-4928_aFix_pol_I_Farcsec_5pln_cor_crop_0189.npy,J0607.0-4928_aFix_pol_I_Farcsec_5pln_cor,189,-1.727664130157791e-05,3.109658064204268e-05,
J0217.2-5244_aFix_pol_I_Farcsec_5pln_cor_crop_0121.npy,J0217.2-5244_aFix_pol_I_Farcsec_5pln_cor,121,-1.7379512428306043e-05,3.482505780993961e-05,
J0416.7-5525_aFix_pol_I_Farcsec_5pln_cor_crop_0021.npy,J0416.7-5525_aFix_pol_I_Farcsec_5pln_cor,21,-1.4703909073432442e-05,4.304752292227931e-05,
Abell_3667_aFix_pol_I_Farcsec_5pln_cor_crop_0135.npy,Abell_3667_aFix_pol_I_Farcsec_5pln_cor,135,-3.163510700687766e-05,0.0001603437995072,
Abell_S1121_noFix_pol_I_Farcsec_5pln_cor_crop_0045.npy,Abell_S1121_noFix_pol_I_Farcsec_5pln_cor,45,-4.2447074520168826e-05,6.132334965514019e-05,
J0542.8-4100_aFix_pol_I_Farcsec_5pln_cor_crop_0170.npy,J0542.8-4100_aFix_pol_I_Farcsec_5pln_cor,170,-1.260944191017188e-05,3.595814996515401e-05,
Abell_2751_aFix_pol_I_Farcsec_5pln_cor_crop_0051.npy,Abell_2751_aFix_pol_I_Farcsec_5pln_cor,51,-2.5066670787055045e-05,4.310646909289062e-05,
J1040.7-7047_aFix_pol_I_Farcsec_5pln_cor_crop_0040.npy,J1040.7-7047_aFix_pol_I_Farcsec_5pln_cor,40,-2.545410461607389e-05,4.294725295039825e-05,
J0510.2-4519_aFix_pol_I_Farcsec_5pln_cor_crop_0193.npy,J0510.2-4519_aFix_pol_I_Farcsec_5pln_cor,193,-1.650593003432732e-05,3.797405952354893e-05,
Bullet_aFix_pol_I_Farcsec_5pln_cor_crop_0132.npy,Bullet_aFix_pol_I_Farcsec_5pln_cor,132,-1.5211503523460124e-05,4.380349491839297e-05,
Abell_3365A_noFix_pol_I_Farcsec_5pln_cor_crop_0058.npy,Abell_3365A_noFix_pol_I_Farcsec_5pln_cor,58,-1.5037990124255884e-05,3.877880590152927e-05,
J1130.0-4213_aFix_pol_I_Farcsec_5pln_cor_crop_0169.npy,J1130.0-4213_aFix_pol_I_Farcsec_5pln_cor,169,-1.5924631952657364e-05,3.826789543381892e-05,
J0738.1-7506_aFix_pol_I_Farcsec_5pln_cor_crop_0001.npy,J0738.1-7506_aFix_pol_I_Farcsec_5pln_cor,1,-1.3090567335893866e-05,3.692142854561098e-05,
J0108.5-4020_aFix_pol_I_Farcsec_5pln_cor_crop_0120.npy,J0108.5-4020_aFix_pol_I_Farcsec_5pln_cor,120,-1.5436331523233093e-05,3.3178752346429974e-05,
Abell_2597_noFix_pol_I_Farcsec_5pln_cor_crop_0091.npy,Abell_2597_noFix_pol_I_Farcsec_5pln_cor,91,-5.033568595536053e-05,6.417310942197219e-05,
J2340.1-8510_aFix_pol_I_Farcsec_5pln_cor_crop_0094.npy,J2340.1-8510_aFix_pol_I_Farcsec_5pln_cor,94,-1.53458950080676e-05,3.938611553166993e-05,
J1601.7-7544_aFix_pol_I_Farcsec_5pln_cor_crop_0152.npy,J1601.7-7544_aFix_pol_I_Farcsec_5pln_cor,152,-1.893065564217977e-05,4.2162908357568085e-05,
RXCJ2351.0-19_noFix_pol_I_Farcsec_5pln_cor_crop_0104.npy,RXCJ2351.0-19_noFix_pol_I_Farcsec_5pln_cor,104,-1.7816319086705334e-05,4.150596214458346e-05,
J2222.2-5235_aFix_pol_I_Farcsec_5pln_cor_crop_0111.npy,J2222.2-5235_aFix_pol_I_Farcsec_5pln_cor,111,-2.0340692572062835e-05,4.029700721730478e-05,
J0317.9-4414_aFix_pol_I_Farcsec_5pln_cor_crop_0024.npy,J0317.9-4414_aFix_pol_I_Farcsec_5pln_cor,24,-1.825527215260081e-05,4.13110428780783e-05,
J0516.6-5430_aFix_pol_I_Farcsec_5pln_cor_crop_0205.npy,J0516.6-5430_aFix_pol_I_Farcsec_5pln_cor,205,-1.4557363101630472e-05,3.583080251701176e-05,
RXCJ1314_aFix_pol_I_Farcsec_5pln_cor_crop_0221.npy,RXCJ1314_aFix_pol_I_Farcsec_5pln_cor,221,-2.6271653041476384e-05,4.702054502558895e-05,
Abell_545_aFix_pol_I_Farcsec_5pln_cor_crop_0039.npy,Abell_545_aFix_pol_I_Farcsec_5pln_cor,39,-1.9454066205071285e-05,4.5050637709209695e-05,
Abell_545_aFix_pol_I_Farcsec_5pln_cor_crop_0172.npy,Abell_545_aFix_pol_I_Farcsec_5pln_cor,172,-1.9454066205071285e-05,4.5050637709209695e-05,
RXCJ2351.0-19_noFix_pol_I_Farcsec_5pln_cor_crop_0111.npy,RXCJ2351.0-19_noFix_pol_I_Farcsec_5pln_cor,111,-1.7816319086705334e-05,4.150596214458346e-05,
J1358.9-4750_aFix_pol_I_Farcsec_5pln_cor_crop_0149.npy,J1358.9-4750_aFix_pol_I_Farcsec_5pln_cor,149,-2.6460520530235957e-05,4.666853419621475e-05,
MACSJ0417.5-1155_aFix_pol_I_Farcsec_5pln_cor_crop_0152.npy,MACSJ0417.5-1155_aFix_pol_I_Farcsec_5pln_cor,152,-1.759273436618969e-05,4.197344605927356e-05,
J0820.9-5704_aFix_pol_I_Farcsec_5pln_cor_crop_0066.npy,J0820.9-5704_aFix_pol_I_Farcsec_5pln_cor,66,-1.654735388001427e-05,3.4318985854042694e-05,
PLCK_G200.9-28.2_aFix_pol_I_Farcsec_5pln_cor_crop_0117.npy,PLCK_G200.9-28.2_aFix_pol_I_Farcsec_5pln_cor,117,-2.0549477994791232e-05,4.693285882240161e-05,
Abell_3365_noFix_pol_I_Farcsec_5pln_cor_crop_0194.npy,Abell_3365_noFix_pol_I_Farcsec_5pln_cor,194,-3.684182956931181e-05,5.151375808054581e-05,
J0317.9-4414_aFix_pol_I_Farcsec_5pln_cor_crop_0107.npy,J0317.9-4414_aFix_pol_I_Farcsec_5pln_cor,107,-1.825527215260081e-05,4.13110428780783e-05,
J0600.8-5835_aFix_pol_I_Farcsec_5pln_cor_crop_0022.npy,J0600.8-5835_aFix_pol_I_Farcsec_5pln_cor,22,-1.2947120012540836e-05,3.535595169523731e-05,
MACS_J0257.6-2209_aFix_pol_I_Farcsec_5pln_cor_crop_0038.npy,MACS_J0257.6-2209_aFix_pol_I_Farcsec_5pln_cor,38,-2.1241523427306674e-05,4.082491795998067e-05,
J1358.9-4750_aFix_pol_I_Farcsec_5pln_cor_crop_0106.npy,J1358.9-4750_aFix_pol_I_Farcsec_5pln_cor,106,-2.6460520530235957e-05,4.666853419621475e-05,
Abell_85_aFix_pol_I_Farcsec_5pln_cor_crop_0139.npy,Abell_85_aFix_pol_I_Farcsec_5pln_cor,139,-1.6969566786428913e-05,4.114058901905082e-05,
Abell_133_aFix_pol_I_Farcsec_5pln_cor_crop_0109.npy,Abell_133_aFix_pol_I_Farcsec_5pln_cor,109,-1.6750700524426065e-05,3.861152799800038e-05,
RXCJ0225.1-22928_aFix_pol_I_Farcsec_5pln_cor_crop_0028.npy,RXCJ0225.1-22928_aFix_pol_I_Farcsec_5pln_cor,28,-3.11890325974673e-05,5.4694857681170106e-05,
J1358.9-4750_aFix_pol_I_Farcsec_5pln_cor_crop_0019.npy,J1358.9-4750_aFix_pol_I_Farcsec_5pln_cor,19,-2.6460520530235957e-05,4.666853419621475e-05,
J0631.3-5610_aFix_pol_I_Farcsec_5pln_cor_crop_0175.npy,J0631.3-5610_aFix_pol_I_Farcsec_5pln_cor,175,-1.3746558579441626e-05,3.730034950422123e-05,
J0540.1-4322_aFix_pol_I_Farcsec_5pln_cor_crop_0172.npy,J0540.1-4322_aFix_pol_I_Farcsec_5pln_cor,172,-2.016680991800968e-05,3.639713395386934e-05,
Abell_4038_aFix_pol_I_Farcsec_5pln_cor_crop_0054.npy,Abell_4038_aFix_pol_I_Farcsec_5pln_cor,54,-1.8985389033332467e-05,4.2698269680840895e-05,
J0528.9-3927_B_aFix_pol_I_Farcsec_5pln_cor_crop_0080.npy,J0528.9-3927_B_aFix_pol_I_Farcsec_5pln_cor,80,-1.3992802450957242e-05,3.4315333323320374e-05,
Abell_2645_noFix_pol_I_Farcsec_5pln_cor_crop_0115.npy,Abell_2645_noFix_pol_I_Farcsec_5pln_cor,115,-3.2132909836946055e-05,5.223612970439717e-05,
Abell_521_noFix_pol_I_Farcsec_5pln_cor_crop_0082.npy,Abell_521_noFix_pol_I_Farcsec_5pln_cor,82,-1.8806747902999632e-05,4.423171412781812e-05,
J0336.3-4037_aFix_pol_I_Farcsec_5pln_cor_crop_0101.npy,J0336.3-4037_aFix_pol_I_Farcsec_5pln_cor,101,-1.9070150301558897e-05,3.8439713534899056e-05,
J0600.8-5835_aFix_pol_I_Farcsec_5pln_cor_crop_0054.npy,J0600.8-5835_aFix_pol_I_Farcsec_5pln_cor,54,-1.2947120012540836e-05,3.535595169523731e-05,
J0638.7-5358_aFix_pol_I_Farcsec_5pln_cor_crop_0194.npy,J0638.7-5358_aFix_pol_I_Farcsec_5pln_cor,194,-1.4472521797870286e-05,3.7130746932234615e-05,
Abell_2751_aFix_pol_I_Farcsec_5pln_cor_crop_0002.npy,Abell_2751_aFix_pol_I_Farcsec_5pln_cor,2,-2.5066670787055045e-05,4.310646909289062e-05,
Abell_3365A_noFix_pol_I_Farcsec_5pln_cor_crop_0181.npy,Abell_3365A_noFix_pol_I_Farcsec_5pln_cor,181,-1.5037990124255884e-05,3.877880590152927e-05,
Abell_168_aFix_pol_I_Farcsec_5pln_cor_crop_0077.npy,Abell_168_aFix_pol_I_Farcsec_5pln_cor,77,-2.51656529144384e-05,4.1941199015127495e-05,
J1145.6-5420_aFix_pol_I_Farcsec_5pln_cor_crop_0083.npy,J1145.6-5420_aFix_pol_I_Farcsec_5pln_cor,83,-1.6585625417064875e-05,3.3761494705686346e-05,
Abell_33_noFix_pol_I_Farcsec_5pln_cor_crop_0143.npy,Abell_33_noFix_pol_I_Farcsec_5pln_cor,143,-2.8547556212288328e-05,4.8568657803116366e-05,
J1705.1-8210_aFix_pol_I_Farcsec_5pln_cor_crop_0110.npy,J1705.1-8210_aFix_pol_I_Farcsec_5pln_cor,110,-2.258976564917248e-05,4.054370947415009e-05,
Abell_133_aFix_pol_I_Farcsec_5pln_cor_crop_0214.npy,Abell_133_aFix_pol_I_Farcsec_5pln_cor,214,-1.6750700524426065e-05,3.861152799800038e-05,
Abell_2645_noFix_pol_I_Farcsec_5pln_cor_crop_0138.npy,Abell_2645_noFix_pol_I_Farcsec_5pln_cor,138,-3.2132909836946055e-05,5.223612970439717e-05,
J1653.0-5943_aFix_pol_I_Farcsec_5pln_cor_crop_0013.npy,J1653.0-5943_aFix_pol_I_Farcsec_5pln_cor,13,-2.6878653443418443e-05,3.650951839517802e-05,
Abell_141_aFix_pol_I_Farcsec_5pln_cor_crop_0054.npy,Abell_141_aFix_pol_I_Farcsec_5pln_cor,54,-1.6963114831014536e-05,3.675864718388766e-05,
RXCJ1314_aFix_pol_I_Farcsec_5pln_cor_crop_0203.npy,RXCJ1314_aFix_pol_I_Farcsec_5pln_cor,203,-2.6271653041476384e-05,4.702054502558895e-05,
Bullet_aFix_pol_I_Farcsec_5pln_cor_crop_0162.npy,Bullet_aFix_pol_I_Farcsec_5pln_cor,162,-1.5211503523460124e-05,4.380349491839297e-05,
Abell_194_aFix_pol_I_Farcsec_5pln_cor_crop_0224.npy,Abell_194_aFix_pol_I_Farcsec_5pln_cor,224,-3.945245043723844e-05,0.0001343678013654,
PLCK_G200.9-28.2_aFix_pol_I_Farcsec_5pln_cor_crop_0057.npy,PLCK_G200.9-28.2_aFix_pol_I_Farcsec_5pln_cor,57,-2.0549477994791232e-05,4.693285882240161e-05,
Abell_3365A_noFix_pol_I_Farcsec_5pln_cor_crop_0111.npy,Abell_3365A_noFix_pol_I_Farcsec_5pln_cor,111,-1.5037990124255884e-05,3.877880590152927e-05,
Abell_3558_aFix_pol_I_Farcsec_5pln_cor_crop_0019.npy,Abell_3558_aFix_pol_I_Farcsec_5pln_cor,19,-2.058644531643949e-05,4.082424857188016e-05,
RXC_J0520.7-1328_aFix_pol_I_Farcsec_5pln_cor_crop_0116.npy,RXC_J0520.7-1328_aFix_pol_I_Farcsec_5pln_cor,116,-4.763286779052578e-05,6.618209590669721e-05,
J1410.4-4246_aFix_pol_I_Farcsec_5pln_cor_crop_0153.npy,J1410.4-4246_aFix_pol_I_Farcsec_5pln_cor,153,-2.2075269953347743e-05,4.486642137635499e-05,
J0317.9-4414_aFix_pol_I_Farcsec_5pln_cor_crop_0191.npy,J0317.9-4414_aFix_pol_I_Farcsec_5pln_cor,191,-1.825527215260081e-05,4.13110428780783e-05,
J0351.1-8212_aFix_pol_I_Farcsec_5pln_cor_crop_0165.npy,J0351.1-8212_aFix_pol_I_Farcsec_5pln_cor,165,-1.34867677843431e-05,3.901409581885673e-05,
Abell_209_aFix_pol_I_Farcsec_5pln_cor_crop_0027.npy,Abell_209_aFix_pol_I_Farcsec_5pln_cor,27,-2.1105859559611417e-05,4.098449426237494e-05,
J0342.8-5338_aFix_pol_I_Farcsec_5pln_cor_crop_0081.npy,J0342.8-5338_aFix_pol_I_Farcsec_5pln_cor,81,-1.83263164217351e-05,3.698056025314145e-05,
J1705.1-8210_aFix_pol_I_Farcsec_5pln_cor_crop_0068.npy,J1705.1-8210_aFix_pol_I_Farcsec_5pln_cor,68,-2.258976564917248e-05,4.054370947415009e-05,
Abell_545_aFix_pol_I_Farcsec_5pln_cor_crop_0013.npy,Abell_545_aFix_pol_I_Farcsec_5pln_cor,13,-1.9454066205071285e-05,4.5050637709209695e-05,
J0014.3-6604_aFix_pol_I_Farcsec_5pln_cor_crop_0016.npy,J0014.3-6604_aFix_pol_I_Farcsec_5pln_cor,16,-1.2331886864558328e-05,3.584220394259319e-05,
J0745.1-5404_aFix_pol_I_Farcsec_5pln_cor_crop_0076.npy,J0745.1-5404_aFix_pol_I_Farcsec_5pln_cor,76,-1.8277149138157256e-05,3.714456397574395e-05,
Abell_4038_aFix_pol_I_Farcsec_5pln_cor_crop_0004.npy,Abell_4038_aFix_pol_I_Farcsec_5pln_cor,4,-1.8985389033332467e-05,4.2698269680840895e-05,
RXCJ1314_aFix_pol_I_Farcsec_5pln_cor_crop_0022.npy,RXCJ1314_aFix_pol_I_Farcsec_5pln_cor,22,-2.6271653041476384e-05,4.702054502558895e-05,
J0631.3-5610_aFix_pol_I_Farcsec_5pln_cor_crop_0103.npy,J0631.3-5610_aFix_pol_I_Farcsec_5pln_cor,103,-1.3746558579441626e-05,3.730034950422123e-05,
J1410.4-4246_aFix_pol_I_Farcsec_5pln_cor_crop_0147.npy,J1410.4-4246_aFix_pol_I_Farcsec_5pln_cor,147,-2.2075269953347743e-05,4.486642137635499e-05,
J0342.8-5338_aFix_pol_I_Farcsec_5pln_cor_crop_0021.npy,J0342.8-5338_aFix_pol_I_Farcsec_5pln_cor,21,-1.83263164217351e-05,3.698056025314145e-05,
J1645.4-7334_aFix_pol_I_Farcsec_5pln_cor_crop_0122.npy,J1645.4-7334_aFix_pol_I_Farcsec_5pln_cor,122,-2.7542228053789582e-05,5.101114220451564e-05,
Abell_521_noFix_pol_I_Farcsec_5pln_cor_crop_0110.npy,Abell_521_noFix_pol_I_Farcsec_5pln_cor,110,-1.8806747902999632e-05,4.423171412781812e-05,
J0542.8-4100_aFix_pol_I_Farcsec_5pln_cor_crop_0139.npy,J0542.8-4100_aFix_pol_I_Farcsec_5pln_cor,139,-1.260944191017188e-05,3.595814996515401e-05,
ElGordo_aFix_pol_I_Farcsec_5pln_cor_crop_0054.npy,ElGordo_aFix_pol_I_Farcsec_5pln_cor,54,-1.8438237020745877e-05,3.2559692044742405e-05,
Abell_4038_aFix_pol_I_Farcsec_5pln_cor_crop_0024.npy,Abell_4038_aFix_pol_I_Farcsec_5pln_cor,24,-1.8985389033332467e-05,4.2698269680840895e-05,
Abell_548_Cen_aFix_pol_I_Farcsec_5pln_cor_crop_0133.npy,Abell_548_Cen_aFix_pol_I_Farcsec_5pln_cor,133,-1.6901160051929764e-05,5.435498314909637e-05,
J0449.9-4440_aFix_pol_I_Farcsec_5pln_cor_crop_0003.npy,J0449.9-4440_aFix_pol_I_Farcsec_5pln_cor,3,-1.3652566849486902e-05,3.79539851564914e-05,
J1248.7-4118_aFix_pol_I_Farcsec_5pln_cor_crop_0065.npy,J1248.7-4118_aFix_pol_I_Farcsec_5pln_cor,65,-3.831612048088573e-05,5.340838833944872e-05,
RXC_J0520.7-1328_aFix_pol_I_Farcsec_5pln_cor_crop_0192.npy,RXC_J0520.7-1328_aFix_pol_I_Farcsec_5pln_cor,192,-4.763286779052578e-05,6.618209590669721e-05,
J0943.4-7619_aFix_pol_I_Farcsec_5pln_cor_crop_0064.npy,J0943.4-7619_aFix_pol_I_Farcsec_5pln_cor,64,-2.481557567080017e-05,4.054028249811381e-05,
J0516.6-5430_aFix_pol_I_Farcsec_5pln_cor_crop_0110.npy,J0516.6-5430_aFix_pol_I_Farcsec_5pln_cor,110,-1.4557363101630472e-05,3.583080251701176e-05,
J0232.2-4420_aFix_pol_I_Farcsec_5pln_cor_crop_0166.npy,J0232.2-4420_aFix_pol_I_Farcsec_5pln_cor,166,-1.3283781299833208e-05,3.414206730667502e-05,
J0217.2-5244_aFix_pol_I_Farcsec_5pln_cor_crop_0068.npy,J0217.2-5244_aFix_pol_I_Farcsec_5pln_cor,68,-1.7379512428306043e-05,3.482505780993961e-05,
J0014.3-6604_aFix_pol_I_Farcsec_5pln_cor_crop_0077.npy,J0014.3-6604_aFix_pol_I_Farcsec_5pln_cor,77,-1.2331886864558328e-05,3.584220394259319e-05,
Abell_168_aFix_pol_I_Farcsec_5pln_cor_crop_0031.npy,Abell_168_aFix_pol_I_Farcsec_5pln_cor,31,-2.51656529144384e-05,4.1941199015127495e-05,
J0351.1-8212_aFix_pol_I_Farcsec_5pln_cor_crop_0056.npy,J0351.1-8212_aFix_pol_I_Farcsec_5pln_cor,56,-1.34867677843431e-05,3.901409581885673e-05,
Abell_85_aFix_pol_I_Farcsec_5pln_cor_crop_0021.npy,Abell_85_aFix_pol_I_Farcsec_5pln_cor,21,-1.6969566786428913e-05,4.114058901905082e-05,
J0406.7-7116_aFix_pol_I_Farcsec_5pln_cor_crop_0098.npy,J0406.7-7116_aFix_pol_I_Farcsec_5pln_cor,98,-1.6727117326809093e-05,3.893847315339372e-05,
Abell_2751_aFix_pol_I_Farcsec_5pln_cor_crop_0018.npy,Abell_2751_aFix_pol_I_Farcsec_5pln_cor,18,-2.5066670787055045e-05,4.310646909289062e-05,
Abell_133_aFix_pol_I_Farcsec_5pln_cor_crop_0028.npy,Abell_133_aFix_pol_I_Farcsec_5pln_cor,28,-1.6750700524426065e-05,3.861152799800038e-05,
Abell_3376_aFix_pol_I_Farcsec_5pln_cor_crop_0005.npy,Abell_3376_aFix_pol_I_Farcsec_5pln_cor,5,-1.6748330381233245e-05,4.895990059594624e-05,
J1410.4-4246_aFix_pol_I_Farcsec_5pln_cor_crop_0155.npy,J1410.4-4246_aFix_pol_I_Farcsec_5pln_cor,155,-2.2075269953347743e-05,4.486642137635499e-05,
J0217.2-5244_aFix_pol_I_Farcsec_5pln_cor_crop_0180.npy,J0217.2-5244_aFix_pol_I_Farcsec_5pln_cor,180,-1.7379512428306043e-05,3.482505780993961e-05,
Abell_2751_aFix_pol_I_Farcsec_5pln_cor_crop_0041.npy,Abell_2751_aFix_pol_I_Farcsec_5pln_cor,41,-2.5066670787055045e-05,4.310646909289062e-05,
Abell_S1063_nofix_pol_I_Farcsec_5pln_cor_crop_0149.npy,Abell_S1063_nofix_pol_I_Farcsec_5pln_cor,149,-1.3156100976630114e-05,3.549207394826226e-05,
Abell_133_aFix_pol_I_Farcsec_5pln_cor_crop_0038.npy,Abell_133_aFix_pol_I_Farcsec_5pln_cor,38,-1.6750700524426065e-05,3.861152799800038e-05,
Abell_3365A_noFix_pol_I_Farcsec_5pln_cor_crop_0142.npy,Abell_3365A_noFix_pol_I_Farcsec_5pln_cor,142,-1.5037990124255884e-05,3.877880590152927e-05,
J0225.9-4154_aFix_pol_I_Farcsec_5pln_cor_crop_0028.npy,J0225.9-4154_aFix_pol_I_Farcsec_5pln_cor,28,-1.4831659427727573e-05,3.976373773184605e-05,
Abell_4038_aFix_pol_I_Farcsec_5pln_cor_crop_0065.npy,Abell_4038_aFix_pol_I_Farcsec_5pln_cor,65,-1.8985389033332467e-05,4.2698269680840895e-05,
J0212.8-4707_aFix_pol_I_Farcsec_5pln_cor_crop_0125.npy,J0212.8-4707_aFix_pol_I_Farcsec_5pln_cor,125,-1.7747841411619447e-05,3.736264625331387e-05,
J0351.1-8212_aFix_pol_I_Farcsec_5pln_cor_crop_0087.npy,J0351.1-8212_aFix_pol_I_Farcsec_5pln_cor,87,-1.34867677843431e-05,3.901409581885673e-05,
Abell_S295_aFix_pol_I_Farcsec_5pln_cor_crop_0010.npy,Abell_S295_aFix_pol_I_Farcsec_5pln_cor,10,-1.2192884241812862e-05,4.2860785470111296e-05,
J2340.1-8510_aFix_pol_I_Farcsec_5pln_cor_crop_0014.npy,J2340.1-8510_aFix_pol_I_Farcsec_5pln_cor,14,-1.53458950080676e-05,3.938611553166993e-05,
PLCK_G200.9-28.2_aFix_pol_I_Farcsec_5pln_cor_crop_0166.npy,PLCK_G200.9-28.2_aFix_pol_I_Farcsec_5pln_cor,166,-2.0549477994791232e-05,4.693285882240161e-05,
J0314.3-4525_aFix_pol_I_Farcsec_5pln_cor_crop_0171.npy,J0314.3-4525_aFix_pol_I_Farcsec_5pln_cor,171,-1.2252019587322138e-05,3.824526356766e-05,
J0638.7-5358_aFix_pol_I_Farcsec_5pln_cor_crop_0055.npy,J0638.7-5358_aFix_pol_I_Farcsec_5pln_cor,55,-1.4472521797870286e-05,3.7130746932234615e-05,
J1539.5-8335_aFix_pol_I_Farcsec_5pln_cor_crop_0167.npy,J1539.5-8335_aFix_pol_I_Farcsec_5pln_cor,167,-1.7301776097156107e-05,3.6628662201110274e-05,
Abell_22_aFix_pol_I_Farcsec_5pln_cor_crop_0082.npy,Abell_22_aFix_pol_I_Farcsec_5pln_cor,82,-1.7687332729110494e-05,3.791484050452709e-05,
J0943.4-7619_aFix_pol_I_Farcsec_5pln_cor_crop_0016.npy,J0943.4-7619_aFix_pol_I_Farcsec_5pln_cor,16,-2.481557567080017e-05,4.054028249811381e-05,
J0145.2-6033_aFix_pol_I_Farcsec_5pln_cor_crop_0102.npy,J0145.2-6033_aFix_pol_I_Farcsec_5pln_cor,102,-1.2114905985072257e-05,3.299051968497224e-05,
J0610.5-4848_aFix_pol_I_Farcsec_5pln_cor_crop_0036.npy,J0610.5-4848_aFix_pol_I_Farcsec_5pln_cor,36,-1.432743010809645e-05,3.869758802466095e-05,
Abell_2751_aFix_pol_I_Farcsec_5pln_cor_crop_0032.npy,Abell_2751_aFix_pol_I_Farcsec_5pln_cor,32,-2.5066670787055045e-05,4.310646909289062e-05,
J1358.9-4750_aFix_pol_I_Farcsec_5pln_cor_crop_0148.npy,J1358.9-4750_aFix_pol_I_Farcsec_5pln_cor,148,-2.6460520530235957e-05,4.666853419621475e-05,
Abell_209_aFix_pol_I_Farcsec_5pln_cor_crop_0085.npy,Abell_209_aFix_pol_I_Farcsec_5pln_cor,85,-2.1105859559611417e-05,4.098449426237494e-05,
Abell_209_aFix_pol_I_Farcsec_5pln_cor_crop_0005.npy,Abell_209_aFix_pol_I_Farcsec_5pln_cor,5,-2.1105859559611417e-05,4.098449426237494e-05,
Bullet_aFix_pol_I_Farcsec_5pln_cor_crop_0033.npy,Bullet_aFix_pol_I_Farcsec_5pln_cor,33,-1.5211503523460124e-05,4.380349491839297e-05,
J0948.6-8327_aFix_pol_I_Farcsec_5pln_cor_crop_0119.npy,J0948.6-8327_aFix_pol_I_Farcsec_5pln_cor,119,-1.3834469427820297e-05,3.5308996302774176e-05,
J0416.7-5525_aFix_pol_I_Farcsec_5pln_cor_crop_0101.npy,J0416.7-5525_aFix_pol_I_Farcsec_5pln_cor,101,-1.4703909073432442e-05,4.304752292227931e-05,
Abell_548_aFix_pol_I_Farcsec_5pln_cor_crop_0000.npy,Abell_548_aFix_pol_I_Farcsec_5pln_cor,0,-1.682372203504201e-05,5.429780867416412e-05,
J0317.9-4414_aFix_pol_I_Farcsec_5pln_cor_crop_0089.npy,J0317.9-4414_aFix_pol_I_Farcsec_5pln_cor,89,-1.825527215260081e-05,4.13110428780783e-05,
MACSJ0417.5-1155_aFix_pol_I_Farcsec_5pln_cor_crop_0008.npy,MACSJ0417.5-1155_aFix_pol_I_Farcsec_5pln_cor,8,-1.759273436618969e-05,4.197344605927356e-05,
Abell_22_aFix_pol_I_Farcsec_5pln_cor_crop_0199.npy,Abell_22_aFix_pol_I_Farcsec_5pln_cor,199,-1.7687332729110494e-05,3.791484050452709e-05,
RXCJ0225.1-22928_aFix_pol_I_Farcsec_5pln_cor_crop_0158.npy,RXCJ0225.1-22928_aFix_pol_I_Farcsec_5pln_cor,158,-3.11890325974673e-05,5.4694857681170106e-05,
Abell_545_aFix_pol_I_Farcsec_5pln_cor_crop_0010.npy,Abell_545_aFix_pol_I_Farcsec_5pln_cor,10,-1.9454066205071285e-05,4.5050637709209695e-05,
Abell_209_aFix_pol_I_Farcsec_5pln_cor_crop_0092.npy,Abell_209_aFix_pol_I_Farcsec_5pln_cor,92,-2.1105859559611417e-05,4.098449426237494e-05,
Abell_194_aFix_pol_I_Farcsec_5pln_cor_crop_0082.npy,Abell_194_aFix_pol_I_Farcsec_5pln_cor,82,-3.945245043723844e-05,0.0001343678013654,
Abell_S1121_noFix_pol_I_Farcsec_5pln_cor_crop_0018.npy,Abell_S1121_noFix_pol_I_Farcsec_5pln_cor,18,-4.2447074520168826e-05,6.132334965514019e-05,
Abell_2744_aFix_pol_I_Farcsec_5pln_cor_crop_0059.npy,Abell_2744_aFix_pol_I_Farcsec_5pln_cor,59,-1.4511139852402266e-05,3.865708276862279e-05,
J0745.1-5404_aFix_pol_I_Farcsec_5pln_cor_crop_0014.npy,J0745.1-5404_aFix_pol_I_Farcsec_5pln_cor,14,-1.8277149138157256e-05,3.714456397574395e-05,
J2222.2-5235_aFix_pol_I_Farcsec_5pln_cor_crop_0029.npy,J2222.2-5235_aFix_pol_I_Farcsec_5pln_cor,29,-2.0340692572062835e-05,4.029700721730478e-05,
J1840.6-7709_aFix_pol_I_Farcsec_5pln_cor_crop_0113.npy,J1840.6-7709_aFix_pol_I_Farcsec_5pln_cor,113,-1.7610127542866394e-05,4.188125240034424e-05,
Abell_168_aFix_pol_I_Farcsec_5pln_cor_crop_0185.npy,Abell_168_aFix_pol_I_Farcsec_5pln_cor,185,-2.51656529144384e-05,4.1941199015127495e-05,
Abell_2895_noFix_pol_I_Farcsec_5pln_cor_crop_0069.npy,Abell_2895_noFix_pol_I_Farcsec_5pln_cor,69,-1.7904101696331054e-05,3.5388853575568646e-05,
J0303.7-7752_aFix_pol_I_Farcsec_5pln_cor_crop_0002.npy,J0303.7-7752_aFix_pol_I_Farcsec_5pln_cor,2,-1.6216928997891955e-05,3.944924537790939e-05,
J1840.6-7709_aFix_pol_I_Farcsec_5pln_cor_crop_0039.npy,J1840.6-7709_aFix_pol_I_Farcsec_5pln_cor,39,-1.7610127542866394e-05,4.188125240034424e-05,
J0416.7-5525_aFix_pol_I_Farcsec_5pln_cor_crop_0032.npy,J0416.7-5525_aFix_pol_I_Farcsec_5pln_cor,32,-1.4703909073432442e-05,4.304752292227931e-05,
J0943.4-7619_aFix_pol_I_Farcsec_5pln_cor_crop_0085.npy,J0943.4-7619_aFix_pol_I_Farcsec_5pln_cor,85,-2.481557567080017e-05,4.054028249811381e-05,
J2104.9-8243_aFix_pol_I_Farcsec_5pln_cor_crop_0130.npy,J2104.9-8243_aFix_pol_I_Farcsec_5pln_cor,130,-1.633186730032321e-05,3.551336703822017e-05,
Bullet_aFix_pol_I_Farcsec_5pln_cor_crop_0188.npy,Bullet_aFix_pol_I_Farcsec_5pln_cor,188,-1.5211503523460124e-05,4.380349491839297e-05,
J0625.2-5521_aFix_pol_I_Farcsec_5pln_cor_crop_0065.npy,J0625.2-5521_aFix_pol_I_Farcsec_5pln_cor,65,-2.603908251330722e-05,3.9954342355486006e-05,
J0232.2-4420_aFix_pol_I_Farcsec_5pln_cor_crop_0095.npy,J0232.2-4420_aFix_pol_I_Farcsec_5pln_cor,95,-1.3283781299833208e-05,3.414206730667502e-05,
Abell_2744_aFix_pol_I_Farcsec_5pln_cor_crop_0035.npy,Abell_2744_aFix_pol_I_Farcsec_5pln_cor,35,-1.4511139852402266e-05,3.865708276862279e-05,
ElGordo_aFix_pol_I_Farcsec_5pln_cor_crop_0005.npy,ElGordo_aFix_pol_I_Farcsec_5pln_cor,5,-1.8438237020745877e-05,3.2559692044742405e-05,
J0525.8-4715_aFix_pol_I_Farcsec_5pln_cor_crop_0175.npy,J0525.8-4715_aFix_pol_I_Farcsec_5pln_cor,175,-1.611813422641717e-05,4.044059460284189e-05,
Abell_3376_aFix_pol_I_Farcsec_5pln_cor_crop_0215.npy,Abell_3376_aFix_pol_I_Farcsec_5pln_cor,215,-1.6748330381233245e-05,4.895990059594624e-05,
Abell_33_noFix_pol_I_Farcsec_5pln_cor_crop_0089.npy,Abell_33_noFix_pol_I_Farcsec_5pln_cor,89,-2.8547556212288328e-05,4.8568657803116366e-05,
J0336.3-4037_aFix_pol_I_Farcsec_5pln_cor_crop_0032.npy,J0336.3-4037_aFix_pol_I_Farcsec_5pln_cor,32,-1.9070150301558897e-05,3.8439713534899056e-05,
J0948.6-8327_aFix_pol_I_Farcsec_5pln_cor_crop_0084.npy,J0948.6-8327_aFix_pol_I_Farcsec_5pln_cor,84,-1.3834469427820297e-05,3.5308996302774176e-05,
Abell_548_aFix_pol_I_Farcsec_5pln_cor_crop_0081.npy,Abell_548_aFix_pol_I_Farcsec_5pln_cor,81,-1.682372203504201e-05,5.429780867416412e-05,
RXCJ0225.1-22928_aFix_pol_I_Farcsec_5pln_cor_crop_0001.npy,RXCJ0225.1-22928_aFix_pol_I_Farcsec_5pln_cor,1,-3.11890325974673e-05,5.4694857681170106e-05,
J0627.2-5428_aFix_pol_I_Farcsec_5pln_cor_crop_0114.npy,J0627.2-5428_aFix_pol_I_Farcsec_5pln_cor,114,-3.725358692463488e-05,5.157724808668718e-05,
J1145.6-5420_aFix_pol_I_Farcsec_5pln_cor_crop_0127.npy,J1145.6-5420_aFix_pol_I_Farcsec_5pln_cor,127,-1.6585625417064875e-05,3.3761494705686346e-05,
Abell_548_Cen_aFix_pol_I_Farcsec_5pln_cor_crop_0044.npy,Abell_548_Cen_aFix_pol_I_Farcsec_5pln_cor,44,-1.6901160051929764e-05,5.435498314909637e-05,
J0627.2-5428_aFix_pol_I_Farcsec_5pln_cor_crop_0186.npy,J0627.2-5428_aFix_pol_I_Farcsec_5pln_cor,186,-3.725358692463488e-05,5.157724808668718e-05,
J0540.1-4322_aFix_pol_I_Farcsec_5pln_cor_crop_0217.npy,J0540.1-4322_aFix_pol_I_Farcsec_5pln_cor,217,-2.016680991800968e-05,3.639713395386934e-05,
MACSJ_0025.4-1222B_aFix_pol_I_Farcsec_5pln_cor_crop_0081.npy,MACSJ_0025.4-1222B_aFix_pol_I_Farcsec_5pln_cor,81,-2.179453076678328e-05,4.608399467542768e-05,
J2104.9-8243_aFix_pol_I_Farcsec_5pln_cor_crop_0022.npy,J2104.9-8243_aFix_pol_I_Farcsec_5pln_cor,22,-1.633186730032321e-05,3.551336703822017e-05,
J0336.3-4037_aFix_pol_I_Farcsec_5pln_cor_crop_0176.npy,J0336.3-4037_aFix_pol_I_Farcsec_5pln_cor,176,-1.9070150301558897e-05,3.8439713534899056e-05,
J1410.4-4246_aFix_pol_I_Farcsec_5pln_cor_crop_0171.npy,J1410.4-4246_aFix_pol_I_Farcsec_5pln_cor,171,-2.2075269953347743e-05,4.486642137635499e-05,
J0303.7-7752_aFix_pol_I_Farcsec_5pln_cor_crop_0139.npy,J0303.7-7752_aFix_pol_I_Farcsec_5pln_cor,139,-1.6216928997891955e-05,3.944924537790939e-05,
J0610.5-4848_aFix_pol_I_Farcsec_5pln_cor_crop_0053.npy,J0610.5-4848_aFix_pol_I_Farcsec_5pln_cor,53,-1.432743010809645e-05,3.869758802466095e-05,
J0948.6-8327_aFix_pol_I_Farcsec_5pln_cor_crop_0007.npy,J0948.6-8327_aFix_pol_I_Farcsec_5pln_cor,7,-1.3834469427820297e-05,3.5308996302774176e-05,
J0540.1-4322_aFix_pol_I_Farcsec_5pln_cor_crop_0129.npy,J0540.1-4322_aFix_pol_I_Farcsec_5pln_cor,129,-2.016680991800968e-05,3.639713395386934e-05,
J1040.7-7047_aFix_pol_I_Farcsec_5pln_cor_crop_0002.npy,J1040.7-7047_aFix_pol_I_Farcsec_5pln_cor,2,-2.545410461607389e-05,4.294725295039825e-05,
Abell_545_aFix_pol_I_Farcsec_5pln_cor_crop_0125.npy,Abell_545_aFix_pol_I_Farcsec_5pln_cor,125,-1.9454066205071285e-05,4.5050637709209695e-05,
J0525.8-4715_aFix_pol_I_Farcsec_5pln_cor_crop_0172.npy,J0525.8-4715_aFix_pol_I_Farcsec_5pln_cor,172,-1.611813422641717e-05,4.044059460284189e-05,
Abell_22_aFix_pol_I_Farcsec_5pln_cor_crop_0088.npy,Abell_22_aFix_pol_I_Farcsec_5pln_cor,88,-1.7687332729110494e-05,3.791484050452709e-05,
Abell_S1063_nofix_pol_I_Farcsec_5pln_cor_crop_0014.npy,Abell_S1063_nofix_pol_I_Farcsec_5pln_cor,14,-1.3156100976630114e-05,3.549207394826226e-05,
Abell_133_aFix_pol_I_Farcsec_5pln_cor_crop_0035.npy,Abell_133_aFix_pol_I_Farcsec_5pln_cor,35,-1.6750700524426065e-05,3.861152799800038e-05,
J1518.3-4632_aFix_pol_I_Farcsec_5pln_cor_crop_0099.npy,J1518.3-4632_aFix_pol_I_Farcsec_5pln_cor,99,-2.6316898583900183e-05,3.836355244857259e-05,
J0051.1-4833_aFix_pol_I_Farcsec_5pln_cor_crop_0038.npy,J0051.1-4833_aFix_pol_I_Farcsec_5pln_cor,38,-1.4088746866036672e-05,3.274881237302907e-05,
Abell_3365_noFix_pol_I_Farcsec_5pln_cor_crop_0049.npy,Abell_3365_noFix_pol_I_Farcsec_5pln_cor,49,-3.684182956931181e-05,5.151375808054581e-05,
Abell_3376copy_aFix_pol_I_Farcsec_5pln_cor_crop_0138.npy,Abell_3376copy_aFix_pol_I_Farcsec_5pln_cor,138,-1.6748330381233245e-05,4.895990059594624e-05,
ElGordo_aFix_pol_I_Farcsec_5pln_cor_crop_0086.npy,ElGordo_aFix_pol_I_Farcsec_5pln_cor,86,-1.8438237020745877e-05,3.2559692044742405e-05,
Abell_S1121_noFix_pol_I_Farcsec_5pln_cor_crop_0173.npy,Abell_S1121_noFix_pol_I_Farcsec_5pln_cor,173,-4.2447074520168826e-05,6.132334965514019e-05,
Abell_521_noFix_pol_I_Farcsec_5pln_cor_crop_0109.npy,Abell_521_noFix_pol_I_Farcsec_5pln_cor,109,-1.8806747902999632e-05,4.423171412781812e-05,
J1410.4-4246_aFix_pol_I_Farcsec_5pln_cor_crop_0039.npy,J1410.4-4246_aFix_pol_I_Farcsec_5pln_cor,39,-2.2075269953347743e-05,4.486642137635499e-05,
Abell_S1121_noFix_pol_I_Farcsec_5pln_cor_crop_0167.npy,Abell_S1121_noFix_pol_I_Farcsec_5pln_cor,167,-4.2447074520168826e-05,6.132334965514019e-05,
Abell_141_aFix_pol_I_Farcsec_5pln_cor_crop_0160.npy,Abell_141_aFix_pol_I_Farcsec_5pln_cor,160,-1.6963114831014536e-05,3.675864718388766e-05,
J0625.2-5521_aFix_pol_I_Farcsec_5pln_cor_crop_0104.npy,J0625.2-5521_aFix_pol_I_Farcsec_5pln_cor,104,-2.603908251330722e-05,3.9954342355486006e-05,
J0600.8-5835_aFix_pol_I_Farcsec_5pln_cor_crop_0137.npy,J0600.8-5835_aFix_pol_I_Farcsec_5pln_cor,137,-1.2947120012540836e-05,3.535595169523731e-05,
J0542.8-4100_aFix_pol_I_Farcsec_5pln_cor_crop_0048.npy,J0542.8-4100_aFix_pol_I_Farcsec_5pln_cor,48,-1.260944191017188e-05,3.595814996515401e-05,
Abell_3667_aFix_pol_I_Farcsec_5pln_cor_crop_0158.npy,Abell_3667_aFix_pol_I_Farcsec_5pln_cor,158,-3.163510700687766e-05,0.0001603437995072,
J0745.1-5404_aFix_pol_I_Farcsec_5pln_cor_crop_0126.npy,J0745.1-5404_aFix_pol_I_Farcsec_5pln_cor,126,-1.8277149138157256e-05,3.714456397574395e-05,
MACSJ0417.5-1155_aFix_pol_I_Farcsec_5pln_cor_crop_0057.npy,MACSJ0417.5-1155_aFix_pol_I_Farcsec_5pln_cor,57,-1.759273436618969e-05,4.197344605927356e-05,
J0449.9-4440_aFix_pol_I_Farcsec_5pln_cor_crop_0057.npy,J0449.9-4440_aFix_pol_I_Farcsec_5pln_cor,57,-1.3652566849486902e-05,3.79539851564914e-05,
Abell_S295_aFix_pol_I_Farcsec_5pln_cor_crop_0128.npy,Abell_S295_aFix_pol_I_Farcsec_5pln_cor,128,-1.2192884241812862e-05,4.2860785470111296e-05,
J1645.4-7334_aFix_pol_I_Farcsec_5pln_cor_crop_0110.npy,J1645.4-7334_aFix_pol_I_Farcsec_5pln_cor,110,-2.7542228053789582e-05,5.101114220451564e-05,
J1539.5-8335_aFix_pol_I_Farcsec_5pln_cor_crop_0080.npy,J1539.5-8335_aFix_pol_I_Farcsec_5pln_cor,80,-1.7301776097156107e-05,3.6628662201110274e-05,
ElGordo_aFix_pol_I_Farcsec_5pln_cor_crop_0157.npy,ElGordo_aFix_pol_I_Farcsec_5pln_cor,157,-1.8438237020745877e-05,3.2559692044742405e-05,
J0525.8-4715_aFix_pol_I_Farcsec_5pln_cor_crop_0162.npy,J0525.8-4715_aFix_pol_I_Farcsec_5pln_cor,162,-1.611813422641717e-05,4.044059460284189e-05,
Abell_4038_aFix_pol_I_Farcsec_5pln_cor_crop_0192.npy,Abell_4038_aFix_pol_I_Farcsec_5pln_cor,192,-1.8985389033332467e-05,4.2698269680840895e-05,
RXCJ0225.1-22928_aFix_pol_I_Farcsec_5pln_cor_crop_0043.npy,RXCJ0225.1-22928_aFix_pol_I_Farcsec_5pln_cor,43,-3.11890325974673e-05,5.4694857681170106e-05,
J1601.7-7544_aFix_pol_I_Farcsec_5pln_cor_crop_0031.npy,J1601.7-7544_aFix_pol_I_Farcsec_5pln_cor,31,-1.893065564217977e-05,4.2162908357568085e-05,
J0051.1-4833_aFix_pol_I_Farcsec_5pln_cor_crop_0039.npy,J0051.1-4833_aFix_pol_I_Farcsec_5pln_cor,39,-1.4088746866036672e-05,3.274881237302907e-05,
Abell_S1063_nofix_pol_I_Farcsec_5pln_cor_crop_0052.npy,Abell_S1063_nofix_pol_I_Farcsec_5pln_cor,52,-1.3156100976630114e-05,3.549207394826226e-05,
J2340.1-8510_aFix_pol_I_Farcsec_5pln_cor_crop_0184.npy,J2340.1-8510_aFix_pol_I_Farcsec_5pln_cor,184,-1.53458950080676e-05,3.938611553166993e-05,
J0510.2-4519_aFix_pol_I_Farcsec_5pln_cor_crop_0130.npy,J0510.2-4519_aFix_pol_I_Farcsec_5pln_cor,130,-1.650593003432732e-05,3.797405952354893e-05,
J0406.7-7116_aFix_pol_I_Farcsec_5pln_cor_crop_0036.npy,J0406.7-7116_aFix_pol_I_Farcsec_5pln_cor,36,-1.6727117326809093e-05,3.893847315339372e-05,
J0757.7-5315_aFix_pol_I_Farcsec_5pln_cor_crop_0138.npy,J0757.7-5315_aFix_pol_I_Farcsec_5pln_cor,138,-1.5817182429600507e-05,3.550770634319633e-05,
J2222.2-5235_aFix_pol_I_Farcsec_5pln_cor_crop_0157.npy,J2222.2-5235_aFix_pol_I_Farcsec_5pln_cor,157,-2.0340692572062835e-05,4.029700721730478e-05,
J2222.2-5235_aFix_pol_I_Farcsec_5pln_cor_crop_0085.npy,J2222.2-5235_aFix_pol_I_Farcsec_5pln_cor,85,-2.0340692572062835e-05,4.029700721730478e-05,
J1539.5-8335_aFix_pol_I_Farcsec_5pln_cor_crop_0011.npy,J1539.5-8335_aFix_pol_I_Farcsec_5pln_cor,11,-1.7301776097156107e-05,3.6628662201110274e-05,
J0225.9-4154_aFix_pol_I_Farcsec_5pln_cor_crop_0160.npy,J0225.9-4154_aFix_pol_I_Farcsec_5pln_cor,160,-1.4831659427727573e-05,3.976373773184605e-05,
J0317.9-4414_aFix_pol_I_Farcsec_5pln_cor_crop_0001.npy,J0317.9-4414_aFix_pol_I_Farcsec_5pln_cor,1,-1.825527215260081e-05,4.13110428780783e-05,
J0027.3-5015_aFix_pol_I_Farcsec_5pln_cor_crop_0159.npy,J0027.3-5015_aFix_pol_I_Farcsec_5pln_cor,159,-1.4346433999889996e-05,3.467470014584251e-05,
J1535.1-4658_aFix_pol_I_Farcsec_5pln_cor_crop_0056.npy,J1535.1-4658_aFix_pol_I_Farcsec_5pln_cor,56,-2.547855729062576e-05,3.796764576691203e-05,
J0610.5-4848_aFix_pol_I_Farcsec_5pln_cor_crop_0074.npy,J0610.5-4848_aFix_pol_I_Farcsec_5pln_cor,74,-1.432743010809645e-05,3.869758802466095e-05,
J2222.2-5235_aFix_pol_I_Farcsec_5pln_cor_crop_0183.npy,J2222.2-5235_aFix_pol_I_Farcsec_5pln_cor,183,-2.0340692572062835e-05,4.029700721730478e-05,
J0317.9-4414_aFix_pol_I_Farcsec_5pln_cor_crop_0087.npy,J0317.9-4414_aFix_pol_I_Farcsec_5pln_cor,87,-1.825527215260081e-05,4.13110428780783e-05,
Abell_S295_aFix_pol_I_Farcsec_5pln_cor_crop_0037.npy,Abell_S295_aFix_pol_I_Farcsec_5pln_cor,37,-1.2192884241812862e-05,4.2860785470111296e-05,
Abell_13_noFix_pol_I_Farcsec_5pln_cor_crop_0186.npy,Abell_13_noFix_pol_I_Farcsec_5pln_cor,186,-1.9173105101799592e-05,3.867880150210112e-05,
J0525.8-4715_aFix_pol_I_Farcsec_5pln_cor_crop_0042.npy,J0525.8-4715_aFix_pol_I_Farcsec_5pln_cor,42,-1.611813422641717e-05,4.044059460284189e-05,
Abell_3562_aFix_pol_I_Farcsec_5pln_cor_crop_0072.npy,Abell_3562_aFix_pol_I_Farcsec_5pln_cor,72,-2.032673728535883e-05,4.53729007858783e-05,
J0051.1-4833_aFix_pol_I_Farcsec_5pln_cor_crop_0143.npy,J0051.1-4833_aFix_pol_I_Farcsec_5pln_cor,143,-1.4088746866036672e-05,3.274881237302907e-05,
Abell_2485_noFix_pol_I_Farcsec_5pln_cor_crop_0018.npy,Abell_2485_noFix_pol_I_Farcsec_5pln_cor,18,-1.5763916962896474e-05,3.792858478846029e-05,
Abell_2597_noFix_pol_I_Farcsec_5pln_cor_crop_0177.npy,Abell_2597_noFix_pol_I_Farcsec_5pln_cor,177,-5.033568595536053e-05,6.417310942197219e-05,
J0117.8-5455_aFix_pol_I_Farcsec_5pln_cor_crop_0090.npy,J0117.8-5455_aFix_pol_I_Farcsec_5pln_cor,90,-1.313004395342432e-05,3.596906753955409e-05,
Abell_2744_aFix_pol_I_Farcsec_5pln_cor_crop_0069.npy,Abell_2744_aFix_pol_I_Farcsec_5pln_cor,69,-1.4511139852402266e-05,3.865708276862279e-05,
Abell_2813_noFix_pol_I_Farcsec_5pln_cor_crop_0153.npy,Abell_2813_noFix_pol_I_Farcsec_5pln_cor,153,-2.1553638362092897e-05,4.1060964576900005e-05,
J0027.3-5015_aFix_pol_I_Farcsec_5pln_cor_crop_0183.npy,J0027.3-5015_aFix_pol_I_Farcsec_5pln_cor,183,-1.4346433999889996e-05,3.467470014584251e-05,
J0352.4-7401_aFix_pol_I_Farcsec_5pln_cor_crop_0100.npy,J0352.4-7401_aFix_pol_I_Farcsec_5pln_cor,100,-1.3432473679131364e-05,3.414728053030558e-05,
Abell_370_afix_pol_I_Farcsec_5pln_cor_crop_0032.npy,Abell_370_afix_pol_I_Farcsec_5pln_cor,32,-3.905647463398054e-05,5.590072396444157e-05,
J1653.0-5943_aFix_pol_I_Farcsec_5pln_cor_crop_0092.npy,J1653.0-5943_aFix_pol_I_Farcsec_5pln_cor,92,-2.6878653443418443e-05,3.650951839517802e-05,
J0352.4-7401_aFix_pol_I_Farcsec_5pln_cor_crop_0075.npy,J0352.4-7401_aFix_pol_I_Farcsec_5pln_cor,75,-1.3432473679131364e-05,3.414728053030558e-05,
J0212.8-4707_aFix_pol_I_Farcsec_5pln_cor_crop_0134.npy,J0212.8-4707_aFix_pol_I_Farcsec_5pln_cor,134,-1.7747841411619447e-05,3.736264625331387e-05,
Abell_22_aFix_pol_I_Farcsec_5pln_cor_crop_0083.npy,Abell_22_aFix_pol_I_Farcsec_5pln_cor,83,-1.7687332729110494e-05,3.791484050452709e-05,
J0542.8-4100_aFix_pol_I_Farcsec_5pln_cor_crop_0179.npy,J0542.8-4100_aFix_pol_I_Farcsec_5pln_cor,179,-1.260944191017188e-05,3.595814996515401e-05,
J0738.1-7506_aFix_pol_I_Farcsec_5pln_cor_crop_0178.npy,J0738.1-7506_aFix_pol_I_Farcsec_5pln_cor,178,-1.3090567335893866e-05,3.692142854561098e-05,
J0638.7-5358_aFix_pol_I_Farcsec_5pln_cor_crop_0204.npy,J0638.7-5358_aFix_pol_I_Farcsec_5pln_cor,204,-1.4472521797870286e-05,3.7130746932234615e-05,
J1410.4-4246_aFix_pol_I_Farcsec_5pln_cor_crop_0110.npy,J1410.4-4246_aFix_pol_I_Farcsec_5pln_cor,110,-2.2075269953347743e-05,4.486642137635499e-05,
RXCJ1314_aFix_pol_I_Farcsec_5pln_cor_crop_0008.npy,RXCJ1314_aFix_pol_I_Farcsec_5pln_cor,8,-2.6271653041476384e-05,4.702054502558895e-05,
Abell_33_noFix_pol_I_Farcsec_5pln_cor_crop_0141.npy,Abell_33_noFix_pol_I_Farcsec_5pln_cor,141,-2.8547556212288328e-05,4.8568657803116366e-05,
J0540.1-4050_aFix_pol_I_Farcsec_5pln_cor_crop_0130.npy,J0540.1-4050_aFix_pol_I_Farcsec_5pln_cor,130,-1.9781218725256625e-05,3.538576129358262e-05,
Abell_2811_noFix_pol_I_Farcsec_5pln_cor_crop_0001.npy,Abell_2811_noFix_pol_I_Farcsec_5pln_cor,1,-5.993724334985018e-05,7.318957068491727e-05,
Abell_2895_noFix_pol_I_Farcsec_5pln_cor_crop_0017.npy,Abell_2895_noFix_pol_I_Farcsec_5pln_cor,17,-1.7904101696331054e-05,3.5388853575568646e-05,
J0449.9-4440_aFix_pol_I_Farcsec_5pln_cor_crop_0192.npy,J0449.9-4440_aFix_pol_I_Farcsec_5pln_cor,192,-1.3652566849486902e-05,3.79539851564914e-05,
J0217.2-5244_aFix_pol_I_Farcsec_5pln_cor_crop_0080.npy,J0217.2-5244_aFix_pol_I_Farcsec_5pln_cor,80,-1.7379512428306043e-05,3.482505780993961e-05,
J0943.4-7619_aFix_pol_I_Farcsec_5pln_cor_crop_0065.npy,J0943.4-7619_aFix_pol_I_Farcsec_5pln_cor,65,-2.481557567080017e-05,4.054028249811381e-05,
Abell_S1121_noFix_pol_I_Farcsec_5pln_cor_crop_0115.npy,Abell_S1121_noFix_pol_I_Farcsec_5pln_cor,115,-4.2447074520168826e-05,6.132334965514019e-05,
MACS_J0257.6-2209_noFix_pol_I_Farcsec_5pln_cor_crop_0123.npy,MACS_J0257.6-2209_noFix_pol_I_Farcsec_5pln_cor,123,-2.3381955543300137e-05,4.110854570171796e-05,
MACS_J0257.6-2209_aFix_pol_I_Farcsec_5pln_cor_crop_0065.npy,MACS_J0257.6-2209_aFix_pol_I_Farcsec_5pln_cor,65,-2.1241523427306674e-05,4.082491795998067e-05,
J0449.9-4440_aFix_pol_I_Farcsec_5pln_cor_crop_0181.npy,J0449.9-4440_aFix_pol_I_Farcsec_5pln_cor,181,-1.3652566849486902e-05,3.79539851564914e-05,
MACS_J0257.6-2209_noFix_pol_I_Farcsec_5pln_cor_crop_0035.npy,MACS_J0257.6-2209_noFix_pol_I_Farcsec_5pln_cor,35,-2.3381955543300137e-05,4.110854570171796e-05,
PLCK_G200.9-28.2_aFix_pol_I_Farcsec_5pln_cor_crop_0066.npy,PLCK_G200.9-28.2_aFix_pol_I_Farcsec_5pln_cor,66,-2.0549477994791232e-05,4.693285882240161e-05,
J0658.5-5556_aFix_pol_I_Farcsec_5pln_cor_crop_0185.npy,J0658.5-5556_aFix_pol_I_Farcsec_5pln_cor,185,-1.5211503523460124e-05,4.380349491839297e-05,
J0317.9-4414_aFix_pol_I_Farcsec_5pln_cor_crop_0023.npy,J0317.9-4414_aFix_pol_I_Farcsec_5pln_cor,23,-1.825527215260081e-05,4.13110428780783e-05,
J0027.3-5015_aFix_pol_I_Farcsec_5pln_cor_crop_0142.npy,J0027.3-5015_aFix_pol_I_Farcsec_5pln_cor,142,-1.4346433999889996e-05,3.467470014584251e-05,
J0631.3-5610_aFix_pol_I_Farcsec_5pln_cor_crop_0035.npy,J0631.3-5610_aFix_pol_I_Farcsec_5pln_cor,35,-1.3746558579441626e-05,3.730034950422123e-05,
Abell_2645_noFix_pol_I_Farcsec_5pln_cor_crop_0040.npy,Abell_2645_noFix_pol_I_Farcsec_5pln_cor,40,-3.2132909836946055e-05,5.223612970439717e-05,
J0631.3-5610_aFix_pol_I_Farcsec_5pln_cor_crop_0137.npy,J0631.3-5610_aFix_pol_I_Farcsec_5pln_cor,137,-1.3746558579441626e-05,3.730034950422123e-05,
Abell_33_noFix_pol_I_Farcsec_5pln_cor_crop_0165.npy,Abell_33_noFix_pol_I_Farcsec_5pln_cor,165,-2.8547556212288328e-05,4.8568657803116366e-05,
J1423.7-5412_aFix_pol_I_Farcsec_5pln_cor_crop_0182.npy,J1423.7-5412_aFix_pol_I_Farcsec_5pln_cor,182,-1.8973547412315384e-05,4.0196806367021054e-05,
J1539.5-8335_aFix_pol_I_Farcsec_5pln_cor_crop_0037.npy,J1539.5-8335_aFix_pol_I_Farcsec_5pln_cor,37,-1.7301776097156107e-05,3.6628662201110274e-05,
J0516.6-5430_aFix_pol_I_Farcsec_5pln_cor_crop_0171.npy,J0516.6-5430_aFix_pol_I_Farcsec_5pln_cor,171,-1.4557363101630472e-05,3.583080251701176e-05,
Abell_85_aFix_pol_I_Farcsec_5pln_cor_crop_0067.npy,Abell_85_aFix_pol_I_Farcsec_5pln_cor,67,-1.6969566786428913e-05,4.114058901905082e-05,
Abell_2751_aFix_pol_I_Farcsec_5pln_cor_crop_0117.npy,Abell_2751_aFix_pol_I_Farcsec_5pln_cor,117,-2.5066670787055045e-05,4.310646909289062e-05,
J0216.3-4816_aFix_pol_I_Farcsec_5pln_cor_crop_0057.npy,J0216.3-4816_aFix_pol_I_Farcsec_5pln_cor,57,-1.5618124962202273e-05,5.211478855926544e-05,
J0317.9-4414_aFix_pol_I_Farcsec_5pln_cor_crop_0008.npy,J0317.9-4414_aFix_pol_I_Farcsec_5pln_cor,8,-1.825527215260081e-05,4.13110428780783e-05,
J0542.8-4100_aFix_pol_I_Farcsec_5pln_cor_crop_0084.npy,J0542.8-4100_aFix_pol_I_Farcsec_5pln_cor,84,-1.260944191017188e-05,3.595814996515401e-05,
J0658.5-5556_aFix_pol_I_Farcsec_5pln_cor_crop_0009.npy,J0658.5-5556_aFix_pol_I_Farcsec_5pln_cor,9,-1.5211503523460124e-05,4.380349491839297e-05,
Abell_S1121_noFix_pol_I_Farcsec_5pln_cor_crop_0182.npy,Abell_S1121_noFix_pol_I_Farcsec_5pln_cor,182,-4.2447074520168826e-05,6.132334965514019e-05,
J1645.4-7334_aFix_pol_I_Farcsec_5pln_cor_crop_0026.npy,J1645.4-7334_aFix_pol_I_Farcsec_5pln_cor,26,-2.7542228053789582e-05,5.101114220451564e-05,
J1410.4-4246_aFix_pol_I_Farcsec_5pln_cor_crop_0084.npy,J1410.4-4246_aFix_pol_I_Farcsec_5pln_cor,84,-2.2075269953347743e-05,4.486642137635499e-05,
J0943.4-7619_aFix_pol_I_Farcsec_5pln_cor_crop_0186.npy,J0943.4-7619_aFix_pol_I_Farcsec_5pln_cor,186,-2.481557567080017e-05,4.054028249811381e-05,
J0051.1-4833_aFix_pol_I_Farcsec_5pln_cor_crop_0095.npy,J0051.1-4833_aFix_pol_I_Farcsec_5pln_cor,95,-1.4088746866036672e-05,3.274881237302907e-05,
J0431.4-6126_aFix_pol_I_Farcsec_5pln_cor_crop_0171.npy,J0431.4-6126_aFix_pol_I_Farcsec_5pln_cor,171,-2.59030784945935e-05,4.582747351378202e-05,
J1410.4-4246_aFix_pol_I_Farcsec_5pln_cor_crop_0074.npy,J1410.4-4246_aFix_pol_I_Farcsec_5pln_cor,74,-2.2075269953347743e-05,4.486642137635499e-05,
J0225.9-4154_aFix_pol_I_Farcsec_5pln_cor_crop_0062.npy,J0225.9-4154_aFix_pol_I_Farcsec_5pln_cor,62,-1.4831659427727573e-05,3.976373773184605e-05,
Abell_521_noFix_pol_I_Farcsec_5pln_cor_crop_0045.npy,Abell_521_noFix_pol_I_Farcsec_5pln_cor,45,-1.8806747902999632e-05,4.423171412781812e-05,
Abell_548_Cen_aFix_pol_I_Farcsec_5pln_cor_crop_0050.npy,Abell_548_Cen_aFix_pol_I_Farcsec_5pln_cor,50,-1.6901160051929764e-05,5.435498314909637e-05,
J0627.2-5428_aFix_pol_I_Farcsec_5pln_cor_crop_0196.npy,J0627.2-5428_aFix_pol_I_Farcsec_5pln_cor,196,-3.725358692463488e-05,5.157724808668718e-05,
J0545.5-4756_aFix_pol_I_Farcsec_5pln_cor_crop_0173.npy,J0545.5-4756_aFix_pol_I_Farcsec_5pln_cor,173,-1.6526179024367593e-05,4.097030614502728e-05,
J1601.7-7544_aFix_pol_I_Farcsec_5pln_cor_crop_0071.npy,J1601.7-7544_aFix_pol_I_Farcsec_5pln_cor,71,-1.893065564217977e-05,4.2162908357568085e-05,
J0638.7-5358_aFix_pol_I_Farcsec_5pln_cor_crop_0211.npy,J0638.7-5358_aFix_pol_I_Farcsec_5pln_cor,211,-1.4472521797870286e-05,3.7130746932234615e-05,
J0216.3-4816_aFix_pol_I_Farcsec_5pln_cor_crop_0167.npy,J0216.3-4816_aFix_pol_I_Farcsec_5pln_cor,167,-1.5618124962202273e-05,5.211478855926544e-05,
J0812.5-5714_aFix_pol_I_Farcsec_5pln_cor_crop_0179.npy,J0812.5-5714_aFix_pol_I_Farcsec_5pln_cor,179,-1.797733420971781e-05,3.096696309512481e-05,
Abell_168_aFix_pol_I_Farcsec_5pln_cor_crop_0045.npy,Abell_168_aFix_pol_I_Farcsec_5pln_cor,45,-2.51656529144384e-05,4.1941199015127495e-05,
RXCJ0225.1-22928_aFix_pol_I_Farcsec_5pln_cor_crop_0096.npy,RXCJ0225.1-22928_aFix_pol_I_Farcsec_5pln_cor,96,-3.11890325974673e-05,5.4694857681170106e-05,
J0631.3-5610_aFix_pol_I_Farcsec_5pln_cor_crop_0109.npy,J0631.3-5610_aFix_pol_I_Farcsec_5pln_cor,109,-1.3746558579441626e-05,3.730034950422123e-05,
Abell_548_aFix_pol_I_Farcsec_5pln_cor_crop_0022.npy,Abell_548_aFix_pol_I_Farcsec_5pln_cor,22,-1.682372203504201e-05,5.429780867416412e-05,
J0416.7-5525_aFix_pol_I_Farcsec_5pln_cor_crop_0151.npy,J0416.7-5525_aFix_pol_I_Farcsec_5pln_cor,151,-1.4703909073432442e-05,4.304752292227931e-05,
J2104.9-8243_aFix_pol_I_Farcsec_5pln_cor_crop_0184.npy,J2104.9-8243_aFix_pol_I_Farcsec_5pln_cor,184,-1.633186730032321e-05,3.551336703822017e-05,
Abell_133_aFix_pol_I_Farcsec_5pln_cor_crop_0105.npy,Abell_133_aFix_pol_I_Farcsec_5pln_cor,105,-1.6750700524426065e-05,3.861152799800038e-05,
J0314.3-4525_aFix_pol_I_Farcsec_5pln_cor_crop_0123.npy,J0314.3-4525_aFix_pol_I_Farcsec_5pln_cor,123,-1.2252019587322138e-05,3.824526356766e-05,
J1423.7-5412_aFix_pol_I_Farcsec_5pln_cor_crop_0018.npy,J1423.7-5412_aFix_pol_I_Farcsec_5pln_cor,18,-1.8973547412315384e-05,4.0196806367021054e-05,
Abell_4038_aFix_pol_I_Farcsec_5pln_cor_crop_0181.npy,Abell_4038_aFix_pol_I_Farcsec_5pln_cor,181,-1.8985389033332467e-05,4.2698269680840895e-05,
J0607.0-4928_aFix_pol_I_Farcsec_5pln_cor_crop_0054.npy,J0607.0-4928_aFix_pol_I_Farcsec_5pln_cor,54,-1.727664130157791e-05,3.109658064204268e-05,
Abell_2744_aFix_pol_I_Farcsec_5pln_cor_crop_0050.npy,Abell_2744_aFix_pol_I_Farcsec_5pln_cor,50,-1.4511139852402266e-05,3.865708276862279e-05,
Abell_4038_aFix_pol_I_Farcsec_5pln_cor_crop_0202.npy,Abell_4038_aFix_pol_I_Farcsec_5pln_cor,202,-1.8985389033332467e-05,4.2698269680840895e-05,
J1645.4-7334_aFix_pol_I_Farcsec_5pln_cor_crop_0175.npy,J1645.4-7334_aFix_pol_I_Farcsec_5pln_cor,175,-2.7542228053789582e-05,5.101114220451564e-05,
Abell_209_aFix_pol_I_Farcsec_5pln_cor_crop_0048.npy,Abell_209_aFix_pol_I_Farcsec_5pln_cor,48,-2.1105859559611417e-05,4.098449426237494e-05,
J0145.2-6033_aFix_pol_I_Farcsec_5pln_cor_crop_0109.npy,J0145.2-6033_aFix_pol_I_Farcsec_5pln_cor,109,-1.2114905985072257e-05,3.299051968497224e-05,
J1130.0-4213_aFix_pol_I_Farcsec_5pln_cor_crop_0117.npy,J1130.0-4213_aFix_pol_I_Farcsec_5pln_cor,117,-1.5924631952657364e-05,3.826789543381892e-05,
J0212.8-4707_aFix_pol_I_Farcsec_5pln_cor_crop_0186.npy,J0212.8-4707_aFix_pol_I_Farcsec_5pln_cor,186,-1.7747841411619447e-05,3.736264625331387e-05,
J0745.1-5404_aFix_pol_I_Farcsec_5pln_cor_crop_0142.npy,J0745.1-5404_aFix_pol_I_Farcsec_5pln_cor,142,-1.8277149138157256e-05,3.714456397574395e-05,
J0745.1-5404_aFix_pol_I_Farcsec_5pln_cor_crop_0153.npy,J0745.1-5404_aFix_pol_I_Farcsec_5pln_cor,153,-1.8277149138157256e-05,3.714456397574395e-05,
J1518.3-4632_aFix_pol_I_Farcsec_5pln_cor_crop_0004.npy,J1518.3-4632_aFix_pol_I_Farcsec_5pln_cor,4,-2.6316898583900183e-05,3.836355244857259e-05,
Abell_133_aFix_pol_I_Farcsec_5pln_cor_crop_0189.npy,Abell_133_aFix_pol_I_Farcsec_5pln_cor,189,-1.6750700524426065e-05,3.861152799800038e-05,
J0943.4-7619_aFix_pol_I_Farcsec_5pln_cor_crop_0075.npy,J0943.4-7619_aFix_pol_I_Farcsec_5pln_cor,75,-2.481557567080017e-05,4.054028249811381e-05,
J0626.3-5341_aFix_pol_I_Farcsec_5pln_cor_crop_0070.npy,J0626.3-5341_aFix_pol_I_Farcsec_5pln_cor,70,-2.286754715896677e-05,4.3426152842585e-05,
MACS_J0257.6-2209_noFix_pol_I_Farcsec_5pln_cor_crop_0193.npy,MACS_J0257.6-2209_noFix_pol_I_Farcsec_5pln_cor,193,-2.3381955543300137e-05,4.110854570171796e-05,
J0820.9-5704_aFix_pol_I_Farcsec_5pln_cor_crop_0045.npy,J0820.9-5704_aFix_pol_I_Farcsec_5pln_cor,45,-1.654735388001427e-05,3.4318985854042694e-05,
J0631.3-5610_aFix_pol_I_Farcsec_5pln_cor_crop_0079.npy,J0631.3-5610_aFix_pol_I_Farcsec_5pln_cor,79,-1.3746558579441626e-05,3.730034950422123e-05,
PLCK_G200.9-28.2_aFix_pol_I_Farcsec_5pln_cor_crop_0032.npy,PLCK_G200.9-28.2_aFix_pol_I_Farcsec_5pln_cor,32,-2.0549477994791232e-05,4.693285882240161e-05,
Abell_2751_aFix_pol_I_Farcsec_5pln_cor_crop_0000.npy,Abell_2751_aFix_pol_I_Farcsec_5pln_cor,0,-2.5066670787055045e-05,4.310646909289062e-05,
J0145.0-5300_aFix_pol_I_Farcsec_5pln_cor_crop_0011.npy,J0145.0-5300_aFix_pol_I_Farcsec_5pln_cor,11,-1.4464765627053566e-05,3.505407221382484e-05,
Abell_209_aFix_pol_I_Farcsec_5pln_cor_crop_0042.npy,Abell_209_aFix_pol_I_Farcsec_5pln_cor,42,-2.1105859559611417e-05,4.098449426237494e-05,
J2222.2-5235_aFix_pol_I_Farcsec_5pln_cor_crop_0046.npy,J2222.2-5235_aFix_pol_I_Farcsec_5pln_cor,46,-2.0340692572062835e-05,4.029700721730478e-05,
J0145.0-5300_aFix_pol_I_Farcsec_5pln_cor_crop_0099.npy,J0145.0-5300_aFix_pol_I_Farcsec_5pln_cor,99,-1.4464765627053566e-05,3.505407221382484e-05,
Abell_209_aFix_pol_I_Farcsec_5pln_cor_crop_0191.npy,Abell_209_aFix_pol_I_Farcsec_5pln_cor,191,-2.1105859559611417e-05,4.098449426237494e-05,
Abell_168_aFix_pol_I_Farcsec_5pln_cor_crop_0218.npy,Abell_168_aFix_pol_I_Farcsec_5pln_cor,218,-2.51656529144384e-05,4.1941199015127495e-05,
Abell_521_noFix_pol_I_Farcsec_5pln_cor_crop_0073.npy,Abell_521_noFix_pol_I_Farcsec_5pln_cor,73,-1.8806747902999632e-05,4.423171412781812e-05,
J1240.2-4825_aFix_pol_I_Farcsec_5pln_cor_crop_0024.npy,J1240.2-4825_aFix_pol_I_Farcsec_5pln_cor,24,-1.6159494407474995e-05,3.676811684272252e-05,
J0314.3-4525_aFix_pol_I_Farcsec_5pln_cor_crop_0153.npy,J0314.3-4525_aFix_pol_I_Farcsec_5pln_cor,153,-1.2252019587322138e-05,3.824526356766e-05,
J1705.1-8210_aFix_pol_I_Farcsec_5pln_cor_crop_0171.npy,J1705.1-8210_aFix_pol_I_Farcsec_5pln_cor,171,-2.258976564917248e-05,4.054370947415009e-05,
Abell_548_aFix_pol_I_Farcsec_5pln_cor_crop_0105.npy,Abell_548_aFix_pol_I_Farcsec_5pln_cor,105,-1.682372203504201e-05,5.429780867416412e-05,
J1130.0-4213_aFix_pol_I_Farcsec_5pln_cor_crop_0164.npy,J1130.0-4213_aFix_pol_I_Farcsec_5pln_cor,164,-1.5924631952657364e-05,3.826789543381892e-05,
J0510.2-4519_aFix_pol_I_Farcsec_5pln_cor_crop_0185.npy,J0510.2-4519_aFix_pol_I_Farcsec_5pln_cor,185,-1.650593003432732e-05,3.797405952354893e-05,
J0525.8-4715_aFix_pol_I_Farcsec_5pln_cor_crop_0117.npy,J0525.8-4715_aFix_pol_I_Farcsec_5pln_cor,117,-1.611813422641717e-05,4.044059460284189e-05,
Abell_370_afix_pol_I_Farcsec_5pln_cor_crop_0111.npy,Abell_370_afix_pol_I_Farcsec_5pln_cor,111,-3.905647463398054e-05,5.590072396444157e-05,
Abell_2645_noFix_pol_I_Farcsec_5pln_cor_crop_0046.npy,Abell_2645_noFix_pol_I_Farcsec_5pln_cor,46,-3.2132909836946055e-05,5.223612970439717e-05,
J0625.2-5521_aFix_pol_I_Farcsec_5pln_cor_crop_0113.npy,J0625.2-5521_aFix_pol_I_Farcsec_5pln_cor,113,-2.603908251330722e-05,3.9954342355486006e-05,
J1040.7-7047_aFix_pol_I_Farcsec_5pln_cor_crop_0169.npy,J1040.7-7047_aFix_pol_I_Farcsec_5pln_cor,169,-2.545410461607389e-05,4.294725295039825e-05,
Abell_2485_noFix_pol_I_Farcsec_5pln_cor_crop_0186.npy,Abell_2485_noFix_pol_I_Farcsec_5pln_cor,186,-1.5763916962896474e-05,3.792858478846029e-05,
J0225.9-4154_aFix_pol_I_Farcsec_5pln_cor_crop_0005.npy,J0225.9-4154_aFix_pol_I_Farcsec_5pln_cor,5,-1.4831659427727573e-05,3.976373773184605e-05,
Abell_521_noFix_pol_I_Farcsec_5pln_cor_crop_0158.npy,Abell_521_noFix_pol_I_Farcsec_5pln_cor,158,-1.8806747902999632e-05,4.423171412781812e-05,
MACSJ0417.5-1155_aFix_pol_I_Farcsec_5pln_cor_crop_0056.npy,MACSJ0417.5-1155_aFix_pol_I_Farcsec_5pln_cor,56,-1.759273436618969e-05,4.197344605927356e-05,
ElGordo_aFix_pol_I_Farcsec_5pln_cor_crop_0201.npy,ElGordo_aFix_pol_I_Farcsec_5pln_cor,201,-1.8438237020745877e-05,3.2559692044742405e-05,
J0328.6-5542_aFix_pol_I_Farcsec_5pln_cor_crop_0219.npy,J0328.6-5542_aFix_pol_I_Farcsec_5pln_cor,219,-1.7376105461153202e-05,3.237917189835571e-05,
J1423.7-5412_aFix_pol_I_Farcsec_5pln_cor_crop_0097.npy,J1423.7-5412_aFix_pol_I_Farcsec_5pln_cor,97,-1.8973547412315384e-05,4.0196806367021054e-05,
MACSJ_0025.4-1222B_aFix_pol_I_Farcsec_5pln_cor_crop_0042.npy,MACSJ_0025.4-1222B_aFix_pol_I_Farcsec_5pln_cor,42,-2.179453076678328e-05,4.608399467542768e-05,
J1535.1-4658_aFix_pol_I_Farcsec_5pln_cor_crop_0033.npy,J1535.1-4658_aFix_pol_I_Farcsec_5pln_cor,33,-2.547855729062576e-05,3.796764576691203e-05,
J0351.1-8212_aFix_pol_I_Farcsec_5pln_cor_crop_0182.npy,J0351.1-8212_aFix_pol_I_Farcsec_5pln_cor,182,-1.34867677843431e-05,3.901409581885673e-05,
J2319.2-6750_aFix_pol_I_Farcsec_5pln_cor_crop_0111.npy,J2319.2-6750_aFix_pol_I_Farcsec_5pln_cor,111,-1.762574174790643e-05,3.985196599387564e-05,
J0943.4-7619_aFix_pol_I_Farcsec_5pln_cor_crop_0188.npy,J0943.4-7619_aFix_pol_I_Farcsec_5pln_cor,188,-2.481557567080017e-05,4.054028249811381e-05,
J0416.7-5525_aFix_pol_I_Farcsec_5pln_cor_crop_0028.npy,J0416.7-5525_aFix_pol_I_Farcsec_5pln_cor,28,-1.4703909073432442e-05,4.304752292227931e-05,
Abell_194_aFix_pol_I_Farcsec_5pln_cor_crop_0087.npy,Abell_194_aFix_pol_I_Farcsec_5pln_cor,87,-3.945245043723844e-05,0.0001343678013654,
Abell_S1121_noFix_pol_I_Farcsec_5pln_cor_crop_0177.npy,Abell_S1121_noFix_pol_I_Farcsec_5pln_cor,177,-4.2447074520168826e-05,6.132334965514019e-05,
Abell_2811_noFix_pol_I_Farcsec_5pln_cor_crop_0120.npy,Abell_2811_noFix_pol_I_Farcsec_5pln_cor,120,-5.993724334985018e-05,7.318957068491727e-05,
Abell_133_aFix_pol_I_Farcsec_5pln_cor_crop_0110.npy,Abell_133_aFix_pol_I_Farcsec_5pln_cor,110,-1.6750700524426065e-05,3.861152799800038e-05,
J0051.1-4833_aFix_pol_I_Farcsec_5pln_cor_crop_0085.npy,J0051.1-4833_aFix_pol_I_Farcsec_5pln_cor,85,-1.4088746866036672e-05,3.274881237302907e-05,
J0616.8-4748_aFix_pol_I_Farcsec_5pln_cor_crop_0021.npy,J0616.8-4748_aFix_pol_I_Farcsec_5pln_cor,21,-1.6417492588516325e-05,3.9486680179834366e-05,
J0812.5-5714_aFix_pol_I_Farcsec_5pln_cor_crop_0004.npy,J0812.5-5714_aFix_pol_I_Farcsec_5pln_cor,4,-1.797733420971781e-05,3.096696309512481e-05,
J2340.1-8510_aFix_pol_I_Farcsec_5pln_cor_crop_0091.npy,J2340.1-8510_aFix_pol_I_Farcsec_5pln_cor,91,-1.53458950080676e-05,3.938611553166993e-05,
J0745.1-5404_aFix_pol_I_Farcsec_5pln_cor_crop_0046.npy,J0745.1-5404_aFix_pol_I_Farcsec_5pln_cor,46,-1.8277149138157256e-05,3.714456397574395e-05,
J1240.2-4825_aFix_pol_I_Farcsec_5pln_cor_crop_0025.npy,J1240.2-4825_aFix_pol_I_Farcsec_5pln_cor,25,-1.6159494407474995e-05,3.676811684272252e-05,
Abell_S1063_nofix_pol_I_Farcsec_5pln_cor_crop_0181.npy,Abell_S1063_nofix_pol_I_Farcsec_5pln_cor,181,-1.3156100976630114e-05,3.549207394826226e-05,
Abell_3365_noFix_pol_I_Farcsec_5pln_cor_crop_0043.npy,Abell_3365_noFix_pol_I_Farcsec_5pln_cor,43,-3.684182956931181e-05,5.151375808054581e-05,
MACSJ_0025.4-1222B_aFix_pol_I_Farcsec_5pln_cor_crop_0037.npy,MACSJ_0025.4-1222B_aFix_pol_I_Farcsec_5pln_cor,37,-2.179453076678328e-05,4.608399467542768e-05,
Abell_2744_aFix_pol_I_Farcsec_5pln_cor_crop_0182.npy,Abell_2744_aFix_pol_I_Farcsec_5pln_cor,182,-1.4511139852402266e-05,3.865708276862279e-05,
J2340.1-8510_aFix_pol_I_Farcsec_5pln_cor_crop_0085.npy,J2340.1-8510_aFix_pol_I_Farcsec_5pln_cor,85,-1.53458950080676e-05,3.938611553166993e-05,
J0225.9-4154_aFix_pol_I_Farcsec_5pln_cor_crop_0140.npy,J0225.9-4154_aFix_pol_I_Farcsec_5pln_cor,140,-1.4831659427727573e-05,3.976373773184605e-05,
J0626.3-5341_aFix_pol_I_Farcsec_5pln_cor_crop_0037.npy,J0626.3-5341_aFix_pol_I_Farcsec_5pln_cor,37,-2.286754715896677e-05,4.3426152842585e-05,
J2319.2-6750_aFix_pol_I_Farcsec_5pln_cor_crop_0090.npy,J2319.2-6750_aFix_pol_I_Farcsec_5pln_cor,90,-1.762574174790643e-05,3.985196599387564e-05,
J0525.8-4715_aFix_pol_I_Farcsec_5pln_cor_crop_0082.npy,J0525.8-4715_aFix_pol_I_Farcsec_5pln_cor,82,-1.611813422641717e-05,4.044059460284189e-05,
J0625.2-5521_aFix_pol_I_Farcsec_5pln_cor_crop_0131.npy,J0625.2-5521_aFix_pol_I_Farcsec_5pln_cor,131,-2.603908251330722e-05,3.9954342355486006e-05,
J0314.3-4525_aFix_pol_I_Farcsec_5pln_cor_crop_0070.npy,J0314.3-4525_aFix_pol_I_Farcsec_5pln_cor,70,-1.2252019587322138e-05,3.824526356766e-05,
J1145.6-5420_aFix_pol_I_Farcsec_5pln_cor_crop_0169.npy,J1145.6-5420_aFix_pol_I_Farcsec_5pln_cor,169,-1.6585625417064875e-05,3.3761494705686346e-05,
J0745.1-5404_aFix_pol_I_Farcsec_5pln_cor_crop_0025.npy,J0745.1-5404_aFix_pol_I_Farcsec_5pln_cor,25,-1.8277149138157256e-05,3.714456397574395e-05,
J0416.7-5525_aFix_pol_I_Farcsec_5pln_cor_crop_0016.npy,J0416.7-5525_aFix_pol_I_Farcsec_5pln_cor,16,-1.4703909073432442e-05,4.304752292227931e-05,
Abell_2751_aFix_pol_I_Farcsec_5pln_cor_crop_0119.npy,Abell_2751_aFix_pol_I_Farcsec_5pln_cor,119,-2.5066670787055045e-05,4.310646909289062e-05,
RXCJ0225.1-22928_aFix_pol_I_Farcsec_5pln_cor_crop_0154.npy,RXCJ0225.1-22928_aFix_pol_I_Farcsec_5pln_cor,154,-3.11890325974673e-05,5.4694857681170106e-05,
J1518.3-4632_aFix_pol_I_Farcsec_5pln_cor_crop_0093.npy,J1518.3-4632_aFix_pol_I_Farcsec_5pln_cor,93,-2.6316898583900183e-05,3.836355244857259e-05,
J0328.6-5542_aFix_pol_I_Farcsec_5pln_cor_crop_0136.npy,J0328.6-5542_aFix_pol_I_Farcsec_5pln_cor,136,-1.7376105461153202e-05,3.237917189835571e-05,
J0948.6-8327_aFix_pol_I_Farcsec_5pln_cor_crop_0125.npy,J0948.6-8327_aFix_pol_I_Farcsec_5pln_cor,125,-1.3834469427820297e-05,3.5308996302774176e-05,
J0607.0-4928_aFix_pol_I_Farcsec_5pln_cor_crop_0138.npy,J0607.0-4928_aFix_pol_I_Farcsec_5pln_cor,138,-1.727664130157791e-05,3.109658064204268e-05,
MACS_J0257.6-2209_noFix_pol_I_Farcsec_5pln_cor_crop_0151.npy,MACS_J0257.6-2209_noFix_pol_I_Farcsec_5pln_cor,151,-2.3381955543300137e-05,4.110854570171796e-05,
Abell_S1063_nofix_pol_I_Farcsec_5pln_cor_crop_0105.npy,Abell_S1063_nofix_pol_I_Farcsec_5pln_cor,105,-1.3156100976630114e-05,3.549207394826226e-05,
J0712.0-6030_aFix_pol_I_Farcsec_5pln_cor_crop_0149.npy,J0712.0-6030_aFix_pol_I_Farcsec_5pln_cor,149,-1.3525442227546591e-05,3.74543305952102e-05,
J0431.4-6126_aFix_pol_I_Farcsec_5pln_cor_crop_0012.npy,J0431.4-6126_aFix_pol_I_Farcsec_5pln_cor,12,-2.59030784945935e-05,4.582747351378202e-05,
J1645.4-7334_aFix_pol_I_Farcsec_5pln_cor_crop_0143.npy,J1645.4-7334_aFix_pol_I_Farcsec_5pln_cor,143,-2.7542228053789582e-05,5.101114220451564e-05,
J0625.2-5521_aFix_pol_I_Farcsec_5pln_cor_crop_0170.npy,J0625.2-5521_aFix_pol_I_Farcsec_5pln_cor,170,-2.603908251330722e-05,3.9954342355486006e-05,
J0820.9-5704_aFix_pol_I_Farcsec_5pln_cor_crop_0070.npy,J0820.9-5704_aFix_pol_I_Farcsec_5pln_cor,70,-1.654735388001427e-05,3.4318985854042694e-05,
MACSJ_0025.4-1222B_aFix_pol_I_Farcsec_5pln_cor_crop_0066.npy,MACSJ_0025.4-1222B_aFix_pol_I_Farcsec_5pln_cor,66,-2.179453076678328e-05,4.608399467542768e-05,
J0342.8-5338_aFix_pol_I_Farcsec_5pln_cor_crop_0113.npy,J0342.8-5338_aFix_pol_I_Farcsec_5pln_cor,113,-1.83263164217351e-05,3.698056025314145e-05,
J1535.1-4658_aFix_pol_I_Farcsec_5pln_cor_crop_0165.npy,J1535.1-4658_aFix_pol_I_Farcsec_5pln_cor,165,-2.547855729062576e-05,3.796764576691203e-05,
J0607.0-4928_aFix_pol_I_Farcsec_5pln_cor_crop_0074.npy,J0607.0-4928_aFix_pol_I_Farcsec_5pln_cor,74,-1.727664130157791e-05,3.109658064204268e-05,
J1145.6-5420_aFix_pol_I_Farcsec_5pln_cor_crop_0034.npy,J1145.6-5420_aFix_pol_I_Farcsec_5pln_cor,34,-1.6585625417064875e-05,3.3761494705686346e-05,
MACSJ_0025.4-1222B_aFix_pol_I_Farcsec_5pln_cor_crop_0002.npy,MACSJ_0025.4-1222B_aFix_pol_I_Farcsec_5pln_cor,2,-2.179453076678328e-05,4.608399467542768e-05,
J0658.5-5556_aFix_pol_I_Farcsec_5pln_cor_crop_0184.npy,J0658.5-5556_aFix_pol_I_Farcsec_5pln_cor,184,-1.5211503523460124e-05,4.380349491839297e-05,
J0610.5-4848_aFix_pol_I_Farcsec_5pln_cor_crop_0166.npy,J0610.5-4848_aFix_pol_I_Farcsec_5pln_cor,166,-1.432743010809645e-05,3.869758802466095e-05,
J0449.9-4440_aFix_pol_I_Farcsec_5pln_cor_crop_0074.npy,J0449.9-4440_aFix_pol_I_Farcsec_5pln_cor,74,-1.3652566849486902e-05,3.79539851564914e-05,
J0645.4-5413_aFix_pol_I_Farcsec_5pln_cor_crop_0137.npy,J0645.4-5413_aFix_pol_I_Farcsec_5pln_cor,137,-1.871160566224717e-05,4.457303657545708e-05,
Abell_3376copy_aFix_pol_I_Farcsec_5pln_cor_crop_0009.npy,Abell_3376copy_aFix_pol_I_Farcsec_5pln_cor,9,-1.6748330381233245e-05,4.895990059594624e-05,
Abell_85_aFix_pol_I_Farcsec_5pln_cor_crop_0178.npy,Abell_85_aFix_pol_I_Farcsec_5pln_cor,178,-1.6969566786428913e-05,4.114058901905082e-05,
J0225.9-4154_aFix_pol_I_Farcsec_5pln_cor_crop_0123.npy,J0225.9-4154_aFix_pol_I_Farcsec_5pln_cor,123,-1.4831659427727573e-05,3.976373773184605e-05,
Abell_133_aFix_pol_I_Farcsec_5pln_cor_crop_0171.npy,Abell_133_aFix_pol_I_Farcsec_5pln_cor,171,-1.6750700524426065e-05,3.861152799800038e-05,
J0540.1-4050_aFix_pol_I_Farcsec_5pln_cor_crop_0023.npy,J0540.1-4050_aFix_pol_I_Farcsec_5pln_cor,23,-1.9781218725256625e-05,3.538576129358262e-05,
J0543.4-4430_aFix_pol_I_Farcsec_5pln_cor_crop_0156.npy,J0543.4-4430_aFix_pol_I_Farcsec_5pln_cor,156,-1.920615613926202e-05,4.022587017971091e-05,
RXCJ0225.1-22928_aFix_pol_I_Farcsec_5pln_cor_crop_0044.npy,RXCJ0225.1-22928_aFix_pol_I_Farcsec_5pln_cor,44,-3.11890325974673e-05,5.4694857681170106e-05,
Bullet_aFix_pol_I_Farcsec_5pln_cor_crop_0001.npy,Bullet_aFix_pol_I_Farcsec_5pln_cor,1,-1.5211503523460124e-05,4.380349491839297e-05,
J0232.2-4420_aFix_pol_I_Farcsec_5pln_cor_crop_0041.npy,J0232.2-4420_aFix_pol_I_Farcsec_5pln_cor,41,-1.3283781299833208e-05,3.414206730667502e-05,
J0317.9-4414_aFix_pol_I_Farcsec_5pln_cor_crop_0051.npy,J0317.9-4414_aFix_pol_I_Farcsec_5pln_cor,51,-1.825527215260081e-05,4.13110428780783e-05,
J0638.7-5358_aFix_pol_I_Farcsec_5pln_cor_crop_0083.npy,J0638.7-5358_aFix_pol_I_Farcsec_5pln_cor,83,-1.4472521797870286e-05,3.7130746932234615e-05,
J1840.6-7709_aFix_pol_I_Farcsec_5pln_cor_crop_0114.npy,J1840.6-7709_aFix_pol_I_Farcsec_5pln_cor,114,-1.7610127542866394e-05,4.188125240034424e-05,
J0545.5-4756_aFix_pol_I_Farcsec_5pln_cor_crop_0187.npy,J0545.5-4756_aFix_pol_I_Farcsec_5pln_cor,187,-1.6526179024367593e-05,4.097030614502728e-05,
Abell_141_aFix_pol_I_Farcsec_5pln_cor_crop_0161.npy,Abell_141_aFix_pol_I_Farcsec_5pln_cor,161,-1.6963114831014536e-05,3.675864718388766e-05,
Abell_548_Cen_aFix_pol_I_Farcsec_5pln_cor_crop_0189.npy,Abell_548_Cen_aFix_pol_I_Farcsec_5pln_cor,189,-1.6901160051929764e-05,5.435498314909637e-05,
Abell_3558_aFix_pol_I_Farcsec_5pln_cor_crop_0091.npy,Abell_3558_aFix_pol_I_Farcsec_5pln_cor,91,-2.058644531643949e-05,4.082424857188016e-05,
ElGordo_aFix_pol_I_Farcsec_5pln_cor_crop_0018.npy,ElGordo_aFix_pol_I_Farcsec_5pln_cor,18,-1.8438237020745877e-05,3.2559692044742405e-05,
J0027.3-5015_aFix_pol_I_Farcsec_5pln_cor_crop_0122.npy,J0027.3-5015_aFix_pol_I_Farcsec_5pln_cor,122,-1.4346433999889996e-05,3.467470014584251e-05,
Abell_133_aFix_pol_I_Farcsec_5pln_cor_crop_0200.npy,Abell_133_aFix_pol_I_Farcsec_5pln_cor,200,-1.6750700524426065e-05,3.861152799800038e-05,
Abell_3376copy_aFix_pol_I_Farcsec_5pln_cor_crop_0182.npy,Abell_3376copy_aFix_pol_I_Farcsec_5pln_cor,182,-1.6748330381233245e-05,4.895990059594624e-05,
J0212.8-4707_aFix_pol_I_Farcsec_5pln_cor_crop_0184.npy,J0212.8-4707_aFix_pol_I_Farcsec_5pln_cor,184,-1.7747841411619447e-05,3.736264625331387e-05,
J0610.5-4848_aFix_pol_I_Farcsec_5pln_cor_crop_0112.npy,J0610.5-4848_aFix_pol_I_Farcsec_5pln_cor,112,-1.432743010809645e-05,3.869758802466095e-05,
J0610.5-4848_aFix_pol_I_Farcsec_5pln_cor_crop_0070.npy,J0610.5-4848_aFix_pol_I_Farcsec_5pln_cor,70,-1.432743010809645e-05,3.869758802466095e-05,
J1705.1-8210_aFix_pol_I_Farcsec_5pln_cor_crop_0083.npy,J1705.1-8210_aFix_pol_I_Farcsec_5pln_cor,83,-2.258976564917248e-05,4.054370947415009e-05,
MACS_J0257.6-2209_noFix_pol_I_Farcsec_5pln_cor_crop_0023.npy,MACS_J0257.6-2209_noFix_pol_I_Farcsec_5pln_cor,23,-2.3381955543300137e-05,4.110854570171796e-05,
J0216.3-4816_aFix_pol_I_Farcsec_5pln_cor_crop_0155.npy,J0216.3-4816_aFix_pol_I_Farcsec_5pln_cor,155,-1.5618124962202273e-05,5.211478855926544e-05,
Abell_141_aFix_pol_I_Farcsec_5pln_cor_crop_0094.npy,Abell_141_aFix_pol_I_Farcsec_5pln_cor,94,-1.6963114831014536e-05,3.675864718388766e-05,
Abell_2744_aFix_pol_I_Farcsec_5pln_cor_crop_0135.npy,Abell_2744_aFix_pol_I_Farcsec_5pln_cor,135,-1.4511139852402266e-05,3.865708276862279e-05,
J0431.4-6126_aFix_pol_I_Farcsec_5pln_cor_crop_0078.npy,J0431.4-6126_aFix_pol_I_Farcsec_5pln_cor,78,-2.59030784945935e-05,4.582747351378202e-05,
J0510.2-4519_aFix_pol_I_Farcsec_5pln_cor_crop_0025.npy,J0510.2-4519_aFix_pol_I_Farcsec_5pln_cor,25,-1.650593003432732e-05,3.797405952354893e-05,
J1410.4-4246_aFix_pol_I_Farcsec_5pln_cor_crop_0087.npy,J1410.4-4246_aFix_pol_I_Farcsec_5pln_cor,87,-2.2075269953347743e-05,4.486642137635499e-05,
J0406.7-7116_aFix_pol_I_Farcsec_5pln_cor_crop_0045.npy,J0406.7-7116_aFix_pol_I_Farcsec_5pln_cor,45,-1.6727117326809093e-05,3.893847315339372e-05,
J0542.8-4100_aFix_pol_I_Farcsec_5pln_cor_crop_0003.npy,J0542.8-4100_aFix_pol_I_Farcsec_5pln_cor,3,-1.260944191017188e-05,3.595814996515401e-05,
J0027.3-5015_aFix_pol_I_Farcsec_5pln_cor_crop_0169.npy,J0027.3-5015_aFix_pol_I_Farcsec_5pln_cor,169,-1.4346433999889996e-05,3.467470014584251e-05,
J0212.8-4707_aFix_pol_I_Farcsec_5pln_cor_crop_0018.npy,J0212.8-4707_aFix_pol_I_Farcsec_5pln_cor,18,-1.7747841411619447e-05,3.736264625331387e-05,
J1410.4-4246_aFix_pol_I_Farcsec_5pln_cor_crop_0145.npy,J1410.4-4246_aFix_pol_I_Farcsec_5pln_cor,145,-2.2075269953347743e-05,4.486642137635499e-05,
Abell_2811_noFix_pol_I_Farcsec_5pln_cor_crop_0043.npy,Abell_2811_noFix_pol_I_Farcsec_5pln_cor,43,-5.993724334985018e-05,7.318957068491727e-05,
J0542.8-4100_aFix_pol_I_Farcsec_5pln_cor_crop_0105.npy,J0542.8-4100_aFix_pol_I_Farcsec_5pln_cor,105,-1.260944191017188e-05,3.595814996515401e-05,
Abell_S295_aFix_pol_I_Farcsec_5pln_cor_crop_0176.npy,Abell_S295_aFix_pol_I_Farcsec_5pln_cor,176,-1.2192884241812862e-05,4.2860785470111296e-05,
J1653.0-5943_aFix_pol_I_Farcsec_5pln_cor_crop_0140.npy,J1653.0-5943_aFix_pol_I_Farcsec_5pln_cor,140,-2.6878653443418443e-05,3.650951839517802e-05,
J0303.7-7752_aFix_pol_I_Farcsec_5pln_cor_crop_0078.npy,J0303.7-7752_aFix_pol_I_Farcsec_5pln_cor,78,-1.6216928997891955e-05,3.944924537790939e-05,
J0406.7-7116_aFix_pol_I_Farcsec_5pln_cor_crop_0190.npy,J0406.7-7116_aFix_pol_I_Farcsec_5pln_cor,190,-1.6727117326809093e-05,3.893847315339372e-05,
J0145.0-5300_aFix_pol_I_Farcsec_5pln_cor_crop_0076.npy,J0145.0-5300_aFix_pol_I_Farcsec_5pln_cor,76,-1.4464765627053566e-05,3.505407221382484e-05,
J1410.4-4246_aFix_pol_I_Farcsec_5pln_cor_crop_0193.npy,J1410.4-4246_aFix_pol_I_Farcsec_5pln_cor,193,-2.2075269953347743e-05,4.486642137635499e-05,
J0638.7-5358_aFix_pol_I_Farcsec_5pln_cor_crop_0068.npy,J0638.7-5358_aFix_pol_I_Farcsec_5pln_cor,68,-1.4472521797870286e-05,3.7130746932234615e-05,
J0943.4-7619_aFix_pol_I_Farcsec_5pln_cor_crop_0056.npy,J0943.4-7619_aFix_pol_I_Farcsec_5pln_cor,56,-2.481557567080017e-05,4.054028249811381e-05,
J0510.2-4519_aFix_pol_I_Farcsec_5pln_cor_crop_0033.npy,J0510.2-4519_aFix_pol_I_Farcsec_5pln_cor,33,-1.650593003432732e-05,3.797405952354893e-05,
J0351.1-8212_aFix_pol_I_Farcsec_5pln_cor_crop_0063.npy,J0351.1-8212_aFix_pol_I_Farcsec_5pln_cor,63,-1.34867677843431e-05,3.901409581885673e-05,
J0014.3-6604_aFix_pol_I_Farcsec_5pln_cor_crop_0147.npy,J0014.3-6604_aFix_pol_I_Farcsec_5pln_cor,147,-1.2331886864558328e-05,3.584220394259319e-05,
J1410.4-4246_aFix_pol_I_Farcsec_5pln_cor_crop_0021.npy,J1410.4-4246_aFix_pol_I_Farcsec_5pln_cor,21,-2.2075269953347743e-05,4.486642137635499e-05,
J2023.4-5535_aFix_pol_I_Farcsec_5pln_cor_crop_0047.npy,J2023.4-5535_aFix_pol_I_Farcsec_5pln_cor,47,-2.326385947526433e-05,4.042817090521567e-05,
J0027.3-5015_aFix_pol_I_Farcsec_5pln_cor_crop_0125.npy,J0027.3-5015_aFix_pol_I_Farcsec_5pln_cor,125,-1.4346433999889996e-05,3.467470014584251e-05,
J1539.5-8335_aFix_pol_I_Farcsec_5pln_cor_crop_0073.npy,J1539.5-8335_aFix_pol_I_Farcsec_5pln_cor,73,-1.7301776097156107e-05,3.6628662201110274e-05,
J0516.6-5430_aFix_pol_I_Farcsec_5pln_cor_crop_0033.npy,J0516.6-5430_aFix_pol_I_Farcsec_5pln_cor,33,-1.4557363101630472e-05,3.583080251701176e-05,
J0757.7-5315_aFix_pol_I_Farcsec_5pln_cor_crop_0122.npy,J0757.7-5315_aFix_pol_I_Farcsec_5pln_cor,122,-1.5817182429600507e-05,3.550770634319633e-05,
J0145.0-5300_aFix_pol_I_Farcsec_5pln_cor_crop_0004.npy,J0145.0-5300_aFix_pol_I_Farcsec_5pln_cor,4,-1.4464765627053566e-05,3.505407221382484e-05,
J0738.1-7506_aFix_pol_I_Farcsec_5pln_cor_crop_0105.npy,J0738.1-7506_aFix_pol_I_Farcsec_5pln_cor,105,-1.3090567335893866e-05,3.692142854561098e-05,
Abell_22_aFix_pol_I_Farcsec_5pln_cor_crop_0045.npy,Abell_22_aFix_pol_I_Farcsec_5pln_cor,45,-1.7687332729110494e-05,3.791484050452709e-05,
J0600.8-5835_aFix_pol_I_Farcsec_5pln_cor_crop_0157.npy,J0600.8-5835_aFix_pol_I_Farcsec_5pln_cor,157,-1.2947120012540836e-05,3.535595169523731e-05,
J0820.9-5704_aFix_pol_I_Farcsec_5pln_cor_crop_0157.npy,J0820.9-5704_aFix_pol_I_Farcsec_5pln_cor,157,-1.654735388001427e-05,3.4318985854042694e-05,
J1130.0-4213_aFix_pol_I_Farcsec_5pln_cor_crop_0087.npy,J1130.0-4213_aFix_pol_I_Farcsec_5pln_cor,87,-1.5924631952657364e-05,3.826789543381892e-05,
J0631.3-5610_aFix_pol_I_Farcsec_5pln_cor_crop_0055.npy,J0631.3-5610_aFix_pol_I_Farcsec_5pln_cor,55,-1.3746558579441626e-05,3.730034950422123e-05,
J0217.2-5244_aFix_pol_I_Farcsec_5pln_cor_crop_0139.npy,J0217.2-5244_aFix_pol_I_Farcsec_5pln_cor,139,-1.7379512428306043e-05,3.482505780993961e-05,
J0625.2-5521_aFix_pol_I_Farcsec_5pln_cor_crop_0178.npy,J0625.2-5521_aFix_pol_I_Farcsec_5pln_cor,178,-2.603908251330722e-05,3.9954342355486006e-05,
J0528.9-3927_B_aFix_pol_I_Farcsec_5pln_cor_crop_0009.npy,J0528.9-3927_B_aFix_pol_I_Farcsec_5pln_cor,9,-1.3992802450957242e-05,3.4315333323320374e-05,
J0616.8-4748_aFix_pol_I_Farcsec_5pln_cor_crop_0103.npy,J0616.8-4748_aFix_pol_I_Farcsec_5pln_cor,103,-1.6417492588516325e-05,3.9486680179834366e-05,
J1423.7-5412_aFix_pol_I_Farcsec_5pln_cor_crop_0066.npy,J1423.7-5412_aFix_pol_I_Farcsec_5pln_cor,66,-1.8973547412315384e-05,4.0196806367021054e-05,
J1410.4-4246_aFix_pol_I_Farcsec_5pln_cor_crop_0015.npy,J1410.4-4246_aFix_pol_I_Farcsec_5pln_cor,15,-2.2075269953347743e-05,4.486642137635499e-05,
J1358.9-4750_aFix_pol_I_Farcsec_5pln_cor_crop_0170.npy,J1358.9-4750_aFix_pol_I_Farcsec_5pln_cor,170,-2.6460520530235957e-05,4.666853419621475e-05,
Abell_545_aFix_pol_I_Farcsec_5pln_cor_crop_0035.npy,Abell_545_aFix_pol_I_Farcsec_5pln_cor,35,-1.9454066205071285e-05,4.5050637709209695e-05,
Abell_548_aFix_pol_I_Farcsec_5pln_cor_crop_0207.npy,Abell_548_aFix_pol_I_Farcsec_5pln_cor,207,-1.682372203504201e-05,5.429780867416412e-05,
Abell_2645_noFix_pol_I_Farcsec_5pln_cor_crop_0041.npy,Abell_2645_noFix_pol_I_Farcsec_5pln_cor,41,-3.2132909836946055e-05,5.223612970439717e-05,
Abell_13_noFix_pol_I_Farcsec_5pln_cor_crop_0102.npy,Abell_13_noFix_pol_I_Farcsec_5pln_cor,102,-1.9173105101799592e-05,3.867880150210112e-05,
J0352.4-7401_aFix_pol_I_Farcsec_5pln_cor_crop_0132.npy,J0352.4-7401_aFix_pol_I_Farcsec_5pln_cor,132,-1.3432473679131364e-05,3.414728053030558e-05,
J0738.1-7506_aFix_pol_I_Farcsec_5pln_cor_crop_0078.npy,J0738.1-7506_aFix_pol_I_Farcsec_5pln_cor,78,-1.3090567335893866e-05,3.692142854561098e-05,
J0542.8-4100_aFix_pol_I_Farcsec_5pln_cor_crop_0111.npy,J0542.8-4100_aFix_pol_I_Farcsec_5pln_cor,111,-1.260944191017188e-05,3.595814996515401e-05,
MACS_J0257.6-2209_noFix_pol_I_Farcsec_5pln_cor_crop_0014.npy,MACS_J0257.6-2209_noFix_pol_I_Farcsec_5pln_cor,14,-2.3381955543300137e-05,4.110854570171796e-05,
J0352.4-7401_aFix_pol_I_Farcsec_5pln_cor_crop_0061.npy,J0352.4-7401_aFix_pol_I_Farcsec_5pln_cor,61,-1.3432473679131364e-05,3.414728053030558e-05,
Abell_3558_aFix_pol_I_Farcsec_5pln_cor_crop_0169.npy,Abell_3558_aFix_pol_I_Farcsec_5pln_cor,169,-2.058644531643949e-05,4.082424857188016e-05,
Abell_S1121_noFix_pol_I_Farcsec_5pln_cor_crop_0080.npy,Abell_S1121_noFix_pol_I_Farcsec_5pln_cor,80,-4.2447074520168826e-05,6.132334965514019e-05,
Abell_3558_aFix_pol_I_Farcsec_5pln_cor_crop_0126.npy,Abell_3558_aFix_pol_I_Farcsec_5pln_cor,126,-2.058644531643949e-05,4.082424857188016e-05,
Abell_4038_aFix_pol_I_Farcsec_5pln_cor_crop_0204.npy,Abell_4038_aFix_pol_I_Farcsec_5pln_cor,204,-1.8985389033332467e-05,4.2698269680840895e-05,
J0610.5-4848_aFix_pol_I_Farcsec_5pln_cor_crop_0181.npy,J0610.5-4848_aFix_pol_I_Farcsec_5pln_cor,181,-1.432743010809645e-05,3.869758802466095e-05,
Abell_194_aFix_pol_I_Farcsec_5pln_cor_crop_0180.npy,Abell_194_aFix_pol_I_Farcsec_5pln_cor,180,-3.945245043723844e-05,0.0001343678013654,
J2104.9-8243_aFix_pol_I_Farcsec_5pln_cor_crop_0102.npy,J2104.9-8243_aFix_pol_I_Farcsec_5pln_cor,102,-1.633186730032321e-05,3.551336703822017e-05,
J1653.0-5943_aFix_pol_I_Farcsec_5pln_cor_crop_0124.npy,J1653.0-5943_aFix_pol_I_Farcsec_5pln_cor,124,-2.6878653443418443e-05,3.650951839517802e-05,
Abell_545_aFix_pol_I_Farcsec_5pln_cor_crop_0048.npy,Abell_545_aFix_pol_I_Farcsec_5pln_cor,48,-1.9454066205071285e-05,4.5050637709209695e-05,
Abell_33_noFix_pol_I_Farcsec_5pln_cor_crop_0050.npy,Abell_33_noFix_pol_I_Farcsec_5pln_cor,50,-2.8547556212288328e-05,4.8568657803116366e-05,
Abell_S295_aFix_pol_I_Farcsec_5pln_cor_crop_0223.npy,Abell_S295_aFix_pol_I_Farcsec_5pln_cor,223,-1.2192884241812862e-05,4.2860785470111296e-05,
Abell_3365A_noFix_pol_I_Farcsec_5pln_cor_crop_0180.npy,Abell_3365A_noFix_pol_I_Farcsec_5pln_cor,180,-1.5037990124255884e-05,3.877880590152927e-05,
J1705.1-8210_aFix_pol_I_Farcsec_5pln_cor_crop_0182.npy,J1705.1-8210_aFix_pol_I_Farcsec_5pln_cor,182,-2.258976564917248e-05,4.054370947415009e-05,
J0336.3-4037_aFix_pol_I_Farcsec_5pln_cor_crop_0164.npy,J0336.3-4037_aFix_pol_I_Farcsec_5pln_cor,164,-1.9070150301558897e-05,3.8439713534899056e-05,
J0351.1-8212_aFix_pol_I_Farcsec_5pln_cor_crop_0017.npy,J0351.1-8212_aFix_pol_I_Farcsec_5pln_cor,17,-1.34867677843431e-05,3.901409581885673e-05,
J0303.7-7752_aFix_pol_I_Farcsec_5pln_cor_crop_0170.npy,J0303.7-7752_aFix_pol_I_Farcsec_5pln_cor,170,-1.6216928997891955e-05,3.944924537790939e-05,
Abell_194_aFix_pol_I_Farcsec_5pln_cor_crop_0100.npy,Abell_194_aFix_pol_I_Farcsec_5pln_cor,100,-3.945245043723844e-05,0.0001343678013654,
J0820.9-5704_aFix_pol_I_Farcsec_5pln_cor_crop_0007.npy,J0820.9-5704_aFix_pol_I_Farcsec_5pln_cor,7,-1.654735388001427e-05,3.4318985854042694e-05,
J1358.9-4750_aFix_pol_I_Farcsec_5pln_cor_crop_0073.npy,J1358.9-4750_aFix_pol_I_Farcsec_5pln_cor,73,-2.6460520530235957e-05,4.666853419621475e-05,
Abell_2597_noFix_pol_I_Farcsec_5pln_cor_crop_0143.npy,Abell_2597_noFix_pol_I_Farcsec_5pln_cor,143,-5.033568595536053e-05,6.417310942197219e-05,
J0014.3-6604_aFix_pol_I_Farcsec_5pln_cor_crop_0104.npy,J0014.3-6604_aFix_pol_I_Farcsec_5pln_cor,104,-1.2331886864558328e-05,3.584220394259319e-05,
J0216.3-4816_aFix_pol_I_Farcsec_5pln_cor_crop_0044.npy,J0216.3-4816_aFix_pol_I_Farcsec_5pln_cor,44,-1.5618124962202273e-05,5.211478855926544e-05,
J1410.4-4246_aFix_pol_I_Farcsec_5pln_cor_crop_0027.npy,J1410.4-4246_aFix_pol_I_Farcsec_5pln_cor,27,-2.2075269953347743e-05,4.486642137635499e-05,
J0317.9-4414_aFix_pol_I_Farcsec_5pln_cor_crop_0093.npy,J0317.9-4414_aFix_pol_I_Farcsec_5pln_cor,93,-1.825527215260081e-05,4.13110428780783e-05,
J0406.7-7116_aFix_pol_I_Farcsec_5pln_cor_crop_0176.npy,J0406.7-7116_aFix_pol_I_Farcsec_5pln_cor,176,-1.6727117326809093e-05,3.893847315339372e-05,
Abell_2895_noFix_pol_I_Farcsec_5pln_cor_crop_0164.npy,Abell_2895_noFix_pol_I_Farcsec_5pln_cor,164,-1.7904101696331054e-05,3.5388853575568646e-05,
RXCJ1314_aFix_pol_I_Farcsec_5pln_cor_crop_0159.npy,RXCJ1314_aFix_pol_I_Farcsec_5pln_cor,159,-2.6271653041476384e-05,4.702054502558895e-05,
MACS_J0257.6-2209_aFix_pol_I_Farcsec_5pln_cor_crop_0114.npy,MACS_J0257.6-2209_aFix_pol_I_Farcsec_5pln_cor,114,-2.1241523427306674e-05,4.082491795998067e-05,
J1145.6-5420_aFix_pol_I_Farcsec_5pln_cor_crop_0097.npy,J1145.6-5420_aFix_pol_I_Farcsec_5pln_cor,97,-1.6585625417064875e-05,3.3761494705686346e-05,
J1358.9-4750_aFix_pol_I_Farcsec_5pln_cor_crop_0167.npy,J1358.9-4750_aFix_pol_I_Farcsec_5pln_cor,167,-2.6460520530235957e-05,4.666853419621475e-05,
Abell_3562_aFix_pol_I_Farcsec_5pln_cor_crop_0093.npy,Abell_3562_aFix_pol_I_Farcsec_5pln_cor,93,-2.032673728535883e-05,4.53729007858783e-05,
J0528.9-3927_B_aFix_pol_I_Farcsec_5pln_cor_crop_0030.npy,J0528.9-3927_B_aFix_pol_I_Farcsec_5pln_cor,30,-1.3992802450957242e-05,3.4315333323320374e-05,
J2319.2-6750_aFix_pol_I_Farcsec_5pln_cor_crop_0142.npy,J2319.2-6750_aFix_pol_I_Farcsec_5pln_cor,142,-1.762574174790643e-05,3.985196599387564e-05,
MACS_J0257.6-2209_aFix_pol_I_Farcsec_5pln_cor_crop_0092.npy,MACS_J0257.6-2209_aFix_pol_I_Farcsec_5pln_cor,92,-2.1241523427306674e-05,4.082491795998067e-05,
J1840.6-7709_aFix_pol_I_Farcsec_5pln_cor_crop_0040.npy,J1840.6-7709_aFix_pol_I_Farcsec_5pln_cor,40,-1.7610127542866394e-05,4.188125240034424e-05,
J1358.9-4750_aFix_pol_I_Farcsec_5pln_cor_crop_0107.npy,J1358.9-4750_aFix_pol_I_Farcsec_5pln_cor,107,-2.6460520530235957e-05,4.666853419621475e-05,
J0232.2-4420_aFix_pol_I_Farcsec_5pln_cor_crop_0026.npy,J0232.2-4420_aFix_pol_I_Farcsec_5pln_cor,26,-1.3283781299833208e-05,3.414206730667502e-05,
Abell_3376_aFix_pol_I_Farcsec_5pln_cor_crop_0151.npy,Abell_3376_aFix_pol_I_Farcsec_5pln_cor,151,-1.6748330381233245e-05,4.895990059594624e-05,
J0712.0-6030_aFix_pol_I_Farcsec_5pln_cor_crop_0027.npy,J0712.0-6030_aFix_pol_I_Farcsec_5pln_cor,27,-1.3525442227546591e-05,3.74543305952102e-05,
Abell_3376_aFix_pol_I_Farcsec_5pln_cor_crop_0100.npy,Abell_3376_aFix_pol_I_Farcsec_5pln_cor,100,-1.6748330381233245e-05,4.895990059594624e-05,
J0336.3-4037_aFix_pol_I_Farcsec_5pln_cor_crop_0116.npy,J0336.3-4037_aFix_pol_I_Farcsec_5pln_cor,116,-1.9070150301558897e-05,3.8439713534899056e-05,
J0449.9-4440_aFix_pol_I_Farcsec_5pln_cor_crop_0120.npy,J0449.9-4440_aFix_pol_I_Farcsec_5pln_cor,120,-1.3652566849486902e-05,3.79539851564914e-05,
J0820.9-5704_aFix_pol_I_Farcsec_5pln_cor_crop_0054.npy,J0820.9-5704_aFix_pol_I_Farcsec_5pln_cor,54,-1.654735388001427e-05,3.4318985854042694e-05,
RXCJ2351.0-19_noFix_pol_I_Farcsec_5pln_cor_crop_0053.npy,RXCJ2351.0-19_noFix_pol_I_Farcsec_5pln_cor,53,-1.7816319086705334e-05,4.150596214458346e-05,
J0637.3-4828_aFix_pol_I_Farcsec_5pln_cor_crop_0012.npy,J0637.3-4828_aFix_pol_I_Farcsec_5pln_cor,12,-1.5409788829856552e-05,3.9739050407661125e-05,
Abell_13_noFix_pol_I_Farcsec_5pln_cor_crop_0027.npy,Abell_13_noFix_pol_I_Farcsec_5pln_cor,27,-1.9173105101799592e-05,3.867880150210112e-05,
J0027.3-5015_aFix_pol_I_Farcsec_5pln_cor_crop_0035.npy,J0027.3-5015_aFix_pol_I_Farcsec_5pln_cor,35,-1.4346433999889996e-05,3.467470014584251e-05,
J0625.2-5521_aFix_pol_I_Farcsec_5pln_cor_crop_0023.npy,J0625.2-5521_aFix_pol_I_Farcsec_5pln_cor,23,-2.603908251330722e-05,3.9954342355486006e-05,
J1840.6-7709_aFix_pol_I_Farcsec_5pln_cor_crop_0178.npy,J1840.6-7709_aFix_pol_I_Farcsec_5pln_cor,178,-1.7610127542866394e-05,4.188125240034424e-05,
J0212.8-4707_aFix_pol_I_Farcsec_5pln_cor_crop_0139.npy,J0212.8-4707_aFix_pol_I_Farcsec_5pln_cor,139,-1.7747841411619447e-05,3.736264625331387e-05,
J0812.5-5714_aFix_pol_I_Farcsec_5pln_cor_crop_0203.npy,J0812.5-5714_aFix_pol_I_Farcsec_5pln_cor,203,-1.797733420971781e-05,3.096696309512481e-05,
J0658.5-5556_aFix_pol_I_Farcsec_5pln_cor_crop_0089.npy,J0658.5-5556_aFix_pol_I_Farcsec_5pln_cor,89,-1.5211503523460124e-05,4.380349491839297e-05,
Abell_3365A_noFix_pol_I_Farcsec_5pln_cor_crop_0030.npy,Abell_3365A_noFix_pol_I_Farcsec_5pln_cor,30,-1.5037990124255884e-05,3.877880590152927e-05,
J0638.7-5358_aFix_pol_I_Farcsec_5pln_cor_crop_0093.npy,J0638.7-5358_aFix_pol_I_Farcsec_5pln_cor,93,-1.4472521797870286e-05,3.7130746932234615e-05,
J0943.4-7619_aFix_pol_I_Farcsec_5pln_cor_crop_0170.npy,J0943.4-7619_aFix_pol_I_Farcsec_5pln_cor,170,-2.481557567080017e-05,4.054028249811381e-05,
Bullet_aFix_pol_I_Farcsec_5pln_cor_crop_0121.npy,Bullet_aFix_pol_I_Farcsec_5pln_cor,121,-1.5211503523460124e-05,4.380349491839297e-05,
J0232.2-4420_aFix_pol_I_Farcsec_5pln_cor_crop_0193.npy,J0232.2-4420_aFix_pol_I_Farcsec_5pln_cor,193,-1.3283781299833208e-05,3.414206730667502e-05,
J0948.6-8327_aFix_pol_I_Farcsec_5pln_cor_crop_0012.npy,J0948.6-8327_aFix_pol_I_Farcsec_5pln_cor,12,-1.3834469427820297e-05,3.5308996302774176e-05,
J0317.9-4414_aFix_pol_I_Farcsec_5pln_cor_crop_0140.npy,J0317.9-4414_aFix_pol_I_Farcsec_5pln_cor,140,-1.825527215260081e-05,4.13110428780783e-05,
MACS_J0257.6-2209_noFix_pol_I_Farcsec_5pln_cor_crop_0071.npy,MACS_J0257.6-2209_noFix_pol_I_Farcsec_5pln_cor,71,-2.3381955543300137e-05,4.110854570171796e-05,
Abell_2597_noFix_pol_I_Farcsec_5pln_cor_crop_0065.npy,Abell_2597_noFix_pol_I_Farcsec_5pln_cor,65,-5.033568595536053e-05,6.417310942197219e-05,
J2319.2-6750_aFix_pol_I_Farcsec_5pln_cor_crop_0180.npy,J2319.2-6750_aFix_pol_I_Farcsec_5pln_cor,180,-1.762574174790643e-05,3.985196599387564e-05,
J0406.7-7116_aFix_pol_I_Farcsec_5pln_cor_crop_0168.npy,J0406.7-7116_aFix_pol_I_Farcsec_5pln_cor,168,-1.6727117326809093e-05,3.893847315339372e-05,
J0117.8-5455_aFix_pol_I_Farcsec_5pln_cor_crop_0192.npy,J0117.8-5455_aFix_pol_I_Farcsec_5pln_cor,192,-1.313004395342432e-05,3.596906753955409e-05,
J0416.7-5525_aFix_pol_I_Farcsec_5pln_cor_crop_0128.npy,J0416.7-5525_aFix_pol_I_Farcsec_5pln_cor,128,-1.4703909073432442e-05,4.304752292227931e-05,
Abell_2811_noFix_pol_I_Farcsec_5pln_cor_crop_0044.npy,Abell_2811_noFix_pol_I_Farcsec_5pln_cor,44,-5.993724334985018e-05,7.318957068491727e-05,
J0631.3-5610_aFix_pol_I_Farcsec_5pln_cor_crop_0069.npy,J0631.3-5610_aFix_pol_I_Farcsec_5pln_cor,69,-1.3746558579441626e-05,3.730034950422123e-05,
J0545.5-4756_aFix_pol_I_Farcsec_5pln_cor_crop_0100.npy,J0545.5-4756_aFix_pol_I_Farcsec_5pln_cor,100,-1.6526179024367593e-05,4.097030614502728e-05,
Abell_521_noFix_pol_I_Farcsec_5pln_cor_crop_0149.npy,Abell_521_noFix_pol_I_Farcsec_5pln_cor,149,-1.8806747902999632e-05,4.423171412781812e-05,
Abell_3365_noFix_pol_I_Farcsec_5pln_cor_crop_0062.npy,Abell_3365_noFix_pol_I_Farcsec_5pln_cor,62,-3.684182956931181e-05,5.151375808054581e-05,
J0658.5-5556_aFix_pol_I_Farcsec_5pln_cor_crop_0191.npy,J0658.5-5556_aFix_pol_I_Farcsec_5pln_cor,191,-1.5211503523460124e-05,4.380349491839297e-05,
J0145.0-5300_aFix_pol_I_Farcsec_5pln_cor_crop_0172.npy,J0145.0-5300_aFix_pol_I_Farcsec_5pln_cor,172,-1.4464765627053566e-05,3.505407221382484e-05,
J0225.9-4154_aFix_pol_I_Farcsec_5pln_cor_crop_0177.npy,J0225.9-4154_aFix_pol_I_Farcsec_5pln_cor,177,-1.4831659427727573e-05,3.976373773184605e-05,
J1518.3-4632_aFix_pol_I_Farcsec_5pln_cor_crop_0000.npy,J1518.3-4632_aFix_pol_I_Farcsec_5pln_cor,0,-2.6316898583900183e-05,3.836355244857259e-05,
J0658.5-5556_aFix_pol_I_Farcsec_5pln_cor_crop_0123.npy,J0658.5-5556_aFix_pol_I_Farcsec_5pln_cor,123,-1.5211503523460124e-05,4.380349491839297e-05,
J1248.7-4118_aFix_pol_I_Farcsec_5pln_cor_crop_0121.npy,J1248.7-4118_aFix_pol_I_Farcsec_5pln_cor,121,-3.831612048088573e-05,5.340838833944872e-05,
J0314.3-4525_aFix_pol_I_Farcsec_5pln_cor_crop_0069.npy,J0314.3-4525_aFix_pol_I_Farcsec_5pln_cor,69,-1.2252019587322138e-05,3.824526356766e-05,
Abell_13_noFix_pol_I_Farcsec_5pln_cor_crop_0121.npy,Abell_13_noFix_pol_I_Farcsec_5pln_cor,121,-1.9173105101799592e-05,3.867880150210112e-05,
J1653.0-5943_aFix_pol_I_Farcsec_5pln_cor_crop_0087.npy,J1653.0-5943_aFix_pol_I_Farcsec_5pln_cor,87,-2.6878653443418443e-05,3.650951839517802e-05,
J0757.7-5315_aFix_pol_I_Farcsec_5pln_cor_crop_0176.npy,J0757.7-5315_aFix_pol_I_Farcsec_5pln_cor,176,-1.5817182429600507e-05,3.550770634319633e-05,
Abell_2485_noFix_pol_I_Farcsec_5pln_cor_crop_0025.npy,Abell_2485_noFix_pol_I_Farcsec_5pln_cor,25,-1.5763916962896474e-05,3.792858478846029e-05,
ElGordo_aFix_pol_I_Farcsec_5pln_cor_crop_0002.npy,ElGordo_aFix_pol_I_Farcsec_5pln_cor,2,-1.8438237020745877e-05,3.2559692044742405e-05,
J0745.1-5404_aFix_pol_I_Farcsec_5pln_cor_crop_0122.npy,J0745.1-5404_aFix_pol_I_Farcsec_5pln_cor,122,-1.8277149138157256e-05,3.714456397574395e-05,
Abell_3376copy_aFix_pol_I_Farcsec_5pln_cor_crop_0101.npy,Abell_3376copy_aFix_pol_I_Farcsec_5pln_cor,101,-1.6748330381233245e-05,4.895990059594624e-05,
J0352.4-7401_aFix_pol_I_Farcsec_5pln_cor_crop_0040.npy,J0352.4-7401_aFix_pol_I_Farcsec_5pln_cor,40,-1.3432473679131364e-05,3.414728053030558e-05,
J0027.3-5015_aFix_pol_I_Farcsec_5pln_cor_crop_0060.npy,J0027.3-5015_aFix_pol_I_Farcsec_5pln_cor,60,-1.4346433999889996e-05,3.467470014584251e-05,
J0540.1-4050_aFix_pol_I_Farcsec_5pln_cor_crop_0084.npy,J0540.1-4050_aFix_pol_I_Farcsec_5pln_cor,84,-1.9781218725256625e-05,3.538576129358262e-05,
Abell_S1063_nofix_pol_I_Farcsec_5pln_cor_crop_0060.npy,Abell_S1063_nofix_pol_I_Farcsec_5pln_cor,60,-1.3156100976630114e-05,3.549207394826226e-05,
Abell_2597_noFix_pol_I_Farcsec_5pln_cor_crop_0092.npy,Abell_2597_noFix_pol_I_Farcsec_5pln_cor,92,-5.033568595536053e-05,6.417310942197219e-05,
Abell_209_aFix_pol_I_Farcsec_5pln_cor_crop_0216.npy,Abell_209_aFix_pol_I_Farcsec_5pln_cor,216,-2.1105859559611417e-05,4.098449426237494e-05,
J1248.7-4118_aFix_pol_I_Farcsec_5pln_cor_crop_0008.npy,J1248.7-4118_aFix_pol_I_Farcsec_5pln_cor,8,-3.831612048088573e-05,5.340838833944872e-05,
J1410.4-4246_aFix_pol_I_Farcsec_5pln_cor_crop_0063.npy,J1410.4-4246_aFix_pol_I_Farcsec_5pln_cor,63,-2.2075269953347743e-05,4.486642137635499e-05,
J1535.1-4658_aFix_pol_I_Farcsec_5pln_cor_crop_0074.npy,J1535.1-4658_aFix_pol_I_Farcsec_5pln_cor,74,-2.547855729062576e-05,3.796764576691203e-05,
Abell_2485_noFix_pol_I_Farcsec_5pln_cor_crop_0156.npy,Abell_2485_noFix_pol_I_Farcsec_5pln_cor,156,-1.5763916962896474e-05,3.792858478846029e-05,
Abell_22_aFix_pol_I_Farcsec_5pln_cor_crop_0001.npy,Abell_22_aFix_pol_I_Farcsec_5pln_cor,1,-1.7687332729110494e-05,3.791484050452709e-05,
Abell_2751_aFix_pol_I_Farcsec_5pln_cor_crop_0182.npy,Abell_2751_aFix_pol_I_Farcsec_5pln_cor,182,-2.5066670787055045e-05,4.310646909289062e-05,
Abell_194_aFix_pol_I_Farcsec_5pln_cor_crop_0113.npy,Abell_194_aFix_pol_I_Farcsec_5pln_cor,113,-3.945245043723844e-05,0.0001343678013654,
J0406.7-7116_aFix_pol_I_Farcsec_5pln_cor_crop_0006.npy,J0406.7-7116_aFix_pol_I_Farcsec_5pln_cor,6,-1.6727117326809093e-05,3.893847315339372e-05,
J0212.8-4707_aFix_pol_I_Farcsec_5pln_cor_crop_0066.npy,J0212.8-4707_aFix_pol_I_Farcsec_5pln_cor,66,-1.7747841411619447e-05,3.736264625331387e-05,
J1358.9-4750_aFix_pol_I_Farcsec_5pln_cor_crop_0186.npy,J1358.9-4750_aFix_pol_I_Farcsec_5pln_cor,186,-2.6460520530235957e-05,4.666853419621475e-05,
J0449.9-4440_aFix_pol_I_Farcsec_5pln_cor_crop_0014.npy,J0449.9-4440_aFix_pol_I_Farcsec_5pln_cor,14,-1.3652566849486902e-05,3.79539851564914e-05,
ElGordo_aFix_pol_I_Farcsec_5pln_cor_crop_0021.npy,ElGordo_aFix_pol_I_Farcsec_5pln_cor,21,-1.8438237020745877e-05,3.2559692044742405e-05,
Abell_545_aFix_pol_I_Farcsec_5pln_cor_crop_0115.npy,Abell_545_aFix_pol_I_Farcsec_5pln_cor,115,-1.9454066205071285e-05,4.5050637709209695e-05,
J1145.6-5420_aFix_pol_I_Farcsec_5pln_cor_crop_0115.npy,J1145.6-5420_aFix_pol_I_Farcsec_5pln_cor,115,-1.6585625417064875e-05,3.3761494705686346e-05,
Abell_85_aFix_pol_I_Farcsec_5pln_cor_crop_0009.npy,Abell_85_aFix_pol_I_Farcsec_5pln_cor,9,-1.6969566786428913e-05,4.114058901905082e-05,
J0449.9-4440_aFix_pol_I_Farcsec_5pln_cor_crop_0040.npy,J0449.9-4440_aFix_pol_I_Farcsec_5pln_cor,40,-1.3652566849486902e-05,3.79539851564914e-05,
J0745.1-5404_aFix_pol_I_Farcsec_5pln_cor_crop_0201.npy,J0745.1-5404_aFix_pol_I_Farcsec_5pln_cor,201,-1.8277149138157256e-05,3.714456397574395e-05,
J0416.7-5525_aFix_pol_I_Farcsec_5pln_cor_crop_0039.npy,J0416.7-5525_aFix_pol_I_Farcsec_5pln_cor,39,-1.4703909073432442e-05,4.304752292227931e-05,
J1423.7-5412_aFix_pol_I_Farcsec_5pln_cor_crop_0076.npy,J1423.7-5412_aFix_pol_I_Farcsec_5pln_cor,76,-1.8973547412315384e-05,4.0196806367021054e-05,
J1840.6-7709_aFix_pol_I_Farcsec_5pln_cor_crop_0126.npy,J1840.6-7709_aFix_pol_I_Farcsec_5pln_cor,126,-1.7610127542866394e-05,4.188125240034424e-05,
Abell_2813_noFix_pol_I_Farcsec_5pln_cor_crop_0057.npy,Abell_2813_noFix_pol_I_Farcsec_5pln_cor,57,-2.1553638362092897e-05,4.1060964576900005e-05,
J1601.7-7544_aFix_pol_I_Farcsec_5pln_cor_crop_0121.npy,J1601.7-7544_aFix_pol_I_Farcsec_5pln_cor,121,-1.893065564217977e-05,4.2162908357568085e-05,
J0528.9-3927_B_aFix_pol_I_Farcsec_5pln_cor_crop_0130.npy,J0528.9-3927_B_aFix_pol_I_Farcsec_5pln_cor,130,-1.3992802450957242e-05,3.4315333323320374e-05,
J0757.7-5315_aFix_pol_I_Farcsec_5pln_cor_crop_0060.npy,J0757.7-5315_aFix_pol_I_Farcsec_5pln_cor,60,-1.5817182429600507e-05,3.550770634319633e-05,
J1201.0-4623_aFix_pol_I_Farcsec_5pln_cor_crop_0128.npy,J1201.0-4623_aFix_pol_I_Farcsec_5pln_cor,128,-1.437526134395739e-05,3.895712870871648e-05,
J0431.4-6126_aFix_pol_I_Farcsec_5pln_cor_crop_0063.npy,J0431.4-6126_aFix_pol_I_Farcsec_5pln_cor,63,-2.59030784945935e-05,4.582747351378202e-05,
J2340.1-8510_aFix_pol_I_Farcsec_5pln_cor_crop_0115.npy,J2340.1-8510_aFix_pol_I_Farcsec_5pln_cor,115,-1.53458950080676e-05,3.938611553166993e-05,
J0117.8-5455_aFix_pol_I_Farcsec_5pln_cor_crop_0110.npy,J0117.8-5455_aFix_pol_I_Farcsec_5pln_cor,110,-1.313004395342432e-05,3.596906753955409e-05,
J0449.9-4440_aFix_pol_I_Farcsec_5pln_cor_crop_0191.npy,J0449.9-4440_aFix_pol_I_Farcsec_5pln_cor,191,-1.3652566849486902e-05,3.79539851564914e-05,
J0610.5-4848_aFix_pol_I_Farcsec_5pln_cor_crop_0109.npy,J0610.5-4848_aFix_pol_I_Farcsec_5pln_cor,109,-1.432743010809645e-05,3.869758802466095e-05,
J0510.2-4519_aFix_pol_I_Farcsec_5pln_cor_crop_0074.npy,J0510.2-4519_aFix_pol_I_Farcsec_5pln_cor,74,-1.650593003432732e-05,3.797405952354893e-05,
J0303.7-7752_aFix_pol_I_Farcsec_5pln_cor_crop_0160.npy,J0303.7-7752_aFix_pol_I_Farcsec_5pln_cor,160,-1.6216928997891955e-05,3.944924537790939e-05,
Abell_3562_aFix_pol_I_Farcsec_5pln_cor_crop_0029.npy,Abell_3562_aFix_pol_I_Farcsec_5pln_cor,29,-2.032673728535883e-05,4.53729007858783e-05,
J0525.8-4715_aFix_pol_I_Farcsec_5pln_cor_crop_0115.npy,J0525.8-4715_aFix_pol_I_Farcsec_5pln_cor,115,-1.611813422641717e-05,4.044059460284189e-05,
J0051.1-4833_aFix_pol_I_Farcsec_5pln_cor_crop_0080.npy,J0051.1-4833_aFix_pol_I_Farcsec_5pln_cor,80,-1.4088746866036672e-05,3.274881237302907e-05,
J1130.0-4213_aFix_pol_I_Farcsec_5pln_cor_crop_0035.npy,J1130.0-4213_aFix_pol_I_Farcsec_5pln_cor,35,-1.5924631952657364e-05,3.826789543381892e-05,
Abell_545_aFix_pol_I_Farcsec_5pln_cor_crop_0129.npy,Abell_545_aFix_pol_I_Farcsec_5pln_cor,129,-1.9454066205071285e-05,4.5050637709209695e-05,
RXCJ0225.1-22928_aFix_pol_I_Farcsec_5pln_cor_crop_0064.npy,RXCJ0225.1-22928_aFix_pol_I_Farcsec_5pln_cor,64,-3.11890325974673e-05,5.4694857681170106e-05,
J0607.0-4928_aFix_pol_I_Farcsec_5pln_cor_crop_0118.npy,J0607.0-4928_aFix_pol_I_Farcsec_5pln_cor,118,-1.727664130157791e-05,3.109658064204268e-05,
J0626.3-5341_aFix_pol_I_Farcsec_5pln_cor_crop_0153.npy,J0626.3-5341_aFix_pol_I_Farcsec_5pln_cor,153,-2.286754715896677e-05,4.3426152842585e-05,
J0543.4-4430_aFix_pol_I_Farcsec_5pln_cor_crop_0010.npy,J0543.4-4430_aFix_pol_I_Farcsec_5pln_cor,10,-1.920615613926202e-05,4.022587017971091e-05,
RXCJ1314_aFix_pol_I_Farcsec_5pln_cor_crop_0142.npy,RXCJ1314_aFix_pol_I_Farcsec_5pln_cor,142,-2.6271653041476384e-05,4.702054502558895e-05,
J0525.8-4715_aFix_pol_I_Farcsec_5pln_cor_crop_0070.npy,J0525.8-4715_aFix_pol_I_Farcsec_5pln_cor,70,-1.611813422641717e-05,4.044059460284189e-05,
J0658.5-5556_aFix_pol_I_Farcsec_5pln_cor_crop_0066.npy,J0658.5-5556_aFix_pol_I_Farcsec_5pln_cor,66,-1.5211503523460124e-05,4.380349491839297e-05,
J0543.4-4430_aFix_pol_I_Farcsec_5pln_cor_crop_0073.npy,J0543.4-4430_aFix_pol_I_Farcsec_5pln_cor,73,-1.920615613926202e-05,4.022587017971091e-05,
J0540.1-4050_aFix_pol_I_Farcsec_5pln_cor_crop_0123.npy,J0540.1-4050_aFix_pol_I_Farcsec_5pln_cor,123,-1.9781218725256625e-05,3.538576129358262e-05,
J0108.5-4020_aFix_pol_I_Farcsec_5pln_cor_crop_0082.npy,J0108.5-4020_aFix_pol_I_Farcsec_5pln_cor,82,-1.5436331523233093e-05,3.3178752346429974e-05,
J0540.1-4322_aFix_pol_I_Farcsec_5pln_cor_crop_0087.npy,J0540.1-4322_aFix_pol_I_Farcsec_5pln_cor,87,-2.016680991800968e-05,3.639713395386934e-05,
Abell_2667_noFix_pol_I_Farcsec_5pln_cor_crop_0120.npy,Abell_2667_noFix_pol_I_Farcsec_5pln_cor,120,-1.5058354620123282e-05,4.20943797507789e-05,
Abell_4038_aFix_pol_I_Farcsec_5pln_cor_crop_0064.npy,Abell_4038_aFix_pol_I_Farcsec_5pln_cor,64,-1.8985389033332467e-05,4.2698269680840895e-05,
Abell_3365A_noFix_pol_I_Farcsec_5pln_cor_crop_0134.npy,Abell_3365A_noFix_pol_I_Farcsec_5pln_cor,134,-1.5037990124255884e-05,3.877880590152927e-05,
J0342.8-5338_aFix_pol_I_Farcsec_5pln_cor_crop_0142.npy,J0342.8-5338_aFix_pol_I_Farcsec_5pln_cor,142,-1.83263164217351e-05,3.698056025314145e-05,
J0351.1-8212_aFix_pol_I_Farcsec_5pln_cor_crop_0021.npy,J0351.1-8212_aFix_pol_I_Farcsec_5pln_cor,21,-1.34867677843431e-05,3.901409581885673e-05,
J0232.2-4420_aFix_pol_I_Farcsec_5pln_cor_crop_0086.npy,J0232.2-4420_aFix_pol_I_Farcsec_5pln_cor,86,-1.3283781299833208e-05,3.414206730667502e-05,
RXCJ2351.0-19_noFix_pol_I_Farcsec_5pln_cor_crop_0050.npy,RXCJ2351.0-19_noFix_pol_I_Farcsec_5pln_cor,50,-1.7816319086705334e-05,4.150596214458346e-05,
Abell_168_aFix_pol_I_Farcsec_5pln_cor_crop_0207.npy,Abell_168_aFix_pol_I_Farcsec_5pln_cor,207,-2.51656529144384e-05,4.1941199015127495e-05,
J1840.6-7709_aFix_pol_I_Farcsec_5pln_cor_crop_0146.npy,J1840.6-7709_aFix_pol_I_Farcsec_5pln_cor,146,-1.7610127542866394e-05,4.188125240034424e-05,
ElGordo_aFix_pol_I_Farcsec_5pln_cor_crop_0097.npy,ElGordo_aFix_pol_I_Farcsec_5pln_cor,97,-1.8438237020745877e-05,3.2559692044742405e-05,
RXCJ1314_aFix_pol_I_Farcsec_5pln_cor_crop_0069.npy,RXCJ1314_aFix_pol_I_Farcsec_5pln_cor,69,-2.6271653041476384e-05,4.702054502558895e-05,
J0543.4-4430_aFix_pol_I_Farcsec_5pln_cor_crop_0048.npy,J0543.4-4430_aFix_pol_I_Farcsec_5pln_cor,48,-1.920615613926202e-05,4.022587017971091e-05,
J2319.2-6750_aFix_pol_I_Farcsec_5pln_cor_crop_0045.npy,J2319.2-6750_aFix_pol_I_Farcsec_5pln_cor,45,-1.762574174790643e-05,3.985196599387564e-05,
Abell_370_afix_pol_I_Farcsec_5pln_cor_crop_0074.npy,Abell_370_afix_pol_I_Farcsec_5pln_cor,74,-3.905647463398054e-05,5.590072396444157e-05,
J1410.4-4246_aFix_pol_I_Farcsec_5pln_cor_crop_0070.npy,J1410.4-4246_aFix_pol_I_Farcsec_5pln_cor,70,-2.2075269953347743e-05,4.486642137635499e-05,
J0225.9-4154_aFix_pol_I_Farcsec_5pln_cor_crop_0059.npy,J0225.9-4154_aFix_pol_I_Farcsec_5pln_cor,59,-1.4831659427727573e-05,3.976373773184605e-05,
Abell_3365_noFix_pol_I_Farcsec_5pln_cor_crop_0071.npy,Abell_3365_noFix_pol_I_Farcsec_5pln_cor,71,-3.684182956931181e-05,5.151375808054581e-05,
J0225.9-4154_aFix_pol_I_Farcsec_5pln_cor_crop_0131.npy,J0225.9-4154_aFix_pol_I_Farcsec_5pln_cor,131,-1.4831659427727573e-05,3.976373773184605e-05,
MACSJ0417.5-1155_aFix_pol_I_Farcsec_5pln_cor_crop_0187.npy,MACSJ0417.5-1155_aFix_pol_I_Farcsec_5pln_cor,187,-1.759273436618969e-05,4.197344605927356e-05,
J0616.8-4748_aFix_pol_I_Farcsec_5pln_cor_crop_0141.npy,J0616.8-4748_aFix_pol_I_Farcsec_5pln_cor,141,-1.6417492588516325e-05,3.9486680179834366e-05,
J0217.2-5244_aFix_pol_I_Farcsec_5pln_cor_crop_0067.npy,J0217.2-5244_aFix_pol_I_Farcsec_5pln_cor,67,-1.7379512428306043e-05,3.482505780993961e-05,
J0607.0-4928_aFix_pol_I_Farcsec_5pln_cor_crop_0003.npy,J0607.0-4928_aFix_pol_I_Farcsec_5pln_cor,3,-1.727664130157791e-05,3.109658064204268e-05,
J1130.0-4213_aFix_pol_I_Farcsec_5pln_cor_crop_0018.npy,J1130.0-4213_aFix_pol_I_Farcsec_5pln_cor,18,-1.5924631952657364e-05,3.826789543381892e-05,
J0303.7-7752_aFix_pol_I_Farcsec_5pln_cor_crop_0094.npy,J0303.7-7752_aFix_pol_I_Farcsec_5pln_cor,94,-1.6216928997891955e-05,3.944924537790939e-05,
J0607.0-4928_aFix_pol_I_Farcsec_5pln_cor_crop_0093.npy,J0607.0-4928_aFix_pol_I_Farcsec_5pln_cor,93,-1.727664130157791e-05,3.109658064204268e-05,
Bullet_aFix_pol_I_Farcsec_5pln_cor_crop_0006.npy,Bullet_aFix_pol_I_Farcsec_5pln_cor,6,-1.5211503523460124e-05,4.380349491839297e-05,
Abell_2667_noFix_pol_I_Farcsec_5pln_cor_crop_0079.npy,Abell_2667_noFix_pol_I_Farcsec_5pln_cor,79,-1.5058354620123282e-05,4.20943797507789e-05,
Abell_S1063_nofix_pol_I_Farcsec_5pln_cor_crop_0021.npy,Abell_S1063_nofix_pol_I_Farcsec_5pln_cor,21,-1.3156100976630114e-05,3.549207394826226e-05,
J2319.2-6750_aFix_pol_I_Farcsec_5pln_cor_crop_0029.npy,J2319.2-6750_aFix_pol_I_Farcsec_5pln_cor,29,-1.762574174790643e-05,3.985196599387564e-05,
Abell_2895_noFix_pol_I_Farcsec_5pln_cor_crop_0006.npy,Abell_2895_noFix_pol_I_Farcsec_5pln_cor,6,-1.7904101696331054e-05,3.5388853575568646e-05,
MACSJ_0025.4-1222B_aFix_pol_I_Farcsec_5pln_cor_crop_0049.npy,MACSJ_0025.4-1222B_aFix_pol_I_Farcsec_5pln_cor,49,-2.179453076678328e-05,4.608399467542768e-05,
Abell_2811_noFix_pol_I_Farcsec_5pln_cor_crop_0046.npy,Abell_2811_noFix_pol_I_Farcsec_5pln_cor,46,-5.993724334985018e-05,7.318957068491727e-05,
Abell_2813_noFix_pol_I_Farcsec_5pln_cor_crop_0090.npy,Abell_2813_noFix_pol_I_Farcsec_5pln_cor,90,-2.1553638362092897e-05,4.1060964576900005e-05,
J0342.8-5338_aFix_pol_I_Farcsec_5pln_cor_crop_0157.npy,J0342.8-5338_aFix_pol_I_Farcsec_5pln_cor,157,-1.83263164217351e-05,3.698056025314145e-05,
J1840.6-7709_aFix_pol_I_Farcsec_5pln_cor_crop_0010.npy,J1840.6-7709_aFix_pol_I_Farcsec_5pln_cor,10,-1.7610127542866394e-05,4.188125240034424e-05,
J0217.2-5244_aFix_pol_I_Farcsec_5pln_cor_crop_0150.npy,J0217.2-5244_aFix_pol_I_Farcsec_5pln_cor,150,-1.7379512428306043e-05,3.482505780993961e-05,
J0645.4-5413_aFix_pol_I_Farcsec_5pln_cor_crop_0027.npy,J0645.4-5413_aFix_pol_I_Farcsec_5pln_cor,27,-1.871160566224717e-05,4.457303657545708e-05,
J0416.7-5525_aFix_pol_I_Farcsec_5pln_cor_crop_0186.npy,J0416.7-5525_aFix_pol_I_Farcsec_5pln_cor,186,-1.4703909073432442e-05,4.304752292227931e-05,
J0336.3-4037_aFix_pol_I_Farcsec_5pln_cor_crop_0059.npy,J0336.3-4037_aFix_pol_I_Farcsec_5pln_cor,59,-1.9070150301558897e-05,3.8439713534899056e-05,
Abell_3365A_noFix_pol_I_Farcsec_5pln_cor_crop_0152.npy,Abell_3365A_noFix_pol_I_Farcsec_5pln_cor,152,-1.5037990124255884e-05,3.877880590152927e-05,
Abell_3365_noFix_pol_I_Farcsec_5pln_cor_crop_0181.npy,Abell_3365_noFix_pol_I_Farcsec_5pln_cor,181,-3.684182956931181e-05,5.151375808054581e-05,
J2222.2-5235_aFix_pol_I_Farcsec_5pln_cor_crop_0066.npy,J2222.2-5235_aFix_pol_I_Farcsec_5pln_cor,66,-2.0340692572062835e-05,4.029700721730478e-05,
J0317.9-4414_aFix_pol_I_Farcsec_5pln_cor_crop_0031.npy,J0317.9-4414_aFix_pol_I_Farcsec_5pln_cor,31,-1.825527215260081e-05,4.13110428780783e-05,
J0626.3-5341_aFix_pol_I_Farcsec_5pln_cor_crop_0111.npy,J0626.3-5341_aFix_pol_I_Farcsec_5pln_cor,111,-2.286754715896677e-05,4.3426152842585e-05,
Abell_548_Cen_aFix_pol_I_Farcsec_5pln_cor_crop_0213.npy,Abell_548_Cen_aFix_pol_I_Farcsec_5pln_cor,213,-1.6901160051929764e-05,5.435498314909637e-05,
J0658.5-5556_aFix_pol_I_Farcsec_5pln_cor_crop_0048.npy,J0658.5-5556_aFix_pol_I_Farcsec_5pln_cor,48,-1.5211503523460124e-05,4.380349491839297e-05,
J0516.6-5430_aFix_pol_I_Farcsec_5pln_cor_crop_0099.npy,J0516.6-5430_aFix_pol_I_Farcsec_5pln_cor,99,-1.4557363101630472e-05,3.583080251701176e-05,
J0542.8-4100_aFix_pol_I_Farcsec_5pln_cor_crop_0021.npy,J0542.8-4100_aFix_pol_I_Farcsec_5pln_cor,21,-1.260944191017188e-05,3.595814996515401e-05,
J0232.2-4420_aFix_pol_I_Farcsec_5pln_cor_crop_0103.npy,J0232.2-4420_aFix_pol_I_Farcsec_5pln_cor,103,-1.3283781299833208e-05,3.414206730667502e-05,
Abell_S295_aFix_pol_I_Farcsec_5pln_cor_crop_0159.npy,Abell_S295_aFix_pol_I_Farcsec_5pln_cor,159,-1.2192884241812862e-05,4.2860785470111296e-05,
J0516.6-5430_aFix_pol_I_Farcsec_5pln_cor_crop_0189.npy,J0516.6-5430_aFix_pol_I_Farcsec_5pln_cor,189,-1.4557363101630472e-05,3.583080251701176e-05,
J2319.2-6750_aFix_pol_I_Farcsec_5pln_cor_crop_0008.npy,J2319.2-6750_aFix_pol_I_Farcsec_5pln_cor,8,-1.762574174790643e-05,3.985196599387564e-05,
Abell_545_aFix_pol_I_Farcsec_5pln_cor_crop_0193.npy,Abell_545_aFix_pol_I_Farcsec_5pln_cor,193,-1.9454066205071285e-05,4.5050637709209695e-05,
Abell_3365A_noFix_pol_I_Farcsec_5pln_cor_crop_0075.npy,Abell_3365A_noFix_pol_I_Farcsec_5pln_cor,75,-1.5037990124255884e-05,3.877880590152927e-05,
J0317.9-4414_aFix_pol_I_Farcsec_5pln_cor_crop_0128.npy,J0317.9-4414_aFix_pol_I_Farcsec_5pln_cor,128,-1.825527215260081e-05,4.13110428780783e-05,
J0540.1-4322_aFix_pol_I_Farcsec_5pln_cor_crop_0118.npy,J0540.1-4322_aFix_pol_I_Farcsec_5pln_cor,118,-2.016680991800968e-05,3.639713395386934e-05,
J1539.5-8335_aFix_pol_I_Farcsec_5pln_cor_crop_0065.npy,J1539.5-8335_aFix_pol_I_Farcsec_5pln_cor,65,-1.7301776097156107e-05,3.6628662201110274e-05,
J0625.2-5521_aFix_pol_I_Farcsec_5pln_cor_crop_0012.npy,J0625.2-5521_aFix_pol_I_Farcsec_5pln_cor,12,-2.603908251330722e-05,3.9954342355486006e-05,
Abell_548_Cen_aFix_pol_I_Farcsec_5pln_cor_crop_0145.npy,Abell_548_Cen_aFix_pol_I_Farcsec_5pln_cor,145,-1.6901160051929764e-05,5.435498314909637e-05,
J1130.0-4213_aFix_pol_I_Farcsec_5pln_cor_crop_0012.npy,J1130.0-4213_aFix_pol_I_Farcsec_5pln_cor,12,-1.5924631952657364e-05,3.826789543381892e-05,
J0525.8-4715_aFix_pol_I_Farcsec_5pln_cor_crop_0011.npy,J0525.8-4715_aFix_pol_I_Farcsec_5pln_cor,11,-1.611813422641717e-05,4.044059460284189e-05,
J0328.6-5542_aFix_pol_I_Farcsec_5pln_cor_crop_0221.npy,J0328.6-5542_aFix_pol_I_Farcsec_5pln_cor,221,-1.7376105461153202e-05,3.237917189835571e-05,
J0543.4-4430_aFix_pol_I_Farcsec_5pln_cor_crop_0165.npy,J0543.4-4430_aFix_pol_I_Farcsec_5pln_cor,165,-1.920615613926202e-05,4.022587017971091e-05,
MACS_J0257.6-2209_aFix_pol_I_Farcsec_5pln_cor_crop_0042.npy,MACS_J0257.6-2209_aFix_pol_I_Farcsec_5pln_cor,42,-2.1241523427306674e-05,4.082491795998067e-05,
J0145.2-6033_aFix_pol_I_Farcsec_5pln_cor_crop_0122.npy,J0145.2-6033_aFix_pol_I_Farcsec_5pln_cor,122,-1.2114905985072257e-05,3.299051968497224e-05,
Abell_33_noFix_pol_I_Farcsec_5pln_cor_crop_0147.npy,Abell_33_noFix_pol_I_Farcsec_5pln_cor,147,-2.8547556212288328e-05,4.8568657803116366e-05,
RXCJ0225.1-22928_aFix_pol_I_Farcsec_5pln_cor_crop_0099.npy,RXCJ0225.1-22928_aFix_pol_I_Farcsec_5pln_cor,99,-3.11890325974673e-05,5.4694857681170106e-05,
Abell_2667_noFix_pol_I_Farcsec_5pln_cor_crop_0043.npy,Abell_2667_noFix_pol_I_Farcsec_5pln_cor,43,-1.5058354620123282e-05,4.20943797507789e-05,
J0145.2-6033_aFix_pol_I_Farcsec_5pln_cor_crop_0000.npy,J0145.2-6033_aFix_pol_I_Farcsec_5pln_cor,0,-1.2114905985072257e-05,3.299051968497224e-05,
Abell_3376copy_aFix_pol_I_Farcsec_5pln_cor_crop_0125.npy,Abell_3376copy_aFix_pol_I_Farcsec_5pln_cor,125,-1.6748330381233245e-05,4.895990059594624e-05,
J0225.9-4154_aFix_pol_I_Farcsec_5pln_cor_crop_0147.npy,J0225.9-4154_aFix_pol_I_Farcsec_5pln_cor,147,-1.4831659427727573e-05,3.976373773184605e-05,
J0712.0-6030_aFix_pol_I_Farcsec_5pln_cor_crop_0103.npy,J0712.0-6030_aFix_pol_I_Farcsec_5pln_cor,103,-1.3525442227546591e-05,3.74543305952102e-05,
J0336.3-4037_aFix_pol_I_Farcsec_5pln_cor_crop_0010.npy,J0336.3-4037_aFix_pol_I_Farcsec_5pln_cor,10,-1.9070150301558897e-05,3.8439713534899056e-05,
J1601.7-7544_aFix_pol_I_Farcsec_5pln_cor_crop_0156.npy,J1601.7-7544_aFix_pol_I_Farcsec_5pln_cor,156,-1.893065564217977e-05,4.2162908357568085e-05,
Abell_370_afix_pol_I_Farcsec_5pln_cor_crop_0123.npy,Abell_370_afix_pol_I_Farcsec_5pln_cor,123,-3.905647463398054e-05,5.590072396444157e-05,
Abell_194_aFix_pol_I_Farcsec_5pln_cor_crop_0134.npy,Abell_194_aFix_pol_I_Farcsec_5pln_cor,134,-3.945245043723844e-05,0.0001343678013654,
Abell_133_aFix_pol_I_Farcsec_5pln_cor_crop_0104.npy,Abell_133_aFix_pol_I_Farcsec_5pln_cor,104,-1.6750700524426065e-05,3.861152799800038e-05,
J0607.0-4928_aFix_pol_I_Farcsec_5pln_cor_crop_0164.npy,J0607.0-4928_aFix_pol_I_Farcsec_5pln_cor,164,-1.727664130157791e-05,3.109658064204268e-05,
Abell_2485_noFix_pol_I_Farcsec_5pln_cor_crop_0121.npy,Abell_2485_noFix_pol_I_Farcsec_5pln_cor,121,-1.5763916962896474e-05,3.792858478846029e-05,
Abell_209_aFix_pol_I_Farcsec_5pln_cor_crop_0198.npy,Abell_209_aFix_pol_I_Farcsec_5pln_cor,198,-2.1105859559611417e-05,4.098449426237494e-05,
J0431.4-6126_aFix_pol_I_Farcsec_5pln_cor_crop_0034.npy,J0431.4-6126_aFix_pol_I_Farcsec_5pln_cor,34,-2.59030784945935e-05,4.582747351378202e-05,
J0607.0-4928_aFix_pol_I_Farcsec_5pln_cor_crop_0053.npy,J0607.0-4928_aFix_pol_I_Farcsec_5pln_cor,53,-1.727664130157791e-05,3.109658064204268e-05,
J0820.9-5704_aFix_pol_I_Farcsec_5pln_cor_crop_0020.npy,J0820.9-5704_aFix_pol_I_Farcsec_5pln_cor,20,-1.654735388001427e-05,3.4318985854042694e-05,
MACS_J0257.6-2209_aFix_pol_I_Farcsec_5pln_cor_crop_0066.npy,MACS_J0257.6-2209_aFix_pol_I_Farcsec_5pln_cor,66,-2.1241523427306674e-05,4.082491795998067e-05,
J0449.9-4440_aFix_pol_I_Farcsec_5pln_cor_crop_0155.npy,J0449.9-4440_aFix_pol_I_Farcsec_5pln_cor,155,-1.3652566849486902e-05,3.79539851564914e-05,
J0712.0-6030_aFix_pol_I_Farcsec_5pln_cor_crop_0121.npy,J0712.0-6030_aFix_pol_I_Farcsec_5pln_cor,121,-1.3525442227546591e-05,3.74543305952102e-05,
Abell_2744_aFix_pol_I_Farcsec_5pln_cor_crop_0045.npy,Abell_2744_aFix_pol_I_Farcsec_5pln_cor,45,-1.4511139852402266e-05,3.865708276862279e-05,
Abell_85_aFix_pol_I_Farcsec_5pln_cor_crop_0089.npy,Abell_85_aFix_pol_I_Farcsec_5pln_cor,89,-1.6969566786428913e-05,4.114058901905082e-05,
Abell_13_noFix_pol_I_Farcsec_5pln_cor_crop_0149.npy,Abell_13_noFix_pol_I_Farcsec_5pln_cor,149,-1.9173105101799592e-05,3.867880150210112e-05,
Abell_3558_aFix_pol_I_Farcsec_5pln_cor_crop_0181.npy,Abell_3558_aFix_pol_I_Farcsec_5pln_cor,181,-2.058644531643949e-05,4.082424857188016e-05,
Abell_209_aFix_pol_I_Farcsec_5pln_cor_crop_0164.npy,Abell_209_aFix_pol_I_Farcsec_5pln_cor,164,-2.1105859559611417e-05,4.098449426237494e-05,
J0757.7-5315_aFix_pol_I_Farcsec_5pln_cor_crop_0096.npy,J0757.7-5315_aFix_pol_I_Farcsec_5pln_cor,96,-1.5817182429600507e-05,3.550770634319633e-05,
J1240.2-4825_aFix_pol_I_Farcsec_5pln_cor_crop_0116.npy,J1240.2-4825_aFix_pol_I_Farcsec_5pln_cor,116,-1.6159494407474995e-05,3.676811684272252e-05,
Abell_3365_noFix_pol_I_Farcsec_5pln_cor_crop_0125.npy,Abell_3365_noFix_pol_I_Farcsec_5pln_cor,125,-3.684182956931181e-05,5.151375808054581e-05,
RXCJ0225.1-22928_aFix_pol_I_Farcsec_5pln_cor_crop_0124.npy,RXCJ0225.1-22928_aFix_pol_I_Farcsec_5pln_cor,124,-3.11890325974673e-05,5.4694857681170106e-05,
J1518.3-4632_aFix_pol_I_Farcsec_5pln_cor_crop_0008.npy,J1518.3-4632_aFix_pol_I_Farcsec_5pln_cor,8,-2.6316898583900183e-05,3.836355244857259e-05,
Abell_2645_noFix_pol_I_Farcsec_5pln_cor_crop_0106.npy,Abell_2645_noFix_pol_I_Farcsec_5pln_cor,106,-3.2132909836946055e-05,5.223612970439717e-05,
J0616.8-4748_aFix_pol_I_Farcsec_5pln_cor_crop_0081.npy,J0616.8-4748_aFix_pol_I_Farcsec_5pln_cor,81,-1.6417492588516325e-05,3.9486680179834366e-05,
J0525.8-4715_aFix_pol_I_Farcsec_5pln_cor_crop_0156.npy,J0525.8-4715_aFix_pol_I_Farcsec_5pln_cor,156,-1.611813422641717e-05,4.044059460284189e-05,
J0812.5-5714_aFix_pol_I_Farcsec_5pln_cor_crop_0157.npy,J0812.5-5714_aFix_pol_I_Farcsec_5pln_cor,157,-1.797733420971781e-05,3.096696309512481e-05,
J0516.6-5430_aFix_pol_I_Farcsec_5pln_cor_crop_0182.npy,J0516.6-5430_aFix_pol_I_Farcsec_5pln_cor,182,-1.4557363101630472e-05,3.583080251701176e-05,
J0416.7-5525_aFix_pol_I_Farcsec_5pln_cor_crop_0127.npy,J0416.7-5525_aFix_pol_I_Farcsec_5pln_cor,127,-1.4703909073432442e-05,4.304752292227931e-05,
J0658.5-5556_aFix_pol_I_Farcsec_5pln_cor_crop_0031.npy,J0658.5-5556_aFix_pol_I_Farcsec_5pln_cor,31,-1.5211503523460124e-05,4.380349491839297e-05,
Abell_2811_noFix_pol_I_Farcsec_5pln_cor_crop_0190.npy,Abell_2811_noFix_pol_I_Farcsec_5pln_cor,190,-5.993724334985018e-05,7.318957068491727e-05,
Abell_2751_aFix_pol_I_Farcsec_5pln_cor_crop_0149.npy,Abell_2751_aFix_pol_I_Farcsec_5pln_cor,149,-2.5066670787055045e-05,4.310646909289062e-05,
Abell_3562_aFix_pol_I_Farcsec_5pln_cor_crop_0167.npy,Abell_3562_aFix_pol_I_Farcsec_5pln_cor,167,-2.032673728535883e-05,4.53729007858783e-05,
J0328.6-5542_aFix_pol_I_Farcsec_5pln_cor_crop_0185.npy,J0328.6-5542_aFix_pol_I_Farcsec_5pln_cor,185,-1.7376105461153202e-05,3.237917189835571e-05,
Abell_194_aFix_pol_I_Farcsec_5pln_cor_crop_0083.npy,Abell_194_aFix_pol_I_Farcsec_5pln_cor,83,-3.945245043723844e-05,0.0001343678013654,
J0317.9-4414_aFix_pol_I_Farcsec_5pln_cor_crop_0153.npy,J0317.9-4414_aFix_pol_I_Farcsec_5pln_cor,153,-1.825527215260081e-05,4.13110428780783e-05,
J1410.4-4246_aFix_pol_I_Farcsec_5pln_cor_crop_0099.npy,J1410.4-4246_aFix_pol_I_Farcsec_5pln_cor,99,-2.2075269953347743e-05,4.486642137635499e-05,
J1248.7-4118_aFix_pol_I_Farcsec_5pln_cor_crop_0088.npy,J1248.7-4118_aFix_pol_I_Farcsec_5pln_cor,88,-3.831612048088573e-05,5.340838833944872e-05,
J0658.5-5556_aFix_pol_I_Farcsec_5pln_cor_crop_0055.npy,J0658.5-5556_aFix_pol_I_Farcsec_5pln_cor,55,-1.5211503523460124e-05,4.380349491839297e-05,
J1423.7-5412_aFix_pol_I_Farcsec_5pln_cor_crop_0099.npy,J1423.7-5412_aFix_pol_I_Farcsec_5pln_cor,99,-1.8973547412315384e-05,4.0196806367021054e-05,
J0948.6-8327_aFix_pol_I_Farcsec_5pln_cor_crop_0161.npy,J0948.6-8327_aFix_pol_I_Farcsec_5pln_cor,161,-1.3834469427820297e-05,3.5308996302774176e-05,
Abell_2811_noFix_pol_I_Farcsec_5pln_cor_crop_0080.npy,Abell_2811_noFix_pol_I_Farcsec_5pln_cor,80,-5.993724334985018e-05,7.318957068491727e-05,
J2104.9-8243_aFix_pol_I_Farcsec_5pln_cor_crop_0027.npy,J2104.9-8243_aFix_pol_I_Farcsec_5pln_cor,27,-1.633186730032321e-05,3.551336703822017e-05,
MACSJ_0025.4-1222B_aFix_pol_I_Farcsec_5pln_cor_crop_0009.npy,MACSJ_0025.4-1222B_aFix_pol_I_Farcsec_5pln_cor,9,-2.179453076678328e-05,4.608399467542768e-05,
J1201.0-4623_aFix_pol_I_Farcsec_5pln_cor_crop_0067.npy,J1201.0-4623_aFix_pol_I_Farcsec_5pln_cor,67,-1.437526134395739e-05,3.895712870871648e-05,
J0637.3-4828_aFix_pol_I_Farcsec_5pln_cor_crop_0016.npy,J0637.3-4828_aFix_pol_I_Farcsec_5pln_cor,16,-1.5409788829856552e-05,3.9739050407661125e-05,
Abell_22_aFix_pol_I_Farcsec_5pln_cor_crop_0040.npy,Abell_22_aFix_pol_I_Farcsec_5pln_cor,40,-1.7687332729110494e-05,3.791484050452709e-05,
Abell_545_aFix_pol_I_Farcsec_5pln_cor_crop_0128.npy,Abell_545_aFix_pol_I_Farcsec_5pln_cor,128,-1.9454066205071285e-05,4.5050637709209695e-05,
J1423.7-5412_aFix_pol_I_Farcsec_5pln_cor_crop_0185.npy,J1423.7-5412_aFix_pol_I_Farcsec_5pln_cor,185,-1.8973547412315384e-05,4.0196806367021054e-05,
Abell_S1121_noFix_pol_I_Farcsec_5pln_cor_crop_0054.npy,Abell_S1121_noFix_pol_I_Farcsec_5pln_cor,54,-4.2447074520168826e-05,6.132334965514019e-05,
Abell_521_noFix_pol_I_Farcsec_5pln_cor_crop_0175.npy,Abell_521_noFix_pol_I_Farcsec_5pln_cor,175,-1.8806747902999632e-05,4.423171412781812e-05,
MACSJ0417.5-1155_aFix_pol_I_Farcsec_5pln_cor_crop_0093.npy,MACSJ0417.5-1155_aFix_pol_I_Farcsec_5pln_cor,93,-1.759273436618969e-05,4.197344605927356e-05,
J1201.0-4623_aFix_pol_I_Farcsec_5pln_cor_crop_0086.npy,J1201.0-4623_aFix_pol_I_Farcsec_5pln_cor,86,-1.437526134395739e-05,3.895712870871648e-05,
MACS_J0257.6-2209_aFix_pol_I_Farcsec_5pln_cor_crop_0105.npy,MACS_J0257.6-2209_aFix_pol_I_Farcsec_5pln_cor,105,-2.1241523427306674e-05,4.082491795998067e-05,
J0600.8-5835_aFix_pol_I_Farcsec_5pln_cor_crop_0144.npy,J0600.8-5835_aFix_pol_I_Farcsec_5pln_cor,144,-1.2947120012540836e-05,3.535595169523731e-05,
J1248.7-4118_aFix_pol_I_Farcsec_5pln_cor_crop_0108.npy,J1248.7-4118_aFix_pol_I_Farcsec_5pln_cor,108,-3.831612048088573e-05,5.340838833944872e-05,
Abell_209_aFix_pol_I_Farcsec_5pln_cor_crop_0133.npy,Abell_209_aFix_pol_I_Farcsec_5pln_cor,133,-2.1105859559611417e-05,4.098449426237494e-05,
Abell_3365_noFix_pol_I_Farcsec_5pln_cor_crop_0157.npy,Abell_3365_noFix_pol_I_Farcsec_5pln_cor,157,-3.684182956931181e-05,5.151375808054581e-05,
Abell_133_aFix_pol_I_Farcsec_5pln_cor_crop_0129.npy,Abell_133_aFix_pol_I_Farcsec_5pln_cor,129,-1.6750700524426065e-05,3.861152799800038e-05,
Abell_133_aFix_pol_I_Farcsec_5pln_cor_crop_0130.npy,Abell_133_aFix_pol_I_Farcsec_5pln_cor,130,-1.6750700524426065e-05,3.861152799800038e-05,
Abell_168_aFix_pol_I_Farcsec_5pln_cor_crop_0214.npy,Abell_168_aFix_pol_I_Farcsec_5pln_cor,214,-2.51656529144384e-05,4.1941199015127495e-05,
J1705.1-8210_aFix_pol_I_Farcsec_5pln_cor_crop_0195.npy,J1705.1-8210_aFix_pol_I_Farcsec_5pln_cor,195,-2.258976564917248e-05,4.054370947415009e-05,
J0627.2-5428_aFix_pol_I_Farcsec_5pln_cor_crop_0142.npy,J0627.2-5428_aFix_pol_I_Farcsec_5pln_cor,142,-3.725358692463488e-05,5.157724808668718e-05,
Abell_S1121_noFix_pol_I_Farcsec_5pln_cor_crop_0085.npy,Abell_S1121_noFix_pol_I_Farcsec_5pln_cor,85,-4.2447074520168826e-05,6.132334965514019e-05,
J1840.6-7709_aFix_pol_I_Farcsec_5pln_cor_crop_0031.npy,J1840.6-7709_aFix_pol_I_Farcsec_5pln_cor,31,-1.7610127542866394e-05,4.188125240034424e-05,
Abell_13_noFix_pol_I_Farcsec_5pln_cor_crop_0122.npy,Abell_13_noFix_pol_I_Farcsec_5pln_cor,122,-1.9173105101799592e-05,3.867880150210112e-05,
Abell_3562_aFix_pol_I_Farcsec_5pln_cor_crop_0089.npy,Abell_3562_aFix_pol_I_Farcsec_5pln_cor,89,-2.032673728535883e-05,4.53729007858783e-05,
J1240.2-4825_aFix_pol_I_Farcsec_5pln_cor_crop_0036.npy,J1240.2-4825_aFix_pol_I_Farcsec_5pln_cor,36,-1.6159494407474995e-05,3.676811684272252e-05,
J1040.7-7047_aFix_pol_I_Farcsec_5pln_cor_crop_0098.npy,J1040.7-7047_aFix_pol_I_Farcsec_5pln_cor,98,-2.545410461607389e-05,4.294725295039825e-05,
J1518.3-4632_aFix_pol_I_Farcsec_5pln_cor_crop_0124.npy,J1518.3-4632_aFix_pol_I_Farcsec_5pln_cor,124,-2.6316898583900183e-05,3.836355244857259e-05,
Abell_3365A_noFix_pol_I_Farcsec_5pln_cor_crop_0038.npy,Abell_3365A_noFix_pol_I_Farcsec_5pln_cor,38,-1.5037990124255884e-05,3.877880590152927e-05,
J0328.6-5542_aFix_pol_I_Farcsec_5pln_cor_crop_0133.npy,J0328.6-5542_aFix_pol_I_Farcsec_5pln_cor,133,-1.7376105461153202e-05,3.237917189835571e-05,
Abell_545_aFix_pol_I_Farcsec_5pln_cor_crop_0038.npy,Abell_545_aFix_pol_I_Farcsec_5pln_cor,38,-1.9454066205071285e-05,4.5050637709209695e-05,
Abell_545_aFix_pol_I_Farcsec_5pln_cor_crop_0159.npy,Abell_545_aFix_pol_I_Farcsec_5pln_cor,159,-1.9454066205071285e-05,4.5050637709209695e-05,
Abell_168_aFix_pol_I_Farcsec_5pln_cor_crop_0044.npy,Abell_168_aFix_pol_I_Farcsec_5pln_cor,44,-2.51656529144384e-05,4.1941199015127495e-05,
J1535.1-4658_aFix_pol_I_Farcsec_5pln_cor_crop_0121.npy,J1535.1-4658_aFix_pol_I_Farcsec_5pln_cor,121,-2.547855729062576e-05,3.796764576691203e-05,
J1653.0-5943_aFix_pol_I_Farcsec_5pln_cor_crop_0138.npy,J1653.0-5943_aFix_pol_I_Farcsec_5pln_cor,138,-2.6878653443418443e-05,3.650951839517802e-05,
J0638.7-5358_aFix_pol_I_Farcsec_5pln_cor_crop_0089.npy,J0638.7-5358_aFix_pol_I_Farcsec_5pln_cor,89,-1.4472521797870286e-05,3.7130746932234615e-05,
Abell_2667_noFix_pol_I_Farcsec_5pln_cor_crop_0020.npy,Abell_2667_noFix_pol_I_Farcsec_5pln_cor,20,-1.5058354620123282e-05,4.20943797507789e-05,
RXC_J0520.7-1328_aFix_pol_I_Farcsec_5pln_cor_crop_0003.npy,RXC_J0520.7-1328_aFix_pol_I_Farcsec_5pln_cor,3,-4.763286779052578e-05,6.618209590669721e-05,
J0627.2-5428_aFix_pol_I_Farcsec_5pln_cor_crop_0008.npy,J0627.2-5428_aFix_pol_I_Farcsec_5pln_cor,8,-3.725358692463488e-05,5.157724808668718e-05,
Abell_2895_noFix_pol_I_Farcsec_5pln_cor_crop_0081.npy,Abell_2895_noFix_pol_I_Farcsec_5pln_cor,81,-1.7904101696331054e-05,3.5388853575568646e-05,
J0631.3-5610_aFix_pol_I_Farcsec_5pln_cor_crop_0155.npy,J0631.3-5610_aFix_pol_I_Farcsec_5pln_cor,155,-1.3746558579441626e-05,3.730034950422123e-05,
Abell_141_aFix_pol_I_Farcsec_5pln_cor_crop_0150.npy,Abell_141_aFix_pol_I_Farcsec_5pln_cor,150,-1.6963114831014536e-05,3.675864718388766e-05,
PLCK_G200.9-28.2_aFix_pol_I_Farcsec_5pln_cor_crop_0197.npy,PLCK_G200.9-28.2_aFix_pol_I_Farcsec_5pln_cor,197,-2.0549477994791232e-05,4.693285882240161e-05,
J0631.3-5610_aFix_pol_I_Farcsec_5pln_cor_crop_0158.npy,J0631.3-5610_aFix_pol_I_Farcsec_5pln_cor,158,-1.3746558579441626e-05,3.730034950422123e-05,
Abell_2744_aFix_pol_I_Farcsec_5pln_cor_crop_0206.npy,Abell_2744_aFix_pol_I_Farcsec_5pln_cor,206,-1.4511139852402266e-05,3.865708276862279e-05,
Abell_194_aFix_pol_I_Farcsec_5pln_cor_crop_0159.npy,Abell_194_aFix_pol_I_Farcsec_5pln_cor,159,-3.945245043723844e-05,0.0001343678013654,
J1410.4-4246_aFix_pol_I_Farcsec_5pln_cor_crop_0117.npy,J1410.4-4246_aFix_pol_I_Farcsec_5pln_cor,117,-2.2075269953347743e-05,4.486642137635499e-05,
J1040.7-7047_aFix_pol_I_Farcsec_5pln_cor_crop_0143.npy,J1040.7-7047_aFix_pol_I_Farcsec_5pln_cor,143,-2.545410461607389e-05,4.294725295039825e-05,
Abell_S1063_nofix_pol_I_Farcsec_5pln_cor_crop_0198.npy,Abell_S1063_nofix_pol_I_Farcsec_5pln_cor,198,-1.3156100976630114e-05,3.549207394826226e-05,
J0638.7-5358_aFix_pol_I_Farcsec_5pln_cor_crop_0188.npy,J0638.7-5358_aFix_pol_I_Farcsec_5pln_cor,188,-1.4472521797870286e-05,3.7130746932234615e-05,
J1601.7-7544_aFix_pol_I_Farcsec_5pln_cor_crop_0120.npy,J1601.7-7544_aFix_pol_I_Farcsec_5pln_cor,120,-1.893065564217977e-05,4.2162908357568085e-05,
Abell_194_aFix_pol_I_Farcsec_5pln_cor_crop_0182.npy,Abell_194_aFix_pol_I_Farcsec_5pln_cor,182,-3.945245043723844e-05,0.0001343678013654,
PLCK_G200.9-28.2_aFix_pol_I_Farcsec_5pln_cor_crop_0158.npy,PLCK_G200.9-28.2_aFix_pol_I_Farcsec_5pln_cor,158,-2.0549477994791232e-05,4.693285882240161e-05,
J0216.3-4816_aFix_pol_I_Farcsec_5pln_cor_crop_0116.npy,J0216.3-4816_aFix_pol_I_Farcsec_5pln_cor,116,-1.5618124962202273e-05,5.211478855926544e-05,
Abell_2751_aFix_pol_I_Farcsec_5pln_cor_crop_0081.npy,Abell_2751_aFix_pol_I_Farcsec_5pln_cor,81,-2.5066670787055045e-05,4.310646909289062e-05,
RXCJ0225.1-22928_aFix_pol_I_Farcsec_5pln_cor_crop_0024.npy,RXCJ0225.1-22928_aFix_pol_I_Farcsec_5pln_cor,24,-3.11890325974673e-05,5.4694857681170106e-05,
J1130.0-4213_aFix_pol_I_Farcsec_5pln_cor_crop_0033.npy,J1130.0-4213_aFix_pol_I_Farcsec_5pln_cor,33,-1.5924631952657364e-05,3.826789543381892e-05,
J0812.5-5714_aFix_pol_I_Farcsec_5pln_cor_crop_0045.npy,J0812.5-5714_aFix_pol_I_Farcsec_5pln_cor,45,-1.797733420971781e-05,3.096696309512481e-05,
J2023.4-5535_aFix_pol_I_Farcsec_5pln_cor_crop_0054.npy,J2023.4-5535_aFix_pol_I_Farcsec_5pln_cor,54,-2.326385947526433e-05,4.042817090521567e-05,
J0449.9-4440_aFix_pol_I_Farcsec_5pln_cor_crop_0035.npy,J0449.9-4440_aFix_pol_I_Farcsec_5pln_cor,35,-1.3652566849486902e-05,3.79539851564914e-05,
Abell_S295_aFix_pol_I_Farcsec_5pln_cor_crop_0210.npy,Abell_S295_aFix_pol_I_Farcsec_5pln_cor,210,-1.2192884241812862e-05,4.2860785470111296e-05,
Abell_13_noFix_pol_I_Farcsec_5pln_cor_crop_0063.npy,Abell_13_noFix_pol_I_Farcsec_5pln_cor,63,-1.9173105101799592e-05,3.867880150210112e-05,
J0317.9-4414_aFix_pol_I_Farcsec_5pln_cor_crop_0083.npy,J0317.9-4414_aFix_pol_I_Farcsec_5pln_cor,83,-1.825527215260081e-05,4.13110428780783e-05,
ElGordo_aFix_pol_I_Farcsec_5pln_cor_crop_0111.npy,ElGordo_aFix_pol_I_Farcsec_5pln_cor,111,-1.8438237020745877e-05,3.2559692044742405e-05,
J0336.3-4037_aFix_pol_I_Farcsec_5pln_cor_crop_0050.npy,J0336.3-4037_aFix_pol_I_Farcsec_5pln_cor,50,-1.9070150301558897e-05,3.8439713534899056e-05,
MACSJ_0025.4-1222B_aFix_pol_I_Farcsec_5pln_cor_crop_0074.npy,MACSJ_0025.4-1222B_aFix_pol_I_Farcsec_5pln_cor,74,-2.179453076678328e-05,4.608399467542768e-05,
Abell_S295_aFix_pol_I_Farcsec_5pln_cor_crop_0056.npy,Abell_S295_aFix_pol_I_Farcsec_5pln_cor,56,-1.2192884241812862e-05,4.2860785470111296e-05,
J0314.3-4525_aFix_pol_I_Farcsec_5pln_cor_crop_0047.npy,J0314.3-4525_aFix_pol_I_Farcsec_5pln_cor,47,-1.2252019587322138e-05,3.824526356766e-05,
J1358.9-4750_aFix_pol_I_Farcsec_5pln_cor_crop_0086.npy,J1358.9-4750_aFix_pol_I_Farcsec_5pln_cor,86,-2.6460520530235957e-05,4.666853419621475e-05,
J0745.1-5404_aFix_pol_I_Farcsec_5pln_cor_crop_0102.npy,J0745.1-5404_aFix_pol_I_Farcsec_5pln_cor,102,-1.8277149138157256e-05,3.714456397574395e-05,
J0328.6-5542_aFix_pol_I_Farcsec_5pln_cor_crop_0177.npy,J0328.6-5542_aFix_pol_I_Farcsec_5pln_cor,177,-1.7376105461153202e-05,3.237917189835571e-05,
Abell_2667_noFix_pol_I_Farcsec_5pln_cor_crop_0148.npy,Abell_2667_noFix_pol_I_Farcsec_5pln_cor,148,-1.5058354620123282e-05,4.20943797507789e-05,
Abell_13_noFix_pol_I_Farcsec_5pln_cor_crop_0068.npy,Abell_13_noFix_pol_I_Farcsec_5pln_cor,68,-1.9173105101799592e-05,3.867880150210112e-05,
J0525.8-4715_aFix_pol_I_Farcsec_5pln_cor_crop_0116.npy,J0525.8-4715_aFix_pol_I_Farcsec_5pln_cor,116,-1.611813422641717e-05,4.044059460284189e-05,
J0645.4-5413_aFix_pol_I_Farcsec_5pln_cor_crop_0019.npy,J0645.4-5413_aFix_pol_I_Farcsec_5pln_cor,19,-1.871160566224717e-05,4.457303657545708e-05,
Abell_168_aFix_pol_I_Farcsec_5pln_cor_crop_0126.npy,Abell_168_aFix_pol_I_Farcsec_5pln_cor,126,-2.51656529144384e-05,4.1941199015127495e-05,
J0543.4-4430_aFix_pol_I_Farcsec_5pln_cor_crop_0153.npy,J0543.4-4430_aFix_pol_I_Farcsec_5pln_cor,153,-1.920615613926202e-05,4.022587017971091e-05,
J0351.1-8212_aFix_pol_I_Farcsec_5pln_cor_crop_0132.npy,J0351.1-8212_aFix_pol_I_Farcsec_5pln_cor,132,-1.34867677843431e-05,3.901409581885673e-05,
Abell_2811_noFix_pol_I_Farcsec_5pln_cor_crop_0130.npy,Abell_2811_noFix_pol_I_Farcsec_5pln_cor,130,-5.993724334985018e-05,7.318957068491727e-05,
Abell_2811_noFix_pol_I_Farcsec_5pln_cor_crop_0149.npy,Abell_2811_noFix_pol_I_Farcsec_5pln_cor,149,-5.993724334985018e-05,7.318957068491727e-05,
J0625.2-5521_aFix_pol_I_Farcsec_5pln_cor_crop_0115.npy,J0625.2-5521_aFix_pol_I_Farcsec_5pln_cor,115,-2.603908251330722e-05,3.9954342355486006e-05,
J1601.7-7544_aFix_pol_I_Farcsec_5pln_cor_crop_0117.npy,J1601.7-7544_aFix_pol_I_Farcsec_5pln_cor,117,-1.893065564217977e-05,4.2162908357568085e-05,
J1518.3-4632_aFix_pol_I_Farcsec_5pln_cor_crop_0080.npy,J1518.3-4632_aFix_pol_I_Farcsec_5pln_cor,80,-2.6316898583900183e-05,3.836355244857259e-05,
Abell_85_aFix_pol_I_Farcsec_5pln_cor_crop_0124.npy,Abell_85_aFix_pol_I_Farcsec_5pln_cor,124,-1.6969566786428913e-05,4.114058901905082e-05,
Abell_2811_noFix_pol_I_Farcsec_5pln_cor_crop_0048.npy,Abell_2811_noFix_pol_I_Farcsec_5pln_cor,48,-5.993724334985018e-05,7.318957068491727e-05,
J0303.7-7752_aFix_pol_I_Farcsec_5pln_cor_crop_0072.npy,J0303.7-7752_aFix_pol_I_Farcsec_5pln_cor,72,-1.6216928997891955e-05,3.944924537790939e-05,
J2340.1-8510_aFix_pol_I_Farcsec_5pln_cor_crop_0077.npy,J2340.1-8510_aFix_pol_I_Farcsec_5pln_cor,77,-1.53458950080676e-05,3.938611553166993e-05,
J1423.7-5412_aFix_pol_I_Farcsec_5pln_cor_crop_0180.npy,J1423.7-5412_aFix_pol_I_Farcsec_5pln_cor,180,-1.8973547412315384e-05,4.0196806367021054e-05,
J0745.1-5404_aFix_pol_I_Farcsec_5pln_cor_crop_0000.npy,J0745.1-5404_aFix_pol_I_Farcsec_5pln_cor,0,-1.8277149138157256e-05,3.714456397574395e-05,
Abell_133_aFix_pol_I_Farcsec_5pln_cor_crop_0116.npy,Abell_133_aFix_pol_I_Farcsec_5pln_cor,116,-1.6750700524426065e-05,3.861152799800038e-05,
RXCJ1314_aFix_pol_I_Farcsec_5pln_cor_crop_0176.npy,RXCJ1314_aFix_pol_I_Farcsec_5pln_cor,176,-2.6271653041476384e-05,4.702054502558895e-05,
J0627.2-5428_aFix_pol_I_Farcsec_5pln_cor_crop_0085.npy,J0627.2-5428_aFix_pol_I_Farcsec_5pln_cor,85,-3.725358692463488e-05,5.157724808668718e-05,
J0145.2-6033_aFix_pol_I_Farcsec_5pln_cor_crop_0176.npy,J0145.2-6033_aFix_pol_I_Farcsec_5pln_cor,176,-1.2114905985072257e-05,3.299051968497224e-05,
Abell_2895_noFix_pol_I_Farcsec_5pln_cor_crop_0169.npy,Abell_2895_noFix_pol_I_Farcsec_5pln_cor,169,-1.7904101696331054e-05,3.5388853575568646e-05,
J0351.1-8212_aFix_pol_I_Farcsec_5pln_cor_crop_0169.npy,J0351.1-8212_aFix_pol_I_Farcsec_5pln_cor,169,-1.34867677843431e-05,3.901409581885673e-05,
J0607.0-4928_aFix_pol_I_Farcsec_5pln_cor_crop_0159.npy,J0607.0-4928_aFix_pol_I_Farcsec_5pln_cor,159,-1.727664130157791e-05,3.109658064204268e-05,
J1130.0-4213_aFix_pol_I_Farcsec_5pln_cor_crop_0041.npy,J1130.0-4213_aFix_pol_I_Farcsec_5pln_cor,41,-1.5924631952657364e-05,3.826789543381892e-05,
J0145.0-5300_aFix_pol_I_Farcsec_5pln_cor_crop_0002.npy,J0145.0-5300_aFix_pol_I_Farcsec_5pln_cor,2,-1.4464765627053566e-05,3.505407221382484e-05,
J2222.2-5235_aFix_pol_I_Farcsec_5pln_cor_crop_0121.npy,J2222.2-5235_aFix_pol_I_Farcsec_5pln_cor,121,-2.0340692572062835e-05,4.029700721730478e-05,
J2340.1-8510_aFix_pol_I_Farcsec_5pln_cor_crop_0039.npy,J2340.1-8510_aFix_pol_I_Farcsec_5pln_cor,39,-1.53458950080676e-05,3.938611553166993e-05,
J0528.9-3927_B_aFix_pol_I_Farcsec_5pln_cor_crop_0138.npy,J0528.9-3927_B_aFix_pol_I_Farcsec_5pln_cor,138,-1.3992802450957242e-05,3.4315333323320374e-05,
Abell_3376copy_aFix_pol_I_Farcsec_5pln_cor_crop_0219.npy,Abell_3376copy_aFix_pol_I_Farcsec_5pln_cor,219,-1.6748330381233245e-05,4.895990059594624e-05,
RXCJ0225.1-22928_aFix_pol_I_Farcsec_5pln_cor_crop_0082.npy,RXCJ0225.1-22928_aFix_pol_I_Farcsec_5pln_cor,82,-3.11890325974673e-05,5.4694857681170106e-05,
Abell_2813_noFix_pol_I_Farcsec_5pln_cor_crop_0080.npy,Abell_2813_noFix_pol_I_Farcsec_5pln_cor,80,-2.1553638362092897e-05,4.1060964576900005e-05,
J0212.8-4707_aFix_pol_I_Farcsec_5pln_cor_crop_0151.npy,J0212.8-4707_aFix_pol_I_Farcsec_5pln_cor,151,-1.7747841411619447e-05,3.736264625331387e-05,
J0812.5-5714_aFix_pol_I_Farcsec_5pln_cor_crop_0063.npy,J0812.5-5714_aFix_pol_I_Farcsec_5pln_cor,63,-1.797733420971781e-05,3.096696309512481e-05,
J0314.3-4525_aFix_pol_I_Farcsec_5pln_cor_crop_0222.npy,J0314.3-4525_aFix_pol_I_Farcsec_5pln_cor,222,-1.2252019587322138e-05,3.824526356766e-05,
J0528.9-3927_B_aFix_pol_I_Farcsec_5pln_cor_crop_0190.npy,J0528.9-3927_B_aFix_pol_I_Farcsec_5pln_cor,190,-1.3992802450957242e-05,3.4315333323320374e-05,
J2222.2-5235_aFix_pol_I_Farcsec_5pln_cor_crop_0130.npy,J2222.2-5235_aFix_pol_I_Farcsec_5pln_cor,130,-2.0340692572062835e-05,4.029700721730478e-05,
Abell_2645_noFix_pol_I_Farcsec_5pln_cor_crop_0123.npy,Abell_2645_noFix_pol_I_Farcsec_5pln_cor,123,-3.2132909836946055e-05,5.223612970439717e-05,
Abell_3365A_noFix_pol_I_Farcsec_5pln_cor_crop_0164.npy,Abell_3365A_noFix_pol_I_Farcsec_5pln_cor,164,-1.5037990124255884e-05,3.877880590152927e-05,
MACSJ0417.5-1155_aFix_pol_I_Farcsec_5pln_cor_crop_0146.npy,MACSJ0417.5-1155_aFix_pol_I_Farcsec_5pln_cor,146,-1.759273436618969e-05,4.197344605927356e-05,
Abell_3376_aFix_pol_I_Farcsec_5pln_cor_crop_0007.npy,Abell_3376_aFix_pol_I_Farcsec_5pln_cor,7,-1.6748330381233245e-05,4.895990059594624e-05,
ElGordo_aFix_pol_I_Farcsec_5pln_cor_crop_0071.npy,ElGordo_aFix_pol_I_Farcsec_5pln_cor,71,-1.8438237020745877e-05,3.2559692044742405e-05,
ElGordo_aFix_pol_I_Farcsec_5pln_cor_crop_0105.npy,ElGordo_aFix_pol_I_Farcsec_5pln_cor,105,-1.8438237020745877e-05,3.2559692044742405e-05,
J0516.6-5430_aFix_pol_I_Farcsec_5pln_cor_crop_0070.npy,J0516.6-5430_aFix_pol_I_Farcsec_5pln_cor,70,-1.4557363101630472e-05,3.583080251701176e-05,
J0145.0-5300_aFix_pol_I_Farcsec_5pln_cor_crop_0090.npy,J0145.0-5300_aFix_pol_I_Farcsec_5pln_cor,90,-1.4464765627053566e-05,3.505407221382484e-05,
J1201.0-4623_aFix_pol_I_Farcsec_5pln_cor_crop_0022.npy,J1201.0-4623_aFix_pol_I_Farcsec_5pln_cor,22,-1.437526134395739e-05,3.895712870871648e-05,
Abell_85_aFix_pol_I_Farcsec_5pln_cor_crop_0123.npy,Abell_85_aFix_pol_I_Farcsec_5pln_cor,123,-1.6969566786428913e-05,4.114058901905082e-05,
J0625.2-5521_aFix_pol_I_Farcsec_5pln_cor_crop_0079.npy,J0625.2-5521_aFix_pol_I_Farcsec_5pln_cor,79,-2.603908251330722e-05,3.9954342355486006e-05,
J0948.6-8327_aFix_pol_I_Farcsec_5pln_cor_crop_0027.npy,J0948.6-8327_aFix_pol_I_Farcsec_5pln_cor,27,-1.3834469427820297e-05,3.5308996302774176e-05,
J1248.7-4118_aFix_pol_I_Farcsec_5pln_cor_crop_0128.npy,J1248.7-4118_aFix_pol_I_Farcsec_5pln_cor,128,-3.831612048088573e-05,5.340838833944872e-05,
J1705.1-8210_aFix_pol_I_Farcsec_5pln_cor_crop_0024.npy,J1705.1-8210_aFix_pol_I_Farcsec_5pln_cor,24,-2.258976564917248e-05,4.054370947415009e-05,
J0812.5-5714_aFix_pol_I_Farcsec_5pln_cor_crop_0094.npy,J0812.5-5714_aFix_pol_I_Farcsec_5pln_cor,94,-1.797733420971781e-05,3.096696309512481e-05,
J0027.3-5015_aFix_pol_I_Farcsec_5pln_cor_crop_0146.npy,J0027.3-5015_aFix_pol_I_Farcsec_5pln_cor,146,-1.4346433999889996e-05,3.467470014584251e-05,
J0757.7-5315_aFix_pol_I_Farcsec_5pln_cor_crop_0107.npy,J0757.7-5315_aFix_pol_I_Farcsec_5pln_cor,107,-1.5817182429600507e-05,3.550770634319633e-05,
J0637.3-4828_aFix_pol_I_Farcsec_5pln_cor_crop_0149.npy,J0637.3-4828_aFix_pol_I_Farcsec_5pln_cor,149,-1.5409788829856552e-05,3.9739050407661125e-05,
Abell_3667_aFix_pol_I_Farcsec_5pln_cor_crop_0125.npy,Abell_3667_aFix_pol_I_Farcsec_5pln_cor,125,-3.163510700687766e-05,0.0001603437995072,
J1040.7-7047_aFix_pol_I_Farcsec_5pln_cor_crop_0119.npy,J1040.7-7047_aFix_pol_I_Farcsec_5pln_cor,119,-2.545410461607389e-05,4.294725295039825e-05,
J2023.4-5535_aFix_pol_I_Farcsec_5pln_cor_crop_0195.npy,J2023.4-5535_aFix_pol_I_Farcsec_5pln_cor,195,-2.326385947526433e-05,4.042817090521567e-05,
J0232.2-4420_aFix_pol_I_Farcsec_5pln_cor_crop_0192.npy,J0232.2-4420_aFix_pol_I_Farcsec_5pln_cor,192,-1.3283781299833208e-05,3.414206730667502e-05,
J0757.7-5315_aFix_pol_I_Farcsec_5pln_cor_crop_0070.npy,J0757.7-5315_aFix_pol_I_Farcsec_5pln_cor,70,-1.5817182429600507e-05,3.550770634319633e-05,
J0631.3-5610_aFix_pol_I_Farcsec_5pln_cor_crop_0029.npy,J0631.3-5610_aFix_pol_I_Farcsec_5pln_cor,29,-1.3746558579441626e-05,3.730034950422123e-05,
J0406.7-7116_aFix_pol_I_Farcsec_5pln_cor_crop_0007.npy,J0406.7-7116_aFix_pol_I_Farcsec_5pln_cor,7,-1.6727117326809093e-05,3.893847315339372e-05,
Abell_2645_noFix_pol_I_Farcsec_5pln_cor_crop_0160.npy,Abell_2645_noFix_pol_I_Farcsec_5pln_cor,160,-3.2132909836946055e-05,5.223612970439717e-05,
J0745.1-5404_aFix_pol_I_Farcsec_5pln_cor_crop_0117.npy,J0745.1-5404_aFix_pol_I_Farcsec_5pln_cor,117,-1.8277149138157256e-05,3.714456397574395e-05,
Abell_2811_noFix_pol_I_Farcsec_5pln_cor_crop_0021.npy,Abell_2811_noFix_pol_I_Farcsec_5pln_cor,21,-5.993724334985018e-05,7.318957068491727e-05,
J1145.6-5420_aFix_pol_I_Farcsec_5pln_cor_crop_0012.npy,J1145.6-5420_aFix_pol_I_Farcsec_5pln_cor,12,-1.6585625417064875e-05,3.3761494705686346e-05,
Abell_2811_noFix_pol_I_Farcsec_5pln_cor_crop_0084.npy,Abell_2811_noFix_pol_I_Farcsec_5pln_cor,84,-5.993724334985018e-05,7.318957068491727e-05,
J1423.7-5412_aFix_pol_I_Farcsec_5pln_cor_crop_0194.npy,J1423.7-5412_aFix_pol_I_Farcsec_5pln_cor,194,-1.8973547412315384e-05,4.0196806367021054e-05,
RXC_J0520.7-1328_aFix_pol_I_Farcsec_5pln_cor_crop_0051.npy,RXC_J0520.7-1328_aFix_pol_I_Farcsec_5pln_cor,51,-4.763286779052578e-05,6.618209590669721e-05,
Abell_2895_noFix_pol_I_Farcsec_5pln_cor_crop_0157.npy,Abell_2895_noFix_pol_I_Farcsec_5pln_cor,157,-1.7904101696331054e-05,3.5388853575568646e-05,
J0600.8-5835_aFix_pol_I_Farcsec_5pln_cor_crop_0071.npy,J0600.8-5835_aFix_pol_I_Farcsec_5pln_cor,71,-1.2947120012540836e-05,3.535595169523731e-05,
Abell_521_noFix_pol_I_Farcsec_5pln_cor_crop_0139.npy,Abell_521_noFix_pol_I_Farcsec_5pln_cor,139,-1.8806747902999632e-05,4.423171412781812e-05,
J0406.7-7116_aFix_pol_I_Farcsec_5pln_cor_crop_0107.npy,J0406.7-7116_aFix_pol_I_Farcsec_5pln_cor,107,-1.6727117326809093e-05,3.893847315339372e-05,
J0449.9-4440_aFix_pol_I_Farcsec_5pln_cor_crop_0131.npy,J0449.9-4440_aFix_pol_I_Farcsec_5pln_cor,131,-1.3652566849486902e-05,3.79539851564914e-05,
J1201.0-4623_aFix_pol_I_Farcsec_5pln_cor_crop_0141.npy,J1201.0-4623_aFix_pol_I_Farcsec_5pln_cor,141,-1.437526134395739e-05,3.895712870871648e-05,
J2023.4-5535_aFix_pol_I_Farcsec_5pln_cor_crop_0175.npy,J2023.4-5535_aFix_pol_I_Farcsec_5pln_cor,175,-2.326385947526433e-05,4.042817090521567e-05,
J0948.6-8327_aFix_pol_I_Farcsec_5pln_cor_crop_0081.npy,J0948.6-8327_aFix_pol_I_Farcsec_5pln_cor,81,-1.3834469427820297e-05,3.5308996302774176e-05,
J0757.7-5315_aFix_pol_I_Farcsec_5pln_cor_crop_0058.npy,J0757.7-5315_aFix_pol_I_Farcsec_5pln_cor,58,-1.5817182429600507e-05,3.550770634319633e-05,
J0510.2-4519_aFix_pol_I_Farcsec_5pln_cor_crop_0055.npy,J0510.2-4519_aFix_pol_I_Farcsec_5pln_cor,55,-1.650593003432732e-05,3.797405952354893e-05,
J0638.7-5358_aFix_pol_I_Farcsec_5pln_cor_crop_0133.npy,J0638.7-5358_aFix_pol_I_Farcsec_5pln_cor,133,-1.4472521797870286e-05,3.7130746932234615e-05,
J0342.8-5338_aFix_pol_I_Farcsec_5pln_cor_crop_0072.npy,J0342.8-5338_aFix_pol_I_Farcsec_5pln_cor,72,-1.83263164217351e-05,3.698056025314145e-05,
J0351.1-8212_aFix_pol_I_Farcsec_5pln_cor_crop_0115.npy,J0351.1-8212_aFix_pol_I_Farcsec_5pln_cor,115,-1.34867677843431e-05,3.901409581885673e-05,
J0542.8-4100_aFix_pol_I_Farcsec_5pln_cor_crop_0016.npy,J0542.8-4100_aFix_pol_I_Farcsec_5pln_cor,16,-1.260944191017188e-05,3.595814996515401e-05,
Abell_133_aFix_pol_I_Farcsec_5pln_cor_crop_0188.npy,Abell_133_aFix_pol_I_Farcsec_5pln_cor,188,-1.6750700524426065e-05,3.861152799800038e-05,
J0540.1-4322_aFix_pol_I_Farcsec_5pln_cor_crop_0063.npy,J0540.1-4322_aFix_pol_I_Farcsec_5pln_cor,63,-2.016680991800968e-05,3.639713395386934e-05,
Abell_2813_noFix_pol_I_Farcsec_5pln_cor_crop_0121.npy,Abell_2813_noFix_pol_I_Farcsec_5pln_cor,121,-2.1553638362092897e-05,4.1060964576900005e-05,
Abell_3376copy_aFix_pol_I_Farcsec_5pln_cor_crop_0117.npy,Abell_3376copy_aFix_pol_I_Farcsec_5pln_cor,117,-1.6748330381233245e-05,4.895990059594624e-05,
Abell_3376copy_aFix_pol_I_Farcsec_5pln_cor_crop_0031.npy,Abell_3376copy_aFix_pol_I_Farcsec_5pln_cor,31,-1.6748330381233245e-05,4.895990059594624e-05,
J0610.5-4848_aFix_pol_I_Farcsec_5pln_cor_crop_0058.npy,J0610.5-4848_aFix_pol_I_Farcsec_5pln_cor,58,-1.432743010809645e-05,3.869758802466095e-05,
J0510.2-4519_aFix_pol_I_Farcsec_5pln_cor_crop_0011.npy,J0510.2-4519_aFix_pol_I_Farcsec_5pln_cor,11,-1.650593003432732e-05,3.797405952354893e-05,
Abell_2667_noFix_pol_I_Farcsec_5pln_cor_crop_0142.npy,Abell_2667_noFix_pol_I_Farcsec_5pln_cor,142,-1.5058354620123282e-05,4.20943797507789e-05,
Abell_209_aFix_pol_I_Farcsec_5pln_cor_crop_0105.npy,Abell_209_aFix_pol_I_Farcsec_5pln_cor,105,-2.1105859559611417e-05,4.098449426237494e-05,
J0545.5-4756_aFix_pol_I_Farcsec_5pln_cor_crop_0052.npy,J0545.5-4756_aFix_pol_I_Farcsec_5pln_cor,52,-1.6526179024367593e-05,4.097030614502728e-05,
J0745.1-5404_aFix_pol_I_Farcsec_5pln_cor_crop_0154.npy,J0745.1-5404_aFix_pol_I_Farcsec_5pln_cor,154,-1.8277149138157256e-05,3.714456397574395e-05,
Abell_548_Cen_aFix_pol_I_Farcsec_5pln_cor_crop_0176.npy,Abell_548_Cen_aFix_pol_I_Farcsec_5pln_cor,176,-1.6901160051929764e-05,5.435498314909637e-05,
Abell_2667_noFix_pol_I_Farcsec_5pln_cor_crop_0024.npy,Abell_2667_noFix_pol_I_Farcsec_5pln_cor,24,-1.5058354620123282e-05,4.20943797507789e-05,
J2340.1-8510_aFix_pol_I_Farcsec_5pln_cor_crop_0031.npy,J2340.1-8510_aFix_pol_I_Farcsec_5pln_cor,31,-1.53458950080676e-05,3.938611553166993e-05,
J2222.2-5235_aFix_pol_I_Farcsec_5pln_cor_crop_0073.npy,J2222.2-5235_aFix_pol_I_Farcsec_5pln_cor,73,-2.0340692572062835e-05,4.029700721730478e-05,
J1201.0-4623_aFix_pol_I_Farcsec_5pln_cor_crop_0061.npy,J1201.0-4623_aFix_pol_I_Farcsec_5pln_cor,61,-1.437526134395739e-05,3.895712870871648e-05,
RXCJ0225.1-22928_aFix_pol_I_Farcsec_5pln_cor_crop_0042.npy,RXCJ0225.1-22928_aFix_pol_I_Farcsec_5pln_cor,42,-3.11890325974673e-05,5.4694857681170106e-05,
J1130.0-4213_aFix_pol_I_Farcsec_5pln_cor_crop_0156.npy,J1130.0-4213_aFix_pol_I_Farcsec_5pln_cor,156,-1.5924631952657364e-05,3.826789543381892e-05,
J0328.6-5542_aFix_pol_I_Farcsec_5pln_cor_crop_0004.npy,J0328.6-5542_aFix_pol_I_Farcsec_5pln_cor,4,-1.7376105461153202e-05,3.237917189835571e-05,
J0545.5-4756_aFix_pol_I_Farcsec_5pln_cor_crop_0144.npy,J0545.5-4756_aFix_pol_I_Farcsec_5pln_cor,144,-1.6526179024367593e-05,4.097030614502728e-05,
J0225.9-4154_aFix_pol_I_Farcsec_5pln_cor_crop_0121.npy,J0225.9-4154_aFix_pol_I_Farcsec_5pln_cor,121,-1.4831659427727573e-05,3.976373773184605e-05,
J1201.0-4623_aFix_pol_I_Farcsec_5pln_cor_crop_0204.npy,J1201.0-4623_aFix_pol_I_Farcsec_5pln_cor,204,-1.437526134395739e-05,3.895712870871648e-05,
Abell_3376copy_aFix_pol_I_Farcsec_5pln_cor_crop_0074.npy,Abell_3376copy_aFix_pol_I_Farcsec_5pln_cor,74,-1.6748330381233245e-05,4.895990059594624e-05,
MACSJ0417.5-1155_aFix_pol_I_Farcsec_5pln_cor_crop_0153.npy,MACSJ0417.5-1155_aFix_pol_I_Farcsec_5pln_cor,153,-1.759273436618969e-05,4.197344605927356e-05,
MACSJ0417.5-1155_aFix_pol_I_Farcsec_5pln_cor_crop_0179.npy,MACSJ0417.5-1155_aFix_pol_I_Farcsec_5pln_cor,179,-1.759273436618969e-05,4.197344605927356e-05,
Abell_2895_noFix_pol_I_Farcsec_5pln_cor_crop_0121.npy,Abell_2895_noFix_pol_I_Farcsec_5pln_cor,121,-1.7904101696331054e-05,3.5388853575568646e-05,
J0745.1-5404_aFix_pol_I_Farcsec_5pln_cor_crop_0203.npy,J0745.1-5404_aFix_pol_I_Farcsec_5pln_cor,203,-1.8277149138157256e-05,3.714456397574395e-05,
J2222.2-5235_aFix_pol_I_Farcsec_5pln_cor_crop_0195.npy,J2222.2-5235_aFix_pol_I_Farcsec_5pln_cor,195,-2.0340692572062835e-05,4.029700721730478e-05,
J0510.2-4519_aFix_pol_I_Farcsec_5pln_cor_crop_0087.npy,J0510.2-4519_aFix_pol_I_Farcsec_5pln_cor,87,-1.650593003432732e-05,3.797405952354893e-05,
Abell_2645_noFix_pol_I_Farcsec_5pln_cor_crop_0087.npy,Abell_2645_noFix_pol_I_Farcsec_5pln_cor,87,-3.2132909836946055e-05,5.223612970439717e-05,
J0543.4-4430_aFix_pol_I_Farcsec_5pln_cor_crop_0038.npy,J0543.4-4430_aFix_pol_I_Farcsec_5pln_cor,38,-1.920615613926202e-05,4.022587017971091e-05,
J0757.7-5315_aFix_pol_I_Farcsec_5pln_cor_crop_0036.npy,J0757.7-5315_aFix_pol_I_Farcsec_5pln_cor,36,-1.5817182429600507e-05,3.550770634319633e-05,
J0616.8-4748_aFix_pol_I_Farcsec_5pln_cor_crop_0015.npy,J0616.8-4748_aFix_pol_I_Farcsec_5pln_cor,15,-1.6417492588516325e-05,3.9486680179834366e-05,
Abell_2667_noFix_pol_I_Farcsec_5pln_cor_crop_0146.npy,Abell_2667_noFix_pol_I_Farcsec_5pln_cor,146,-1.5058354620123282e-05,4.20943797507789e-05,
J0625.2-5521_aFix_pol_I_Farcsec_5pln_cor_crop_0164.npy,J0625.2-5521_aFix_pol_I_Farcsec_5pln_cor,164,-2.603908251330722e-05,3.9954342355486006e-05,
J0610.5-4848_aFix_pol_I_Farcsec_5pln_cor_crop_0033.npy,J0610.5-4848_aFix_pol_I_Farcsec_5pln_cor,33,-1.432743010809645e-05,3.869758802466095e-05,
RXCJ2351.0-19_noFix_pol_I_Farcsec_5pln_cor_crop_0073.npy,RXCJ2351.0-19_noFix_pol_I_Farcsec_5pln_cor,73,-1.7816319086705334e-05,4.150596214458346e-05,
Abell_2813_noFix_pol_I_Farcsec_5pln_cor_crop_0192.npy,Abell_2813_noFix_pol_I_Farcsec_5pln_cor,192,-2.1553638362092897e-05,4.1060964576900005e-05,
J2023.4-5535_aFix_pol_I_Farcsec_5pln_cor_crop_0189.npy,J2023.4-5535_aFix_pol_I_Farcsec_5pln_cor,189,-2.326385947526433e-05,4.042817090521567e-05,
J1535.1-4658_aFix_pol_I_Farcsec_5pln_cor_crop_0195.npy,J1535.1-4658_aFix_pol_I_Farcsec_5pln_cor,195,-2.547855729062576e-05,3.796764576691203e-05,
J0431.4-6126_aFix_pol_I_Farcsec_5pln_cor_crop_0007.npy,J0431.4-6126_aFix_pol_I_Farcsec_5pln_cor,7,-2.59030784945935e-05,4.582747351378202e-05,
J0658.5-5556_aFix_pol_I_Farcsec_5pln_cor_crop_0115.npy,J0658.5-5556_aFix_pol_I_Farcsec_5pln_cor,115,-1.5211503523460124e-05,4.380349491839297e-05,
J0600.8-5835_aFix_pol_I_Farcsec_5pln_cor_crop_0052.npy,J0600.8-5835_aFix_pol_I_Farcsec_5pln_cor,52,-1.2947120012540836e-05,3.535595169523731e-05,
Abell_3562_aFix_pol_I_Farcsec_5pln_cor_crop_0224.npy,Abell_3562_aFix_pol_I_Farcsec_5pln_cor,224,-2.032673728535883e-05,4.53729007858783e-05,
Abell_168_aFix_pol_I_Farcsec_5pln_cor_crop_0197.npy,Abell_168_aFix_pol_I_Farcsec_5pln_cor,197,-2.51656529144384e-05,4.1941199015127495e-05,
J0812.5-5714_aFix_pol_I_Farcsec_5pln_cor_crop_0071.npy,J0812.5-5714_aFix_pol_I_Farcsec_5pln_cor,71,-1.797733420971781e-05,3.096696309512481e-05,
Abell_33_noFix_pol_I_Farcsec_5pln_cor_crop_0029.npy,Abell_33_noFix_pol_I_Farcsec_5pln_cor,29,-2.8547556212288328e-05,4.8568657803116366e-05,
Abell_S1121_noFix_pol_I_Farcsec_5pln_cor_crop_0119.npy,Abell_S1121_noFix_pol_I_Farcsec_5pln_cor,119,-4.2447074520168826e-05,6.132334965514019e-05,
Abell_2485_noFix_pol_I_Farcsec_5pln_cor_crop_0192.npy,Abell_2485_noFix_pol_I_Farcsec_5pln_cor,192,-1.5763916962896474e-05,3.792858478846029e-05,
J0625.2-5521_aFix_pol_I_Farcsec_5pln_cor_crop_0095.npy,J0625.2-5521_aFix_pol_I_Farcsec_5pln_cor,95,-2.603908251330722e-05,3.9954342355486006e-05,
J0948.6-8327_aFix_pol_I_Farcsec_5pln_cor_crop_0181.npy,J0948.6-8327_aFix_pol_I_Farcsec_5pln_cor,181,-1.3834469427820297e-05,3.5308996302774176e-05,
J0516.6-5430_aFix_pol_I_Farcsec_5pln_cor_crop_0131.npy,J0516.6-5430_aFix_pol_I_Farcsec_5pln_cor,131,-1.4557363101630472e-05,3.583080251701176e-05,
J0540.1-4050_aFix_pol_I_Farcsec_5pln_cor_crop_0002.npy,J0540.1-4050_aFix_pol_I_Farcsec_5pln_cor,2,-1.9781218725256625e-05,3.538576129358262e-05,
J1240.2-4825_aFix_pol_I_Farcsec_5pln_cor_crop_0089.npy,J1240.2-4825_aFix_pol_I_Farcsec_5pln_cor,89,-1.6159494407474995e-05,3.676811684272252e-05,
Abell_3667_aFix_pol_I_Farcsec_5pln_cor_crop_0000.npy,Abell_3667_aFix_pol_I_Farcsec_5pln_cor,0,-3.163510700687766e-05,0.0001603437995072,
J0627.2-5428_aFix_pol_I_Farcsec_5pln_cor_crop_0179.npy,J0627.2-5428_aFix_pol_I_Farcsec_5pln_cor,179,-3.725358692463488e-05,5.157724808668718e-05,
J0406.7-7116_aFix_pol_I_Farcsec_5pln_cor_crop_0070.npy,J0406.7-7116_aFix_pol_I_Farcsec_5pln_cor,70,-1.6727117326809093e-05,3.893847315339372e-05,
J1518.3-4632_aFix_pol_I_Farcsec_5pln_cor_crop_0144.npy,J1518.3-4632_aFix_pol_I_Farcsec_5pln_cor,144,-2.6316898583900183e-05,3.836355244857259e-05,
MACSJ_0025.4-1222B_aFix_pol_I_Farcsec_5pln_cor_crop_0029.npy,MACSJ_0025.4-1222B_aFix_pol_I_Farcsec_5pln_cor,29,-2.179453076678328e-05,4.608399467542768e-05,
J0516.6-5430_aFix_pol_I_Farcsec_5pln_cor_crop_0200.npy,J0516.6-5430_aFix_pol_I_Farcsec_5pln_cor,200,-1.4557363101630472e-05,3.583080251701176e-05,
J0336.3-4037_aFix_pol_I_Farcsec_5pln_cor_crop_0166.npy,J0336.3-4037_aFix_pol_I_Farcsec_5pln_cor,166,-1.9070150301558897e-05,3.8439713534899056e-05,
J0027.3-5015_aFix_pol_I_Farcsec_5pln_cor_crop_0050.npy,J0027.3-5015_aFix_pol_I_Farcsec_5pln_cor,50,-1.4346433999889996e-05,3.467470014584251e-05,
J1040.7-7047_aFix_pol_I_Farcsec_5pln_cor_crop_0091.npy,J1040.7-7047_aFix_pol_I_Farcsec_5pln_cor,91,-2.545410461607389e-05,4.294725295039825e-05,
J0352.4-7401_aFix_pol_I_Farcsec_5pln_cor_crop_0069.npy,J0352.4-7401_aFix_pol_I_Farcsec_5pln_cor,69,-1.3432473679131364e-05,3.414728053030558e-05,
J1535.1-4658_aFix_pol_I_Farcsec_5pln_cor_crop_0060.npy,J1535.1-4658_aFix_pol_I_Farcsec_5pln_cor,60,-2.547855729062576e-05,3.796764576691203e-05,
J2023.4-5535_aFix_pol_I_Farcsec_5pln_cor_crop_0152.npy,J2023.4-5535_aFix_pol_I_Farcsec_5pln_cor,152,-2.326385947526433e-05,4.042817090521567e-05,
J0637.3-4828_aFix_pol_I_Farcsec_5pln_cor_crop_0203.npy,J0637.3-4828_aFix_pol_I_Farcsec_5pln_cor,203,-1.5409788829856552e-05,3.9739050407661125e-05,
J2340.1-8510_aFix_pol_I_Farcsec_5pln_cor_crop_0150.npy,J2340.1-8510_aFix_pol_I_Farcsec_5pln_cor,150,-1.53458950080676e-05,3.938611553166993e-05,
J1201.0-4623_aFix_pol_I_Farcsec_5pln_cor_crop_0047.npy,J1201.0-4623_aFix_pol_I_Farcsec_5pln_cor,47,-1.437526134395739e-05,3.895712870871648e-05,
Abell_S295_aFix_pol_I_Farcsec_5pln_cor_crop_0139.npy,Abell_S295_aFix_pol_I_Farcsec_5pln_cor,139,-1.2192884241812862e-05,4.2860785470111296e-05,
Abell_521_noFix_pol_I_Farcsec_5pln_cor_crop_0152.npy,Abell_521_noFix_pol_I_Farcsec_5pln_cor,152,-1.8806747902999632e-05,4.423171412781812e-05,
J0645.4-5413_aFix_pol_I_Farcsec_5pln_cor_crop_0114.npy,J0645.4-5413_aFix_pol_I_Farcsec_5pln_cor,114,-1.871160566224717e-05,4.457303657545708e-05,
Abell_33_noFix_pol_I_Farcsec_5pln_cor_crop_0183.npy,Abell_33_noFix_pol_I_Farcsec_5pln_cor,183,-2.8547556212288328e-05,4.8568657803116366e-05,
J0212.8-4707_aFix_pol_I_Farcsec_5pln_cor_crop_0105.npy,J0212.8-4707_aFix_pol_I_Farcsec_5pln_cor,105,-1.7747841411619447e-05,3.736264625331387e-05,
J0314.3-4525_aFix_pol_I_Farcsec_5pln_cor_crop_0179.npy,J0314.3-4525_aFix_pol_I_Farcsec_5pln_cor,179,-1.2252019587322138e-05,3.824526356766e-05,
J0027.3-5015_aFix_pol_I_Farcsec_5pln_cor_crop_0034.npy,J0027.3-5015_aFix_pol_I_Farcsec_5pln_cor,34,-1.4346433999889996e-05,3.467470014584251e-05,
J0812.5-5714_aFix_pol_I_Farcsec_5pln_cor_crop_0143.npy,J0812.5-5714_aFix_pol_I_Farcsec_5pln_cor,143,-1.797733420971781e-05,3.096696309512481e-05,
J0145.0-5300_aFix_pol_I_Farcsec_5pln_cor_crop_0185.npy,J0145.0-5300_aFix_pol_I_Farcsec_5pln_cor,185,-1.4464765627053566e-05,3.505407221382484e-05,
J0431.4-6126_aFix_pol_I_Farcsec_5pln_cor_crop_0068.npy,J0431.4-6126_aFix_pol_I_Farcsec_5pln_cor,68,-2.59030784945935e-05,4.582747351378202e-05,
J0145.2-6033_aFix_pol_I_Farcsec_5pln_cor_crop_0017.npy,J0145.2-6033_aFix_pol_I_Farcsec_5pln_cor,17,-1.2114905985072257e-05,3.299051968497224e-05,
J0051.1-4833_aFix_pol_I_Farcsec_5pln_cor_crop_0098.npy,J0051.1-4833_aFix_pol_I_Farcsec_5pln_cor,98,-1.4088746866036672e-05,3.274881237302907e-05,
Abell_521_noFix_pol_I_Farcsec_5pln_cor_crop_0085.npy,Abell_521_noFix_pol_I_Farcsec_5pln_cor,85,-1.8806747902999632e-05,4.423171412781812e-05,
J0607.0-4928_aFix_pol_I_Farcsec_5pln_cor_crop_0042.npy,J0607.0-4928_aFix_pol_I_Farcsec_5pln_cor,42,-1.727664130157791e-05,3.109658064204268e-05,
J0232.2-4420_aFix_pol_I_Farcsec_5pln_cor_crop_0196.npy,J0232.2-4420_aFix_pol_I_Farcsec_5pln_cor,196,-1.3283781299833208e-05,3.414206730667502e-05,
Abell_3376_aFix_pol_I_Farcsec_5pln_cor_crop_0207.npy,Abell_3376_aFix_pol_I_Farcsec_5pln_cor,207,-1.6748330381233245e-05,4.895990059594624e-05,
J0352.4-7401_aFix_pol_I_Farcsec_5pln_cor_crop_0007.npy,J0352.4-7401_aFix_pol_I_Farcsec_5pln_cor,7,-1.3432473679131364e-05,3.414728053030558e-05,
J0314.3-4525_aFix_pol_I_Farcsec_5pln_cor_crop_0178.npy,J0314.3-4525_aFix_pol_I_Farcsec_5pln_cor,178,-1.2252019587322138e-05,3.824526356766e-05,
Abell_2895_noFix_pol_I_Farcsec_5pln_cor_crop_0186.npy,Abell_2895_noFix_pol_I_Farcsec_5pln_cor,186,-1.7904101696331054e-05,3.5388853575568646e-05,
Abell_22_aFix_pol_I_Farcsec_5pln_cor_crop_0148.npy,Abell_22_aFix_pol_I_Farcsec_5pln_cor,148,-1.7687332729110494e-05,3.791484050452709e-05,
Abell_85_aFix_pol_I_Farcsec_5pln_cor_crop_0060.npy,Abell_85_aFix_pol_I_Farcsec_5pln_cor,60,-1.6969566786428913e-05,4.114058901905082e-05,
Abell_548_Cen_aFix_pol_I_Farcsec_5pln_cor_crop_0109.npy,Abell_548_Cen_aFix_pol_I_Farcsec_5pln_cor,109,-1.6901160051929764e-05,5.435498314909637e-05,
J0626.3-5341_aFix_pol_I_Farcsec_5pln_cor_crop_0085.npy,J0626.3-5341_aFix_pol_I_Farcsec_5pln_cor,85,-2.286754715896677e-05,4.3426152842585e-05,
J0645.4-5413_aFix_pol_I_Farcsec_5pln_cor_crop_0139.npy,J0645.4-5413_aFix_pol_I_Farcsec_5pln_cor,139,-1.871160566224717e-05,4.457303657545708e-05,
J0216.3-4816_aFix_pol_I_Farcsec_5pln_cor_crop_0052.npy,J0216.3-4816_aFix_pol_I_Farcsec_5pln_cor,52,-1.5618124962202273e-05,5.211478855926544e-05,
J1145.6-5420_aFix_pol_I_Farcsec_5pln_cor_crop_0056.npy,J1145.6-5420_aFix_pol_I_Farcsec_5pln_cor,56,-1.6585625417064875e-05,3.3761494705686346e-05,
J0342.8-5338_aFix_pol_I_Farcsec_5pln_cor_crop_0041.npy,J0342.8-5338_aFix_pol_I_Farcsec_5pln_cor,41,-1.83263164217351e-05,3.698056025314145e-05,
J1423.7-5412_aFix_pol_I_Farcsec_5pln_cor_crop_0015.npy,J1423.7-5412_aFix_pol_I_Farcsec_5pln_cor,15,-1.8973547412315384e-05,4.0196806367021054e-05,
J1535.1-4658_aFix_pol_I_Farcsec_5pln_cor_crop_0169.npy,J1535.1-4658_aFix_pol_I_Farcsec_5pln_cor,169,-2.547855729062576e-05,3.796764576691203e-05,
MACS_J0257.6-2209_aFix_pol_I_Farcsec_5pln_cor_crop_0028.npy,MACS_J0257.6-2209_aFix_pol_I_Farcsec_5pln_cor,28,-2.1241523427306674e-05,4.082491795998067e-05,
J0449.9-4440_aFix_pol_I_Farcsec_5pln_cor_crop_0103.npy,J0449.9-4440_aFix_pol_I_Farcsec_5pln_cor,103,-1.3652566849486902e-05,3.79539851564914e-05,
J0014.3-6604_aFix_pol_I_Farcsec_5pln_cor_crop_0132.npy,J0014.3-6604_aFix_pol_I_Farcsec_5pln_cor,132,-1.2331886864558328e-05,3.584220394259319e-05,
J0525.8-4715_aFix_pol_I_Farcsec_5pln_cor_crop_0013.npy,J0525.8-4715_aFix_pol_I_Farcsec_5pln_cor,13,-1.611813422641717e-05,4.044059460284189e-05,
J1410.4-4246_aFix_pol_I_Farcsec_5pln_cor_crop_0033.npy,J1410.4-4246_aFix_pol_I_Farcsec_5pln_cor,33,-2.2075269953347743e-05,4.486642137635499e-05,
Abell_2895_noFix_pol_I_Farcsec_5pln_cor_crop_0063.npy,Abell_2895_noFix_pol_I_Farcsec_5pln_cor,63,-1.7904101696331054e-05,3.5388853575568646e-05,
J0812.5-5714_aFix_pol_I_Farcsec_5pln_cor_crop_0214.npy,J0812.5-5714_aFix_pol_I_Farcsec_5pln_cor,214,-1.797733420971781e-05,3.096696309512481e-05,
J1130.0-4213_aFix_pol_I_Farcsec_5pln_cor_crop_0137.npy,J1130.0-4213_aFix_pol_I_Farcsec_5pln_cor,137,-1.5924631952657364e-05,3.826789543381892e-05,
J0610.5-4848_aFix_pol_I_Farcsec_5pln_cor_crop_0123.npy,J0610.5-4848_aFix_pol_I_Farcsec_5pln_cor,123,-1.432743010809645e-05,3.869758802466095e-05,
J0626.3-5341_aFix_pol_I_Farcsec_5pln_cor_crop_0166.npy,J0626.3-5341_aFix_pol_I_Farcsec_5pln_cor,166,-2.286754715896677e-05,4.3426152842585e-05,
J0625.2-5521_aFix_pol_I_Farcsec_5pln_cor_crop_0009.npy,J0625.2-5521_aFix_pol_I_Farcsec_5pln_cor,9,-2.603908251330722e-05,3.9954342355486006e-05,
J1130.0-4213_aFix_pol_I_Farcsec_5pln_cor_crop_0152.npy,J1130.0-4213_aFix_pol_I_Farcsec_5pln_cor,152,-1.5924631952657364e-05,3.826789543381892e-05,
J0543.4-4430_aFix_pol_I_Farcsec_5pln_cor_crop_0050.npy,J0543.4-4430_aFix_pol_I_Farcsec_5pln_cor,50,-1.920615613926202e-05,4.022587017971091e-05,
J1240.2-4825_aFix_pol_I_Farcsec_5pln_cor_crop_0079.npy,J1240.2-4825_aFix_pol_I_Farcsec_5pln_cor,79,-1.6159494407474995e-05,3.676811684272252e-05,
J0014.3-6604_aFix_pol_I_Farcsec_5pln_cor_crop_0078.npy,J0014.3-6604_aFix_pol_I_Farcsec_5pln_cor,78,-1.2331886864558328e-05,3.584220394259319e-05,
MACS_J0257.6-2209_noFix_pol_I_Farcsec_5pln_cor_crop_0149.npy,MACS_J0257.6-2209_noFix_pol_I_Farcsec_5pln_cor,149,-2.3381955543300137e-05,4.110854570171796e-05,
Abell_545_aFix_pol_I_Farcsec_5pln_cor_crop_0073.npy,Abell_545_aFix_pol_I_Farcsec_5pln_cor,73,-1.9454066205071285e-05,4.5050637709209695e-05,
J1840.6-7709_aFix_pol_I_Farcsec_5pln_cor_crop_0064.npy,J1840.6-7709_aFix_pol_I_Farcsec_5pln_cor,64,-1.7610127542866394e-05,4.188125240034424e-05,
J1240.2-4825_aFix_pol_I_Farcsec_5pln_cor_crop_0051.npy,J1240.2-4825_aFix_pol_I_Farcsec_5pln_cor,51,-1.6159494407474995e-05,3.676811684272252e-05,
J1518.3-4632_aFix_pol_I_Farcsec_5pln_cor_crop_0075.npy,J1518.3-4632_aFix_pol_I_Farcsec_5pln_cor,75,-2.6316898583900183e-05,3.836355244857259e-05,
J1423.7-5412_aFix_pol_I_Farcsec_5pln_cor_crop_0116.npy,J1423.7-5412_aFix_pol_I_Farcsec_5pln_cor,116,-1.8973547412315384e-05,4.0196806367021054e-05,
Abell_2744_aFix_pol_I_Farcsec_5pln_cor_crop_0055.npy,Abell_2744_aFix_pol_I_Farcsec_5pln_cor,55,-1.4511139852402266e-05,3.865708276862279e-05,
J0658.5-5556_aFix_pol_I_Farcsec_5pln_cor_crop_0040.npy,J0658.5-5556_aFix_pol_I_Farcsec_5pln_cor,40,-1.5211503523460124e-05,4.380349491839297e-05,
J2222.2-5235_aFix_pol_I_Farcsec_5pln_cor_crop_0016.npy,J2222.2-5235_aFix_pol_I_Farcsec_5pln_cor,16,-2.0340692572062835e-05,4.029700721730478e-05,
J0225.9-4154_aFix_pol_I_Farcsec_5pln_cor_crop_0100.npy,J0225.9-4154_aFix_pol_I_Farcsec_5pln_cor,100,-1.4831659427727573e-05,3.976373773184605e-05,
Abell_209_aFix_pol_I_Farcsec_5pln_cor_crop_0154.npy,Abell_209_aFix_pol_I_Farcsec_5pln_cor,154,-2.1105859559611417e-05,4.098449426237494e-05,
Abell_2751_aFix_pol_I_Farcsec_5pln_cor_crop_0014.npy,Abell_2751_aFix_pol_I_Farcsec_5pln_cor,14,-2.5066670787055045e-05,4.310646909289062e-05,
J1423.7-5412_aFix_pol_I_Farcsec_5pln_cor_crop_0034.npy,J1423.7-5412_aFix_pol_I_Farcsec_5pln_cor,34,-1.8973547412315384e-05,4.0196806367021054e-05,
Abell_2667_noFix_pol_I_Farcsec_5pln_cor_crop_0112.npy,Abell_2667_noFix_pol_I_Farcsec_5pln_cor,112,-1.5058354620123282e-05,4.20943797507789e-05,
Abell_2744_aFix_pol_I_Farcsec_5pln_cor_crop_0117.npy,Abell_2744_aFix_pol_I_Farcsec_5pln_cor,117,-1.4511139852402266e-05,3.865708276862279e-05,
J1705.1-8210_aFix_pol_I_Farcsec_5pln_cor_crop_0053.npy,J1705.1-8210_aFix_pol_I_Farcsec_5pln_cor,53,-2.258976564917248e-05,4.054370947415009e-05,
J0510.2-4519_aFix_pol_I_Farcsec_5pln_cor_crop_0152.npy,J0510.2-4519_aFix_pol_I_Farcsec_5pln_cor,152,-1.650593003432732e-05,3.797405952354893e-05,
J2222.2-5235_aFix_pol_I_Farcsec_5pln_cor_crop_0048.npy,J2222.2-5235_aFix_pol_I_Farcsec_5pln_cor,48,-2.0340692572062835e-05,4.029700721730478e-05,
J0145.2-6033_aFix_pol_I_Farcsec_5pln_cor_crop_0183.npy,J0145.2-6033_aFix_pol_I_Farcsec_5pln_cor,183,-1.2114905985072257e-05,3.299051968497224e-05,
Abell_133_aFix_pol_I_Farcsec_5pln_cor_crop_0170.npy,Abell_133_aFix_pol_I_Farcsec_5pln_cor,170,-1.6750700524426065e-05,3.861152799800038e-05,
Abell_209_aFix_pol_I_Farcsec_5pln_cor_crop_0089.npy,Abell_209_aFix_pol_I_Farcsec_5pln_cor,89,-2.1105859559611417e-05,4.098449426237494e-05,
Abell_S1121_noFix_pol_I_Farcsec_5pln_cor_crop_0002.npy,Abell_S1121_noFix_pol_I_Farcsec_5pln_cor,2,-4.2447074520168826e-05,6.132334965514019e-05,
J0232.2-4420_aFix_pol_I_Farcsec_5pln_cor_crop_0202.npy,J0232.2-4420_aFix_pol_I_Farcsec_5pln_cor,202,-1.3283781299833208e-05,3.414206730667502e-05,
MACSJ0417.5-1155_aFix_pol_I_Farcsec_5pln_cor_crop_0020.npy,MACSJ0417.5-1155_aFix_pol_I_Farcsec_5pln_cor,20,-1.759273436618969e-05,4.197344605927356e-05,
J0542.8-4100_aFix_pol_I_Farcsec_5pln_cor_crop_0066.npy,J0542.8-4100_aFix_pol_I_Farcsec_5pln_cor,66,-1.260944191017188e-05,3.595814996515401e-05,
J0626.3-5341_aFix_pol_I_Farcsec_5pln_cor_crop_0187.npy,J0626.3-5341_aFix_pol_I_Farcsec_5pln_cor,187,-2.286754715896677e-05,4.3426152842585e-05,
Abell_548_Cen_aFix_pol_I_Farcsec_5pln_cor_crop_0112.npy,Abell_548_Cen_aFix_pol_I_Farcsec_5pln_cor,112,-1.6901160051929764e-05,5.435498314909637e-05,
Abell_4038_aFix_pol_I_Farcsec_5pln_cor_crop_0216.npy,Abell_4038_aFix_pol_I_Farcsec_5pln_cor,216,-1.8985389033332467e-05,4.2698269680840895e-05,
Abell_545_aFix_pol_I_Farcsec_5pln_cor_crop_0004.npy,Abell_545_aFix_pol_I_Farcsec_5pln_cor,4,-1.9454066205071285e-05,4.5050637709209695e-05,
J1653.0-5943_aFix_pol_I_Farcsec_5pln_cor_crop_0184.npy,J1653.0-5943_aFix_pol_I_Farcsec_5pln_cor,184,-2.6878653443418443e-05,3.650951839517802e-05,
Abell_33_noFix_pol_I_Farcsec_5pln_cor_crop_0161.npy,Abell_33_noFix_pol_I_Farcsec_5pln_cor,161,-2.8547556212288328e-05,4.8568657803116366e-05,
J0416.7-5525_aFix_pol_I_Farcsec_5pln_cor_crop_0009.npy,J0416.7-5525_aFix_pol_I_Farcsec_5pln_cor,9,-1.4703909073432442e-05,4.304752292227931e-05,
Abell_194_aFix_pol_I_Farcsec_5pln_cor_crop_0176.npy,Abell_194_aFix_pol_I_Farcsec_5pln_cor,176,-3.945245043723844e-05,0.0001343678013654,
J0525.8-4715_aFix_pol_I_Farcsec_5pln_cor_crop_0048.npy,J0525.8-4715_aFix_pol_I_Farcsec_5pln_cor,48,-1.611813422641717e-05,4.044059460284189e-05,
J1535.1-4658_aFix_pol_I_Farcsec_5pln_cor_crop_0057.npy,J1535.1-4658_aFix_pol_I_Farcsec_5pln_cor,57,-2.547855729062576e-05,3.796764576691203e-05,
J1201.0-4623_aFix_pol_I_Farcsec_5pln_cor_crop_0108.npy,J1201.0-4623_aFix_pol_I_Farcsec_5pln_cor,108,-1.437526134395739e-05,3.895712870871648e-05,
J1645.4-7334_aFix_pol_I_Farcsec_5pln_cor_crop_0046.npy,J1645.4-7334_aFix_pol_I_Farcsec_5pln_cor,46,-2.7542228053789582e-05,5.101114220451564e-05,
J0812.5-5714_aFix_pol_I_Farcsec_5pln_cor_crop_0175.npy,J0812.5-5714_aFix_pol_I_Farcsec_5pln_cor,175,-1.797733420971781e-05,3.096696309512481e-05,
J0431.4-6126_aFix_pol_I_Farcsec_5pln_cor_crop_0093.npy,J0431.4-6126_aFix_pol_I_Farcsec_5pln_cor,93,-2.59030784945935e-05,4.582747351378202e-05,
PLCK_G200.9-28.2_aFix_pol_I_Farcsec_5pln_cor_crop_0108.npy,PLCK_G200.9-28.2_aFix_pol_I_Farcsec_5pln_cor,108,-2.0549477994791232e-05,4.693285882240161e-05,
J0014.3-6604_aFix_pol_I_Farcsec_5pln_cor_crop_0026.npy,J0014.3-6604_aFix_pol_I_Farcsec_5pln_cor,26,-1.2331886864558328e-05,3.584220394259319e-05,
J1410.4-4246_aFix_pol_I_Farcsec_5pln_cor_crop_0128.npy,J1410.4-4246_aFix_pol_I_Farcsec_5pln_cor,128,-2.2075269953347743e-05,4.486642137635499e-05,
J0217.2-5244_aFix_pol_I_Farcsec_5pln_cor_crop_0057.npy,J0217.2-5244_aFix_pol_I_Farcsec_5pln_cor,57,-1.7379512428306043e-05,3.482505780993961e-05,
J1240.2-4825_aFix_pol_I_Farcsec_5pln_cor_crop_0141.npy,J1240.2-4825_aFix_pol_I_Farcsec_5pln_cor,141,-1.6159494407474995e-05,3.676811684272252e-05,
J0645.4-5413_aFix_pol_I_Farcsec_5pln_cor_crop_0052.npy,J0645.4-5413_aFix_pol_I_Farcsec_5pln_cor,52,-1.871160566224717e-05,4.457303657545708e-05,
J0449.9-4440_aFix_pol_I_Farcsec_5pln_cor_crop_0177.npy,J0449.9-4440_aFix_pol_I_Farcsec_5pln_cor,177,-1.3652566849486902e-05,3.79539851564914e-05,
J0545.5-4756_aFix_pol_I_Farcsec_5pln_cor_crop_0166.npy,J0545.5-4756_aFix_pol_I_Farcsec_5pln_cor,166,-1.6526179024367593e-05,4.097030614502728e-05,
J0314.3-4525_aFix_pol_I_Farcsec_5pln_cor_crop_0105.npy,J0314.3-4525_aFix_pol_I_Farcsec_5pln_cor,105,-1.2252019587322138e-05,3.824526356766e-05,
Abell_209_aFix_pol_I_Farcsec_5pln_cor_crop_0190.npy,Abell_209_aFix_pol_I_Farcsec_5pln_cor,190,-2.1105859559611417e-05,4.098449426237494e-05,
J1423.7-5412_aFix_pol_I_Farcsec_5pln_cor_crop_0005.npy,J1423.7-5412_aFix_pol_I_Farcsec_5pln_cor,5,-1.8973547412315384e-05,4.0196806367021054e-05,
Abell_33_noFix_pol_I_Farcsec_5pln_cor_crop_0000.npy,Abell_33_noFix_pol_I_Farcsec_5pln_cor,0,-2.8547556212288328e-05,4.8568657803116366e-05,
Abell_3562_aFix_pol_I_Farcsec_5pln_cor_crop_0065.npy,Abell_3562_aFix_pol_I_Farcsec_5pln_cor,65,-2.032673728535883e-05,4.53729007858783e-05,
Abell_22_aFix_pol_I_Farcsec_5pln_cor_crop_0014.npy,Abell_22_aFix_pol_I_Farcsec_5pln_cor,14,-1.7687332729110494e-05,3.791484050452709e-05,
J0738.1-7506_aFix_pol_I_Farcsec_5pln_cor_crop_0153.npy,J0738.1-7506_aFix_pol_I_Farcsec_5pln_cor,153,-1.3090567335893866e-05,3.692142854561098e-05,
Abell_141_aFix_pol_I_Farcsec_5pln_cor_crop_0088.npy,Abell_141_aFix_pol_I_Farcsec_5pln_cor,88,-1.6963114831014536e-05,3.675864718388766e-05,
J0525.8-4715_aFix_pol_I_Farcsec_5pln_cor_crop_0150.npy,J0525.8-4715_aFix_pol_I_Farcsec_5pln_cor,150,-1.611813422641717e-05,4.044059460284189e-05,
Abell_2811_noFix_pol_I_Farcsec_5pln_cor_crop_0004.npy,Abell_2811_noFix_pol_I_Farcsec_5pln_cor,4,-5.993724334985018e-05,7.318957068491727e-05,
J0336.3-4037_aFix_pol_I_Farcsec_5pln_cor_crop_0100.npy,J0336.3-4037_aFix_pol_I_Farcsec_5pln_cor,100,-1.9070150301558897e-05,3.8439713534899056e-05,
Abell_3365_noFix_pol_I_Farcsec_5pln_cor_crop_0140.npy,Abell_3365_noFix_pol_I_Farcsec_5pln_cor,140,-3.684182956931181e-05,5.151375808054581e-05,
J0543.4-4430_aFix_pol_I_Farcsec_5pln_cor_crop_0039.npy,J0543.4-4430_aFix_pol_I_Farcsec_5pln_cor,39,-1.920615613926202e-05,4.022587017971091e-05,
Abell_S1121_noFix_pol_I_Farcsec_5pln_cor_crop_0072.npy,Abell_S1121_noFix_pol_I_Farcsec_5pln_cor,72,-4.2447074520168826e-05,6.132334965514019e-05,
Abell_3365_noFix_pol_I_Farcsec_5pln_cor_crop_0195.npy,Abell_3365_noFix_pol_I_Farcsec_5pln_cor,195,-3.684182956931181e-05,5.151375808054581e-05,
Abell_3376copy_aFix_pol_I_Farcsec_5pln_cor_crop_0007.npy,Abell_3376copy_aFix_pol_I_Farcsec_5pln_cor,7,-1.6748330381233245e-05,4.895990059594624e-05,
J0600.8-5835_aFix_pol_I_Farcsec_5pln_cor_crop_0159.npy,J0600.8-5835_aFix_pol_I_Farcsec_5pln_cor,159,-1.2947120012540836e-05,3.535595169523731e-05,
J2104.9-8243_aFix_pol_I_Farcsec_5pln_cor_crop_0170.npy,J2104.9-8243_aFix_pol_I_Farcsec_5pln_cor,170,-1.633186730032321e-05,3.551336703822017e-05,
J2104.9-8243_aFix_pol_I_Farcsec_5pln_cor_crop_0033.npy,J2104.9-8243_aFix_pol_I_Farcsec_5pln_cor,33,-1.633186730032321e-05,3.551336703822017e-05,
Abell_3365A_noFix_pol_I_Farcsec_5pln_cor_crop_0102.npy,Abell_3365A_noFix_pol_I_Farcsec_5pln_cor,102,-1.5037990124255884e-05,3.877880590152927e-05,
J2222.2-5235_aFix_pol_I_Farcsec_5pln_cor_crop_0035.npy,J2222.2-5235_aFix_pol_I_Farcsec_5pln_cor,35,-2.0340692572062835e-05,4.029700721730478e-05,
ElGordo_aFix_pol_I_Farcsec_5pln_cor_crop_0076.npy,ElGordo_aFix_pol_I_Farcsec_5pln_cor,76,-1.8438237020745877e-05,3.2559692044742405e-05,
J0014.3-6604_aFix_pol_I_Farcsec_5pln_cor_crop_0053.npy,J0014.3-6604_aFix_pol_I_Farcsec_5pln_cor,53,-1.2331886864558328e-05,3.584220394259319e-05,
J1410.4-4246_aFix_pol_I_Farcsec_5pln_cor_crop_0066.npy,J1410.4-4246_aFix_pol_I_Farcsec_5pln_cor,66,-2.2075269953347743e-05,4.486642137635499e-05,
Abell_3562_aFix_pol_I_Farcsec_5pln_cor_crop_0009.npy,Abell_3562_aFix_pol_I_Farcsec_5pln_cor,9,-2.032673728535883e-05,4.53729007858783e-05,
Abell_3365A_noFix_pol_I_Farcsec_5pln_cor_crop_0159.npy,Abell_3365A_noFix_pol_I_Farcsec_5pln_cor,159,-1.5037990124255884e-05,3.877880590152927e-05,
J0145.0-5300_aFix_pol_I_Farcsec_5pln_cor_crop_0019.npy,J0145.0-5300_aFix_pol_I_Farcsec_5pln_cor,19,-1.4464765627053566e-05,3.505407221382484e-05,
J0600.8-5835_aFix_pol_I_Farcsec_5pln_cor_crop_0066.npy,J0600.8-5835_aFix_pol_I_Farcsec_5pln_cor,66,-1.2947120012540836e-05,3.535595169523731e-05,
J0351.1-8212_aFix_pol_I_Farcsec_5pln_cor_crop_0193.npy,J0351.1-8212_aFix_pol_I_Farcsec_5pln_cor,193,-1.34867677843431e-05,3.901409581885673e-05,
Abell_2485_noFix_pol_I_Farcsec_5pln_cor_crop_0060.npy,Abell_2485_noFix_pol_I_Farcsec_5pln_cor,60,-1.5763916962896474e-05,3.792858478846029e-05,
J1653.0-5943_aFix_pol_I_Farcsec_5pln_cor_crop_0046.npy,J1653.0-5943_aFix_pol_I_Farcsec_5pln_cor,46,-2.6878653443418443e-05,3.650951839517802e-05,
Abell_2744_aFix_pol_I_Farcsec_5pln_cor_crop_0210.npy,Abell_2744_aFix_pol_I_Farcsec_5pln_cor,210,-1.4511139852402266e-05,3.865708276862279e-05,
MACSJ_0025.4-1222B_aFix_pol_I_Farcsec_5pln_cor_crop_0125.npy,MACSJ_0025.4-1222B_aFix_pol_I_Farcsec_5pln_cor,125,-2.179453076678328e-05,4.608399467542768e-05,
J1358.9-4750_aFix_pol_I_Farcsec_5pln_cor_crop_0104.npy,J1358.9-4750_aFix_pol_I_Farcsec_5pln_cor,104,-2.6460520530235957e-05,4.666853419621475e-05,
J1518.3-4632_aFix_pol_I_Farcsec_5pln_cor_crop_0074.npy,J1518.3-4632_aFix_pol_I_Farcsec_5pln_cor,74,-2.6316898583900183e-05,3.836355244857259e-05,
RXCJ2351.0-19_noFix_pol_I_Farcsec_5pln_cor_crop_0177.npy,RXCJ2351.0-19_noFix_pol_I_Farcsec_5pln_cor,177,-1.7816319086705334e-05,4.150596214458346e-05,
RXCJ0225.1-22928_aFix_pol_I_Farcsec_5pln_cor_crop_0172.npy,RXCJ0225.1-22928_aFix_pol_I_Farcsec_5pln_cor,172,-3.11890325974673e-05,5.4694857681170106e-05,
Abell_545_aFix_pol_I_Farcsec_5pln_cor_crop_0015.npy,Abell_545_aFix_pol_I_Farcsec_5pln_cor,15,-1.9454066205071285e-05,4.5050637709209695e-05,
Abell_85_aFix_pol_I_Farcsec_5pln_cor_crop_0143.npy,Abell_85_aFix_pol_I_Farcsec_5pln_cor,143,-1.6969566786428913e-05,4.114058901905082e-05,
Abell_548_Cen_aFix_pol_I_Farcsec_5pln_cor_crop_0089.npy,Abell_548_Cen_aFix_pol_I_Farcsec_5pln_cor,89,-1.6901160051929764e-05,5.435498314909637e-05,
J0516.6-5430_aFix_pol_I_Farcsec_5pln_cor_crop_0169.npy,J0516.6-5430_aFix_pol_I_Farcsec_5pln_cor,169,-1.4557363101630472e-05,3.583080251701176e-05,
J0336.3-4037_aFix_pol_I_Farcsec_5pln_cor_crop_0071.npy,J0336.3-4037_aFix_pol_I_Farcsec_5pln_cor,71,-1.9070150301558897e-05,3.8439713534899056e-05,
Abell_S1063_nofix_pol_I_Farcsec_5pln_cor_crop_0049.npy,Abell_S1063_nofix_pol_I_Farcsec_5pln_cor,49,-1.3156100976630114e-05,3.549207394826226e-05,
J1601.7-7544_aFix_pol_I_Farcsec_5pln_cor_crop_0108.npy,J1601.7-7544_aFix_pol_I_Farcsec_5pln_cor,108,-1.893065564217977e-05,4.2162908357568085e-05,
MACS_J0257.6-2209_aFix_pol_I_Farcsec_5pln_cor_crop_0025.npy,MACS_J0257.6-2209_aFix_pol_I_Farcsec_5pln_cor,25,-2.1241523427306674e-05,4.082491795998067e-05,
J0631.3-5610_aFix_pol_I_Farcsec_5pln_cor_crop_0036.npy,J0631.3-5610_aFix_pol_I_Farcsec_5pln_cor,36,-1.3746558579441626e-05,3.730034950422123e-05,
Abell_2751_aFix_pol_I_Farcsec_5pln_cor_crop_0191.npy,Abell_2751_aFix_pol_I_Farcsec_5pln_cor,191,-2.5066670787055045e-05,4.310646909289062e-05,
J0314.3-4525_aFix_pol_I_Farcsec_5pln_cor_crop_0043.npy,J0314.3-4525_aFix_pol_I_Farcsec_5pln_cor,43,-1.2252019587322138e-05,3.824526356766e-05,
J2222.2-5235_aFix_pol_I_Farcsec_5pln_cor_crop_0136.npy,J2222.2-5235_aFix_pol_I_Farcsec_5pln_cor,136,-2.0340692572062835e-05,4.029700721730478e-05,
J0212.8-4707_aFix_pol_I_Farcsec_5pln_cor_crop_0030.npy,J0212.8-4707_aFix_pol_I_Farcsec_5pln_cor,30,-1.7747841411619447e-05,3.736264625331387e-05,
Abell_2811_noFix_pol_I_Farcsec_5pln_cor_crop_0091.npy,Abell_2811_noFix_pol_I_Farcsec_5pln_cor,91,-5.993724334985018e-05,7.318957068491727e-05,
J0232.2-4420_aFix_pol_I_Farcsec_5pln_cor_crop_0145.npy,J0232.2-4420_aFix_pol_I_Farcsec_5pln_cor,145,-1.3283781299833208e-05,3.414206730667502e-05,
Abell_S295_aFix_pol_I_Farcsec_5pln_cor_crop_0012.npy,Abell_S295_aFix_pol_I_Farcsec_5pln_cor,12,-1.2192884241812862e-05,4.2860785470111296e-05,
J0607.0-4928_aFix_pol_I_Farcsec_5pln_cor_crop_0095.npy,J0607.0-4928_aFix_pol_I_Farcsec_5pln_cor,95,-1.727664130157791e-05,3.109658064204268e-05,
J0943.4-7619_aFix_pol_I_Farcsec_5pln_cor_crop_0191.npy,J0943.4-7619_aFix_pol_I_Farcsec_5pln_cor,191,-2.481557567080017e-05,4.054028249811381e-05,
RXC_J0520.7-1328_aFix_pol_I_Farcsec_5pln_cor_crop_0045.npy,RXC_J0520.7-1328_aFix_pol_I_Farcsec_5pln_cor,45,-4.763286779052578e-05,6.618209590669721e-05,
J2319.2-6750_aFix_pol_I_Farcsec_5pln_cor_crop_0110.npy,J2319.2-6750_aFix_pol_I_Farcsec_5pln_cor,110,-1.762574174790643e-05,3.985196599387564e-05,
J0607.0-4928_aFix_pol_I_Farcsec_5pln_cor_crop_0168.npy,J0607.0-4928_aFix_pol_I_Farcsec_5pln_cor,168,-1.727664130157791e-05,3.109658064204268e-05,
J1040.7-7047_aFix_pol_I_Farcsec_5pln_cor_crop_0087.npy,J1040.7-7047_aFix_pol_I_Farcsec_5pln_cor,87,-2.545410461607389e-05,4.294725295039825e-05,
J0516.6-5430_aFix_pol_I_Farcsec_5pln_cor_crop_0173.npy,J0516.6-5430_aFix_pol_I_Farcsec_5pln_cor,173,-1.4557363101630472e-05,3.583080251701176e-05,
J0051.1-4833_aFix_pol_I_Farcsec_5pln_cor_crop_0049.npy,J0051.1-4833_aFix_pol_I_Farcsec_5pln_cor,49,-1.4088746866036672e-05,3.274881237302907e-05,
Abell_521_noFix_pol_I_Farcsec_5pln_cor_crop_0119.npy,Abell_521_noFix_pol_I_Farcsec_5pln_cor,119,-1.8806747902999632e-05,4.423171412781812e-05,
J0342.8-5338_aFix_pol_I_Farcsec_5pln_cor_crop_0105.npy,J0342.8-5338_aFix_pol_I_Farcsec_5pln_cor,105,-1.83263164217351e-05,3.698056025314145e-05,
J1240.2-4825_aFix_pol_I_Farcsec_5pln_cor_crop_0043.npy,J1240.2-4825_aFix_pol_I_Farcsec_5pln_cor,43,-1.6159494407474995e-05,3.676811684272252e-05,
Abell_548_Cen_aFix_pol_I_Farcsec_5pln_cor_crop_0160.npy,Abell_548_Cen_aFix_pol_I_Farcsec_5pln_cor,160,-1.6901160051929764e-05,5.435498314909637e-05,
J1423.7-5412_aFix_pol_I_Farcsec_5pln_cor_crop_0020.npy,J1423.7-5412_aFix_pol_I_Farcsec_5pln_cor,20,-1.8973547412315384e-05,4.0196806367021054e-05,
Abell_S1121_noFix_pol_I_Farcsec_5pln_cor_crop_0165.npy,Abell_S1121_noFix_pol_I_Farcsec_5pln_cor,165,-4.2447074520168826e-05,6.132334965514019e-05,
Abell_2751_aFix_pol_I_Farcsec_5pln_cor_crop_0083.npy,Abell_2751_aFix_pol_I_Farcsec_5pln_cor,83,-2.5066670787055045e-05,4.310646909289062e-05,
J0637.3-4828_aFix_pol_I_Farcsec_5pln_cor_crop_0136.npy,J0637.3-4828_aFix_pol_I_Farcsec_5pln_cor,136,-1.5409788829856552e-05,3.9739050407661125e-05,
Abell_141_aFix_pol_I_Farcsec_5pln_cor_crop_0010.npy,Abell_141_aFix_pol_I_Farcsec_5pln_cor,10,-1.6963114831014536e-05,3.675864718388766e-05,
J1535.1-4658_aFix_pol_I_Farcsec_5pln_cor_crop_0027.npy,J1535.1-4658_aFix_pol_I_Farcsec_5pln_cor,27,-2.547855729062576e-05,3.796764576691203e-05,
J1145.6-5420_aFix_pol_I_Farcsec_5pln_cor_crop_0179.npy,J1145.6-5420_aFix_pol_I_Farcsec_5pln_cor,179,-1.6585625417064875e-05,3.3761494705686346e-05,
J0626.3-5341_aFix_pol_I_Farcsec_5pln_cor_crop_0048.npy,J0626.3-5341_aFix_pol_I_Farcsec_5pln_cor,48,-2.286754715896677e-05,4.3426152842585e-05,
J0351.1-8212_aFix_pol_I_Farcsec_5pln_cor_crop_0020.npy,J0351.1-8212_aFix_pol_I_Farcsec_5pln_cor,20,-1.34867677843431e-05,3.901409581885673e-05,
J0314.3-4525_aFix_pol_I_Farcsec_5pln_cor_crop_0205.npy,J0314.3-4525_aFix_pol_I_Farcsec_5pln_cor,205,-1.2252019587322138e-05,3.824526356766e-05,
J1248.7-4118_aFix_pol_I_Farcsec_5pln_cor_crop_0039.npy,J1248.7-4118_aFix_pol_I_Farcsec_5pln_cor,39,-3.831612048088573e-05,5.340838833944872e-05,
J0820.9-5704_aFix_pol_I_Farcsec_5pln_cor_crop_0069.npy,J0820.9-5704_aFix_pol_I_Farcsec_5pln_cor,69,-1.654735388001427e-05,3.4318985854042694e-05,
J2319.2-6750_aFix_pol_I_Farcsec_5pln_cor_crop_0125.npy,J2319.2-6750_aFix_pol_I_Farcsec_5pln_cor,125,-1.762574174790643e-05,3.985196599387564e-05,
Abell_33_noFix_pol_I_Farcsec_5pln_cor_crop_0178.npy,Abell_33_noFix_pol_I_Farcsec_5pln_cor,178,-2.8547556212288328e-05,4.8568657803116366e-05,
J0600.8-5835_aFix_pol_I_Farcsec_5pln_cor_crop_0136.npy,J0600.8-5835_aFix_pol_I_Farcsec_5pln_cor,136,-1.2947120012540836e-05,3.535595169523731e-05,
Abell_3376copy_aFix_pol_I_Farcsec_5pln_cor_crop_0028.npy,Abell_3376copy_aFix_pol_I_Farcsec_5pln_cor,28,-1.6748330381233245e-05,4.895990059594624e-05,
MACS_J0257.6-2209_aFix_pol_I_Farcsec_5pln_cor_crop_0148.npy,MACS_J0257.6-2209_aFix_pol_I_Farcsec_5pln_cor,148,-2.1241523427306674e-05,4.082491795998067e-05,
Abell_133_aFix_pol_I_Farcsec_5pln_cor_crop_0157.npy,Abell_133_aFix_pol_I_Farcsec_5pln_cor,157,-1.6750700524426065e-05,3.861152799800038e-05,
J0303.7-7752_aFix_pol_I_Farcsec_5pln_cor_crop_0091.npy,J0303.7-7752_aFix_pol_I_Farcsec_5pln_cor,91,-1.6216928997891955e-05,3.944924537790939e-05,
J0943.4-7619_aFix_pol_I_Farcsec_5pln_cor_crop_0104.npy,J0943.4-7619_aFix_pol_I_Farcsec_5pln_cor,104,-2.481557567080017e-05,4.054028249811381e-05,
Abell_3365A_noFix_pol_I_Farcsec_5pln_cor_crop_0026.npy,Abell_3365A_noFix_pol_I_Farcsec_5pln_cor,26,-1.5037990124255884e-05,3.877880590152927e-05,
J0757.7-5315_aFix_pol_I_Farcsec_5pln_cor_crop_0134.npy,J0757.7-5315_aFix_pol_I_Farcsec_5pln_cor,134,-1.5817182429600507e-05,3.550770634319633e-05,
Abell_2751_aFix_pol_I_Farcsec_5pln_cor_crop_0006.npy,Abell_2751_aFix_pol_I_Farcsec_5pln_cor,6,-2.5066670787055045e-05,4.310646909289062e-05,
J1518.3-4632_aFix_pol_I_Farcsec_5pln_cor_crop_0118.npy,J1518.3-4632_aFix_pol_I_Farcsec_5pln_cor,118,-2.6316898583900183e-05,3.836355244857259e-05,
J0626.3-5341_aFix_pol_I_Farcsec_5pln_cor_crop_0051.npy,J0626.3-5341_aFix_pol_I_Farcsec_5pln_cor,51,-2.286754715896677e-05,4.3426152842585e-05,
Abell_3365_noFix_pol_I_Farcsec_5pln_cor_crop_0021.npy,Abell_3365_noFix_pol_I_Farcsec_5pln_cor,21,-3.684182956931181e-05,5.151375808054581e-05,
J0540.1-4050_aFix_pol_I_Farcsec_5pln_cor_crop_0164.npy,J0540.1-4050_aFix_pol_I_Farcsec_5pln_cor,164,-1.9781218725256625e-05,3.538576129358262e-05,
J0600.8-5835_aFix_pol_I_Farcsec_5pln_cor_crop_0166.npy,J0600.8-5835_aFix_pol_I_Farcsec_5pln_cor,166,-1.2947120012540836e-05,3.535595169523731e-05,
Abell_141_aFix_pol_I_Farcsec_5pln_cor_crop_0180.npy,Abell_141_aFix_pol_I_Farcsec_5pln_cor,180,-1.6963114831014536e-05,3.675864718388766e-05,
J0431.4-6126_aFix_pol_I_Farcsec_5pln_cor_crop_0015.npy,J0431.4-6126_aFix_pol_I_Farcsec_5pln_cor,15,-2.59030784945935e-05,4.582747351378202e-05,
J2222.2-5235_aFix_pol_I_Farcsec_5pln_cor_crop_0139.npy,J2222.2-5235_aFix_pol_I_Farcsec_5pln_cor,139,-2.0340692572062835e-05,4.029700721730478e-05,
MACS_J0257.6-2209_aFix_pol_I_Farcsec_5pln_cor_crop_0018.npy,MACS_J0257.6-2209_aFix_pol_I_Farcsec_5pln_cor,18,-2.1241523427306674e-05,4.082491795998067e-05,
Abell_S1121_noFix_pol_I_Farcsec_5pln_cor_crop_0138.npy,Abell_S1121_noFix_pol_I_Farcsec_5pln_cor,138,-4.2447074520168826e-05,6.132334965514019e-05,
J0510.2-4519_aFix_pol_I_Farcsec_5pln_cor_crop_0154.npy,J0510.2-4519_aFix_pol_I_Farcsec_5pln_cor,154,-1.650593003432732e-05,3.797405952354893e-05,
MACSJ_0025.4-1222B_aFix_pol_I_Farcsec_5pln_cor_crop_0104.npy,MACSJ_0025.4-1222B_aFix_pol_I_Farcsec_5pln_cor,104,-2.179453076678328e-05,4.608399467542768e-05,
ElGordo_aFix_pol_I_Farcsec_5pln_cor_crop_0183.npy,ElGordo_aFix_pol_I_Farcsec_5pln_cor,183,-1.8438237020745877e-05,3.2559692044742405e-05,
J0637.3-4828_aFix_pol_I_Farcsec_5pln_cor_crop_0141.npy,J0637.3-4828_aFix_pol_I_Farcsec_5pln_cor,141,-1.5409788829856552e-05,3.9739050407661125e-05,
J0449.9-4440_aFix_pol_I_Farcsec_5pln_cor_crop_0046.npy,J0449.9-4440_aFix_pol_I_Farcsec_5pln_cor,46,-1.3652566849486902e-05,3.79539851564914e-05,
J0406.7-7116_aFix_pol_I_Farcsec_5pln_cor_crop_0155.npy,J0406.7-7116_aFix_pol_I_Farcsec_5pln_cor,155,-1.6727117326809093e-05,3.893847315339372e-05,
Abell_2895_noFix_pol_I_Farcsec_5pln_cor_crop_0028.npy,Abell_2895_noFix_pol_I_Farcsec_5pln_cor,28,-1.7904101696331054e-05,3.5388853575568646e-05,
Bullet_aFix_pol_I_Farcsec_5pln_cor_crop_0070.npy,Bullet_aFix_pol_I_Farcsec_5pln_cor,70,-1.5211503523460124e-05,4.380349491839297e-05,
MACS_J0257.6-2209_noFix_pol_I_Farcsec_5pln_cor_crop_0143.npy,MACS_J0257.6-2209_noFix_pol_I_Farcsec_5pln_cor,143,-2.3381955543300137e-05,4.110854570171796e-05,
J0225.9-4154_aFix_pol_I_Farcsec_5pln_cor_crop_0001.npy,J0225.9-4154_aFix_pol_I_Farcsec_5pln_cor,1,-1.4831659427727573e-05,3.976373773184605e-05,
Abell_2645_noFix_pol_I_Farcsec_5pln_cor_crop_0020.npy,Abell_2645_noFix_pol_I_Farcsec_5pln_cor,20,-3.2132909836946055e-05,5.223612970439717e-05,
J2319.2-6750_aFix_pol_I_Farcsec_5pln_cor_crop_0022.npy,J2319.2-6750_aFix_pol_I_Farcsec_5pln_cor,22,-1.762574174790643e-05,3.985196599387564e-05,
J0542.8-4100_aFix_pol_I_Farcsec_5pln_cor_crop_0046.npy,J0542.8-4100_aFix_pol_I_Farcsec_5pln_cor,46,-1.260944191017188e-05,3.595814996515401e-05,
Abell_2813_noFix_pol_I_Farcsec_5pln_cor_crop_0020.npy,Abell_2813_noFix_pol_I_Farcsec_5pln_cor,20,-2.1553638362092897e-05,4.1060964576900005e-05,
J0317.9-4414_aFix_pol_I_Farcsec_5pln_cor_crop_0039.npy,J0317.9-4414_aFix_pol_I_Farcsec_5pln_cor,39,-1.825527215260081e-05,4.13110428780783e-05,
Abell_2895_noFix_pol_I_Farcsec_5pln_cor_crop_0001.npy,Abell_2895_noFix_pol_I_Farcsec_5pln_cor,1,-1.7904101696331054e-05,3.5388853575568646e-05,
J1410.4-4246_aFix_pol_I_Farcsec_5pln_cor_crop_0172.npy,J1410.4-4246_aFix_pol_I_Farcsec_5pln_cor,172,-2.2075269953347743e-05,4.486642137635499e-05,
J0820.9-5704_aFix_pol_I_Farcsec_5pln_cor_crop_0114.npy,J0820.9-5704_aFix_pol_I_Farcsec_5pln_cor,114,-1.654735388001427e-05,3.4318985854042694e-05,
Abell_2645_noFix_pol_I_Farcsec_5pln_cor_crop_0105.npy,Abell_2645_noFix_pol_I_Farcsec_5pln_cor,105,-3.2132909836946055e-05,5.223612970439717e-05,
J0745.1-5404_aFix_pol_I_Farcsec_5pln_cor_crop_0190.npy,J0745.1-5404_aFix_pol_I_Farcsec_5pln_cor,190,-1.8277149138157256e-05,3.714456397574395e-05,
Abell_141_aFix_pol_I_Farcsec_5pln_cor_crop_0187.npy,Abell_141_aFix_pol_I_Farcsec_5pln_cor,187,-1.6963114831014536e-05,3.675864718388766e-05,
J1248.7-4118_aFix_pol_I_Farcsec_5pln_cor_crop_0069.npy,J1248.7-4118_aFix_pol_I_Farcsec_5pln_cor,69,-3.831612048088573e-05,5.340838833944872e-05,
J1601.7-7544_aFix_pol_I_Farcsec_5pln_cor_crop_0098.npy,J1601.7-7544_aFix_pol_I_Farcsec_5pln_cor,98,-1.893065564217977e-05,4.2162908357568085e-05,
Abell_3562_aFix_pol_I_Farcsec_5pln_cor_crop_0208.npy,Abell_3562_aFix_pol_I_Farcsec_5pln_cor,208,-2.032673728535883e-05,4.53729007858783e-05,
J0303.7-7752_aFix_pol_I_Farcsec_5pln_cor_crop_0057.npy,J0303.7-7752_aFix_pol_I_Farcsec_5pln_cor,57,-1.6216928997891955e-05,3.944924537790939e-05,
J0543.4-4430_aFix_pol_I_Farcsec_5pln_cor_crop_0193.npy,J0543.4-4430_aFix_pol_I_Farcsec_5pln_cor,193,-1.920615613926202e-05,4.022587017971091e-05,
J1040.7-7047_aFix_pol_I_Farcsec_5pln_cor_crop_0162.npy,J1040.7-7047_aFix_pol_I_Farcsec_5pln_cor,162,-2.545410461607389e-05,4.294725295039825e-05,
J0712.0-6030_aFix_pol_I_Farcsec_5pln_cor_crop_0075.npy,J0712.0-6030_aFix_pol_I_Farcsec_5pln_cor,75,-1.3525442227546591e-05,3.74543305952102e-05,
J2319.2-6750_aFix_pol_I_Farcsec_5pln_cor_crop_0037.npy,J2319.2-6750_aFix_pol_I_Farcsec_5pln_cor,37,-1.762574174790643e-05,3.985196599387564e-05,
J0449.9-4440_aFix_pol_I_Farcsec_5pln_cor_crop_0009.npy,J0449.9-4440_aFix_pol_I_Farcsec_5pln_cor,9,-1.3652566849486902e-05,3.79539851564914e-05,
Abell_S295_aFix_pol_I_Farcsec_5pln_cor_crop_0195.npy,Abell_S295_aFix_pol_I_Farcsec_5pln_cor,195,-1.2192884241812862e-05,4.2860785470111296e-05,
Abell_2811_noFix_pol_I_Farcsec_5pln_cor_crop_0172.npy,Abell_2811_noFix_pol_I_Farcsec_5pln_cor,172,-5.993724334985018e-05,7.318957068491727e-05,
MACS_J0257.6-2209_noFix_pol_I_Farcsec_5pln_cor_crop_0074.npy,MACS_J0257.6-2209_noFix_pol_I_Farcsec_5pln_cor,74,-2.3381955543300137e-05,4.110854570171796e-05,
J0645.4-5413_aFix_pol_I_Farcsec_5pln_cor_crop_0069.npy,J0645.4-5413_aFix_pol_I_Farcsec_5pln_cor,69,-1.871160566224717e-05,4.457303657545708e-05,
Abell_141_aFix_pol_I_Farcsec_5pln_cor_crop_0014.npy,Abell_141_aFix_pol_I_Farcsec_5pln_cor,14,-1.6963114831014536e-05,3.675864718388766e-05,
Abell_2895_noFix_pol_I_Farcsec_5pln_cor_crop_0023.npy,Abell_2895_noFix_pol_I_Farcsec_5pln_cor,23,-1.7904101696331054e-05,3.5388853575568646e-05,
Abell_S1063_nofix_pol_I_Farcsec_5pln_cor_crop_0200.npy,Abell_S1063_nofix_pol_I_Farcsec_5pln_cor,200,-1.3156100976630114e-05,3.549207394826226e-05,
Abell_521_noFix_pol_I_Farcsec_5pln_cor_crop_0064.npy,Abell_521_noFix_pol_I_Farcsec_5pln_cor,64,-1.8806747902999632e-05,4.423171412781812e-05,
Abell_33_noFix_pol_I_Farcsec_5pln_cor_crop_0014.npy,Abell_33_noFix_pol_I_Farcsec_5pln_cor,14,-2.8547556212288328e-05,4.8568657803116366e-05,
Abell_13_noFix_pol_I_Farcsec_5pln_cor_crop_0112.npy,Abell_13_noFix_pol_I_Farcsec_5pln_cor,112,-1.9173105101799592e-05,3.867880150210112e-05,
J2340.1-8510_aFix_pol_I_Farcsec_5pln_cor_crop_0018.npy,J2340.1-8510_aFix_pol_I_Farcsec_5pln_cor,18,-1.53458950080676e-05,3.938611553166993e-05,
Abell_3365A_noFix_pol_I_Farcsec_5pln_cor_crop_0120.npy,Abell_3365A_noFix_pol_I_Farcsec_5pln_cor,120,-1.5037990124255884e-05,3.877880590152927e-05,
J0317.9-4414_aFix_pol_I_Farcsec_5pln_cor_crop_0048.npy,J0317.9-4414_aFix_pol_I_Farcsec_5pln_cor,48,-1.825527215260081e-05,4.13110428780783e-05,
J0431.4-6126_aFix_pol_I_Farcsec_5pln_cor_crop_0076.npy,J0431.4-6126_aFix_pol_I_Farcsec_5pln_cor,76,-2.59030784945935e-05,4.582747351378202e-05,
J0431.4-6126_aFix_pol_I_Farcsec_5pln_cor_crop_0042.npy,J0431.4-6126_aFix_pol_I_Farcsec_5pln_cor,42,-2.59030784945935e-05,4.582747351378202e-05,
MACS_J0257.6-2209_noFix_pol_I_Farcsec_5pln_cor_crop_0147.npy,MACS_J0257.6-2209_noFix_pol_I_Farcsec_5pln_cor,147,-2.3381955543300137e-05,4.110854570171796e-05,
J0014.3-6604_aFix_pol_I_Farcsec_5pln_cor_crop_0133.npy,J0014.3-6604_aFix_pol_I_Farcsec_5pln_cor,133,-1.2331886864558328e-05,3.584220394259319e-05,
J1145.6-5420_aFix_pol_I_Farcsec_5pln_cor_crop_0059.npy,J1145.6-5420_aFix_pol_I_Farcsec_5pln_cor,59,-1.6585625417064875e-05,3.3761494705686346e-05,
RXCJ1314_aFix_pol_I_Farcsec_5pln_cor_crop_0169.npy,RXCJ1314_aFix_pol_I_Farcsec_5pln_cor,169,-2.6271653041476384e-05,4.702054502558895e-05,
ElGordo_aFix_pol_I_Farcsec_5pln_cor_crop_0114.npy,ElGordo_aFix_pol_I_Farcsec_5pln_cor,114,-1.8438237020745877e-05,3.2559692044742405e-05,
Abell_S1121_noFix_pol_I_Farcsec_5pln_cor_crop_0009.npy,Abell_S1121_noFix_pol_I_Farcsec_5pln_cor,9,-4.2447074520168826e-05,6.132334965514019e-05,
Abell_3562_aFix_pol_I_Farcsec_5pln_cor_crop_0133.npy,Abell_3562_aFix_pol_I_Farcsec_5pln_cor,133,-2.032673728535883e-05,4.53729007858783e-05,
Abell_194_aFix_pol_I_Farcsec_5pln_cor_crop_0215.npy,Abell_194_aFix_pol_I_Farcsec_5pln_cor,215,-3.945245043723844e-05,0.0001343678013654,
J1645.4-7334_aFix_pol_I_Farcsec_5pln_cor_crop_0177.npy,J1645.4-7334_aFix_pol_I_Farcsec_5pln_cor,177,-2.7542228053789582e-05,5.101114220451564e-05,
J0757.7-5315_aFix_pol_I_Farcsec_5pln_cor_crop_0100.npy,J0757.7-5315_aFix_pol_I_Farcsec_5pln_cor,100,-1.5817182429600507e-05,3.550770634319633e-05,
J0607.0-4928_aFix_pol_I_Farcsec_5pln_cor_crop_0065.npy,J0607.0-4928_aFix_pol_I_Farcsec_5pln_cor,65,-1.727664130157791e-05,3.109658064204268e-05,
J0145.2-6033_aFix_pol_I_Farcsec_5pln_cor_crop_0096.npy,J0145.2-6033_aFix_pol_I_Farcsec_5pln_cor,96,-1.2114905985072257e-05,3.299051968497224e-05,
Abell_33_noFix_pol_I_Farcsec_5pln_cor_crop_0139.npy,Abell_33_noFix_pol_I_Farcsec_5pln_cor,139,-2.8547556212288328e-05,4.8568657803116366e-05,
J0943.4-7619_aFix_pol_I_Farcsec_5pln_cor_crop_0107.npy,J0943.4-7619_aFix_pol_I_Farcsec_5pln_cor,107,-2.481557567080017e-05,4.054028249811381e-05,
Abell_3365_noFix_pol_I_Farcsec_5pln_cor_crop_0154.npy,Abell_3365_noFix_pol_I_Farcsec_5pln_cor,154,-3.684182956931181e-05,5.151375808054581e-05,
J1705.1-8210_aFix_pol_I_Farcsec_5pln_cor_crop_0183.npy,J1705.1-8210_aFix_pol_I_Farcsec_5pln_cor,183,-2.258976564917248e-05,4.054370947415009e-05,
J1423.7-5412_aFix_pol_I_Farcsec_5pln_cor_crop_0139.npy,J1423.7-5412_aFix_pol_I_Farcsec_5pln_cor,139,-1.8973547412315384e-05,4.0196806367021054e-05,
Abell_2485_noFix_pol_I_Farcsec_5pln_cor_crop_0095.npy,Abell_2485_noFix_pol_I_Farcsec_5pln_cor,95,-1.5763916962896474e-05,3.792858478846029e-05,
Abell_2813_noFix_pol_I_Farcsec_5pln_cor_crop_0002.npy,Abell_2813_noFix_pol_I_Farcsec_5pln_cor,2,-2.1553638362092897e-05,4.1060964576900005e-05,
Abell_168_aFix_pol_I_Farcsec_5pln_cor_crop_0128.npy,Abell_168_aFix_pol_I_Farcsec_5pln_cor,128,-2.51656529144384e-05,4.1941199015127495e-05,
Abell_545_aFix_pol_I_Farcsec_5pln_cor_crop_0149.npy,Abell_545_aFix_pol_I_Farcsec_5pln_cor,149,-1.9454066205071285e-05,4.5050637709209695e-05,
MACSJ0417.5-1155_aFix_pol_I_Farcsec_5pln_cor_crop_0171.npy,MACSJ0417.5-1155_aFix_pol_I_Farcsec_5pln_cor,171,-1.759273436618969e-05,4.197344605927356e-05,
J2340.1-8510_aFix_pol_I_Farcsec_5pln_cor_crop_0103.npy,J2340.1-8510_aFix_pol_I_Farcsec_5pln_cor,103,-1.53458950080676e-05,3.938611553166993e-05,
Abell_133_aFix_pol_I_Farcsec_5pln_cor_crop_0128.npy,Abell_133_aFix_pol_I_Farcsec_5pln_cor,128,-1.6750700524426065e-05,3.861152799800038e-05,
Abell_85_aFix_pol_I_Farcsec_5pln_cor_crop_0026.npy,Abell_85_aFix_pol_I_Farcsec_5pln_cor,26,-1.6969566786428913e-05,4.114058901905082e-05,
J0216.3-4816_aFix_pol_I_Farcsec_5pln_cor_crop_0019.npy,J0216.3-4816_aFix_pol_I_Farcsec_5pln_cor,19,-1.5618124962202273e-05,5.211478855926544e-05,
J0943.4-7619_aFix_pol_I_Farcsec_5pln_cor_crop_0118.npy,J0943.4-7619_aFix_pol_I_Farcsec_5pln_cor,118,-2.481557567080017e-05,4.054028249811381e-05,
J0820.9-5704_aFix_pol_I_Farcsec_5pln_cor_crop_0097.npy,J0820.9-5704_aFix_pol_I_Farcsec_5pln_cor,97,-1.654735388001427e-05,3.4318985854042694e-05,
Abell_2667_noFix_pol_I_Farcsec_5pln_cor_crop_0159.npy,Abell_2667_noFix_pol_I_Farcsec_5pln_cor,159,-1.5058354620123282e-05,4.20943797507789e-05,
J1705.1-8210_aFix_pol_I_Farcsec_5pln_cor_crop_0059.npy,J1705.1-8210_aFix_pol_I_Farcsec_5pln_cor,59,-2.258976564917248e-05,4.054370947415009e-05,
J0212.8-4707_aFix_pol_I_Farcsec_5pln_cor_crop_0063.npy,J0212.8-4707_aFix_pol_I_Farcsec_5pln_cor,63,-1.7747841411619447e-05,3.736264625331387e-05,
J0232.2-4420_aFix_pol_I_Farcsec_5pln_cor_crop_0138.npy,J0232.2-4420_aFix_pol_I_Farcsec_5pln_cor,138,-1.3283781299833208e-05,3.414206730667502e-05,
J0637.3-4828_aFix_pol_I_Farcsec_5pln_cor_crop_0161.npy,J0637.3-4828_aFix_pol_I_Farcsec_5pln_cor,161,-1.5409788829856552e-05,3.9739050407661125e-05,
J0051.1-4833_aFix_pol_I_Farcsec_5pln_cor_crop_0120.npy,J0051.1-4833_aFix_pol_I_Farcsec_5pln_cor,120,-1.4088746866036672e-05,3.274881237302907e-05,
J1130.0-4213_aFix_pol_I_Farcsec_5pln_cor_crop_0149.npy,J1130.0-4213_aFix_pol_I_Farcsec_5pln_cor,149,-1.5924631952657364e-05,3.826789543381892e-05,
Abell_141_aFix_pol_I_Farcsec_5pln_cor_crop_0115.npy,Abell_141_aFix_pol_I_Farcsec_5pln_cor,115,-1.6963114831014536e-05,3.675864718388766e-05,
RXC_J0520.7-1328_aFix_pol_I_Farcsec_5pln_cor_crop_0108.npy,RXC_J0520.7-1328_aFix_pol_I_Farcsec_5pln_cor,108,-4.763286779052578e-05,6.618209590669721e-05,
J0351.1-8212_aFix_pol_I_Farcsec_5pln_cor_crop_0122.npy,J0351.1-8212_aFix_pol_I_Farcsec_5pln_cor,122,-1.34867677843431e-05,3.901409581885673e-05,
J0510.2-4519_aFix_pol_I_Farcsec_5pln_cor_crop_0144.npy,J0510.2-4519_aFix_pol_I_Farcsec_5pln_cor,144,-1.650593003432732e-05,3.797405952354893e-05,
Abell_2811_noFix_pol_I_Farcsec_5pln_cor_crop_0036.npy,Abell_2811_noFix_pol_I_Farcsec_5pln_cor,36,-5.993724334985018e-05,7.318957068491727e-05,
J1840.6-7709_aFix_pol_I_Farcsec_5pln_cor_crop_0047.npy,J1840.6-7709_aFix_pol_I_Farcsec_5pln_cor,47,-1.7610127542866394e-05,4.188125240034424e-05,
Abell_4038_aFix_pol_I_Farcsec_5pln_cor_crop_0149.npy,Abell_4038_aFix_pol_I_Farcsec_5pln_cor,149,-1.8985389033332467e-05,4.2698269680840895e-05,
J1705.1-8210_aFix_pol_I_Farcsec_5pln_cor_crop_0180.npy,J1705.1-8210_aFix_pol_I_Farcsec_5pln_cor,180,-2.258976564917248e-05,4.054370947415009e-05,
J1535.1-4658_aFix_pol_I_Farcsec_5pln_cor_crop_0093.npy,J1535.1-4658_aFix_pol_I_Farcsec_5pln_cor,93,-2.547855729062576e-05,3.796764576691203e-05,
J0943.4-7619_aFix_pol_I_Farcsec_5pln_cor_crop_0176.npy,J0943.4-7619_aFix_pol_I_Farcsec_5pln_cor,176,-2.481557567080017e-05,4.054028249811381e-05,
Abell_2667_noFix_pol_I_Farcsec_5pln_cor_crop_0074.npy,Abell_2667_noFix_pol_I_Farcsec_5pln_cor,74,-1.5058354620123282e-05,4.20943797507789e-05,
J1840.6-7709_aFix_pol_I_Farcsec_5pln_cor_crop_0009.npy,J1840.6-7709_aFix_pol_I_Farcsec_5pln_cor,9,-1.7610127542866394e-05,4.188125240034424e-05,
Abell_3365_noFix_pol_I_Farcsec_5pln_cor_crop_0117.npy,Abell_3365_noFix_pol_I_Farcsec_5pln_cor,117,-3.684182956931181e-05,5.151375808054581e-05,
RXCJ1314_aFix_pol_I_Farcsec_5pln_cor_crop_0076.npy,RXCJ1314_aFix_pol_I_Farcsec_5pln_cor,76,-2.6271653041476384e-05,4.702054502558895e-05,
MACS_J0257.6-2209_noFix_pol_I_Farcsec_5pln_cor_crop_0135.npy,MACS_J0257.6-2209_noFix_pol_I_Farcsec_5pln_cor,135,-2.3381955543300137e-05,4.110854570171796e-05,
J0317.9-4414_aFix_pol_I_Farcsec_5pln_cor_crop_0104.npy,J0317.9-4414_aFix_pol_I_Farcsec_5pln_cor,104,-1.825527215260081e-05,4.13110428780783e-05,
Bullet_aFix_pol_I_Farcsec_5pln_cor_crop_0045.npy,Bullet_aFix_pol_I_Farcsec_5pln_cor,45,-1.5211503523460124e-05,4.380349491839297e-05,
Abell_194_aFix_pol_I_Farcsec_5pln_cor_crop_0220.npy,Abell_194_aFix_pol_I_Farcsec_5pln_cor,220,-3.945245043723844e-05,0.0001343678013654,
J0525.8-4715_aFix_pol_I_Farcsec_5pln_cor_crop_0079.npy,J0525.8-4715_aFix_pol_I_Farcsec_5pln_cor,79,-1.611813422641717e-05,4.044059460284189e-05,
Abell_3376copy_aFix_pol_I_Farcsec_5pln_cor_crop_0015.npy,Abell_3376copy_aFix_pol_I_Farcsec_5pln_cor,15,-1.6748330381233245e-05,4.895990059594624e-05,
Abell_33_noFix_pol_I_Farcsec_5pln_cor_crop_0181.npy,Abell_33_noFix_pol_I_Farcsec_5pln_cor,181,-2.8547556212288328e-05,4.8568657803116366e-05,
J2340.1-8510_aFix_pol_I_Farcsec_5pln_cor_crop_0116.npy,J2340.1-8510_aFix_pol_I_Farcsec_5pln_cor,116,-1.53458950080676e-05,3.938611553166993e-05,
RXCJ1314_aFix_pol_I_Farcsec_5pln_cor_crop_0061.npy,RXCJ1314_aFix_pol_I_Farcsec_5pln_cor,61,-2.6271653041476384e-05,4.702054502558895e-05,
Abell_548_aFix_pol_I_Farcsec_5pln_cor_crop_0102.npy,Abell_548_aFix_pol_I_Farcsec_5pln_cor,102,-1.682372203504201e-05,5.429780867416412e-05,
J2023.4-5535_aFix_pol_I_Farcsec_5pln_cor_crop_0161.npy,J2023.4-5535_aFix_pol_I_Farcsec_5pln_cor,161,-2.326385947526433e-05,4.042817090521567e-05,
J0510.2-4519_aFix_pol_I_Farcsec_5pln_cor_crop_0064.npy,J0510.2-4519_aFix_pol_I_Farcsec_5pln_cor,64,-1.650593003432732e-05,3.797405952354893e-05,
J0625.2-5521_aFix_pol_I_Farcsec_5pln_cor_crop_0025.npy,J0625.2-5521_aFix_pol_I_Farcsec_5pln_cor,25,-2.603908251330722e-05,3.9954342355486006e-05,
Abell_S295_aFix_pol_I_Farcsec_5pln_cor_crop_0082.npy,Abell_S295_aFix_pol_I_Farcsec_5pln_cor,82,-1.2192884241812862e-05,4.2860785470111296e-05,
J0626.3-5341_aFix_pol_I_Farcsec_5pln_cor_crop_0146.npy,J0626.3-5341_aFix_pol_I_Farcsec_5pln_cor,146,-2.286754715896677e-05,4.3426152842585e-05,
MACSJ_0025.4-1222B_aFix_pol_I_Farcsec_5pln_cor_crop_0141.npy,MACSJ_0025.4-1222B_aFix_pol_I_Farcsec_5pln_cor,141,-2.179453076678328e-05,4.608399467542768e-05,
Abell_3667_aFix_pol_I_Farcsec_5pln_cor_crop_0073.npy,Abell_3667_aFix_pol_I_Farcsec_5pln_cor,73,-3.163510700687766e-05,0.0001603437995072,
J0014.3-6604_aFix_pol_I_Farcsec_5pln_cor_crop_0074.npy,J0014.3-6604_aFix_pol_I_Farcsec_5pln_cor,74,-1.2331886864558328e-05,3.584220394259319e-05,
MACS_J0257.6-2209_noFix_pol_I_Farcsec_5pln_cor_crop_0003.npy,MACS_J0257.6-2209_noFix_pol_I_Farcsec_5pln_cor,3,-2.3381955543300137e-05,4.110854570171796e-05,
J1358.9-4750_aFix_pol_I_Farcsec_5pln_cor_crop_0047.npy,J1358.9-4750_aFix_pol_I_Farcsec_5pln_cor,47,-2.6460520530235957e-05,4.666853419621475e-05,
J0342.8-5338_aFix_pol_I_Farcsec_5pln_cor_crop_0102.npy,J0342.8-5338_aFix_pol_I_Farcsec_5pln_cor,102,-1.83263164217351e-05,3.698056025314145e-05,
J1423.7-5412_aFix_pol_I_Farcsec_5pln_cor_crop_0151.npy,J1423.7-5412_aFix_pol_I_Farcsec_5pln_cor,151,-1.8973547412315384e-05,4.0196806367021054e-05,
ElGordo_aFix_pol_I_Farcsec_5pln_cor_crop_0126.npy,ElGordo_aFix_pol_I_Farcsec_5pln_cor,126,-1.8438237020745877e-05,3.2559692044742405e-05,
J0212.8-4707_aFix_pol_I_Farcsec_5pln_cor_crop_0012.npy,J0212.8-4707_aFix_pol_I_Farcsec_5pln_cor,12,-1.7747841411619447e-05,3.736264625331387e-05,
J0540.1-4050_aFix_pol_I_Farcsec_5pln_cor_crop_0029.npy,J0540.1-4050_aFix_pol_I_Farcsec_5pln_cor,29,-1.9781218725256625e-05,3.538576129358262e-05,
J0540.1-4322_aFix_pol_I_Farcsec_5pln_cor_crop_0030.npy,J0540.1-4322_aFix_pol_I_Farcsec_5pln_cor,30,-2.016680991800968e-05,3.639713395386934e-05,
Abell_3365A_noFix_pol_I_Farcsec_5pln_cor_crop_0067.npy,Abell_3365A_noFix_pol_I_Farcsec_5pln_cor,67,-1.5037990124255884e-05,3.877880590152927e-05,
Abell_194_aFix_pol_I_Farcsec_5pln_cor_crop_0039.npy,Abell_194_aFix_pol_I_Farcsec_5pln_cor,39,-3.945245043723844e-05,0.0001343678013654,
Abell_545_aFix_pol_I_Farcsec_5pln_cor_crop_0053.npy,Abell_545_aFix_pol_I_Farcsec_5pln_cor,53,-1.9454066205071285e-05,4.5050637709209695e-05,
Abell_521_noFix_pol_I_Farcsec_5pln_cor_crop_0098.npy,Abell_521_noFix_pol_I_Farcsec_5pln_cor,98,-1.8806747902999632e-05,4.423171412781812e-05,
PLCK_G200.9-28.2_aFix_pol_I_Farcsec_5pln_cor_crop_0109.npy,PLCK_G200.9-28.2_aFix_pol_I_Farcsec_5pln_cor,109,-2.0549477994791232e-05,4.693285882240161e-05,
J2222.2-5235_aFix_pol_I_Farcsec_5pln_cor_crop_0043.npy,J2222.2-5235_aFix_pol_I_Farcsec_5pln_cor,43,-2.0340692572062835e-05,4.029700721730478e-05,
J0616.8-4748_aFix_pol_I_Farcsec_5pln_cor_crop_0058.npy,J0616.8-4748_aFix_pol_I_Farcsec_5pln_cor,58,-1.6417492588516325e-05,3.9486680179834366e-05,
Abell_2751_aFix_pol_I_Farcsec_5pln_cor_crop_0066.npy,Abell_2751_aFix_pol_I_Farcsec_5pln_cor,66,-2.5066670787055045e-05,4.310646909289062e-05,
J0014.3-6604_aFix_pol_I_Farcsec_5pln_cor_crop_0166.npy,J0014.3-6604_aFix_pol_I_Farcsec_5pln_cor,166,-1.2331886864558328e-05,3.584220394259319e-05,
J1130.0-4213_aFix_pol_I_Farcsec_5pln_cor_crop_0105.npy,J1130.0-4213_aFix_pol_I_Farcsec_5pln_cor,105,-1.5924631952657364e-05,3.826789543381892e-05,
MACSJ0417.5-1155_aFix_pol_I_Farcsec_5pln_cor_crop_0013.npy,MACSJ0417.5-1155_aFix_pol_I_Farcsec_5pln_cor,13,-1.759273436618969e-05,4.197344605927356e-05,
J0812.5-5714_aFix_pol_I_Farcsec_5pln_cor_crop_0131.npy,J0812.5-5714_aFix_pol_I_Farcsec_5pln_cor,131,-1.797733420971781e-05,3.096696309512481e-05,
J0812.5-5714_aFix_pol_I_Farcsec_5pln_cor_crop_0212.npy,J0812.5-5714_aFix_pol_I_Farcsec_5pln_cor,212,-1.797733420971781e-05,3.096696309512481e-05,
J0637.3-4828_aFix_pol_I_Farcsec_5pln_cor_crop_0143.npy,J0637.3-4828_aFix_pol_I_Farcsec_5pln_cor,143,-1.5409788829856552e-05,3.9739050407661125e-05,
Abell_548_Cen_aFix_pol_I_Farcsec_5pln_cor_crop_0041.npy,Abell_548_Cen_aFix_pol_I_Farcsec_5pln_cor,41,-1.6901160051929764e-05,5.435498314909637e-05,
Abell_S1121_noFix_pol_I_Farcsec_5pln_cor_crop_0050.npy,Abell_S1121_noFix_pol_I_Farcsec_5pln_cor,50,-4.2447074520168826e-05,6.132334965514019e-05,
Abell_2811_noFix_pol_I_Farcsec_5pln_cor_crop_0113.npy,Abell_2811_noFix_pol_I_Farcsec_5pln_cor,113,-5.993724334985018e-05,7.318957068491727e-05,
J0645.4-5413_aFix_pol_I_Farcsec_5pln_cor_crop_0008.npy,J0645.4-5413_aFix_pol_I_Farcsec_5pln_cor,8,-1.871160566224717e-05,4.457303657545708e-05,
J0638.7-5358_aFix_pol_I_Farcsec_5pln_cor_crop_0081.npy,J0638.7-5358_aFix_pol_I_Farcsec_5pln_cor,81,-1.4472521797870286e-05,3.7130746932234615e-05,
Abell_2751_aFix_pol_I_Farcsec_5pln_cor_crop_0087.npy,Abell_2751_aFix_pol_I_Farcsec_5pln_cor,87,-2.5066670787055045e-05,4.310646909289062e-05,
J0014.3-6604_aFix_pol_I_Farcsec_5pln_cor_crop_0048.npy,J0014.3-6604_aFix_pol_I_Farcsec_5pln_cor,48,-1.2331886864558328e-05,3.584220394259319e-05,
J0540.1-4322_aFix_pol_I_Farcsec_5pln_cor_crop_0022.npy,J0540.1-4322_aFix_pol_I_Farcsec_5pln_cor,22,-2.016680991800968e-05,3.639713395386934e-05,
Bullet_aFix_pol_I_Farcsec_5pln_cor_crop_0141.npy,Bullet_aFix_pol_I_Farcsec_5pln_cor,141,-1.5211503523460124e-05,4.380349491839297e-05,
Abell_3365A_noFix_pol_I_Farcsec_5pln_cor_crop_0046.npy,Abell_3365A_noFix_pol_I_Farcsec_5pln_cor,46,-1.5037990124255884e-05,3.877880590152927e-05,
J0528.9-3927_B_aFix_pol_I_Farcsec_5pln_cor_crop_0143.npy,J0528.9-3927_B_aFix_pol_I_Farcsec_5pln_cor,143,-1.3992802450957242e-05,3.4315333323320374e-05,
J1840.6-7709_aFix_pol_I_Farcsec_5pln_cor_crop_0166.npy,J1840.6-7709_aFix_pol_I_Farcsec_5pln_cor,166,-1.7610127542866394e-05,4.188125240034424e-05,
Abell_13_noFix_pol_I_Farcsec_5pln_cor_crop_0016.npy,Abell_13_noFix_pol_I_Farcsec_5pln_cor,16,-1.9173105101799592e-05,3.867880150210112e-05,
J1423.7-5412_aFix_pol_I_Farcsec_5pln_cor_crop_0093.npy,J1423.7-5412_aFix_pol_I_Farcsec_5pln_cor,93,-1.8973547412315384e-05,4.0196806367021054e-05,
J0145.2-6033_aFix_pol_I_Farcsec_5pln_cor_crop_0043.npy,J0145.2-6033_aFix_pol_I_Farcsec_5pln_cor,43,-1.2114905985072257e-05,3.299051968497224e-05,
Abell_141_aFix_pol_I_Farcsec_5pln_cor_crop_0105.npy,Abell_141_aFix_pol_I_Farcsec_5pln_cor,105,-1.6963114831014536e-05,3.675864718388766e-05,
Abell_S1121_noFix_pol_I_Farcsec_5pln_cor_crop_0135.npy,Abell_S1121_noFix_pol_I_Farcsec_5pln_cor,135,-4.2447074520168826e-05,6.132334965514019e-05,
RXC_J0520.7-1328_aFix_pol_I_Farcsec_5pln_cor_crop_0105.npy,RXC_J0520.7-1328_aFix_pol_I_Farcsec_5pln_cor,105,-4.763286779052578e-05,6.618209590669721e-05,
J1539.5-8335_aFix_pol_I_Farcsec_5pln_cor_crop_0052.npy,J1539.5-8335_aFix_pol_I_Farcsec_5pln_cor,52,-1.7301776097156107e-05,3.6628662201110274e-05,
J0516.6-5430_aFix_pol_I_Farcsec_5pln_cor_crop_0029.npy,J0516.6-5430_aFix_pol_I_Farcsec_5pln_cor,29,-1.4557363101630472e-05,3.583080251701176e-05,
J0540.1-4050_aFix_pol_I_Farcsec_5pln_cor_crop_0005.npy,J0540.1-4050_aFix_pol_I_Farcsec_5pln_cor,5,-1.9781218725256625e-05,3.538576129358262e-05,
J0051.1-4833_aFix_pol_I_Farcsec_5pln_cor_crop_0048.npy,J0051.1-4833_aFix_pol_I_Farcsec_5pln_cor,48,-1.4088746866036672e-05,3.274881237302907e-05,
MACS_J0257.6-2209_aFix_pol_I_Farcsec_5pln_cor_crop_0011.npy,MACS_J0257.6-2209_aFix_pol_I_Farcsec_5pln_cor,11,-2.1241523427306674e-05,4.082491795998067e-05,
Abell_85_aFix_pol_I_Farcsec_5pln_cor_crop_0159.npy,Abell_85_aFix_pol_I_Farcsec_5pln_cor,159,-1.6969566786428913e-05,4.114058901905082e-05,
J1358.9-4750_aFix_pol_I_Farcsec_5pln_cor_crop_0067.npy,J1358.9-4750_aFix_pol_I_Farcsec_5pln_cor,67,-2.6460520530235957e-05,4.666853419621475e-05,
J0352.4-7401_aFix_pol_I_Farcsec_5pln_cor_crop_0059.npy,J0352.4-7401_aFix_pol_I_Farcsec_5pln_cor,59,-1.3432473679131364e-05,3.414728053030558e-05,
J0528.9-3927_B_aFix_pol_I_Farcsec_5pln_cor_crop_0137.npy,J0528.9-3927_B_aFix_pol_I_Farcsec_5pln_cor,137,-1.3992802450957242e-05,3.4315333323320374e-05,
J0543.4-4430_aFix_pol_I_Farcsec_5pln_cor_crop_0043.npy,J0543.4-4430_aFix_pol_I_Farcsec_5pln_cor,43,-1.920615613926202e-05,4.022587017971091e-05,
Abell_3376_aFix_pol_I_Farcsec_5pln_cor_crop_0163.npy,Abell_3376_aFix_pol_I_Farcsec_5pln_cor,163,-1.6748330381233245e-05,4.895990059594624e-05,
MACSJ0417.5-1155_aFix_pol_I_Farcsec_5pln_cor_crop_0022.npy,MACSJ0417.5-1155_aFix_pol_I_Farcsec_5pln_cor,22,-1.759273436618969e-05,4.197344605927356e-05,
J0328.6-5542_aFix_pol_I_Farcsec_5pln_cor_crop_0086.npy,J0328.6-5542_aFix_pol_I_Farcsec_5pln_cor,86,-1.7376105461153202e-05,3.237917189835571e-05,
J0416.7-5525_aFix_pol_I_Farcsec_5pln_cor_crop_0089.npy,J0416.7-5525_aFix_pol_I_Farcsec_5pln_cor,89,-1.4703909073432442e-05,4.304752292227931e-05,
J0645.4-5413_aFix_pol_I_Farcsec_5pln_cor_crop_0000.npy,J0645.4-5413_aFix_pol_I_Farcsec_5pln_cor,0,-1.871160566224717e-05,4.457303657545708e-05,
J0406.7-7116_aFix_pol_I_Farcsec_5pln_cor_crop_0187.npy,J0406.7-7116_aFix_pol_I_Farcsec_5pln_cor,187,-1.6727117326809093e-05,3.893847315339372e-05,
Abell_S1063_nofix_pol_I_Farcsec_5pln_cor_crop_0153.npy,Abell_S1063_nofix_pol_I_Farcsec_5pln_cor,153,-1.3156100976630114e-05,3.549207394826226e-05,
Abell_2645_noFix_pol_I_Farcsec_5pln_cor_crop_0078.npy,Abell_2645_noFix_pol_I_Farcsec_5pln_cor,78,-3.2132909836946055e-05,5.223612970439717e-05,
Abell_2485_noFix_pol_I_Farcsec_5pln_cor_crop_0037.npy,Abell_2485_noFix_pol_I_Farcsec_5pln_cor,37,-1.5763916962896474e-05,3.792858478846029e-05,
RXC_J0520.7-1328_aFix_pol_I_Farcsec_5pln_cor_crop_0194.npy,RXC_J0520.7-1328_aFix_pol_I_Farcsec_5pln_cor,194,-4.763286779052578e-05,6.618209590669721e-05,
J0351.1-8212_aFix_pol_I_Farcsec_5pln_cor_crop_0105.npy,J0351.1-8212_aFix_pol_I_Farcsec_5pln_cor,105,-1.34867677843431e-05,3.901409581885673e-05,
J0406.7-7116_aFix_pol_I_Farcsec_5pln_cor_crop_0084.npy,J0406.7-7116_aFix_pol_I_Farcsec_5pln_cor,84,-1.6727117326809093e-05,3.893847315339372e-05,
J0303.7-7752_aFix_pol_I_Farcsec_5pln_cor_crop_0147.npy,J0303.7-7752_aFix_pol_I_Farcsec_5pln_cor,147,-1.6216928997891955e-05,3.944924537790939e-05,
MACS_J0257.6-2209_aFix_pol_I_Farcsec_5pln_cor_crop_0146.npy,MACS_J0257.6-2209_aFix_pol_I_Farcsec_5pln_cor,146,-2.1241523427306674e-05,4.082491795998067e-05,
Abell_3365_noFix_pol_I_Farcsec_5pln_cor_crop_0129.npy,Abell_3365_noFix_pol_I_Farcsec_5pln_cor,129,-3.684182956931181e-05,5.151375808054581e-05,
Abell_141_aFix_pol_I_Farcsec_5pln_cor_crop_0134.npy,Abell_141_aFix_pol_I_Farcsec_5pln_cor,134,-1.6963114831014536e-05,3.675864718388766e-05,
Abell_S295_aFix_pol_I_Farcsec_5pln_cor_crop_0196.npy,Abell_S295_aFix_pol_I_Farcsec_5pln_cor,196,-1.2192884241812862e-05,4.2860785470111296e-05,
J0600.8-5835_aFix_pol_I_Farcsec_5pln_cor_crop_0129.npy,J0600.8-5835_aFix_pol_I_Farcsec_5pln_cor,129,-1.2947120012540836e-05,3.535595169523731e-05,
J0616.8-4748_aFix_pol_I_Farcsec_5pln_cor_crop_0038.npy,J0616.8-4748_aFix_pol_I_Farcsec_5pln_cor,38,-1.6417492588516325e-05,3.9486680179834366e-05,
J0117.8-5455_aFix_pol_I_Farcsec_5pln_cor_crop_0038.npy,J0117.8-5455_aFix_pol_I_Farcsec_5pln_cor,38,-1.313004395342432e-05,3.596906753955409e-05,
J0336.3-4037_aFix_pol_I_Farcsec_5pln_cor_crop_0013.npy,J0336.3-4037_aFix_pol_I_Farcsec_5pln_cor,13,-1.9070150301558897e-05,3.8439713534899056e-05,
J0545.5-4756_aFix_pol_I_Farcsec_5pln_cor_crop_0087.npy,J0545.5-4756_aFix_pol_I_Farcsec_5pln_cor,87,-1.6526179024367593e-05,4.097030614502728e-05,
RXCJ1314_aFix_pol_I_Farcsec_5pln_cor_crop_0101.npy,RXCJ1314_aFix_pol_I_Farcsec_5pln_cor,101,-2.6271653041476384e-05,4.702054502558895e-05,
J2319.2-6750_aFix_pol_I_Farcsec_5pln_cor_crop_0124.npy,J2319.2-6750_aFix_pol_I_Farcsec_5pln_cor,124,-1.762574174790643e-05,3.985196599387564e-05,
Bullet_aFix_pol_I_Farcsec_5pln_cor_crop_0101.npy,Bullet_aFix_pol_I_Farcsec_5pln_cor,101,-1.5211503523460124e-05,4.380349491839297e-05,
Abell_3376copy_aFix_pol_I_Farcsec_5pln_cor_crop_0175.npy,Abell_3376copy_aFix_pol_I_Farcsec_5pln_cor,175,-1.6748330381233245e-05,4.895990059594624e-05,
J1240.2-4825_aFix_pol_I_Farcsec_5pln_cor_crop_0139.npy,J1240.2-4825_aFix_pol_I_Farcsec_5pln_cor,139,-1.6159494407474995e-05,3.676811684272252e-05,
J0600.8-5835_aFix_pol_I_Farcsec_5pln_cor_crop_0055.npy,J0600.8-5835_aFix_pol_I_Farcsec_5pln_cor,55,-1.2947120012540836e-05,3.535595169523731e-05,
Abell_33_noFix_pol_I_Farcsec_5pln_cor_crop_0063.npy,Abell_33_noFix_pol_I_Farcsec_5pln_cor,63,-2.8547556212288328e-05,4.8568657803116366e-05,
Abell_2744_aFix_pol_I_Farcsec_5pln_cor_crop_0192.npy,Abell_2744_aFix_pol_I_Farcsec_5pln_cor,192,-1.4511139852402266e-05,3.865708276862279e-05,
J0645.4-5413_aFix_pol_I_Farcsec_5pln_cor_crop_0178.npy,J0645.4-5413_aFix_pol_I_Farcsec_5pln_cor,178,-1.871160566224717e-05,4.457303657545708e-05,
Abell_3365A_noFix_pol_I_Farcsec_5pln_cor_crop_0157.npy,Abell_3365A_noFix_pol_I_Farcsec_5pln_cor,157,-1.5037990124255884e-05,3.877880590152927e-05,
J0637.3-4828_aFix_pol_I_Farcsec_5pln_cor_crop_0212.npy,J0637.3-4828_aFix_pol_I_Farcsec_5pln_cor,212,-1.5409788829856552e-05,3.9739050407661125e-05,
J0051.1-4833_aFix_pol_I_Farcsec_5pln_cor_crop_0019.npy,J0051.1-4833_aFix_pol_I_Farcsec_5pln_cor,19,-1.4088746866036672e-05,3.274881237302907e-05,
Abell_3558_aFix_pol_I_Farcsec_5pln_cor_crop_0186.npy,Abell_3558_aFix_pol_I_Farcsec_5pln_cor,186,-2.058644531643949e-05,4.082424857188016e-05,
J0416.7-5525_aFix_pol_I_Farcsec_5pln_cor_crop_0185.npy,J0416.7-5525_aFix_pol_I_Farcsec_5pln_cor,185,-1.4703909073432442e-05,4.304752292227931e-05,
Abell_33_noFix_pol_I_Farcsec_5pln_cor_crop_0168.npy,Abell_33_noFix_pol_I_Farcsec_5pln_cor,168,-2.8547556212288328e-05,4.8568657803116366e-05,
Abell_194_aFix_pol_I_Farcsec_5pln_cor_crop_0144.npy,Abell_194_aFix_pol_I_Farcsec_5pln_cor,144,-3.945245043723844e-05,0.0001343678013654,
J1201.0-4623_aFix_pol_I_Farcsec_5pln_cor_crop_0213.npy,J1201.0-4623_aFix_pol_I_Farcsec_5pln_cor,213,-1.437526134395739e-05,3.895712870871648e-05,
J0303.7-7752_aFix_pol_I_Farcsec_5pln_cor_crop_0101.npy,J0303.7-7752_aFix_pol_I_Farcsec_5pln_cor,101,-1.6216928997891955e-05,3.944924537790939e-05,
J1040.7-7047_aFix_pol_I_Farcsec_5pln_cor_crop_0085.npy,J1040.7-7047_aFix_pol_I_Farcsec_5pln_cor,85,-2.545410461607389e-05,4.294725295039825e-05,
Abell_2645_noFix_pol_I_Farcsec_5pln_cor_crop_0122.npy,Abell_2645_noFix_pol_I_Farcsec_5pln_cor,122,-3.2132909836946055e-05,5.223612970439717e-05,
J0626.3-5341_aFix_pol_I_Farcsec_5pln_cor_crop_0058.npy,J0626.3-5341_aFix_pol_I_Farcsec_5pln_cor,58,-2.286754715896677e-05,4.3426152842585e-05,
J0631.3-5610_aFix_pol_I_Farcsec_5pln_cor_crop_0153.npy,J0631.3-5610_aFix_pol_I_Farcsec_5pln_cor,153,-1.3746558579441626e-05,3.730034950422123e-05,
Abell_2667_noFix_pol_I_Farcsec_5pln_cor_crop_0177.npy,Abell_2667_noFix_pol_I_Farcsec_5pln_cor,177,-1.5058354620123282e-05,4.20943797507789e-05,
J0545.5-4756_aFix_pol_I_Farcsec_5pln_cor_crop_0175.npy,J0545.5-4756_aFix_pol_I_Farcsec_5pln_cor,175,-1.6526179024367593e-05,4.097030614502728e-05,
Abell_3365A_noFix_pol_I_Farcsec_5pln_cor_crop_0055.npy,Abell_3365A_noFix_pol_I_Farcsec_5pln_cor,55,-1.5037990124255884e-05,3.877880590152927e-05,
J0626.3-5341_aFix_pol_I_Farcsec_5pln_cor_crop_0026.npy,J0626.3-5341_aFix_pol_I_Farcsec_5pln_cor,26,-2.286754715896677e-05,4.3426152842585e-05,
ElGordo_aFix_pol_I_Farcsec_5pln_cor_crop_0124.npy,ElGordo_aFix_pol_I_Farcsec_5pln_cor,124,-1.8438237020745877e-05,3.2559692044742405e-05,
J0317.9-4414_aFix_pol_I_Farcsec_5pln_cor_crop_0082.npy,J0317.9-4414_aFix_pol_I_Farcsec_5pln_cor,82,-1.825527215260081e-05,4.13110428780783e-05,
J0638.7-5358_aFix_pol_I_Farcsec_5pln_cor_crop_0065.npy,J0638.7-5358_aFix_pol_I_Farcsec_5pln_cor,65,-1.4472521797870286e-05,3.7130746932234615e-05,
J0812.5-5714_aFix_pol_I_Farcsec_5pln_cor_crop_0007.npy,J0812.5-5714_aFix_pol_I_Farcsec_5pln_cor,7,-1.797733420971781e-05,3.096696309512481e-05,
J0416.7-5525_aFix_pol_I_Farcsec_5pln_cor_crop_0163.npy,J0416.7-5525_aFix_pol_I_Farcsec_5pln_cor,163,-1.4703909073432442e-05,4.304752292227931e-05,
J1040.7-7047_aFix_pol_I_Farcsec_5pln_cor_crop_0120.npy,J1040.7-7047_aFix_pol_I_Farcsec_5pln_cor,120,-2.545410461607389e-05,4.294725295039825e-05,
Abell_141_aFix_pol_I_Farcsec_5pln_cor_crop_0055.npy,Abell_141_aFix_pol_I_Farcsec_5pln_cor,55,-1.6963114831014536e-05,3.675864718388766e-05,
J1601.7-7544_aFix_pol_I_Farcsec_5pln_cor_crop_0078.npy,J1601.7-7544_aFix_pol_I_Farcsec_5pln_cor,78,-1.893065564217977e-05,4.2162908357568085e-05,
J0351.1-8212_aFix_pol_I_Farcsec_5pln_cor_crop_0031.npy,J0351.1-8212_aFix_pol_I_Farcsec_5pln_cor,31,-1.34867677843431e-05,3.901409581885673e-05,
Abell_33_noFix_pol_I_Farcsec_5pln_cor_crop_0107.npy,Abell_33_noFix_pol_I_Farcsec_5pln_cor,107,-2.8547556212288328e-05,4.8568657803116366e-05,
J0540.1-4050_aFix_pol_I_Farcsec_5pln_cor_crop_0088.npy,J0540.1-4050_aFix_pol_I_Farcsec_5pln_cor,88,-1.9781218725256625e-05,3.538576129358262e-05,
J0545.5-4756_aFix_pol_I_Farcsec_5pln_cor_crop_0064.npy,J0545.5-4756_aFix_pol_I_Farcsec_5pln_cor,64,-1.6526179024367593e-05,4.097030614502728e-05,
J1358.9-4750_aFix_pol_I_Farcsec_5pln_cor_crop_0145.npy,J1358.9-4750_aFix_pol_I_Farcsec_5pln_cor,145,-2.6460520530235957e-05,4.666853419621475e-05,
ElGordo_aFix_pol_I_Farcsec_5pln_cor_crop_0062.npy,ElGordo_aFix_pol_I_Farcsec_5pln_cor,62,-1.8438237020745877e-05,3.2559692044742405e-05,
J0812.5-5714_aFix_pol_I_Farcsec_5pln_cor_crop_0067.npy,J0812.5-5714_aFix_pol_I_Farcsec_5pln_cor,67,-1.797733420971781e-05,3.096696309512481e-05,
Abell_3667_aFix_pol_I_Farcsec_5pln_cor_crop_0087.npy,Abell_3667_aFix_pol_I_Farcsec_5pln_cor,87,-3.163510700687766e-05,0.0001603437995072,
J0745.1-5404_aFix_pol_I_Farcsec_5pln_cor_crop_0060.npy,J0745.1-5404_aFix_pol_I_Farcsec_5pln_cor,60,-1.8277149138157256e-05,3.714456397574395e-05,
J0342.8-5338_aFix_pol_I_Farcsec_5pln_cor_crop_0050.npy,J0342.8-5338_aFix_pol_I_Farcsec_5pln_cor,50,-1.83263164217351e-05,3.698056025314145e-05,
Abell_2813_noFix_pol_I_Farcsec_5pln_cor_crop_0140.npy,Abell_2813_noFix_pol_I_Farcsec_5pln_cor,140,-2.1553638362092897e-05,4.1060964576900005e-05,
J2104.9-8243_aFix_pol_I_Farcsec_5pln_cor_crop_0007.npy,J2104.9-8243_aFix_pol_I_Farcsec_5pln_cor,7,-1.633186730032321e-05,3.551336703822017e-05,
J0336.3-4037_aFix_pol_I_Farcsec_5pln_cor_crop_0034.npy,J0336.3-4037_aFix_pol_I_Farcsec_5pln_cor,34,-1.9070150301558897e-05,3.8439713534899056e-05,
Abell_2744_aFix_pol_I_Farcsec_5pln_cor_crop_0025.npy,Abell_2744_aFix_pol_I_Farcsec_5pln_cor,25,-1.4511139852402266e-05,3.865708276862279e-05,
Abell_2597_noFix_pol_I_Farcsec_5pln_cor_crop_0194.npy,Abell_2597_noFix_pol_I_Farcsec_5pln_cor,194,-5.033568595536053e-05,6.417310942197219e-05,
Abell_S1063_nofix_pol_I_Farcsec_5pln_cor_crop_0083.npy,Abell_S1063_nofix_pol_I_Farcsec_5pln_cor,83,-1.3156100976630114e-05,3.549207394826226e-05,
J0820.9-5704_aFix_pol_I_Farcsec_5pln_cor_crop_0224.npy,J0820.9-5704_aFix_pol_I_Farcsec_5pln_cor,224,-1.654735388001427e-05,3.4318985854042694e-05,
J0336.3-4037_aFix_pol_I_Farcsec_5pln_cor_crop_0093.npy,J0336.3-4037_aFix_pol_I_Farcsec_5pln_cor,93,-1.9070150301558897e-05,3.8439713534899056e-05,
J1240.2-4825_aFix_pol_I_Farcsec_5pln_cor_crop_0068.npy,J1240.2-4825_aFix_pol_I_Farcsec_5pln_cor,68,-1.6159494407474995e-05,3.676811684272252e-05,
J0757.7-5315_aFix_pol_I_Farcsec_5pln_cor_crop_0157.npy,J0757.7-5315_aFix_pol_I_Farcsec_5pln_cor,157,-1.5817182429600507e-05,3.550770634319633e-05,
Abell_85_aFix_pol_I_Farcsec_5pln_cor_crop_0038.npy,Abell_85_aFix_pol_I_Farcsec_5pln_cor,38,-1.6969566786428913e-05,4.114058901905082e-05,
J1201.0-4623_aFix_pol_I_Farcsec_5pln_cor_crop_0045.npy,J1201.0-4623_aFix_pol_I_Farcsec_5pln_cor,45,-1.437526134395739e-05,3.895712870871648e-05,
Abell_85_aFix_pol_I_Farcsec_5pln_cor_crop_0097.npy,Abell_85_aFix_pol_I_Farcsec_5pln_cor,97,-1.6969566786428913e-05,4.114058901905082e-05,
PLCK_G200.9-28.2_aFix_pol_I_Farcsec_5pln_cor_crop_0077.npy,PLCK_G200.9-28.2_aFix_pol_I_Farcsec_5pln_cor,77,-2.0549477994791232e-05,4.693285882240161e-05,
J1130.0-4213_aFix_pol_I_Farcsec_5pln_cor_crop_0084.npy,J1130.0-4213_aFix_pol_I_Farcsec_5pln_cor,84,-1.5924631952657364e-05,3.826789543381892e-05,
Abell_85_aFix_pol_I_Farcsec_5pln_cor_crop_0155.npy,Abell_85_aFix_pol_I_Farcsec_5pln_cor,155,-1.6969566786428913e-05,4.114058901905082e-05,
J0342.8-5338_aFix_pol_I_Farcsec_5pln_cor_crop_0098.npy,J0342.8-5338_aFix_pol_I_Farcsec_5pln_cor,98,-1.83263164217351e-05,3.698056025314145e-05,
J0738.1-7506_aFix_pol_I_Farcsec_5pln_cor_crop_0164.npy,J0738.1-7506_aFix_pol_I_Farcsec_5pln_cor,164,-1.3090567335893866e-05,3.692142854561098e-05,
J0431.4-6126_aFix_pol_I_Farcsec_5pln_cor_crop_0039.npy,J0431.4-6126_aFix_pol_I_Farcsec_5pln_cor,39,-2.59030784945935e-05,4.582747351378202e-05,
J2104.9-8243_aFix_pol_I_Farcsec_5pln_cor_crop_0169.npy,J2104.9-8243_aFix_pol_I_Farcsec_5pln_cor,169,-1.633186730032321e-05,3.551336703822017e-05,
J0145.2-6033_aFix_pol_I_Farcsec_5pln_cor_crop_0143.npy,J0145.2-6033_aFix_pol_I_Farcsec_5pln_cor,143,-1.2114905985072257e-05,3.299051968497224e-05,
MACS_J0257.6-2209_noFix_pol_I_Farcsec_5pln_cor_crop_0103.npy,MACS_J0257.6-2209_noFix_pol_I_Farcsec_5pln_cor,103,-2.3381955543300137e-05,4.110854570171796e-05,
J0108.5-4020_aFix_pol_I_Farcsec_5pln_cor_crop_0064.npy,J0108.5-4020_aFix_pol_I_Farcsec_5pln_cor,64,-1.5436331523233093e-05,3.3178752346429974e-05,
Abell_2811_noFix_pol_I_Farcsec_5pln_cor_crop_0105.npy,Abell_2811_noFix_pol_I_Farcsec_5pln_cor,105,-5.993724334985018e-05,7.318957068491727e-05,
J0108.5-4020_aFix_pol_I_Farcsec_5pln_cor_crop_0154.npy,J0108.5-4020_aFix_pol_I_Farcsec_5pln_cor,154,-1.5436331523233093e-05,3.3178752346429974e-05,
Abell_2667_noFix_pol_I_Farcsec_5pln_cor_crop_0009.npy,Abell_2667_noFix_pol_I_Farcsec_5pln_cor,9,-1.5058354620123282e-05,4.20943797507789e-05,
MACS_J0257.6-2209_noFix_pol_I_Farcsec_5pln_cor_crop_0054.npy,MACS_J0257.6-2209_noFix_pol_I_Farcsec_5pln_cor,54,-2.3381955543300137e-05,4.110854570171796e-05,
J0145.2-6033_aFix_pol_I_Farcsec_5pln_cor_crop_0037.npy,J0145.2-6033_aFix_pol_I_Farcsec_5pln_cor,37,-1.2114905985072257e-05,3.299051968497224e-05,
J0610.5-4848_aFix_pol_I_Farcsec_5pln_cor_crop_0152.npy,J0610.5-4848_aFix_pol_I_Farcsec_5pln_cor,152,-1.432743010809645e-05,3.869758802466095e-05,
J0626.3-5341_aFix_pol_I_Farcsec_5pln_cor_crop_0129.npy,J0626.3-5341_aFix_pol_I_Farcsec_5pln_cor,129,-2.286754715896677e-05,4.3426152842585e-05,
J0658.5-5556_aFix_pol_I_Farcsec_5pln_cor_crop_0174.npy,J0658.5-5556_aFix_pol_I_Farcsec_5pln_cor,174,-1.5211503523460124e-05,4.380349491839297e-05,
Bullet_aFix_pol_I_Farcsec_5pln_cor_crop_0160.npy,Bullet_aFix_pol_I_Farcsec_5pln_cor,160,-1.5211503523460124e-05,4.380349491839297e-05,
Abell_545_aFix_pol_I_Farcsec_5pln_cor_crop_0142.npy,Abell_545_aFix_pol_I_Farcsec_5pln_cor,142,-1.9454066205071285e-05,4.5050637709209695e-05,
J0216.3-4816_aFix_pol_I_Farcsec_5pln_cor_crop_0117.npy,J0216.3-4816_aFix_pol_I_Farcsec_5pln_cor,117,-1.5618124962202273e-05,5.211478855926544e-05,
RXC_J0520.7-1328_aFix_pol_I_Farcsec_5pln_cor_crop_0155.npy,RXC_J0520.7-1328_aFix_pol_I_Farcsec_5pln_cor,155,-4.763286779052578e-05,6.618209590669721e-05,
J0336.3-4037_aFix_pol_I_Farcsec_5pln_cor_crop_0027.npy,J0336.3-4037_aFix_pol_I_Farcsec_5pln_cor,27,-1.9070150301558897e-05,3.8439713534899056e-05,
J0431.4-6126_aFix_pol_I_Farcsec_5pln_cor_crop_0062.npy,J0431.4-6126_aFix_pol_I_Farcsec_5pln_cor,62,-2.59030784945935e-05,4.582747351378202e-05,
J0738.1-7506_aFix_pol_I_Farcsec_5pln_cor_crop_0095.npy,J0738.1-7506_aFix_pol_I_Farcsec_5pln_cor,95,-1.3090567335893866e-05,3.692142854561098e-05,
J0431.4-6126_aFix_pol_I_Farcsec_5pln_cor_crop_0105.npy,J0431.4-6126_aFix_pol_I_Farcsec_5pln_cor,105,-2.59030784945935e-05,4.582747351378202e-05,
Abell_3365_noFix_pol_I_Farcsec_5pln_cor_crop_0163.npy,Abell_3365_noFix_pol_I_Farcsec_5pln_cor,163,-3.684182956931181e-05,5.151375808054581e-05,
MACSJ0417.5-1155_aFix_pol_I_Farcsec_5pln_cor_crop_0126.npy,MACSJ0417.5-1155_aFix_pol_I_Farcsec_5pln_cor,126,-1.759273436618969e-05,4.197344605927356e-05,
J0449.9-4440_aFix_pol_I_Farcsec_5pln_cor_crop_0001.npy,J0449.9-4440_aFix_pol_I_Farcsec_5pln_cor,1,-1.3652566849486902e-05,3.79539851564914e-05,
J2023.4-5535_aFix_pol_I_Farcsec_5pln_cor_crop_0191.npy,J2023.4-5535_aFix_pol_I_Farcsec_5pln_cor,191,-2.326385947526433e-05,4.042817090521567e-05,
Abell_3376_aFix_pol_I_Farcsec_5pln_cor_crop_0186.npy,Abell_3376_aFix_pol_I_Farcsec_5pln_cor,186,-1.6748330381233245e-05,4.895990059594624e-05,
J0757.7-5315_aFix_pol_I_Farcsec_5pln_cor_crop_0187.npy,J0757.7-5315_aFix_pol_I_Farcsec_5pln_cor,187,-1.5817182429600507e-05,3.550770634319633e-05,
J0351.1-8212_aFix_pol_I_Farcsec_5pln_cor_crop_0024.npy,J0351.1-8212_aFix_pol_I_Farcsec_5pln_cor,24,-1.34867677843431e-05,3.901409581885673e-05,
J0738.1-7506_aFix_pol_I_Farcsec_5pln_cor_crop_0112.npy,J0738.1-7506_aFix_pol_I_Farcsec_5pln_cor,112,-1.3090567335893866e-05,3.692142854561098e-05,
J0812.5-5714_aFix_pol_I_Farcsec_5pln_cor_crop_0122.npy,J0812.5-5714_aFix_pol_I_Farcsec_5pln_cor,122,-1.797733420971781e-05,3.096696309512481e-05,
J1145.6-5420_aFix_pol_I_Farcsec_5pln_cor_crop_0093.npy,J1145.6-5420_aFix_pol_I_Farcsec_5pln_cor,93,-1.6585625417064875e-05,3.3761494705686346e-05,
Abell_2667_noFix_pol_I_Farcsec_5pln_cor_crop_0070.npy,Abell_2667_noFix_pol_I_Farcsec_5pln_cor,70,-1.5058354620123282e-05,4.20943797507789e-05,
Abell_2751_aFix_pol_I_Farcsec_5pln_cor_crop_0043.npy,Abell_2751_aFix_pol_I_Farcsec_5pln_cor,43,-2.5066670787055045e-05,4.310646909289062e-05,
Abell_141_aFix_pol_I_Farcsec_5pln_cor_crop_0135.npy,Abell_141_aFix_pol_I_Farcsec_5pln_cor,135,-1.6963114831014536e-05,3.675864718388766e-05,
J0051.1-4833_aFix_pol_I_Farcsec_5pln_cor_crop_0156.npy,J0051.1-4833_aFix_pol_I_Farcsec_5pln_cor,156,-1.4088746866036672e-05,3.274881237302907e-05,
Abell_3376copy_aFix_pol_I_Farcsec_5pln_cor_crop_0103.npy,Abell_3376copy_aFix_pol_I_Farcsec_5pln_cor,103,-1.6748330381233245e-05,4.895990059594624e-05,
J0027.3-5015_aFix_pol_I_Farcsec_5pln_cor_crop_0032.npy,J0027.3-5015_aFix_pol_I_Farcsec_5pln_cor,32,-1.4346433999889996e-05,3.467470014584251e-05,
J1410.4-4246_aFix_pol_I_Farcsec_5pln_cor_crop_0101.npy,J1410.4-4246_aFix_pol_I_Farcsec_5pln_cor,101,-2.2075269953347743e-05,4.486642137635499e-05,
J0303.7-7752_aFix_pol_I_Farcsec_5pln_cor_crop_0188.npy,J0303.7-7752_aFix_pol_I_Farcsec_5pln_cor,188,-1.6216928997891955e-05,3.944924537790939e-05,
J0232.2-4420_aFix_pol_I_Farcsec_5pln_cor_crop_0130.npy,J0232.2-4420_aFix_pol_I_Farcsec_5pln_cor,130,-1.3283781299833208e-05,3.414206730667502e-05,
J0232.2-4420_aFix_pol_I_Farcsec_5pln_cor_crop_0199.npy,J0232.2-4420_aFix_pol_I_Farcsec_5pln_cor,199,-1.3283781299833208e-05,3.414206730667502e-05,
J0638.7-5358_aFix_pol_I_Farcsec_5pln_cor_crop_0140.npy,J0638.7-5358_aFix_pol_I_Farcsec_5pln_cor,140,-1.4472521797870286e-05,3.7130746932234615e-05,
RXCJ2351.0-19_noFix_pol_I_Farcsec_5pln_cor_crop_0136.npy,RXCJ2351.0-19_noFix_pol_I_Farcsec_5pln_cor,136,-1.7816319086705334e-05,4.150596214458346e-05,
J1201.0-4623_aFix_pol_I_Farcsec_5pln_cor_crop_0210.npy,J1201.0-4623_aFix_pol_I_Farcsec_5pln_cor,210,-1.437526134395739e-05,3.895712870871648e-05,
J0449.9-4440_aFix_pol_I_Farcsec_5pln_cor_crop_0109.npy,J0449.9-4440_aFix_pol_I_Farcsec_5pln_cor,109,-1.3652566849486902e-05,3.79539851564914e-05,
J0540.1-4322_aFix_pol_I_Farcsec_5pln_cor_crop_0178.npy,J0540.1-4322_aFix_pol_I_Farcsec_5pln_cor,178,-2.016680991800968e-05,3.639713395386934e-05,
Abell_2813_noFix_pol_I_Farcsec_5pln_cor_crop_0117.npy,Abell_2813_noFix_pol_I_Farcsec_5pln_cor,117,-2.1553638362092897e-05,4.1060964576900005e-05,
J0638.7-5358_aFix_pol_I_Farcsec_5pln_cor_crop_0085.npy,J0638.7-5358_aFix_pol_I_Farcsec_5pln_cor,85,-1.4472521797870286e-05,3.7130746932234615e-05,
J0317.9-4414_aFix_pol_I_Farcsec_5pln_cor_crop_0172.npy,J0317.9-4414_aFix_pol_I_Farcsec_5pln_cor,172,-1.825527215260081e-05,4.13110428780783e-05,
Abell_S295_aFix_pol_I_Farcsec_5pln_cor_crop_0202.npy,Abell_S295_aFix_pol_I_Farcsec_5pln_cor,202,-1.2192884241812862e-05,4.2860785470111296e-05,
J2319.2-6750_aFix_pol_I_Farcsec_5pln_cor_crop_0044.npy,J2319.2-6750_aFix_pol_I_Farcsec_5pln_cor,44,-1.762574174790643e-05,3.985196599387564e-05,
Abell_S1121_noFix_pol_I_Farcsec_5pln_cor_crop_0099.npy,Abell_S1121_noFix_pol_I_Farcsec_5pln_cor,99,-4.2447074520168826e-05,6.132334965514019e-05,
J1601.7-7544_aFix_pol_I_Farcsec_5pln_cor_crop_0124.npy,J1601.7-7544_aFix_pol_I_Farcsec_5pln_cor,124,-1.893065564217977e-05,4.2162908357568085e-05,
Abell_22_aFix_pol_I_Farcsec_5pln_cor_crop_0107.npy,Abell_22_aFix_pol_I_Farcsec_5pln_cor,107,-1.7687332729110494e-05,3.791484050452709e-05,
J1423.7-5412_aFix_pol_I_Farcsec_5pln_cor_crop_0106.npy,J1423.7-5412_aFix_pol_I_Farcsec_5pln_cor,106,-1.8973547412315384e-05,4.0196806367021054e-05,
Abell_545_aFix_pol_I_Farcsec_5pln_cor_crop_0034.npy,Abell_545_aFix_pol_I_Farcsec_5pln_cor,34,-1.9454066205071285e-05,4.5050637709209695e-05,
Abell_168_aFix_pol_I_Farcsec_5pln_cor_crop_0204.npy,Abell_168_aFix_pol_I_Farcsec_5pln_cor,204,-2.51656529144384e-05,4.1941199015127495e-05,
J1601.7-7544_aFix_pol_I_Farcsec_5pln_cor_crop_0073.npy,J1601.7-7544_aFix_pol_I_Farcsec_5pln_cor,73,-1.893065564217977e-05,4.2162908357568085e-05,
RXCJ2351.0-19_noFix_pol_I_Farcsec_5pln_cor_crop_0068.npy,RXCJ2351.0-19_noFix_pol_I_Farcsec_5pln_cor,68,-1.7816319086705334e-05,4.150596214458346e-05,
J0232.2-4420_aFix_pol_I_Farcsec_5pln_cor_crop_0191.npy,J0232.2-4420_aFix_pol_I_Farcsec_5pln_cor,191,-1.3283781299833208e-05,3.414206730667502e-05,
Abell_S1063_nofix_pol_I_Farcsec_5pln_cor_crop_0208.npy,Abell_S1063_nofix_pol_I_Farcsec_5pln_cor,208,-1.3156100976630114e-05,3.549207394826226e-05,
Abell_370_afix_pol_I_Farcsec_5pln_cor_crop_0178.npy,Abell_370_afix_pol_I_Farcsec_5pln_cor,178,-3.905647463398054e-05,5.590072396444157e-05,
RXCJ1314_aFix_pol_I_Farcsec_5pln_cor_crop_0053.npy,RXCJ1314_aFix_pol_I_Farcsec_5pln_cor,53,-2.6271653041476384e-05,4.702054502558895e-05,
J0328.6-5542_aFix_pol_I_Farcsec_5pln_cor_crop_0041.npy,J0328.6-5542_aFix_pol_I_Farcsec_5pln_cor,41,-1.7376105461153202e-05,3.237917189835571e-05,
J0117.8-5455_aFix_pol_I_Farcsec_5pln_cor_crop_0098.npy,J0117.8-5455_aFix_pol_I_Farcsec_5pln_cor,98,-1.313004395342432e-05,3.596906753955409e-05,
Abell_168_aFix_pol_I_Farcsec_5pln_cor_crop_0109.npy,Abell_168_aFix_pol_I_Farcsec_5pln_cor,109,-2.51656529144384e-05,4.1941199015127495e-05,
J0610.5-4848_aFix_pol_I_Farcsec_5pln_cor_crop_0079.npy,J0610.5-4848_aFix_pol_I_Farcsec_5pln_cor,79,-1.432743010809645e-05,3.869758802466095e-05,
ElGordo_aFix_pol_I_Farcsec_5pln_cor_crop_0040.npy,ElGordo_aFix_pol_I_Farcsec_5pln_cor,40,-1.8438237020745877e-05,3.2559692044742405e-05,
J1248.7-4118_aFix_pol_I_Farcsec_5pln_cor_crop_0078.npy,J1248.7-4118_aFix_pol_I_Farcsec_5pln_cor,78,-3.831612048088573e-05,5.340838833944872e-05,
J0542.8-4100_aFix_pol_I_Farcsec_5pln_cor_crop_0020.npy,J0542.8-4100_aFix_pol_I_Farcsec_5pln_cor,20,-1.260944191017188e-05,3.595814996515401e-05,
Abell_2667_noFix_pol_I_Farcsec_5pln_cor_crop_0086.npy,Abell_2667_noFix_pol_I_Farcsec_5pln_cor,86,-1.5058354620123282e-05,4.20943797507789e-05,
J0540.1-4322_aFix_pol_I_Farcsec_5pln_cor_crop_0108.npy,J0540.1-4322_aFix_pol_I_Farcsec_5pln_cor,108,-2.016680991800968e-05,3.639713395386934e-05,
J0542.8-4100_aFix_pol_I_Farcsec_5pln_cor_crop_0173.npy,J0542.8-4100_aFix_pol_I_Farcsec_5pln_cor,173,-1.260944191017188e-05,3.595814996515401e-05,
J0627.2-5428_aFix_pol_I_Farcsec_5pln_cor_crop_0081.npy,J0627.2-5428_aFix_pol_I_Farcsec_5pln_cor,81,-3.725358692463488e-05,5.157724808668718e-05,
J0545.5-4756_aFix_pol_I_Farcsec_5pln_cor_crop_0008.npy,J0545.5-4756_aFix_pol_I_Farcsec_5pln_cor,8,-1.6526179024367593e-05,4.097030614502728e-05,
J1130.0-4213_aFix_pol_I_Farcsec_5pln_cor_crop_0163.npy,J1130.0-4213_aFix_pol_I_Farcsec_5pln_cor,163,-1.5924631952657364e-05,3.826789543381892e-05,
Abell_2645_noFix_pol_I_Farcsec_5pln_cor_crop_0004.npy,Abell_2645_noFix_pol_I_Farcsec_5pln_cor,4,-3.2132909836946055e-05,5.223612970439717e-05,
J0542.8-4100_aFix_pol_I_Farcsec_5pln_cor_crop_0172.npy,J0542.8-4100_aFix_pol_I_Farcsec_5pln_cor,172,-1.260944191017188e-05,3.595814996515401e-05,
J1601.7-7544_aFix_pol_I_Farcsec_5pln_cor_crop_0132.npy,J1601.7-7544_aFix_pol_I_Farcsec_5pln_cor,132,-1.893065564217977e-05,4.2162908357568085e-05,
J0352.4-7401_aFix_pol_I_Farcsec_5pln_cor_crop_0079.npy,J0352.4-7401_aFix_pol_I_Farcsec_5pln_cor,79,-1.3432473679131364e-05,3.414728053030558e-05,
J0637.3-4828_aFix_pol_I_Farcsec_5pln_cor_crop_0148.npy,J0637.3-4828_aFix_pol_I_Farcsec_5pln_cor,148,-1.5409788829856552e-05,3.9739050407661125e-05,
J0645.4-5413_aFix_pol_I_Farcsec_5pln_cor_crop_0041.npy,J0645.4-5413_aFix_pol_I_Farcsec_5pln_cor,41,-1.871160566224717e-05,4.457303657545708e-05,
J0328.6-5542_aFix_pol_I_Farcsec_5pln_cor_crop_0121.npy,J0328.6-5542_aFix_pol_I_Farcsec_5pln_cor,121,-1.7376105461153202e-05,3.237917189835571e-05,
Abell_2811_noFix_pol_I_Farcsec_5pln_cor_crop_0029.npy,Abell_2811_noFix_pol_I_Farcsec_5pln_cor,29,-5.993724334985018e-05,7.318957068491727e-05,
Abell_548_Cen_aFix_pol_I_Farcsec_5pln_cor_crop_0128.npy,Abell_548_Cen_aFix_pol_I_Farcsec_5pln_cor,128,-1.6901160051929764e-05,5.435498314909637e-05,
Abell_3365A_noFix_pol_I_Farcsec_5pln_cor_crop_0061.npy,Abell_3365A_noFix_pol_I_Farcsec_5pln_cor,61,-1.5037990124255884e-05,3.877880590152927e-05,
Abell_194_aFix_pol_I_Farcsec_5pln_cor_crop_0043.npy,Abell_194_aFix_pol_I_Farcsec_5pln_cor,43,-3.945245043723844e-05,0.0001343678013654,
J0543.4-4430_aFix_pol_I_Farcsec_5pln_cor_crop_0068.npy,J0543.4-4430_aFix_pol_I_Farcsec_5pln_cor,68,-1.920615613926202e-05,4.022587017971091e-05,
J0449.9-4440_aFix_pol_I_Farcsec_5pln_cor_crop_0146.npy,J0449.9-4440_aFix_pol_I_Farcsec_5pln_cor,146,-1.3652566849486902e-05,3.79539851564914e-05,
J0342.8-5338_aFix_pol_I_Farcsec_5pln_cor_crop_0176.npy,J0342.8-5338_aFix_pol_I_Farcsec_5pln_cor,176,-1.83263164217351e-05,3.698056025314145e-05,
J0540.1-4322_aFix_pol_I_Farcsec_5pln_cor_crop_0170.npy,J0540.1-4322_aFix_pol_I_Farcsec_5pln_cor,170,-2.016680991800968e-05,3.639713395386934e-05,
J1201.0-4623_aFix_pol_I_Farcsec_5pln_cor_crop_0170.npy,J1201.0-4623_aFix_pol_I_Farcsec_5pln_cor,170,-1.437526134395739e-05,3.895712870871648e-05,
Abell_S1121_noFix_pol_I_Farcsec_5pln_cor_crop_0006.npy,Abell_S1121_noFix_pol_I_Farcsec_5pln_cor,6,-4.2447074520168826e-05,6.132334965514019e-05,
J0745.1-5404_aFix_pol_I_Farcsec_5pln_cor_crop_0168.npy,J0745.1-5404_aFix_pol_I_Farcsec_5pln_cor,168,-1.8277149138157256e-05,3.714456397574395e-05,
J0352.4-7401_aFix_pol_I_Farcsec_5pln_cor_crop_0097.npy,J0352.4-7401_aFix_pol_I_Farcsec_5pln_cor,97,-1.3432473679131364e-05,3.414728053030558e-05,
J0638.7-5358_aFix_pol_I_Farcsec_5pln_cor_crop_0189.npy,J0638.7-5358_aFix_pol_I_Farcsec_5pln_cor,189,-1.4472521797870286e-05,3.7130746932234615e-05,
J1201.0-4623_aFix_pol_I_Farcsec_5pln_cor_crop_0165.npy,J1201.0-4623_aFix_pol_I_Farcsec_5pln_cor,165,-1.437526134395739e-05,3.895712870871648e-05,
J1240.2-4825_aFix_pol_I_Farcsec_5pln_cor_crop_0101.npy,J1240.2-4825_aFix_pol_I_Farcsec_5pln_cor,101,-1.6159494407474995e-05,3.676811684272252e-05,
J1248.7-4118_aFix_pol_I_Farcsec_5pln_cor_crop_0150.npy,J1248.7-4118_aFix_pol_I_Farcsec_5pln_cor,150,-3.831612048088573e-05,5.340838833944872e-05,
Abell_133_aFix_pol_I_Farcsec_5pln_cor_crop_0180.npy,Abell_133_aFix_pol_I_Farcsec_5pln_cor,180,-1.6750700524426065e-05,3.861152799800038e-05,
J1358.9-4750_aFix_pol_I_Farcsec_5pln_cor_crop_0153.npy,J1358.9-4750_aFix_pol_I_Farcsec_5pln_cor,153,-2.6460520530235957e-05,4.666853419621475e-05,
Abell_3667_aFix_pol_I_Farcsec_5pln_cor_crop_0051.npy,Abell_3667_aFix_pol_I_Farcsec_5pln_cor,51,-3.163510700687766e-05,0.0001603437995072,
J1518.3-4632_aFix_pol_I_Farcsec_5pln_cor_crop_0221.npy,J1518.3-4632_aFix_pol_I_Farcsec_5pln_cor,221,-2.6316898583900183e-05,3.836355244857259e-05,
Abell_3365A_noFix_pol_I_Farcsec_5pln_cor_crop_0063.npy,Abell_3365A_noFix_pol_I_Farcsec_5pln_cor,63,-1.5037990124255884e-05,3.877880590152927e-05,
J0627.2-5428_aFix_pol_I_Farcsec_5pln_cor_crop_0151.npy,J0627.2-5428_aFix_pol_I_Farcsec_5pln_cor,151,-3.725358692463488e-05,5.157724808668718e-05,
J0712.0-6030_aFix_pol_I_Farcsec_5pln_cor_crop_0011.npy,J0712.0-6030_aFix_pol_I_Farcsec_5pln_cor,11,-1.3525442227546591e-05,3.74543305952102e-05,
Abell_545_aFix_pol_I_Farcsec_5pln_cor_crop_0184.npy,Abell_545_aFix_pol_I_Farcsec_5pln_cor,184,-1.9454066205071285e-05,4.5050637709209695e-05,
Abell_S295_aFix_pol_I_Farcsec_5pln_cor_crop_0090.npy,Abell_S295_aFix_pol_I_Farcsec_5pln_cor,90,-1.2192884241812862e-05,4.2860785470111296e-05,
J2104.9-8243_aFix_pol_I_Farcsec_5pln_cor_crop_0009.npy,J2104.9-8243_aFix_pol_I_Farcsec_5pln_cor,9,-1.633186730032321e-05,3.551336703822017e-05,
J0217.2-5244_aFix_pol_I_Farcsec_5pln_cor_crop_0086.npy,J0217.2-5244_aFix_pol_I_Farcsec_5pln_cor,86,-1.7379512428306043e-05,3.482505780993961e-05,
J1539.5-8335_aFix_pol_I_Farcsec_5pln_cor_crop_0027.npy,J1539.5-8335_aFix_pol_I_Farcsec_5pln_cor,27,-1.7301776097156107e-05,3.6628662201110274e-05,
J1358.9-4750_aFix_pol_I_Farcsec_5pln_cor_crop_0159.npy,J1358.9-4750_aFix_pol_I_Farcsec_5pln_cor,159,-2.6460520530235957e-05,4.666853419621475e-05,
J0328.6-5542_aFix_pol_I_Farcsec_5pln_cor_crop_0026.npy,J0328.6-5542_aFix_pol_I_Farcsec_5pln_cor,26,-1.7376105461153202e-05,3.237917189835571e-05,
J1518.3-4632_aFix_pol_I_Farcsec_5pln_cor_crop_0218.npy,J1518.3-4632_aFix_pol_I_Farcsec_5pln_cor,218,-2.6316898583900183e-05,3.836355244857259e-05,
J1145.6-5420_aFix_pol_I_Farcsec_5pln_cor_crop_0067.npy,J1145.6-5420_aFix_pol_I_Farcsec_5pln_cor,67,-1.6585625417064875e-05,3.3761494705686346e-05,
J0014.3-6604_aFix_pol_I_Farcsec_5pln_cor_crop_0036.npy,J0014.3-6604_aFix_pol_I_Farcsec_5pln_cor,36,-1.2331886864558328e-05,3.584220394259319e-05,
Abell_2744_aFix_pol_I_Farcsec_5pln_cor_crop_0058.npy,Abell_2744_aFix_pol_I_Farcsec_5pln_cor,58,-1.4511139852402266e-05,3.865708276862279e-05,
J0745.1-5404_aFix_pol_I_Farcsec_5pln_cor_crop_0064.npy,J0745.1-5404_aFix_pol_I_Farcsec_5pln_cor,64,-1.8277149138157256e-05,3.714456397574395e-05,
J0626.3-5341_aFix_pol_I_Farcsec_5pln_cor_crop_0184.npy,J0626.3-5341_aFix_pol_I_Farcsec_5pln_cor,184,-2.286754715896677e-05,4.3426152842585e-05,
J1535.1-4658_aFix_pol_I_Farcsec_5pln_cor_crop_0009.npy,J1535.1-4658_aFix_pol_I_Farcsec_5pln_cor,9,-2.547855729062576e-05,3.796764576691203e-05,
Abell_3376_aFix_pol_I_Farcsec_5pln_cor_crop_0187.npy,Abell_3376_aFix_pol_I_Farcsec_5pln_cor,187,-1.6748330381233245e-05,4.895990059594624e-05,
J0328.6-5542_aFix_pol_I_Farcsec_5pln_cor_crop_0077.npy,J0328.6-5542_aFix_pol_I_Farcsec_5pln_cor,77,-1.7376105461153202e-05,3.237917189835571e-05,
MACSJ_0025.4-1222B_aFix_pol_I_Farcsec_5pln_cor_crop_0079.npy,MACSJ_0025.4-1222B_aFix_pol_I_Farcsec_5pln_cor,79,-2.179453076678328e-05,4.608399467542768e-05,
J0645.4-5413_aFix_pol_I_Farcsec_5pln_cor_crop_0104.npy,J0645.4-5413_aFix_pol_I_Farcsec_5pln_cor,104,-1.871160566224717e-05,4.457303657545708e-05,
J0542.8-4100_aFix_pol_I_Farcsec_5pln_cor_crop_0181.npy,J0542.8-4100_aFix_pol_I_Farcsec_5pln_cor,181,-1.260944191017188e-05,3.595814996515401e-05,
Abell_521_noFix_pol_I_Farcsec_5pln_cor_crop_0074.npy,Abell_521_noFix_pol_I_Farcsec_5pln_cor,74,-1.8806747902999632e-05,4.423171412781812e-05,
J0051.1-4833_aFix_pol_I_Farcsec_5pln_cor_crop_0086.npy,J0051.1-4833_aFix_pol_I_Farcsec_5pln_cor,86,-1.4088746866036672e-05,3.274881237302907e-05,
J0406.7-7116_aFix_pol_I_Farcsec_5pln_cor_crop_0018.npy,J0406.7-7116_aFix_pol_I_Farcsec_5pln_cor,18,-1.6727117326809093e-05,3.893847315339372e-05,
J0712.0-6030_aFix_pol_I_Farcsec_5pln_cor_crop_0125.npy,J0712.0-6030_aFix_pol_I_Farcsec_5pln_cor,125,-1.3525442227546591e-05,3.74543305952102e-05,
Abell_2895_noFix_pol_I_Farcsec_5pln_cor_crop_0021.npy,Abell_2895_noFix_pol_I_Farcsec_5pln_cor,21,-1.7904101696331054e-05,3.5388853575568646e-05,
J0351.1-8212_aFix_pol_I_Farcsec_5pln_cor_crop_0098.npy,J0351.1-8212_aFix_pol_I_Farcsec_5pln_cor,98,-1.34867677843431e-05,3.901409581885673e-05,
Abell_3562_aFix_pol_I_Farcsec_5pln_cor_crop_0026.npy,Abell_3562_aFix_pol_I_Farcsec_5pln_cor,26,-2.032673728535883e-05,4.53729007858783e-05,
J1248.7-4118_aFix_pol_I_Farcsec_5pln_cor_crop_0148.npy,J1248.7-4118_aFix_pol_I_Farcsec_5pln_cor,148,-3.831612048088573e-05,5.340838833944872e-05,
J0352.4-7401_aFix_pol_I_Farcsec_5pln_cor_crop_0066.npy,J0352.4-7401_aFix_pol_I_Farcsec_5pln_cor,66,-1.3432473679131364e-05,3.414728053030558e-05,
Abell_2597_noFix_pol_I_Farcsec_5pln_cor_crop_0134.npy,Abell_2597_noFix_pol_I_Farcsec_5pln_cor,134,-5.033568595536053e-05,6.417310942197219e-05,
J0212.8-4707_aFix_pol_I_Farcsec_5pln_cor_crop_0099.npy,J0212.8-4707_aFix_pol_I_Farcsec_5pln_cor,99,-1.7747841411619447e-05,3.736264625331387e-05,
J2222.2-5235_aFix_pol_I_Farcsec_5pln_cor_crop_0021.npy,J2222.2-5235_aFix_pol_I_Farcsec_5pln_cor,21,-2.0340692572062835e-05,4.029700721730478e-05,
J0027.3-5015_aFix_pol_I_Farcsec_5pln_cor_crop_0178.npy,J0027.3-5015_aFix_pol_I_Farcsec_5pln_cor,178,-1.4346433999889996e-05,3.467470014584251e-05,
J0303.7-7752_aFix_pol_I_Farcsec_5pln_cor_crop_0055.npy,J0303.7-7752_aFix_pol_I_Farcsec_5pln_cor,55,-1.6216928997891955e-05,3.944924537790939e-05,
PLCK_G200.9-28.2_aFix_pol_I_Farcsec_5pln_cor_crop_0176.npy,PLCK_G200.9-28.2_aFix_pol_I_Farcsec_5pln_cor,176,-2.0549477994791232e-05,4.693285882240161e-05,
J0212.8-4707_aFix_pol_I_Farcsec_5pln_cor_crop_0007.npy,J0212.8-4707_aFix_pol_I_Farcsec_5pln_cor,7,-1.7747841411619447e-05,3.736264625331387e-05,
J0948.6-8327_aFix_pol_I_Farcsec_5pln_cor_crop_0108.npy,J0948.6-8327_aFix_pol_I_Farcsec_5pln_cor,108,-1.3834469427820297e-05,3.5308996302774176e-05,
J2340.1-8510_aFix_pol_I_Farcsec_5pln_cor_crop_0052.npy,J2340.1-8510_aFix_pol_I_Farcsec_5pln_cor,52,-1.53458950080676e-05,3.938611553166993e-05,
J0712.0-6030_aFix_pol_I_Farcsec_5pln_cor_crop_0051.npy,J0712.0-6030_aFix_pol_I_Farcsec_5pln_cor,51,-1.3525442227546591e-05,3.74543305952102e-05,
J0948.6-8327_aFix_pol_I_Farcsec_5pln_cor_crop_0076.npy,J0948.6-8327_aFix_pol_I_Farcsec_5pln_cor,76,-1.3834469427820297e-05,3.5308996302774176e-05,
Abell_3376_aFix_pol_I_Farcsec_5pln_cor_crop_0034.npy,Abell_3376_aFix_pol_I_Farcsec_5pln_cor,34,-1.6748330381233245e-05,4.895990059594624e-05,
J0540.1-4050_aFix_pol_I_Farcsec_5pln_cor_crop_0173.npy,J0540.1-4050_aFix_pol_I_Farcsec_5pln_cor,173,-1.9781218725256625e-05,3.538576129358262e-05,
Abell_194_aFix_pol_I_Farcsec_5pln_cor_crop_0206.npy,Abell_194_aFix_pol_I_Farcsec_5pln_cor,206,-3.945245043723844e-05,0.0001343678013654,
J0431.4-6126_aFix_pol_I_Farcsec_5pln_cor_crop_0180.npy,J0431.4-6126_aFix_pol_I_Farcsec_5pln_cor,180,-2.59030784945935e-05,4.582747351378202e-05,
J0352.4-7401_aFix_pol_I_Farcsec_5pln_cor_crop_0004.npy,J0352.4-7401_aFix_pol_I_Farcsec_5pln_cor,4,-1.3432473679131364e-05,3.414728053030558e-05,
J0145.2-6033_aFix_pol_I_Farcsec_5pln_cor_crop_0139.npy,J0145.2-6033_aFix_pol_I_Farcsec_5pln_cor,139,-1.2114905985072257e-05,3.299051968497224e-05,
Abell_3562_aFix_pol_I_Farcsec_5pln_cor_crop_0157.npy,Abell_3562_aFix_pol_I_Farcsec_5pln_cor,157,-2.032673728535883e-05,4.53729007858783e-05,
J1130.0-4213_aFix_pol_I_Farcsec_5pln_cor_crop_0097.npy,J1130.0-4213_aFix_pol_I_Farcsec_5pln_cor,97,-1.5924631952657364e-05,3.826789543381892e-05,
J1201.0-4623_aFix_pol_I_Farcsec_5pln_cor_crop_0160.npy,J1201.0-4623_aFix_pol_I_Farcsec_5pln_cor,160,-1.437526134395739e-05,3.895712870871648e-05,
J0658.5-5556_aFix_pol_I_Farcsec_5pln_cor_crop_0128.npy,J0658.5-5556_aFix_pol_I_Farcsec_5pln_cor,128,-1.5211503523460124e-05,4.380349491839297e-05,
J2023.4-5535_aFix_pol_I_Farcsec_5pln_cor_crop_0125.npy,J2023.4-5535_aFix_pol_I_Farcsec_5pln_cor,125,-2.326385947526433e-05,4.042817090521567e-05,
J0336.3-4037_aFix_pol_I_Farcsec_5pln_cor_crop_0078.npy,J0336.3-4037_aFix_pol_I_Farcsec_5pln_cor,78,-1.9070150301558897e-05,3.8439713534899056e-05,
RXCJ0225.1-22928_aFix_pol_I_Farcsec_5pln_cor_crop_0046.npy,RXCJ0225.1-22928_aFix_pol_I_Farcsec_5pln_cor,46,-3.11890325974673e-05,5.4694857681170106e-05,
Abell_2485_noFix_pol_I_Farcsec_5pln_cor_crop_0125.npy,Abell_2485_noFix_pol_I_Farcsec_5pln_cor,125,-1.5763916962896474e-05,3.792858478846029e-05,
J0145.0-5300_aFix_pol_I_Farcsec_5pln_cor_crop_0108.npy,J0145.0-5300_aFix_pol_I_Farcsec_5pln_cor,108,-1.4464765627053566e-05,3.505407221382484e-05,
J0745.1-5404_aFix_pol_I_Farcsec_5pln_cor_crop_0101.npy,J0745.1-5404_aFix_pol_I_Farcsec_5pln_cor,101,-1.8277149138157256e-05,3.714456397574395e-05,
J1130.0-4213_aFix_pol_I_Farcsec_5pln_cor_crop_0059.npy,J1130.0-4213_aFix_pol_I_Farcsec_5pln_cor,59,-1.5924631952657364e-05,3.826789543381892e-05,
Abell_3376copy_aFix_pol_I_Farcsec_5pln_cor_crop_0081.npy,Abell_3376copy_aFix_pol_I_Farcsec_5pln_cor,81,-1.6748330381233245e-05,4.895990059594624e-05,
J0627.2-5428_aFix_pol_I_Farcsec_5pln_cor_crop_0063.npy,J0627.2-5428_aFix_pol_I_Farcsec_5pln_cor,63,-3.725358692463488e-05,5.157724808668718e-05,
Abell_S1121_noFix_pol_I_Farcsec_5pln_cor_crop_0017.npy,Abell_S1121_noFix_pol_I_Farcsec_5pln_cor,17,-4.2447074520168826e-05,6.132334965514019e-05,
J1518.3-4632_aFix_pol_I_Farcsec_5pln_cor_crop_0148.npy,J1518.3-4632_aFix_pol_I_Farcsec_5pln_cor,148,-2.6316898583900183e-05,3.836355244857259e-05,
J1645.4-7334_aFix_pol_I_Farcsec_5pln_cor_crop_0090.npy,J1645.4-7334_aFix_pol_I_Farcsec_5pln_cor,90,-2.7542228053789582e-05,5.101114220451564e-05,
Abell_2485_noFix_pol_I_Farcsec_5pln_cor_crop_0024.npy,Abell_2485_noFix_pol_I_Farcsec_5pln_cor,24,-1.5763916962896474e-05,3.792858478846029e-05,
J2023.4-5535_aFix_pol_I_Farcsec_5pln_cor_crop_0008.npy,J2023.4-5535_aFix_pol_I_Farcsec_5pln_cor,8,-2.326385947526433e-05,4.042817090521567e-05,
J0540.1-4322_aFix_pol_I_Farcsec_5pln_cor_crop_0187.npy,J0540.1-4322_aFix_pol_I_Farcsec_5pln_cor,187,-2.016680991800968e-05,3.639713395386934e-05,
Abell_2667_noFix_pol_I_Farcsec_5pln_cor_crop_0134.npy,Abell_2667_noFix_pol_I_Farcsec_5pln_cor,134,-1.5058354620123282e-05,4.20943797507789e-05,
Abell_521_noFix_pol_I_Farcsec_5pln_cor_crop_0092.npy,Abell_521_noFix_pol_I_Farcsec_5pln_cor,92,-1.8806747902999632e-05,4.423171412781812e-05,
J0342.8-5338_aFix_pol_I_Farcsec_5pln_cor_crop_0006.npy,J0342.8-5338_aFix_pol_I_Farcsec_5pln_cor,6,-1.83263164217351e-05,3.698056025314145e-05,
J0336.3-4037_aFix_pol_I_Farcsec_5pln_cor_crop_0029.npy,J0336.3-4037_aFix_pol_I_Farcsec_5pln_cor,29,-1.9070150301558897e-05,3.8439713534899056e-05,
J0540.1-4050_aFix_pol_I_Farcsec_5pln_cor_crop_0161.npy,J0540.1-4050_aFix_pol_I_Farcsec_5pln_cor,161,-1.9781218725256625e-05,3.538576129358262e-05,
J1518.3-4632_aFix_pol_I_Farcsec_5pln_cor_crop_0036.npy,J1518.3-4632_aFix_pol_I_Farcsec_5pln_cor,36,-2.6316898583900183e-05,3.836355244857259e-05,
J0232.2-4420_aFix_pol_I_Farcsec_5pln_cor_crop_0088.npy,J0232.2-4420_aFix_pol_I_Farcsec_5pln_cor,88,-1.3283781299833208e-05,3.414206730667502e-05,
J0631.3-5610_aFix_pol_I_Farcsec_5pln_cor_crop_0147.npy,J0631.3-5610_aFix_pol_I_Farcsec_5pln_cor,147,-1.3746558579441626e-05,3.730034950422123e-05,
J1240.2-4825_aFix_pol_I_Farcsec_5pln_cor_crop_0033.npy,J1240.2-4825_aFix_pol_I_Farcsec_5pln_cor,33,-1.6159494407474995e-05,3.676811684272252e-05,
J2340.1-8510_aFix_pol_I_Farcsec_5pln_cor_crop_0191.npy,J2340.1-8510_aFix_pol_I_Farcsec_5pln_cor,191,-1.53458950080676e-05,3.938611553166993e-05,
Abell_3558_aFix_pol_I_Farcsec_5pln_cor_crop_0090.npy,Abell_3558_aFix_pol_I_Farcsec_5pln_cor,90,-2.058644531643949e-05,4.082424857188016e-05,
J0212.8-4707_aFix_pol_I_Farcsec_5pln_cor_crop_0124.npy,J0212.8-4707_aFix_pol_I_Farcsec_5pln_cor,124,-1.7747841411619447e-05,3.736264625331387e-05,
J0449.9-4440_aFix_pol_I_Farcsec_5pln_cor_crop_0064.npy,J0449.9-4440_aFix_pol_I_Farcsec_5pln_cor,64,-1.3652566849486902e-05,3.79539851564914e-05,
J0342.8-5338_aFix_pol_I_Farcsec_5pln_cor_crop_0009.npy,J0342.8-5338_aFix_pol_I_Farcsec_5pln_cor,9,-1.83263164217351e-05,3.698056025314145e-05,
J1539.5-8335_aFix_pol_I_Farcsec_5pln_cor_crop_0041.npy,J1539.5-8335_aFix_pol_I_Farcsec_5pln_cor,41,-1.7301776097156107e-05,3.6628662201110274e-05,
Abell_2813_noFix_pol_I_Farcsec_5pln_cor_crop_0179.npy,Abell_2813_noFix_pol_I_Farcsec_5pln_cor,179,-2.1553638362092897e-05,4.1060964576900005e-05,
J0510.2-4519_aFix_pol_I_Farcsec_5pln_cor_crop_0187.npy,J0510.2-4519_aFix_pol_I_Farcsec_5pln_cor,187,-1.650593003432732e-05,3.797405952354893e-05,
J1240.2-4825_aFix_pol_I_Farcsec_5pln_cor_crop_0151.npy,J1240.2-4825_aFix_pol_I_Farcsec_5pln_cor,151,-1.6159494407474995e-05,3.676811684272252e-05,
J0812.5-5714_aFix_pol_I_Farcsec_5pln_cor_crop_0117.npy,J0812.5-5714_aFix_pol_I_Farcsec_5pln_cor,117,-1.797733420971781e-05,3.096696309512481e-05,
J1130.0-4213_aFix_pol_I_Farcsec_5pln_cor_crop_0155.npy,J1130.0-4213_aFix_pol_I_Farcsec_5pln_cor,155,-1.5924631952657364e-05,3.826789543381892e-05,
J0943.4-7619_aFix_pol_I_Farcsec_5pln_cor_crop_0119.npy,J0943.4-7619_aFix_pol_I_Farcsec_5pln_cor,119,-2.481557567080017e-05,4.054028249811381e-05,
RXCJ1314_aFix_pol_I_Farcsec_5pln_cor_crop_0005.npy,RXCJ1314_aFix_pol_I_Farcsec_5pln_cor,5,-2.6271653041476384e-05,4.702054502558895e-05,
J0525.8-4715_aFix_pol_I_Farcsec_5pln_cor_crop_0095.npy,J0525.8-4715_aFix_pol_I_Farcsec_5pln_cor,95,-1.611813422641717e-05,4.044059460284189e-05,
Abell_2667_noFix_pol_I_Farcsec_5pln_cor_crop_0186.npy,Abell_2667_noFix_pol_I_Farcsec_5pln_cor,186,-1.5058354620123282e-05,4.20943797507789e-05,
Abell_3667_aFix_pol_I_Farcsec_5pln_cor_crop_0108.npy,Abell_3667_aFix_pol_I_Farcsec_5pln_cor,108,-3.163510700687766e-05,0.0001603437995072,
J0745.1-5404_aFix_pol_I_Farcsec_5pln_cor_crop_0047.npy,J0745.1-5404_aFix_pol_I_Farcsec_5pln_cor,47,-1.8277149138157256e-05,3.714456397574395e-05,
Abell_2645_noFix_pol_I_Farcsec_5pln_cor_crop_0180.npy,Abell_2645_noFix_pol_I_Farcsec_5pln_cor,180,-3.2132909836946055e-05,5.223612970439717e-05,
J1645.4-7334_aFix_pol_I_Farcsec_5pln_cor_crop_0125.npy,J1645.4-7334_aFix_pol_I_Farcsec_5pln_cor,125,-2.7542228053789582e-05,5.101114220451564e-05,
J0328.6-5542_aFix_pol_I_Farcsec_5pln_cor_crop_0009.npy,J0328.6-5542_aFix_pol_I_Farcsec_5pln_cor,9,-1.7376105461153202e-05,3.237917189835571e-05,
J0328.6-5542_aFix_pol_I_Farcsec_5pln_cor_crop_0154.npy,J0328.6-5542_aFix_pol_I_Farcsec_5pln_cor,154,-1.7376105461153202e-05,3.237917189835571e-05,
J0638.7-5358_aFix_pol_I_Farcsec_5pln_cor_crop_0005.npy,J0638.7-5358_aFix_pol_I_Farcsec_5pln_cor,5,-1.4472521797870286e-05,3.7130746932234615e-05,
J1201.0-4623_aFix_pol_I_Farcsec_5pln_cor_crop_0089.npy,J1201.0-4623_aFix_pol_I_Farcsec_5pln_cor,89,-1.437526134395739e-05,3.895712870871648e-05,
Abell_2667_noFix_pol_I_Farcsec_5pln_cor_crop_0066.npy,Abell_2667_noFix_pol_I_Farcsec_5pln_cor,66,-1.5058354620123282e-05,4.20943797507789e-05,
