filename,field,p_low,p_high
MIGHTEE_Continuum_DR1_COSMOS_8p9arcsec_I_v1.1_crop_0000.npy,MIGHTEE_Continuum_DR1_COSMOS_8p9arcsec_I_v1.1,-1.1501537301228382e-05,0.0012603526702150702
MIGHTEE_Continuum_DR1_COSMOS_8p9arcsec_I_v1.1_crop_0001.npy,MIGHTEE_Continuum_DR1_COSMOS_8p9arcsec_I_v1.1,-1.1501537301228382e-05,0.0012603526702150702
MIGHTEE_Continuum_DR1_COSMOS_8p9arcsec_I_v1.1_crop_0002.npy,MIGHTEE_Continuum_DR1_COSMOS_8p9arcsec_I_v1.1,-1.1501537301228382e-05,0.0012603526702150702
MIGHTEE_Continuum_DR1_COSMOS_8p9arcsec_I_v1.1_crop_0003.npy,MIGHTEE_Continuum_DR1_COSMOS_8p9arcsec_I_v1.1,-1.1501537301228382e-05,0.0012603526702150702
MIGHTEE_Continuum_DR1_COSMOS_8p9arcsec_I_v1.1_crop_0004.npy,MIGHTEE_Continuum_DR1_COSMOS_8p9arcsec_I_v1.1,-1.1501537301228382e-05,0.0012603526702150702
MIGHTEE_Continuum_DR1_COSMOS_8p9arcsec_I_v1.1_crop_0005.npy,MIGHTEE_Continuum_DR1_COSMOS_8p9arcsec_I_v1.1,-1.1501537301228382e-05,0.0012603526702150702
MIGHTEE_Continuum_DR1_COSMOS_8p9arcsec_I_v1.1_crop_0006.npy,MIGHTEE_Continuum_DR1_COSMOS_8p9arcsec_I_v1.1,-1.1501537301228382e-05,0.0012603526702150702
MIGHTEE_Continuum_DR1_COSMOS_8p9arcsec_I_v1.1_crop_0007.npy,MIGHTEE_Continuum_DR1_COSMOS_8p9arcsec_I_v1.1,-1.1501537301228382e-05,0.0012603526702150702
MIGHTEE_Continuum_DR1_COSMOS_8p9arcsec_I_v1.1_crop_0008.npy,MIGHTEE_Continuum_DR1_COSMOS_8p9arcsec_I_v1.1,-1.1501537301228382e-05,0.0012603526702150702
MIGHTEE_Continuum_DR1_COSMOS_8p9arcsec_I_v1.1_crop_0009.npy,MIGHTEE_Continuum_DR1_COSMOS_8p9arcsec_I_v1.1,-1.1501537301228382e-05,0.0012603526702150702
MIGHTEE_Continuum_DR1_COSMOS_8p9arcsec_I_v1.1_crop_0010.npy,MIGHTEE_Continuum_DR1_COSMOS_8p9arcsec_I_v1.1,-1.1501537301228382e-05,0.0012603526702150702
MIGHTEE_Continuum_DR1_COSMOS_8p9arcsec_I_v1.1_crop_0011.npy,MIGHTEE_Continuum_DR1_COSMOS_8p9arcsec_I_v1.1,-1.1501537301228382e-05,0.0012603526702150702
MIGHTEE_Continuum_DR1_COSMOS_8p9arcsec_I_v1.1_crop_0012.npy,MIGHTEE_Continuum_DR1_COSMOS_8p9arcsec_I_v1.1,-1.1501537301228382e-05,0.0012603526702150702
MIGHTEE_Continuum_DR1_COSMOS_8p9arcsec_I_v1.1_crop_0013.npy,MIGHTEE_Continuum_DR1_COSMOS_8p9arcsec_I_v1.1,-1.1501537301228382e-05,0.0012603526702150702
MIGHTEE_Continuum_DR1_COSMOS_8p9arcsec_I_v1.1_crop_0014.npy,MIGHTEE_Continuum_DR1_COSMOS_8p9arcsec_I_v1.1,-1.1501537301228382e-05,0.0012603526702150702
MIGHTEE_Continuum_DR1_COSMOS_8p9arcsec_I_v1.1_crop_0015.npy,MIGHTEE_Continuum_DR1_COSMOS_8p9arcsec_I_v1.1,-1.1501537301228382e-05,0.0012603526702150702
MIGHTEE_Continuum_DR1_COSMOS_8p9arcsec_I_v1.1_crop_0016.npy,MIGHTEE_Continuum_DR1_COSMOS_8p9arcsec_I_v1.1,-1.1501537301228382e-05,0.0012603526702150702
MIGHTEE_Continuum_DR1_COSMOS_8p9arcsec_I_v1.1_crop_0017.npy,MIGHTEE_Continuum_DR1_COSMOS_8p9arcsec_I_v1.1,-1.1501537301228382e-05,0.0012603526702150702
MIGHTEE_Continuum_DR1_COSMOS_8p9arcsec_I_v1.1_crop_0018.npy,MIGHTEE_Continuum_DR1_COSMOS_8p9arcsec_I_v1.1,-1.1501537301228382e-05,0.0012603526702150702
MIGHTEE_Continuum_DR1_COSMOS_8p9arcsec_I_v1.1_crop_0019.npy,MIGHTEE_Continuum_DR1_COSMOS_8p9arcsec_I_v1.1,-1.1501537301228382e-05,0.0012603526702150702
MIGHTEE_Continuum_DR1_COSMOS_8p9arcsec_I_v1.1_crop_0020.npy,MIGHTEE_Continuum_DR1_COSMOS_8p9arcsec_I_v1.1,-1.1501537301228382e-05,0.0012603526702150702
MIGHTEE_Continuum_DR1_COSMOS_8p9arcsec_I_v1.1_crop_0021.npy,MIGHTEE_Continuum_DR1_COSMOS_8p9arcsec_I_v1.1,-1.1501537301228382e-05,0.0012603526702150702
MIGHTEE_Continuum_DR1_COSMOS_8p9arcsec_I_v1.1_crop_0022.npy,MIGHTEE_Continuum_DR1_COSMOS_8p9arcsec_I_v1.1,-1.1501537301228382e-05,0.0012603526702150702
MIGHTEE_Continuum_DR1_COSMOS_8p9arcsec_I_v1.1_crop_0023.npy,MIGHTEE_Continuum_DR1_COSMOS_8p9arcsec_I_v1.1,-1.1501537301228382e-05,0.0012603526702150702
MIGHTEE_Continuum_DR1_COSMOS_8p9arcsec_I_v1.1_crop_0024.npy,MIGHTEE_Continuum_DR1_COSMOS_8p9arcsec_I_v1.1,-1.1501537301228382e-05,0.0012603526702150702
MIGHTEE_Continuum_DR1_COSMOS_8p9arcsec_I_v1.1_crop_0025.npy,MIGHTEE_Continuum_DR1_COSMOS_8p9arcsec_I_v1.1,-1.1501537301228382e-05,0.0012603526702150702
MIGHTEE_Continuum_DR1_COSMOS_8p9arcsec_I_v1.1_crop_0026.npy,MIGHTEE_Continuum_DR1_COSMOS_8p9arcsec_I_v1.1,-1.1501537301228382e-05,0.0012603526702150702
MIGHTEE_Continuum_DR1_COSMOS_8p9arcsec_I_v1.1_crop_0027.npy,MIGHTEE_Continuum_DR1_COSMOS_8p9arcsec_I_v1.1,-1.1501537301228382e-05,0.0012603526702150702
MIGHTEE_Continuum_DR1_COSMOS_8p9arcsec_I_v1.1_crop_0028.npy,MIGHTEE_Continuum_DR1_COSMOS_8p9arcsec_I_v1.1,-1.1501537301228382e-05,0.0012603526702150702
MIGHTEE_Continuum_DR1_COSMOS_8p9arcsec_I_v1.1_crop_0029.npy,MIGHTEE_Continuum_DR1_COSMOS_8p9arcsec_I_v1.1,-1.1501537301228382e-05,0.0012603526702150702
MIGHTEE_Continuum_DR1_COSMOS_8p9arcsec_I_v1.1_crop_0030.npy,MIGHTEE_Continuum_DR1_COSMOS_8p9arcsec_I_v1.1,-1.1501537301228382e-05,0.0012603526702150702
MIGHTEE_Continuum_DR1_COSMOS_8p9arcsec_I_v1.1_crop_0031.npy,MIGHTEE_Continuum_DR1_COSMOS_8p9arcsec_I_v1.1,-1.1501537301228382e-05,0.0012603526702150702
MIGHTEE_Continuum_DR1_COSMOS_8p9arcsec_I_v1.1_crop_0032.npy,MIGHTEE_Continuum_DR1_COSMOS_8p9arcsec_I_v1.1,-1.1501537301228382e-05,0.0012603526702150702
MIGHTEE_Continuum_DR1_COSMOS_8p9arcsec_I_v1.1_crop_0033.npy,MIGHTEE_Continuum_DR1_COSMOS_8p9arcsec_I_v1.1,-1.1501537301228382e-05,0.0012603526702150702
MIGHTEE_Continuum_DR1_COSMOS_8p9arcsec_I_v1.1_crop_0034.npy,MIGHTEE_Continuum_DR1_COSMOS_8p9arcsec_I_v1.1,-1.1501537301228382e-05,0.0012603526702150702
MIGHTEE_Continuum_DR1_COSMOS_8p9arcsec_I_v1.1_crop_0035.npy,MIGHTEE_Continuum_DR1_COSMOS_8p9arcsec_I_v1.1,-1.1501537301228382e-05,0.0012603526702150702
MIGHTEE_Continuum_DR1_COSMOS_8p9arcsec_I_v1.1_crop_0036.npy,MIGHTEE_Continuum_DR1_COSMOS_8p9arcsec_I_v1.1,-1.1501537301228382e-05,0.0012603526702150702
MIGHTEE_Continuum_DR1_COSMOS_8p9arcsec_I_v1.1_crop_0037.npy,MIGHTEE_Continuum_DR1_COSMOS_8p9arcsec_I_v1.1,-1.1501537301228382e-05,0.0012603526702150702
MIGHTEE_Continuum_DR1_COSMOS_8p9arcsec_I_v1.1_crop_0038.npy,MIGHTEE_Continuum_DR1_COSMOS_8p9arcsec_I_v1.1,-1.1501537301228382e-05,0.0012603526702150702
MIGHTEE_Continuum_DR1_COSMOS_8p9arcsec_I_v1.1_crop_0039.npy,MIGHTEE_Continuum_DR1_COSMOS_8p9arcsec_I_v1.1,-1.1501537301228382e-05,0.0012603526702150702
MIGHTEE_Continuum_DR1_COSMOS_8p9arcsec_I_v1.1_crop_0040.npy,MIGHTEE_Continuum_DR1_COSMOS_8p9arcsec_I_v1.1,-1.1501537301228382e-05,0.0012603526702150702
MIGHTEE_Continuum_DR1_COSMOS_8p9arcsec_I_v1.1_crop_0041.npy,MIGHTEE_Continuum_DR1_COSMOS_8p9arcsec_I_v1.1,-1.1501537301228382e-05,0.0012603526702150702
MIGHTEE_Continuum_DR1_COSMOS_8p9arcsec_I_v1.1_crop_0042.npy,MIGHTEE_Continuum_DR1_COSMOS_8p9arcsec_I_v1.1,-1.1501537301228382e-05,0.0012603526702150702
MIGHTEE_Continuum_DR1_COSMOS_8p9arcsec_I_v1.1_crop_0043.npy,MIGHTEE_Continuum_DR1_COSMOS_8p9arcsec_I_v1.1,-1.1501537301228382e-05,0.0012603526702150702
MIGHTEE_Continuum_DR1_COSMOS_8p9arcsec_I_v1.1_crop_0044.npy,MIGHTEE_Continuum_DR1_COSMOS_8p9arcsec_I_v1.1,-1.1501537301228382e-05,0.0012603526702150702
MIGHTEE_Continuum_DR1_COSMOS_8p9arcsec_I_v1.1_crop_0045.npy,MIGHTEE_Continuum_DR1_COSMOS_8p9arcsec_I_v1.1,-1.1501537301228382e-05,0.0012603526702150702
MIGHTEE_Continuum_DR1_COSMOS_8p9arcsec_I_v1.1_crop_0046.npy,MIGHTEE_Continuum_DR1_COSMOS_8p9arcsec_I_v1.1,-1.1501537301228382e-05,0.0012603526702150702
MIGHTEE_Continuum_DR1_COSMOS_8p9arcsec_I_v1.1_crop_0047.npy,MIGHTEE_Continuum_DR1_COSMOS_8p9arcsec_I_v1.1,-1.1501537301228382e-05,0.0012603526702150702
MIGHTEE_Continuum_DR1_COSMOS_8p9arcsec_I_v1.1_crop_0048.npy,MIGHTEE_Continuum_DR1_COSMOS_8p9arcsec_I_v1.1,-1.1501537301228382e-05,0.0012603526702150702
MIGHTEE_Continuum_DR1_COSMOS_8p9arcsec_I_v1.1_crop_0049.npy,MIGHTEE_Continuum_DR1_COSMOS_8p9arcsec_I_v1.1,-1.1501537301228382e-05,0.0012603526702150702
MIGHTEE_Continuum_DR1_COSMOS_8p9arcsec_I_v1.1_crop_0050.npy,MIGHTEE_Continuum_DR1_COSMOS_8p9arcsec_I_v1.1,-1.1501537301228382e-05,0.0012603526702150702
MIGHTEE_Continuum_DR1_COSMOS_8p9arcsec_I_v1.1_crop_0051.npy,MIGHTEE_Continuum_DR1_COSMOS_8p9arcsec_I_v1.1,-1.1501537301228382e-05,0.0012603526702150702
MIGHTEE_Continuum_DR1_COSMOS_8p9arcsec_I_v1.1_crop_0052.npy,MIGHTEE_Continuum_DR1_COSMOS_8p9arcsec_I_v1.1,-1.1501537301228382e-05,0.0012603526702150702
MIGHTEE_Continuum_DR1_COSMOS_8p9arcsec_I_v1.1_crop_0053.npy,MIGHTEE_Continuum_DR1_COSMOS_8p9arcsec_I_v1.1,-1.1501537301228382e-05,0.0012603526702150702
MIGHTEE_Continuum_DR1_COSMOS_8p9arcsec_I_v1.1_crop_0054.npy,MIGHTEE_Continuum_DR1_COSMOS_8p9arcsec_I_v1.1,-1.1501537301228382e-05,0.0012603526702150702
MIGHTEE_Continuum_DR1_COSMOS_8p9arcsec_I_v1.1_crop_0055.npy,MIGHTEE_Continuum_DR1_COSMOS_8p9arcsec_I_v1.1,-1.1501537301228382e-05,0.0012603526702150702
MIGHTEE_Continuum_DR1_COSMOS_8p9arcsec_I_v1.1_crop_0056.npy,MIGHTEE_Continuum_DR1_COSMOS_8p9arcsec_I_v1.1,-1.1501537301228382e-05,0.0012603526702150702
MIGHTEE_Continuum_DR1_COSMOS_8p9arcsec_I_v1.1_crop_0057.npy,MIGHTEE_Continuum_DR1_COSMOS_8p9arcsec_I_v1.1,-1.1501537301228382e-05,0.0012603526702150702
MIGHTEE_Continuum_DR1_COSMOS_8p9arcsec_I_v1.1_crop_0058.npy,MIGHTEE_Continuum_DR1_COSMOS_8p9arcsec_I_v1.1,-1.1501537301228382e-05,0.0012603526702150702
MIGHTEE_Continuum_DR1_COSMOS_8p9arcsec_I_v1.1_crop_0059.npy,MIGHTEE_Continuum_DR1_COSMOS_8p9arcsec_I_v1.1,-1.1501537301228382e-05,0.0012603526702150702
MIGHTEE_Continuum_DR1_COSMOS_8p9arcsec_I_v1.1_crop_0060.npy,MIGHTEE_Continuum_DR1_COSMOS_8p9arcsec_I_v1.1,-1.1501537301228382e-05,0.0012603526702150702
MIGHTEE_Continuum_DR1_COSMOS_8p9arcsec_I_v1.1_crop_0061.npy,MIGHTEE_Continuum_DR1_COSMOS_8p9arcsec_I_v1.1,-1.1501537301228382e-05,0.0012603526702150702
MIGHTEE_Continuum_DR1_COSMOS_8p9arcsec_I_v1.1_crop_0062.npy,MIGHTEE_Continuum_DR1_COSMOS_8p9arcsec_I_v1.1,-1.1501537301228382e-05,0.0012603526702150702
MIGHTEE_Continuum_DR1_COSMOS_8p9arcsec_I_v1.1_crop_0063.npy,MIGHTEE_Continuum_DR1_COSMOS_8p9arcsec_I_v1.1,-1.1501537301228382e-05,0.0012603526702150702
MIGHTEE_Continuum_DR1_COSMOS_8p9arcsec_I_v1.1_crop_0064.npy,MIGHTEE_Continuum_DR1_COSMOS_8p9arcsec_I_v1.1,-1.1501537301228382e-05,0.0012603526702150702
MIGHTEE_Continuum_DR1_COSMOS_8p9arcsec_I_v1.1_crop_0065.npy,MIGHTEE_Continuum_DR1_COSMOS_8p9arcsec_I_v1.1,-1.1501537301228382e-05,0.0012603526702150702
MIGHTEE_Continuum_DR1_COSMOS_8p9arcsec_I_v1.1_crop_0066.npy,MIGHTEE_Continuum_DR1_COSMOS_8p9arcsec_I_v1.1,-1.1501537301228382e-05,0.0012603526702150702
MIGHTEE_Continuum_DR1_COSMOS_8p9arcsec_I_v1.1_crop_0067.npy,MIGHTEE_Continuum_DR1_COSMOS_8p9arcsec_I_v1.1,-1.1501537301228382e-05,0.0012603526702150702
MIGHTEE_Continuum_DR1_COSMOS_8p9arcsec_I_v1.1_crop_0068.npy,MIGHTEE_Continuum_DR1_COSMOS_8p9arcsec_I_v1.1,-1.1501537301228382e-05,0.0012603526702150702
MIGHTEE_Continuum_DR1_COSMOS_8p9arcsec_I_v1.1_crop_0069.npy,MIGHTEE_Continuum_DR1_COSMOS_8p9arcsec_I_v1.1,-1.1501537301228382e-05,0.0012603526702150702
MIGHTEE_Continuum_DR1_COSMOS_8p9arcsec_I_v1.1_crop_0070.npy,MIGHTEE_Continuum_DR1_COSMOS_8p9arcsec_I_v1.1,-1.1501537301228382e-05,0.0012603526702150702
MIGHTEE_Continuum_DR1_COSMOS_8p9arcsec_I_v1.1_crop_0071.npy,MIGHTEE_Continuum_DR1_COSMOS_8p9arcsec_I_v1.1,-1.1501537301228382e-05,0.0012603526702150702
MIGHTEE_Continuum_DR1_COSMOS_8p9arcsec_I_v1.1_crop_0072.npy,MIGHTEE_Continuum_DR1_COSMOS_8p9arcsec_I_v1.1,-1.1501537301228382e-05,0.0012603526702150702
MIGHTEE_Continuum_DR1_COSMOS_8p9arcsec_I_v1.1_crop_0073.npy,MIGHTEE_Continuum_DR1_COSMOS_8p9arcsec_I_v1.1,-1.1501537301228382e-05,0.0012603526702150702
MIGHTEE_Continuum_DR1_COSMOS_8p9arcsec_I_v1.1_crop_0074.npy,MIGHTEE_Continuum_DR1_COSMOS_8p9arcsec_I_v1.1,-1.1501537301228382e-05,0.0012603526702150702
MIGHTEE_Continuum_DR1_COSMOS_8p9arcsec_I_v1.1_crop_0075.npy,MIGHTEE_Continuum_DR1_COSMOS_8p9arcsec_I_v1.1,-1.1501537301228382e-05,0.0012603526702150702
MIGHTEE_Continuum_DR1_COSMOS_8p9arcsec_I_v1.1_crop_0076.npy,MIGHTEE_Continuum_DR1_COSMOS_8p9arcsec_I_v1.1,-1.1501537301228382e-05,0.0012603526702150702
MIGHTEE_Continuum_DR1_COSMOS_8p9arcsec_I_v1.1_crop_0077.npy,MIGHTEE_Continuum_DR1_COSMOS_8p9arcsec_I_v1.1,-1.1501537301228382e-05,0.0012603526702150702
MIGHTEE_Continuum_DR1_COSMOS_8p9arcsec_I_v1.1_crop_0078.npy,MIGHTEE_Continuum_DR1_COSMOS_8p9arcsec_I_v1.1,-1.1501537301228382e-05,0.0012603526702150702
MIGHTEE_Continuum_DR1_COSMOS_8p9arcsec_I_v1.1_crop_0079.npy,MIGHTEE_Continuum_DR1_COSMOS_8p9arcsec_I_v1.1,-1.1501537301228382e-05,0.0012603526702150702
MIGHTEE_Continuum_DR1_COSMOS_8p9arcsec_I_v1.1_crop_0080.npy,MIGHTEE_Continuum_DR1_COSMOS_8p9arcsec_I_v1.1,-1.1501537301228382e-05,0.0012603526702150702
MIGHTEE_Continuum_DR1_COSMOS_8p9arcsec_I_v1.1_crop_0081.npy,MIGHTEE_Continuum_DR1_COSMOS_8p9arcsec_I_v1.1,-1.1501537301228382e-05,0.0012603526702150702
MIGHTEE_Continuum_DR1_COSMOS_8p9arcsec_I_v1.1_crop_0082.npy,MIGHTEE_Continuum_DR1_COSMOS_8p9arcsec_I_v1.1,-1.1501537301228382e-05,0.0012603526702150702
MIGHTEE_Continuum_DR1_COSMOS_8p9arcsec_I_v1.1_crop_0083.npy,MIGHTEE_Continuum_DR1_COSMOS_8p9arcsec_I_v1.1,-1.1501537301228382e-05,0.0012603526702150702
MIGHTEE_Continuum_DR1_COSMOS_8p9arcsec_I_v1.1_crop_0084.npy,MIGHTEE_Continuum_DR1_COSMOS_8p9arcsec_I_v1.1,-1.1501537301228382e-05,0.0012603526702150702
MIGHTEE_Continuum_DR1_COSMOS_8p9arcsec_I_v1.1_crop_0085.npy,MIGHTEE_Continuum_DR1_COSMOS_8p9arcsec_I_v1.1,-1.1501537301228382e-05,0.0012603526702150702
MIGHTEE_Continuum_DR1_COSMOS_8p9arcsec_I_v1.1_crop_0086.npy,MIGHTEE_Continuum_DR1_COSMOS_8p9arcsec_I_v1.1,-1.1501537301228382e-05,0.0012603526702150702
MIGHTEE_Continuum_DR1_COSMOS_8p9arcsec_I_v1.1_crop_0087.npy,MIGHTEE_Continuum_DR1_COSMOS_8p9arcsec_I_v1.1,-1.1501537301228382e-05,0.0012603526702150702
MIGHTEE_Continuum_DR1_COSMOS_8p9arcsec_I_v1.1_crop_0088.npy,MIGHTEE_Continuum_DR1_COSMOS_8p9arcsec_I_v1.1,-1.1501537301228382e-05,0.0012603526702150702
MIGHTEE_Continuum_DR1_COSMOS_8p9arcsec_I_v1.1_crop_0089.npy,MIGHTEE_Continuum_DR1_COSMOS_8p9arcsec_I_v1.1,-1.1501537301228382e-05,0.0012603526702150702
MIGHTEE_Continuum_DR1_COSMOS_8p9arcsec_I_v1.1_crop_0090.npy,MIGHTEE_Continuum_DR1_COSMOS_8p9arcsec_I_v1.1,-1.1501537301228382e-05,0.0012603526702150702
MIGHTEE_Continuum_DR1_COSMOS_8p9arcsec_I_v1.1_crop_0091.npy,MIGHTEE_Continuum_DR1_COSMOS_8p9arcsec_I_v1.1,-1.1501537301228382e-05,0.0012603526702150702
MIGHTEE_Continuum_DR1_COSMOS_8p9arcsec_I_v1.1_crop_0092.npy,MIGHTEE_Continuum_DR1_COSMOS_8p9arcsec_I_v1.1,-1.1501537301228382e-05,0.0012603526702150702
MIGHTEE_Continuum_DR1_COSMOS_8p9arcsec_I_v1.1_crop_0093.npy,MIGHTEE_Continuum_DR1_COSMOS_8p9arcsec_I_v1.1,-1.1501537301228382e-05,0.0012603526702150702
MIGHTEE_Continuum_DR1_COSMOS_8p9arcsec_I_v1.1_crop_0094.npy,MIGHTEE_Continuum_DR1_COSMOS_8p9arcsec_I_v1.1,-1.1501537301228382e-05,0.0012603526702150702
MIGHTEE_Continuum_DR1_COSMOS_8p9arcsec_I_v1.1_crop_0095.npy,MIGHTEE_Continuum_DR1_COSMOS_8p9arcsec_I_v1.1,-1.1501537301228382e-05,0.0012603526702150702
MIGHTEE_Continuum_DR1_COSMOS_8p9arcsec_I_v1.1_crop_0096.npy,MIGHTEE_Continuum_DR1_COSMOS_8p9arcsec_I_v1.1,-1.1501537301228382e-05,0.0012603526702150702
MIGHTEE_Continuum_DR1_COSMOS_8p9arcsec_I_v1.1_crop_0097.npy,MIGHTEE_Continuum_DR1_COSMOS_8p9arcsec_I_v1.1,-1.1501537301228382e-05,0.0012603526702150702
MIGHTEE_Continuum_DR1_COSMOS_8p9arcsec_I_v1.1_crop_0098.npy,MIGHTEE_Continuum_DR1_COSMOS_8p9arcsec_I_v1.1,-1.1501537301228382e-05,0.0012603526702150702
MIGHTEE_Continuum_DR1_COSMOS_8p9arcsec_I_v1.1_crop_0099.npy,MIGHTEE_Continuum_DR1_COSMOS_8p9arcsec_I_v1.1,-1.1501537301228382e-05,0.0012603526702150702
MIGHTEE_Continuum_DR1_COSMOS_8p9arcsec_I_v1.1_crop_0100.npy,MIGHTEE_Continuum_DR1_COSMOS_8p9arcsec_I_v1.1,-1.1501537301228382e-05,0.0012603526702150702
MIGHTEE_Continuum_DR1_COSMOS_8p9arcsec_I_v1.1_crop_0101.npy,MIGHTEE_Continuum_DR1_COSMOS_8p9arcsec_I_v1.1,-1.1501537301228382e-05,0.0012603526702150702
MIGHTEE_Continuum_DR1_COSMOS_8p9arcsec_I_v1.1_crop_0102.npy,MIGHTEE_Continuum_DR1_COSMOS_8p9arcsec_I_v1.1,-1.1501537301228382e-05,0.0012603526702150702
MIGHTEE_Continuum_DR1_COSMOS_8p9arcsec_I_v1.1_crop_0103.npy,MIGHTEE_Continuum_DR1_COSMOS_8p9arcsec_I_v1.1,-1.1501537301228382e-05,0.0012603526702150702
MIGHTEE_Continuum_DR1_COSMOS_8p9arcsec_I_v1.1_crop_0104.npy,MIGHTEE_Continuum_DR1_COSMOS_8p9arcsec_I_v1.1,-1.1501537301228382e-05,0.0012603526702150702
MIGHTEE_Continuum_DR1_COSMOS_8p9arcsec_I_v1.1_crop_0105.npy,MIGHTEE_Continuum_DR1_COSMOS_8p9arcsec_I_v1.1,-1.1501537301228382e-05,0.0012603526702150702
MIGHTEE_Continuum_DR1_COSMOS_8p9arcsec_I_v1.1_crop_0106.npy,MIGHTEE_Continuum_DR1_COSMOS_8p9arcsec_I_v1.1,-1.1501537301228382e-05,0.0012603526702150702
MIGHTEE_Continuum_DR1_COSMOS_8p9arcsec_I_v1.1_crop_0107.npy,MIGHTEE_Continuum_DR1_COSMOS_8p9arcsec_I_v1.1,-1.1501537301228382e-05,0.0012603526702150702
MIGHTEE_Continuum_DR1_COSMOS_8p9arcsec_I_v1.1_crop_0108.npy,MIGHTEE_Continuum_DR1_COSMOS_8p9arcsec_I_v1.1,-1.1501537301228382e-05,0.0012603526702150702
MIGHTEE_Continuum_DR1_COSMOS_8p9arcsec_I_v1.1_crop_0109.npy,MIGHTEE_Continuum_DR1_COSMOS_8p9arcsec_I_v1.1,-1.1501537301228382e-05,0.0012603526702150702
MIGHTEE_Continuum_DR1_COSMOS_8p9arcsec_I_v1.1_crop_0110.npy,MIGHTEE_Continuum_DR1_COSMOS_8p9arcsec_I_v1.1,-1.1501537301228382e-05,0.0012603526702150702
MIGHTEE_Continuum_DR1_COSMOS_8p9arcsec_I_v1.1_crop_0111.npy,MIGHTEE_Continuum_DR1_COSMOS_8p9arcsec_I_v1.1,-1.1501537301228382e-05,0.0012603526702150702
MIGHTEE_Continuum_DR1_COSMOS_8p9arcsec_I_v1.1_crop_0112.npy,MIGHTEE_Continuum_DR1_COSMOS_8p9arcsec_I_v1.1,-1.1501537301228382e-05,0.0012603526702150702
MIGHTEE_Continuum_DR1_COSMOS_8p9arcsec_I_v1.1_crop_0113.npy,MIGHTEE_Continuum_DR1_COSMOS_8p9arcsec_I_v1.1,-1.1501537301228382e-05,0.0012603526702150702
MIGHTEE_Continuum_DR1_COSMOS_8p9arcsec_I_v1.1_crop_0114.npy,MIGHTEE_Continuum_DR1_COSMOS_8p9arcsec_I_v1.1,-1.1501537301228382e-05,0.0012603526702150702
MIGHTEE_Continuum_DR1_COSMOS_8p9arcsec_I_v1.1_crop_0115.npy,MIGHTEE_Continuum_DR1_COSMOS_8p9arcsec_I_v1.1,-1.1501537301228382e-05,0.0012603526702150702
MIGHTEE_Continuum_DR1_COSMOS_8p9arcsec_I_v1.1_crop_0116.npy,MIGHTEE_Continuum_DR1_COSMOS_8p9arcsec_I_v1.1,-1.1501537301228382e-05,0.0012603526702150702
MIGHTEE_Continuum_DR1_COSMOS_8p9arcsec_I_v1.1_crop_0117.npy,MIGHTEE_Continuum_DR1_COSMOS_8p9arcsec_I_v1.1,-1.1501537301228382e-05,0.0012603526702150702
MIGHTEE_Continuum_DR1_COSMOS_8p9arcsec_I_v1.1_crop_0118.npy,MIGHTEE_Continuum_DR1_COSMOS_8p9arcsec_I_v1.1,-1.1501537301228382e-05,0.0012603526702150702
MIGHTEE_Continuum_DR1_COSMOS_8p9arcsec_I_v1.1_crop_0119.npy,MIGHTEE_Continuum_DR1_COSMOS_8p9arcsec_I_v1.1,-1.1501537301228382e-05,0.0012603526702150702
MIGHTEE_Continuum_DR1_COSMOS_8p9arcsec_I_v1.1_crop_0120.npy,MIGHTEE_Continuum_DR1_COSMOS_8p9arcsec_I_v1.1,-1.1501537301228382e-05,0.0012603526702150702
MIGHTEE_Continuum_DR1_COSMOS_8p9arcsec_I_v1.1_crop_0121.npy,MIGHTEE_Continuum_DR1_COSMOS_8p9arcsec_I_v1.1,-1.1501537301228382e-05,0.0012603526702150702
MIGHTEE_Continuum_DR1_COSMOS_8p9arcsec_I_v1.1_crop_0122.npy,MIGHTEE_Continuum_DR1_COSMOS_8p9arcsec_I_v1.1,-1.1501537301228382e-05,0.0012603526702150702
MIGHTEE_Continuum_DR1_COSMOS_8p9arcsec_I_v1.1_crop_0123.npy,MIGHTEE_Continuum_DR1_COSMOS_8p9arcsec_I_v1.1,-1.1501537301228382e-05,0.0012603526702150702
MIGHTEE_Continuum_DR1_COSMOS_8p9arcsec_I_v1.1_crop_0124.npy,MIGHTEE_Continuum_DR1_COSMOS_8p9arcsec_I_v1.1,-1.1501537301228382e-05,0.0012603526702150702
MIGHTEE_Continuum_DR1_COSMOS_8p9arcsec_I_v1.1_crop_0125.npy,MIGHTEE_Continuum_DR1_COSMOS_8p9arcsec_I_v1.1,-1.1501537301228382e-05,0.0012603526702150702
MIGHTEE_Continuum_DR1_COSMOS_8p9arcsec_I_v1.1_crop_0126.npy,MIGHTEE_Continuum_DR1_COSMOS_8p9arcsec_I_v1.1,-1.1501537301228382e-05,0.0012603526702150702
MIGHTEE_Continuum_DR1_COSMOS_8p9arcsec_I_v1.1_crop_0127.npy,MIGHTEE_Continuum_DR1_COSMOS_8p9arcsec_I_v1.1,-1.1501537301228382e-05,0.0012603526702150702
MIGHTEE_Continuum_DR1_COSMOS_8p9arcsec_I_v1.1_crop_0128.npy,MIGHTEE_Continuum_DR1_COSMOS_8p9arcsec_I_v1.1,-1.1501537301228382e-05,0.0012603526702150702
MIGHTEE_Continuum_DR1_COSMOS_8p9arcsec_I_v1.1_crop_0129.npy,MIGHTEE_Continuum_DR1_COSMOS_8p9arcsec_I_v1.1,-1.1501537301228382e-05,0.0012603526702150702
MIGHTEE_Continuum_DR1_COSMOS_8p9arcsec_I_v1.1_crop_0130.npy,MIGHTEE_Continuum_DR1_COSMOS_8p9arcsec_I_v1.1,-1.1501537301228382e-05,0.0012603526702150702
MIGHTEE_Continuum_DR1_COSMOS_8p9arcsec_I_v1.1_crop_0131.npy,MIGHTEE_Continuum_DR1_COSMOS_8p9arcsec_I_v1.1,-1.1501537301228382e-05,0.0012603526702150702
MIGHTEE_Continuum_DR1_COSMOS_8p9arcsec_I_v1.1_crop_0132.npy,MIGHTEE_Continuum_DR1_COSMOS_8p9arcsec_I_v1.1,-1.1501537301228382e-05,0.0012603526702150702
MIGHTEE_Continuum_DR1_COSMOS_8p9arcsec_I_v1.1_crop_0133.npy,MIGHTEE_Continuum_DR1_COSMOS_8p9arcsec_I_v1.1,-1.1501537301228382e-05,0.0012603526702150702
MIGHTEE_Continuum_DR1_COSMOS_8p9arcsec_I_v1.1_crop_0134.npy,MIGHTEE_Continuum_DR1_COSMOS_8p9arcsec_I_v1.1,-1.1501537301228382e-05,0.0012603526702150702
MIGHTEE_Continuum_DR1_COSMOS_8p9arcsec_I_v1.1_crop_0135.npy,MIGHTEE_Continuum_DR1_COSMOS_8p9arcsec_I_v1.1,-1.1501537301228382e-05,0.0012603526702150702
MIGHTEE_Continuum_DR1_COSMOS_8p9arcsec_I_v1.1_crop_0136.npy,MIGHTEE_Continuum_DR1_COSMOS_8p9arcsec_I_v1.1,-1.1501537301228382e-05,0.0012603526702150702
MIGHTEE_Continuum_DR1_COSMOS_8p9arcsec_I_v1.1_crop_0137.npy,MIGHTEE_Continuum_DR1_COSMOS_8p9arcsec_I_v1.1,-1.1501537301228382e-05,0.0012603526702150702
MIGHTEE_Continuum_DR1_COSMOS_8p9arcsec_I_v1.1_crop_0138.npy,MIGHTEE_Continuum_DR1_COSMOS_8p9arcsec_I_v1.1,-1.1501537301228382e-05,0.0012603526702150702
MIGHTEE_Continuum_DR1_COSMOS_8p9arcsec_I_v1.1_crop_0139.npy,MIGHTEE_Continuum_DR1_COSMOS_8p9arcsec_I_v1.1,-1.1501537301228382e-05,0.0012603526702150702
MIGHTEE_Continuum_DR1_COSMOS_8p9arcsec_I_v1.1_crop_0140.npy,MIGHTEE_Continuum_DR1_COSMOS_8p9arcsec_I_v1.1,-1.1501537301228382e-05,0.0012603526702150702
MIGHTEE_Continuum_DR1_COSMOS_8p9arcsec_I_v1.1_crop_0141.npy,MIGHTEE_Continuum_DR1_COSMOS_8p9arcsec_I_v1.1,-1.1501537301228382e-05,0.0012603526702150702
MIGHTEE_Continuum_DR1_COSMOS_8p9arcsec_I_v1.1_crop_0142.npy,MIGHTEE_Continuum_DR1_COSMOS_8p9arcsec_I_v1.1,-1.1501537301228382e-05,0.0012603526702150702
MIGHTEE_Continuum_DR1_COSMOS_8p9arcsec_I_v1.1_crop_0143.npy,MIGHTEE_Continuum_DR1_COSMOS_8p9arcsec_I_v1.1,-1.1501537301228382e-05,0.0012603526702150702
MIGHTEE_Continuum_DR1_COSMOS_8p9arcsec_I_v1.1_crop_0144.npy,MIGHTEE_Continuum_DR1_COSMOS_8p9arcsec_I_v1.1,-1.1501537301228382e-05,0.0012603526702150702
MIGHTEE_Continuum_DR1_COSMOS_8p9arcsec_I_v1.1_crop_0145.npy,MIGHTEE_Continuum_DR1_COSMOS_8p9arcsec_I_v1.1,-1.1501537301228382e-05,0.0012603526702150702
MIGHTEE_Continuum_DR1_COSMOS_8p9arcsec_I_v1.1_crop_0146.npy,MIGHTEE_Continuum_DR1_COSMOS_8p9arcsec_I_v1.1,-1.1501537301228382e-05,0.0012603526702150702
MIGHTEE_Continuum_DR1_COSMOS_8p9arcsec_I_v1.1_crop_0147.npy,MIGHTEE_Continuum_DR1_COSMOS_8p9arcsec_I_v1.1,-1.1501537301228382e-05,0.0012603526702150702
MIGHTEE_Continuum_DR1_COSMOS_8p9arcsec_I_v1.1_crop_0148.npy,MIGHTEE_Continuum_DR1_COSMOS_8p9arcsec_I_v1.1,-1.1501537301228382e-05,0.0012603526702150702
MIGHTEE_Continuum_DR1_COSMOS_8p9arcsec_I_v1.1_crop_0149.npy,MIGHTEE_Continuum_DR1_COSMOS_8p9arcsec_I_v1.1,-1.1501537301228382e-05,0.0012603526702150702
MIGHTEE_Continuum_DR1_COSMOS_8p9arcsec_I_v1.1_crop_0150.npy,MIGHTEE_Continuum_DR1_COSMOS_8p9arcsec_I_v1.1,-1.1501537301228382e-05,0.0012603526702150702
MIGHTEE_Continuum_DR1_COSMOS_8p9arcsec_I_v1.1_crop_0151.npy,MIGHTEE_Continuum_DR1_COSMOS_8p9arcsec_I_v1.1,-1.1501537301228382e-05,0.0012603526702150702
MIGHTEE_Continuum_DR1_COSMOS_8p9arcsec_I_v1.1_crop_0152.npy,MIGHTEE_Continuum_DR1_COSMOS_8p9arcsec_I_v1.1,-1.1501537301228382e-05,0.0012603526702150702
MIGHTEE_Continuum_DR1_COSMOS_8p9arcsec_I_v1.1_crop_0153.npy,MIGHTEE_Continuum_DR1_COSMOS_8p9arcsec_I_v1.1,-1.1501537301228382e-05,0.0012603526702150702
MIGHTEE_Continuum_DR1_COSMOS_8p9arcsec_I_v1.1_crop_0154.npy,MIGHTEE_Continuum_DR1_COSMOS_8p9arcsec_I_v1.1,-1.1501537301228382e-05,0.0012603526702150702
MIGHTEE_Continuum_DR1_COSMOS_8p9arcsec_I_v1.1_crop_0155.npy,MIGHTEE_Continuum_DR1_COSMOS_8p9arcsec_I_v1.1,-1.1501537301228382e-05,0.0012603526702150702
MIGHTEE_Continuum_DR1_COSMOS_8p9arcsec_I_v1.1_crop_0156.npy,MIGHTEE_Continuum_DR1_COSMOS_8p9arcsec_I_v1.1,-1.1501537301228382e-05,0.0012603526702150702
MIGHTEE_Continuum_DR1_COSMOS_8p9arcsec_I_v1.1_crop_0157.npy,MIGHTEE_Continuum_DR1_COSMOS_8p9arcsec_I_v1.1,-1.1501537301228382e-05,0.0012603526702150702
MIGHTEE_Continuum_DR1_COSMOS_8p9arcsec_I_v1.1_crop_0158.npy,MIGHTEE_Continuum_DR1_COSMOS_8p9arcsec_I_v1.1,-1.1501537301228382e-05,0.0012603526702150702
MIGHTEE_Continuum_DR1_COSMOS_8p9arcsec_I_v1.1_crop_0159.npy,MIGHTEE_Continuum_DR1_COSMOS_8p9arcsec_I_v1.1,-1.1501537301228382e-05,0.0012603526702150702
MIGHTEE_Continuum_DR1_COSMOS_8p9arcsec_I_v1.1_crop_0160.npy,MIGHTEE_Continuum_DR1_COSMOS_8p9arcsec_I_v1.1,-1.1501537301228382e-05,0.0012603526702150702
MIGHTEE_Continuum_DR1_COSMOS_8p9arcsec_I_v1.1_crop_0161.npy,MIGHTEE_Continuum_DR1_COSMOS_8p9arcsec_I_v1.1,-1.1501537301228382e-05,0.0012603526702150702
MIGHTEE_Continuum_DR1_COSMOS_8p9arcsec_I_v1.1_crop_0162.npy,MIGHTEE_Continuum_DR1_COSMOS_8p9arcsec_I_v1.1,-1.1501537301228382e-05,0.0012603526702150702
MIGHTEE_Continuum_DR1_COSMOS_8p9arcsec_I_v1.1_crop_0163.npy,MIGHTEE_Continuum_DR1_COSMOS_8p9arcsec_I_v1.1,-1.1501537301228382e-05,0.0012603526702150702
MIGHTEE_Continuum_DR1_COSMOS_8p9arcsec_I_v1.1_crop_0164.npy,MIGHTEE_Continuum_DR1_COSMOS_8p9arcsec_I_v1.1,-1.1501537301228382e-05,0.0012603526702150702
MIGHTEE_Continuum_DR1_COSMOS_8p9arcsec_I_v1.1_crop_0165.npy,MIGHTEE_Continuum_DR1_COSMOS_8p9arcsec_I_v1.1,-1.1501537301228382e-05,0.0012603526702150702
MIGHTEE_Continuum_DR1_COSMOS_8p9arcsec_I_v1.1_crop_0166.npy,MIGHTEE_Continuum_DR1_COSMOS_8p9arcsec_I_v1.1,-1.1501537301228382e-05,0.0012603526702150702
MIGHTEE_Continuum_DR1_COSMOS_8p9arcsec_I_v1.1_crop_0167.npy,MIGHTEE_Continuum_DR1_COSMOS_8p9arcsec_I_v1.1,-1.1501537301228382e-05,0.0012603526702150702
MIGHTEE_Continuum_DR1_COSMOS_8p9arcsec_I_v1.1_crop_0168.npy,MIGHTEE_Continuum_DR1_COSMOS_8p9arcsec_I_v1.1,-1.1501537301228382e-05,0.0012603526702150702
MIGHTEE_Continuum_DR1_COSMOS_8p9arcsec_I_v1.1_crop_0169.npy,MIGHTEE_Continuum_DR1_COSMOS_8p9arcsec_I_v1.1,-1.1501537301228382e-05,0.0012603526702150702
MIGHTEE_Continuum_DR1_COSMOS_8p9arcsec_I_v1.1_crop_0170.npy,MIGHTEE_Continuum_DR1_COSMOS_8p9arcsec_I_v1.1,-1.1501537301228382e-05,0.0012603526702150702
MIGHTEE_Continuum_DR1_COSMOS_8p9arcsec_I_v1.1_crop_0171.npy,MIGHTEE_Continuum_DR1_COSMOS_8p9arcsec_I_v1.1,-1.1501537301228382e-05,0.0012603526702150702
MIGHTEE_Continuum_DR1_COSMOS_8p9arcsec_I_v1.1_crop_0172.npy,MIGHTEE_Continuum_DR1_COSMOS_8p9arcsec_I_v1.1,-1.1501537301228382e-05,0.0012603526702150702
MIGHTEE_Continuum_DR1_COSMOS_8p9arcsec_I_v1.1_crop_0173.npy,MIGHTEE_Continuum_DR1_COSMOS_8p9arcsec_I_v1.1,-1.1501537301228382e-05,0.0012603526702150702
MIGHTEE_Continuum_DR1_COSMOS_8p9arcsec_I_v1.1_crop_0174.npy,MIGHTEE_Continuum_DR1_COSMOS_8p9arcsec_I_v1.1,-1.1501537301228382e-05,0.0012603526702150702
MIGHTEE_Continuum_DR1_COSMOS_8p9arcsec_I_v1.1_crop_0175.npy,MIGHTEE_Continuum_DR1_COSMOS_8p9arcsec_I_v1.1,-1.1501537301228382e-05,0.0012603526702150702
MIGHTEE_Continuum_DR1_COSMOS_8p9arcsec_I_v1.1_crop_0176.npy,MIGHTEE_Continuum_DR1_COSMOS_8p9arcsec_I_v1.1,-1.1501537301228382e-05,0.0012603526702150702
MIGHTEE_Continuum_DR1_COSMOS_8p9arcsec_I_v1.1_crop_0177.npy,MIGHTEE_Continuum_DR1_COSMOS_8p9arcsec_I_v1.1,-1.1501537301228382e-05,0.0012603526702150702
MIGHTEE_Continuum_DR1_COSMOS_8p9arcsec_I_v1.1_crop_0178.npy,MIGHTEE_Continuum_DR1_COSMOS_8p9arcsec_I_v1.1,-1.1501537301228382e-05,0.0012603526702150702
MIGHTEE_Continuum_DR1_COSMOS_8p9arcsec_I_v1.1_crop_0179.npy,MIGHTEE_Continuum_DR1_COSMOS_8p9arcsec_I_v1.1,-1.1501537301228382e-05,0.0012603526702150702
MIGHTEE_Continuum_DR1_COSMOS_8p9arcsec_I_v1.1_crop_0180.npy,MIGHTEE_Continuum_DR1_COSMOS_8p9arcsec_I_v1.1,-1.1501537301228382e-05,0.0012603526702150702
MIGHTEE_Continuum_DR1_COSMOS_8p9arcsec_I_v1.1_crop_0181.npy,MIGHTEE_Continuum_DR1_COSMOS_8p9arcsec_I_v1.1,-1.1501537301228382e-05,0.0012603526702150702
MIGHTEE_Continuum_DR1_COSMOS_8p9arcsec_I_v1.1_crop_0182.npy,MIGHTEE_Continuum_DR1_COSMOS_8p9arcsec_I_v1.1,-1.1501537301228382e-05,0.0012603526702150702
MIGHTEE_Continuum_DR1_COSMOS_8p9arcsec_I_v1.1_crop_0183.npy,MIGHTEE_Continuum_DR1_COSMOS_8p9arcsec_I_v1.1,-1.1501537301228382e-05,0.0012603526702150702
MIGHTEE_Continuum_DR1_COSMOS_8p9arcsec_I_v1.1_crop_0184.npy,MIGHTEE_Continuum_DR1_COSMOS_8p9arcsec_I_v1.1,-1.1501537301228382e-05,0.0012603526702150702
MIGHTEE_Continuum_DR1_COSMOS_8p9arcsec_I_v1.1_crop_0185.npy,MIGHTEE_Continuum_DR1_COSMOS_8p9arcsec_I_v1.1,-1.1501537301228382e-05,0.0012603526702150702
MIGHTEE_Continuum_DR1_COSMOS_8p9arcsec_I_v1.1_crop_0186.npy,MIGHTEE_Continuum_DR1_COSMOS_8p9arcsec_I_v1.1,-1.1501537301228382e-05,0.0012603526702150702
MIGHTEE_Continuum_DR1_COSMOS_8p9arcsec_I_v1.1_crop_0187.npy,MIGHTEE_Continuum_DR1_COSMOS_8p9arcsec_I_v1.1,-1.1501537301228382e-05,0.0012603526702150702
MIGHTEE_Continuum_DR1_COSMOS_8p9arcsec_I_v1.1_crop_0188.npy,MIGHTEE_Continuum_DR1_COSMOS_8p9arcsec_I_v1.1,-1.1501537301228382e-05,0.0012603526702150702
MIGHTEE_Continuum_DR1_COSMOS_8p9arcsec_I_v1.1_crop_0189.npy,MIGHTEE_Continuum_DR1_COSMOS_8p9arcsec_I_v1.1,-1.1501537301228382e-05,0.0012603526702150702
MIGHTEE_Continuum_DR1_COSMOS_8p9arcsec_I_v1.1_crop_0190.npy,MIGHTEE_Continuum_DR1_COSMOS_8p9arcsec_I_v1.1,-1.1501537301228382e-05,0.0012603526702150702
MIGHTEE_Continuum_DR1_COSMOS_8p9arcsec_I_v1.1_crop_0191.npy,MIGHTEE_Continuum_DR1_COSMOS_8p9arcsec_I_v1.1,-1.1501537301228382e-05,0.0012603526702150702
MIGHTEE_Continuum_DR1_COSMOS_8p9arcsec_I_v1.1_crop_0192.npy,MIGHTEE_Continuum_DR1_COSMOS_8p9arcsec_I_v1.1,-1.1501537301228382e-05,0.0012603526702150702
MIGHTEE_Continuum_DR1_COSMOS_8p9arcsec_I_v1.1_crop_0193.npy,MIGHTEE_Continuum_DR1_COSMOS_8p9arcsec_I_v1.1,-1.1501537301228382e-05,0.0012603526702150702
MIGHTEE_Continuum_DR1_COSMOS_8p9arcsec_I_v1.1_crop_0194.npy,MIGHTEE_Continuum_DR1_COSMOS_8p9arcsec_I_v1.1,-1.1501537301228382e-05,0.0012603526702150702
MIGHTEE_Continuum_DR1_COSMOS_8p9arcsec_I_v1.1_crop_0195.npy,MIGHTEE_Continuum_DR1_COSMOS_8p9arcsec_I_v1.1,-1.1501537301228382e-05,0.0012603526702150702
MIGHTEE_Continuum_DR1_COSMOS_8p9arcsec_I_v1.1_crop_0196.npy,MIGHTEE_Continuum_DR1_COSMOS_8p9arcsec_I_v1.1,-1.1501537301228382e-05,0.0012603526702150702
MIGHTEE_Continuum_DR1_COSMOS_8p9arcsec_I_v1.1_crop_0197.npy,MIGHTEE_Continuum_DR1_COSMOS_8p9arcsec_I_v1.1,-1.1501537301228382e-05,0.0012603526702150702
MIGHTEE_Continuum_DR1_COSMOS_8p9arcsec_I_v1.1_crop_0198.npy,MIGHTEE_Continuum_DR1_COSMOS_8p9arcsec_I_v1.1,-1.1501537301228382e-05,0.0012603526702150702
MIGHTEE_Continuum_DR1_COSMOS_8p9arcsec_I_v1.1_crop_0199.npy,MIGHTEE_Continuum_DR1_COSMOS_8p9arcsec_I_v1.1,-1.1501537301228382e-05,0.0012603526702150702
MIGHTEE_Continuum_DR1_COSMOS_8p9arcsec_I_v1.1_crop_0200.npy,MIGHTEE_Continuum_DR1_COSMOS_8p9arcsec_I_v1.1,-1.1501537301228382e-05,0.0012603526702150702
MIGHTEE_Continuum_DR1_COSMOS_8p9arcsec_I_v1.1_crop_0201.npy,MIGHTEE_Continuum_DR1_COSMOS_8p9arcsec_I_v1.1,-1.1501537301228382e-05,0.0012603526702150702
MIGHTEE_Continuum_DR1_COSMOS_8p9arcsec_I_v1.1_crop_0202.npy,MIGHTEE_Continuum_DR1_COSMOS_8p9arcsec_I_v1.1,-1.1501537301228382e-05,0.0012603526702150702
MIGHTEE_Continuum_DR1_COSMOS_8p9arcsec_I_v1.1_crop_0203.npy,MIGHTEE_Continuum_DR1_COSMOS_8p9arcsec_I_v1.1,-1.1501537301228382e-05,0.0012603526702150702
MIGHTEE_Continuum_DR1_COSMOS_8p9arcsec_I_v1.1_crop_0204.npy,MIGHTEE_Continuum_DR1_COSMOS_8p9arcsec_I_v1.1,-1.1501537301228382e-05,0.0012603526702150702
MIGHTEE_Continuum_DR1_COSMOS_8p9arcsec_I_v1.1_crop_0205.npy,MIGHTEE_Continuum_DR1_COSMOS_8p9arcsec_I_v1.1,-1.1501537301228382e-05,0.0012603526702150702
MIGHTEE_Continuum_DR1_COSMOS_8p9arcsec_I_v1.1_crop_0206.npy,MIGHTEE_Continuum_DR1_COSMOS_8p9arcsec_I_v1.1,-1.1501537301228382e-05,0.0012603526702150702
MIGHTEE_Continuum_DR1_COSMOS_8p9arcsec_I_v1.1_crop_0207.npy,MIGHTEE_Continuum_DR1_COSMOS_8p9arcsec_I_v1.1,-1.1501537301228382e-05,0.0012603526702150702
MIGHTEE_Continuum_DR1_COSMOS_8p9arcsec_I_v1.1_crop_0208.npy,MIGHTEE_Continuum_DR1_COSMOS_8p9arcsec_I_v1.1,-1.1501537301228382e-05,0.0012603526702150702
MIGHTEE_Continuum_DR1_COSMOS_8p9arcsec_I_v1.1_crop_0209.npy,MIGHTEE_Continuum_DR1_COSMOS_8p9arcsec_I_v1.1,-1.1501537301228382e-05,0.0012603526702150702
MIGHTEE_Continuum_DR1_COSMOS_8p9arcsec_I_v1.1_crop_0210.npy,MIGHTEE_Continuum_DR1_COSMOS_8p9arcsec_I_v1.1,-1.1501537301228382e-05,0.0012603526702150702
MIGHTEE_Continuum_DR1_COSMOS_8p9arcsec_I_v1.1_crop_0211.npy,MIGHTEE_Continuum_DR1_COSMOS_8p9arcsec_I_v1.1,-1.1501537301228382e-05,0.0012603526702150702
MIGHTEE_Continuum_DR1_COSMOS_8p9arcsec_I_v1.1_crop_0212.npy,MIGHTEE_Continuum_DR1_COSMOS_8p9arcsec_I_v1.1,-1.1501537301228382e-05,0.0012603526702150702
MIGHTEE_Continuum_DR1_COSMOS_8p9arcsec_I_v1.1_crop_0213.npy,MIGHTEE_Continuum_DR1_COSMOS_8p9arcsec_I_v1.1,-1.1501537301228382e-05,0.0012603526702150702
MIGHTEE_Continuum_DR1_COSMOS_8p9arcsec_I_v1.1_crop_0214.npy,MIGHTEE_Continuum_DR1_COSMOS_8p9arcsec_I_v1.1,-1.1501537301228382e-05,0.0012603526702150702
MIGHTEE_Continuum_DR1_COSMOS_8p9arcsec_I_v1.1_crop_0215.npy,MIGHTEE_Continuum_DR1_COSMOS_8p9arcsec_I_v1.1,-1.1501537301228382e-05,0.0012603526702150702
MIGHTEE_Continuum_DR1_COSMOS_8p9arcsec_I_v1.1_crop_0216.npy,MIGHTEE_Continuum_DR1_COSMOS_8p9arcsec_I_v1.1,-1.1501537301228382e-05,0.0012603526702150702
MIGHTEE_Continuum_DR1_COSMOS_8p9arcsec_I_v1.1_crop_0217.npy,MIGHTEE_Continuum_DR1_COSMOS_8p9arcsec_I_v1.1,-1.1501537301228382e-05,0.0012603526702150702
MIGHTEE_Continuum_DR1_COSMOS_8p9arcsec_I_v1.1_crop_0218.npy,MIGHTEE_Continuum_DR1_COSMOS_8p9arcsec_I_v1.1,-1.1501537301228382e-05,0.0012603526702150702
MIGHTEE_Continuum_DR1_COSMOS_8p9arcsec_I_v1.1_crop_0219.npy,MIGHTEE_Continuum_DR1_COSMOS_8p9arcsec_I_v1.1,-1.1501537301228382e-05,0.0012603526702150702
MIGHTEE_Continuum_DR1_COSMOS_8p9arcsec_I_v1.1_crop_0220.npy,MIGHTEE_Continuum_DR1_COSMOS_8p9arcsec_I_v1.1,-1.1501537301228382e-05,0.0012603526702150702
MIGHTEE_Continuum_DR1_COSMOS_8p9arcsec_I_v1.1_crop_0221.npy,MIGHTEE_Continuum_DR1_COSMOS_8p9arcsec_I_v1.1,-1.1501537301228382e-05,0.0012603526702150702
MIGHTEE_Continuum_DR1_COSMOS_8p9arcsec_I_v1.1_crop_0222.npy,MIGHTEE_Continuum_DR1_COSMOS_8p9arcsec_I_v1.1,-1.1501537301228382e-05,0.0012603526702150702
MIGHTEE_Continuum_DR1_COSMOS_8p9arcsec_I_v1.1_crop_0223.npy,MIGHTEE_Continuum_DR1_COSMOS_8p9arcsec_I_v1.1,-1.1501537301228382e-05,0.0012603526702150702
MIGHTEE_Continuum_DR1_COSMOS_8p9arcsec_I_v1.1_crop_0224.npy,MIGHTEE_Continuum_DR1_COSMOS_8p9arcsec_I_v1.1,-1.1501537301228382e-05,0.0012603526702150702
MIGHTEE_Continuum_DR1_COSMOS_8p9arcsec_I_v1.1_crop_0225.npy,MIGHTEE_Continuum_DR1_COSMOS_8p9arcsec_I_v1.1,-1.1501537301228382e-05,0.0012603526702150702
MIGHTEE_Continuum_DR1_COSMOS_8p9arcsec_I_v1.1_crop_0226.npy,MIGHTEE_Continuum_DR1_COSMOS_8p9arcsec_I_v1.1,-1.1501537301228382e-05,0.0012603526702150702
MIGHTEE_Continuum_DR1_COSMOS_8p9arcsec_I_v1.1_crop_0227.npy,MIGHTEE_Continuum_DR1_COSMOS_8p9arcsec_I_v1.1,-1.1501537301228382e-05,0.0012603526702150702
MIGHTEE_Continuum_DR1_COSMOS_8p9arcsec_I_v1.1_crop_0228.npy,MIGHTEE_Continuum_DR1_COSMOS_8p9arcsec_I_v1.1,-1.1501537301228382e-05,0.0012603526702150702
MIGHTEE_Continuum_DR1_COSMOS_8p9arcsec_I_v1.1_crop_0229.npy,MIGHTEE_Continuum_DR1_COSMOS_8p9arcsec_I_v1.1,-1.1501537301228382e-05,0.0012603526702150702
MIGHTEE_Continuum_DR1_COSMOS_8p9arcsec_I_v1.1_crop_0230.npy,MIGHTEE_Continuum_DR1_COSMOS_8p9arcsec_I_v1.1,-1.1501537301228382e-05,0.0012603526702150702
MIGHTEE_Continuum_DR1_COSMOS_8p9arcsec_I_v1.1_crop_0231.npy,MIGHTEE_Continuum_DR1_COSMOS_8p9arcsec_I_v1.1,-1.1501537301228382e-05,0.0012603526702150702
MIGHTEE_Continuum_DR1_COSMOS_8p9arcsec_I_v1.1_crop_0232.npy,MIGHTEE_Continuum_DR1_COSMOS_8p9arcsec_I_v1.1,-1.1501537301228382e-05,0.0012603526702150702
MIGHTEE_Continuum_DR1_COSMOS_8p9arcsec_I_v1.1_crop_0233.npy,MIGHTEE_Continuum_DR1_COSMOS_8p9arcsec_I_v1.1,-1.1501537301228382e-05,0.0012603526702150702
MIGHTEE_Continuum_DR1_COSMOS_8p9arcsec_I_v1.1_crop_0234.npy,MIGHTEE_Continuum_DR1_COSMOS_8p9arcsec_I_v1.1,-1.1501537301228382e-05,0.0012603526702150702
MIGHTEE_Continuum_DR1_COSMOS_8p9arcsec_I_v1.1_crop_0235.npy,MIGHTEE_Continuum_DR1_COSMOS_8p9arcsec_I_v1.1,-1.1501537301228382e-05,0.0012603526702150702
MIGHTEE_Continuum_DR1_COSMOS_8p9arcsec_I_v1.1_crop_0236.npy,MIGHTEE_Continuum_DR1_COSMOS_8p9arcsec_I_v1.1,-1.1501537301228382e-05,0.0012603526702150702
MIGHTEE_Continuum_DR1_COSMOS_8p9arcsec_I_v1.1_crop_0237.npy,MIGHTEE_Continuum_DR1_COSMOS_8p9arcsec_I_v1.1,-1.1501537301228382e-05,0.0012603526702150702
MIGHTEE_Continuum_DR1_COSMOS_8p9arcsec_I_v1.1_crop_0238.npy,MIGHTEE_Continuum_DR1_COSMOS_8p9arcsec_I_v1.1,-1.1501537301228382e-05,0.0012603526702150702
MIGHTEE_Continuum_DR1_COSMOS_8p9arcsec_I_v1.1_crop_0239.npy,MIGHTEE_Continuum_DR1_COSMOS_8p9arcsec_I_v1.1,-1.1501537301228382e-05,0.0012603526702150702
MIGHTEE_Continuum_DR1_COSMOS_8p9arcsec_I_v1.1_crop_0240.npy,MIGHTEE_Continuum_DR1_COSMOS_8p9arcsec_I_v1.1,-1.1501537301228382e-05,0.0012603526702150702
MIGHTEE_Continuum_DR1_COSMOS_8p9arcsec_I_v1.1_crop_0241.npy,MIGHTEE_Continuum_DR1_COSMOS_8p9arcsec_I_v1.1,-1.1501537301228382e-05,0.0012603526702150702
MIGHTEE_Continuum_DR1_COSMOS_8p9arcsec_I_v1.1_crop_0242.npy,MIGHTEE_Continuum_DR1_COSMOS_8p9arcsec_I_v1.1,-1.1501537301228382e-05,0.0012603526702150702
MIGHTEE_Continuum_DR1_COSMOS_8p9arcsec_I_v1.1_crop_0243.npy,MIGHTEE_Continuum_DR1_COSMOS_8p9arcsec_I_v1.1,-1.1501537301228382e-05,0.0012603526702150702
MIGHTEE_Continuum_DR1_COSMOS_8p9arcsec_I_v1.1_crop_0244.npy,MIGHTEE_Continuum_DR1_COSMOS_8p9arcsec_I_v1.1,-1.1501537301228382e-05,0.0012603526702150702
MIGHTEE_Continuum_DR1_COSMOS_8p9arcsec_I_v1.1_crop_0245.npy,MIGHTEE_Continuum_DR1_COSMOS_8p9arcsec_I_v1.1,-1.1501537301228382e-05,0.0012603526702150702
MIGHTEE_Continuum_DR1_COSMOS_8p9arcsec_I_v1.1_crop_0246.npy,MIGHTEE_Continuum_DR1_COSMOS_8p9arcsec_I_v1.1,-1.1501537301228382e-05,0.0012603526702150702
MIGHTEE_Continuum_DR1_COSMOS_8p9arcsec_I_v1.1_crop_0247.npy,MIGHTEE_Continuum_DR1_COSMOS_8p9arcsec_I_v1.1,-1.1501537301228382e-05,0.0012603526702150702
MIGHTEE_Continuum_DR1_COSMOS_8p9arcsec_I_v1.1_crop_0248.npy,MIGHTEE_Continuum_DR1_COSMOS_8p9arcsec_I_v1.1,-1.1501537301228382e-05,0.0012603526702150702
MIGHTEE_Continuum_DR1_COSMOS_8p9arcsec_I_v1.1_crop_0249.npy,MIGHTEE_Continuum_DR1_COSMOS_8p9arcsec_I_v1.1,-1.1501537301228382e-05,0.0012603526702150702
MIGHTEE_Continuum_DR1_COSMOS_8p9arcsec_I_v1.1_crop_0250.npy,MIGHTEE_Continuum_DR1_COSMOS_8p9arcsec_I_v1.1,-1.1501537301228382e-05,0.0012603526702150702
MIGHTEE_Continuum_DR1_COSMOS_8p9arcsec_I_v1.1_crop_0251.npy,MIGHTEE_Continuum_DR1_COSMOS_8p9arcsec_I_v1.1,-1.1501537301228382e-05,0.0012603526702150702
MIGHTEE_Continuum_DR1_COSMOS_8p9arcsec_I_v1.1_crop_0252.npy,MIGHTEE_Continuum_DR1_COSMOS_8p9arcsec_I_v1.1,-1.1501537301228382e-05,0.0012603526702150702
MIGHTEE_Continuum_DR1_COSMOS_8p9arcsec_I_v1.1_crop_0253.npy,MIGHTEE_Continuum_DR1_COSMOS_8p9arcsec_I_v1.1,-1.1501537301228382e-05,0.0012603526702150702
MIGHTEE_Continuum_DR1_COSMOS_8p9arcsec_I_v1.1_crop_0254.npy,MIGHTEE_Continuum_DR1_COSMOS_8p9arcsec_I_v1.1,-1.1501537301228382e-05,0.0012603526702150702
MIGHTEE_Continuum_DR1_COSMOS_8p9arcsec_I_v1.1_crop_0255.npy,MIGHTEE_Continuum_DR1_COSMOS_8p9arcsec_I_v1.1,-1.1501537301228382e-05,0.0012603526702150702
MIGHTEE_Continuum_DR1_COSMOS_8p9arcsec_I_v1.1_crop_0256.npy,MIGHTEE_Continuum_DR1_COSMOS_8p9arcsec_I_v1.1,-1.1501537301228382e-05,0.0012603526702150702
MIGHTEE_Continuum_DR1_COSMOS_8p9arcsec_I_v1.1_crop_0257.npy,MIGHTEE_Continuum_DR1_COSMOS_8p9arcsec_I_v1.1,-1.1501537301228382e-05,0.0012603526702150702
MIGHTEE_Continuum_DR1_COSMOS_8p9arcsec_I_v1.1_crop_0258.npy,MIGHTEE_Continuum_DR1_COSMOS_8p9arcsec_I_v1.1,-1.1501537301228382e-05,0.0012603526702150702
MIGHTEE_Continuum_DR1_COSMOS_8p9arcsec_I_v1.1_crop_0259.npy,MIGHTEE_Continuum_DR1_COSMOS_8p9arcsec_I_v1.1,-1.1501537301228382e-05,0.0012603526702150702
MIGHTEE_Continuum_DR1_COSMOS_8p9arcsec_I_v1.1_crop_0260.npy,MIGHTEE_Continuum_DR1_COSMOS_8p9arcsec_I_v1.1,-1.1501537301228382e-05,0.0012603526702150702
MIGHTEE_Continuum_DR1_COSMOS_8p9arcsec_I_v1.1_crop_0261.npy,MIGHTEE_Continuum_DR1_COSMOS_8p9arcsec_I_v1.1,-1.1501537301228382e-05,0.0012603526702150702
MIGHTEE_Continuum_DR1_COSMOS_8p9arcsec_I_v1.1_crop_0262.npy,MIGHTEE_Continuum_DR1_COSMOS_8p9arcsec_I_v1.1,-1.1501537301228382e-05,0.0012603526702150702
MIGHTEE_Continuum_DR1_COSMOS_8p9arcsec_I_v1.1_crop_0263.npy,MIGHTEE_Continuum_DR1_COSMOS_8p9arcsec_I_v1.1,-1.1501537301228382e-05,0.0012603526702150702
MIGHTEE_Continuum_DR1_COSMOS_8p9arcsec_I_v1.1_crop_0264.npy,MIGHTEE_Continuum_DR1_COSMOS_8p9arcsec_I_v1.1,-1.1501537301228382e-05,0.0012603526702150702
MIGHTEE_Continuum_DR1_COSMOS_8p9arcsec_I_v1.1_crop_0265.npy,MIGHTEE_Continuum_DR1_COSMOS_8p9arcsec_I_v1.1,-1.1501537301228382e-05,0.0012603526702150702
MIGHTEE_Continuum_DR1_COSMOS_8p9arcsec_I_v1.1_crop_0266.npy,MIGHTEE_Continuum_DR1_COSMOS_8p9arcsec_I_v1.1,-1.1501537301228382e-05,0.0012603526702150702
MIGHTEE_Continuum_DR1_COSMOS_8p9arcsec_I_v1.1_crop_0267.npy,MIGHTEE_Continuum_DR1_COSMOS_8p9arcsec_I_v1.1,-1.1501537301228382e-05,0.0012603526702150702
MIGHTEE_Continuum_DR1_COSMOS_8p9arcsec_I_v1.1_crop_0268.npy,MIGHTEE_Continuum_DR1_COSMOS_8p9arcsec_I_v1.1,-1.1501537301228382e-05,0.0012603526702150702
MIGHTEE_Continuum_DR1_COSMOS_8p9arcsec_I_v1.1_crop_0269.npy,MIGHTEE_Continuum_DR1_COSMOS_8p9arcsec_I_v1.1,-1.1501537301228382e-05,0.0012603526702150702
MIGHTEE_Continuum_DR1_COSMOS_8p9arcsec_I_v1.1_crop_0270.npy,MIGHTEE_Continuum_DR1_COSMOS_8p9arcsec_I_v1.1,-1.1501537301228382e-05,0.0012603526702150702
MIGHTEE_Continuum_DR1_COSMOS_8p9arcsec_I_v1.1_crop_0271.npy,MIGHTEE_Continuum_DR1_COSMOS_8p9arcsec_I_v1.1,-1.1501537301228382e-05,0.0012603526702150702
MIGHTEE_Continuum_DR1_COSMOS_8p9arcsec_I_v1.1_crop_0272.npy,MIGHTEE_Continuum_DR1_COSMOS_8p9arcsec_I_v1.1,-1.1501537301228382e-05,0.0012603526702150702
MIGHTEE_Continuum_DR1_COSMOS_8p9arcsec_I_v1.1_crop_0273.npy,MIGHTEE_Continuum_DR1_COSMOS_8p9arcsec_I_v1.1,-1.1501537301228382e-05,0.0012603526702150702
MIGHTEE_Continuum_DR1_COSMOS_8p9arcsec_I_v1.1_crop_0274.npy,MIGHTEE_Continuum_DR1_COSMOS_8p9arcsec_I_v1.1,-1.1501537301228382e-05,0.0012603526702150702
MIGHTEE_Continuum_DR1_COSMOS_8p9arcsec_I_v1.1_crop_0275.npy,MIGHTEE_Continuum_DR1_COSMOS_8p9arcsec_I_v1.1,-1.1501537301228382e-05,0.0012603526702150702
MIGHTEE_Continuum_DR1_COSMOS_8p9arcsec_I_v1.1_crop_0276.npy,MIGHTEE_Continuum_DR1_COSMOS_8p9arcsec_I_v1.1,-1.1501537301228382e-05,0.0012603526702150702
MIGHTEE_Continuum_DR1_COSMOS_8p9arcsec_I_v1.1_crop_0277.npy,MIGHTEE_Continuum_DR1_COSMOS_8p9arcsec_I_v1.1,-1.1501537301228382e-05,0.0012603526702150702
MIGHTEE_Continuum_DR1_COSMOS_8p9arcsec_I_v1.1_crop_0278.npy,MIGHTEE_Continuum_DR1_COSMOS_8p9arcsec_I_v1.1,-1.1501537301228382e-05,0.0012603526702150702
MIGHTEE_Continuum_DR1_COSMOS_8p9arcsec_I_v1.1_crop_0279.npy,MIGHTEE_Continuum_DR1_COSMOS_8p9arcsec_I_v1.1,-1.1501537301228382e-05,0.0012603526702150702
MIGHTEE_Continuum_DR1_COSMOS_8p9arcsec_I_v1.1_crop_0280.npy,MIGHTEE_Continuum_DR1_COSMOS_8p9arcsec_I_v1.1,-1.1501537301228382e-05,0.0012603526702150702
MIGHTEE_Continuum_DR1_COSMOS_8p9arcsec_I_v1.1_crop_0281.npy,MIGHTEE_Continuum_DR1_COSMOS_8p9arcsec_I_v1.1,-1.1501537301228382e-05,0.0012603526702150702
MIGHTEE_Continuum_DR1_COSMOS_8p9arcsec_I_v1.1_crop_0282.npy,MIGHTEE_Continuum_DR1_COSMOS_8p9arcsec_I_v1.1,-1.1501537301228382e-05,0.0012603526702150702
MIGHTEE_Continuum_DR1_COSMOS_8p9arcsec_I_v1.1_crop_0283.npy,MIGHTEE_Continuum_DR1_COSMOS_8p9arcsec_I_v1.1,-1.1501537301228382e-05,0.0012603526702150702
MIGHTEE_Continuum_DR1_COSMOS_8p9arcsec_I_v1.1_crop_0284.npy,MIGHTEE_Continuum_DR1_COSMOS_8p9arcsec_I_v1.1,-1.1501537301228382e-05,0.0012603526702150702
MIGHTEE_Continuum_DR1_COSMOS_8p9arcsec_I_v1.1_crop_0285.npy,MIGHTEE_Continuum_DR1_COSMOS_8p9arcsec_I_v1.1,-1.1501537301228382e-05,0.0012603526702150702
MIGHTEE_Continuum_DR1_COSMOS_8p9arcsec_I_v1.1_crop_0286.npy,MIGHTEE_Continuum_DR1_COSMOS_8p9arcsec_I_v1.1,-1.1501537301228382e-05,0.0012603526702150702
MIGHTEE_Continuum_DR1_COSMOS_8p9arcsec_I_v1.1_crop_0287.npy,MIGHTEE_Continuum_DR1_COSMOS_8p9arcsec_I_v1.1,-1.1501537301228382e-05,0.0012603526702150702
MIGHTEE_Continuum_DR1_COSMOS_8p9arcsec_I_v1.1_crop_0288.npy,MIGHTEE_Continuum_DR1_COSMOS_8p9arcsec_I_v1.1,-1.1501537301228382e-05,0.0012603526702150702
MIGHTEE_Continuum_DR1_COSMOS_8p9arcsec_I_v1.1_crop_0289.npy,MIGHTEE_Continuum_DR1_COSMOS_8p9arcsec_I_v1.1,-1.1501537301228382e-05,0.0012603526702150702
MIGHTEE_Continuum_DR1_COSMOS_8p9arcsec_I_v1.1_crop_0290.npy,MIGHTEE_Continuum_DR1_COSMOS_8p9arcsec_I_v1.1,-1.1501537301228382e-05,0.0012603526702150702
MIGHTEE_Continuum_DR1_COSMOS_8p9arcsec_I_v1.1_crop_0291.npy,MIGHTEE_Continuum_DR1_COSMOS_8p9arcsec_I_v1.1,-1.1501537301228382e-05,0.0012603526702150702
MIGHTEE_Continuum_DR1_COSMOS_8p9arcsec_I_v1.1_crop_0292.npy,MIGHTEE_Continuum_DR1_COSMOS_8p9arcsec_I_v1.1,-1.1501537301228382e-05,0.0012603526702150702
MIGHTEE_Continuum_DR1_COSMOS_8p9arcsec_I_v1.1_crop_0293.npy,MIGHTEE_Continuum_DR1_COSMOS_8p9arcsec_I_v1.1,-1.1501537301228382e-05,0.0012603526702150702
MIGHTEE_Continuum_DR1_COSMOS_8p9arcsec_I_v1.1_crop_0294.npy,MIGHTEE_Continuum_DR1_COSMOS_8p9arcsec_I_v1.1,-1.1501537301228382e-05,0.0012603526702150702
MIGHTEE_Continuum_DR1_COSMOS_8p9arcsec_I_v1.1_crop_0295.npy,MIGHTEE_Continuum_DR1_COSMOS_8p9arcsec_I_v1.1,-1.1501537301228382e-05,0.0012603526702150702
MIGHTEE_Continuum_DR1_COSMOS_8p9arcsec_I_v1.1_crop_0296.npy,MIGHTEE_Continuum_DR1_COSMOS_8p9arcsec_I_v1.1,-1.1501537301228382e-05,0.0012603526702150702
MIGHTEE_Continuum_DR1_COSMOS_8p9arcsec_I_v1.1_crop_0297.npy,MIGHTEE_Continuum_DR1_COSMOS_8p9arcsec_I_v1.1,-1.1501537301228382e-05,0.0012603526702150702
MIGHTEE_Continuum_DR1_COSMOS_8p9arcsec_I_v1.1_crop_0298.npy,MIGHTEE_Continuum_DR1_COSMOS_8p9arcsec_I_v1.1,-1.1501537301228382e-05,0.0012603526702150702
MIGHTEE_Continuum_DR1_COSMOS_8p9arcsec_I_v1.1_crop_0299.npy,MIGHTEE_Continuum_DR1_COSMOS_8p9arcsec_I_v1.1,-1.1501537301228382e-05,0.0012603526702150702
MIGHTEE_Continuum_DR1_COSMOS_8p9arcsec_I_v1.1_crop_0300.npy,MIGHTEE_Continuum_DR1_COSMOS_8p9arcsec_I_v1.1,-1.1501537301228382e-05,0.0012603526702150702
MIGHTEE_Continuum_DR1_COSMOS_8p9arcsec_I_v1.1_crop_0301.npy,MIGHTEE_Continuum_DR1_COSMOS_8p9arcsec_I_v1.1,-1.1501537301228382e-05,0.0012603526702150702
MIGHTEE_Continuum_DR1_COSMOS_8p9arcsec_I_v1.1_crop_0302.npy,MIGHTEE_Continuum_DR1_COSMOS_8p9arcsec_I_v1.1,-1.1501537301228382e-05,0.0012603526702150702
MIGHTEE_Continuum_DR1_COSMOS_8p9arcsec_I_v1.1_crop_0303.npy,MIGHTEE_Continuum_DR1_COSMOS_8p9arcsec_I_v1.1,-1.1501537301228382e-05,0.0012603526702150702
MIGHTEE_Continuum_DR1_COSMOS_8p9arcsec_I_v1.1_crop_0304.npy,MIGHTEE_Continuum_DR1_COSMOS_8p9arcsec_I_v1.1,-1.1501537301228382e-05,0.0012603526702150702
MIGHTEE_Continuum_DR1_COSMOS_8p9arcsec_I_v1.1_crop_0305.npy,MIGHTEE_Continuum_DR1_COSMOS_8p9arcsec_I_v1.1,-1.1501537301228382e-05,0.0012603526702150702
MIGHTEE_Continuum_DR1_COSMOS_8p9arcsec_I_v1.1_crop_0306.npy,MIGHTEE_Continuum_DR1_COSMOS_8p9arcsec_I_v1.1,-1.1501537301228382e-05,0.0012603526702150702
MIGHTEE_Continuum_DR1_COSMOS_8p9arcsec_I_v1.1_crop_0307.npy,MIGHTEE_Continuum_DR1_COSMOS_8p9arcsec_I_v1.1,-1.1501537301228382e-05,0.0012603526702150702
MIGHTEE_Continuum_DR1_COSMOS_8p9arcsec_I_v1.1_crop_0308.npy,MIGHTEE_Continuum_DR1_COSMOS_8p9arcsec_I_v1.1,-1.1501537301228382e-05,0.0012603526702150702
MIGHTEE_Continuum_DR1_COSMOS_8p9arcsec_I_v1.1_crop_0309.npy,MIGHTEE_Continuum_DR1_COSMOS_8p9arcsec_I_v1.1,-1.1501537301228382e-05,0.0012603526702150702
MIGHTEE_Continuum_DR1_COSMOS_8p9arcsec_I_v1.1_crop_0310.npy,MIGHTEE_Continuum_DR1_COSMOS_8p9arcsec_I_v1.1,-1.1501537301228382e-05,0.0012603526702150702
MIGHTEE_Continuum_DR1_COSMOS_8p9arcsec_I_v1.1_crop_0311.npy,MIGHTEE_Continuum_DR1_COSMOS_8p9arcsec_I_v1.1,-1.1501537301228382e-05,0.0012603526702150702
MIGHTEE_Continuum_DR1_COSMOS_8p9arcsec_I_v1.1_crop_0312.npy,MIGHTEE_Continuum_DR1_COSMOS_8p9arcsec_I_v1.1,-1.1501537301228382e-05,0.0012603526702150702
MIGHTEE_Continuum_DR1_COSMOS_8p9arcsec_I_v1.1_crop_0313.npy,MIGHTEE_Continuum_DR1_COSMOS_8p9arcsec_I_v1.1,-1.1501537301228382e-05,0.0012603526702150702
MIGHTEE_Continuum_DR1_COSMOS_8p9arcsec_I_v1.1_crop_0314.npy,MIGHTEE_Continuum_DR1_COSMOS_8p9arcsec_I_v1.1,-1.1501537301228382e-05,0.0012603526702150702
MIGHTEE_Continuum_DR1_COSMOS_8p9arcsec_I_v1.1_crop_0315.npy,MIGHTEE_Continuum_DR1_COSMOS_8p9arcsec_I_v1.1,-1.1501537301228382e-05,0.0012603526702150702
MIGHTEE_Continuum_DR1_COSMOS_8p9arcsec_I_v1.1_crop_0316.npy,MIGHTEE_Continuum_DR1_COSMOS_8p9arcsec_I_v1.1,-1.1501537301228382e-05,0.0012603526702150702
MIGHTEE_Continuum_DR1_COSMOS_8p9arcsec_I_v1.1_crop_0317.npy,MIGHTEE_Continuum_DR1_COSMOS_8p9arcsec_I_v1.1,-1.1501537301228382e-05,0.0012603526702150702
MIGHTEE_Continuum_DR1_COSMOS_8p9arcsec_I_v1.1_crop_0318.npy,MIGHTEE_Continuum_DR1_COSMOS_8p9arcsec_I_v1.1,-1.1501537301228382e-05,0.0012603526702150702
MIGHTEE_Continuum_DR1_COSMOS_8p9arcsec_I_v1.1_crop_0319.npy,MIGHTEE_Continuum_DR1_COSMOS_8p9arcsec_I_v1.1,-1.1501537301228382e-05,0.0012603526702150702
MIGHTEE_Continuum_DR1_COSMOS_8p9arcsec_I_v1.1_crop_0320.npy,MIGHTEE_Continuum_DR1_COSMOS_8p9arcsec_I_v1.1,-1.1501537301228382e-05,0.0012603526702150702
MIGHTEE_Continuum_DR1_COSMOS_8p9arcsec_I_v1.1_crop_0321.npy,MIGHTEE_Continuum_DR1_COSMOS_8p9arcsec_I_v1.1,-1.1501537301228382e-05,0.0012603526702150702
MIGHTEE_Continuum_DR1_COSMOS_8p9arcsec_I_v1.1_crop_0322.npy,MIGHTEE_Continuum_DR1_COSMOS_8p9arcsec_I_v1.1,-1.1501537301228382e-05,0.0012603526702150702
MIGHTEE_Continuum_DR1_COSMOS_8p9arcsec_I_v1.1_crop_0323.npy,MIGHTEE_Continuum_DR1_COSMOS_8p9arcsec_I_v1.1,-1.1501537301228382e-05,0.0012603526702150702
MIGHTEE_Continuum_DR1_COSMOS_8p9arcsec_I_v1.1_crop_0324.npy,MIGHTEE_Continuum_DR1_COSMOS_8p9arcsec_I_v1.1,-1.1501537301228382e-05,0.0012603526702150702
MIGHTEE_Continuum_DR1_COSMOS_8p9arcsec_I_v1.1_crop_0325.npy,MIGHTEE_Continuum_DR1_COSMOS_8p9arcsec_I_v1.1,-1.1501537301228382e-05,0.0012603526702150702
MIGHTEE_Continuum_DR1_COSMOS_8p9arcsec_I_v1.1_crop_0326.npy,MIGHTEE_Continuum_DR1_COSMOS_8p9arcsec_I_v1.1,-1.1501537301228382e-05,0.0012603526702150702
MIGHTEE_Continuum_DR1_COSMOS_8p9arcsec_I_v1.1_crop_0327.npy,MIGHTEE_Continuum_DR1_COSMOS_8p9arcsec_I_v1.1,-1.1501537301228382e-05,0.0012603526702150702
MIGHTEE_Continuum_DR1_COSMOS_8p9arcsec_I_v1.1_crop_0328.npy,MIGHTEE_Continuum_DR1_COSMOS_8p9arcsec_I_v1.1,-1.1501537301228382e-05,0.0012603526702150702
MIGHTEE_Continuum_DR1_COSMOS_8p9arcsec_I_v1.1_crop_0329.npy,MIGHTEE_Continuum_DR1_COSMOS_8p9arcsec_I_v1.1,-1.1501537301228382e-05,0.0012603526702150702
MIGHTEE_Continuum_DR1_COSMOS_8p9arcsec_I_v1.1_crop_0330.npy,MIGHTEE_Continuum_DR1_COSMOS_8p9arcsec_I_v1.1,-1.1501537301228382e-05,0.0012603526702150702
MIGHTEE_Continuum_DR1_COSMOS_8p9arcsec_I_v1.1_crop_0331.npy,MIGHTEE_Continuum_DR1_COSMOS_8p9arcsec_I_v1.1,-1.1501537301228382e-05,0.0012603526702150702
MIGHTEE_Continuum_DR1_COSMOS_8p9arcsec_I_v1.1_crop_0332.npy,MIGHTEE_Continuum_DR1_COSMOS_8p9arcsec_I_v1.1,-1.1501537301228382e-05,0.0012603526702150702
MIGHTEE_Continuum_DR1_COSMOS_8p9arcsec_I_v1.1_crop_0333.npy,MIGHTEE_Continuum_DR1_COSMOS_8p9arcsec_I_v1.1,-1.1501537301228382e-05,0.0012603526702150702
MIGHTEE_Continuum_DR1_COSMOS_8p9arcsec_I_v1.1_crop_0334.npy,MIGHTEE_Continuum_DR1_COSMOS_8p9arcsec_I_v1.1,-1.1501537301228382e-05,0.0012603526702150702
MIGHTEE_Continuum_DR1_COSMOS_8p9arcsec_I_v1.1_crop_0335.npy,MIGHTEE_Continuum_DR1_COSMOS_8p9arcsec_I_v1.1,-1.1501537301228382e-05,0.0012603526702150702
MIGHTEE_Continuum_DR1_COSMOS_8p9arcsec_I_v1.1_crop_0336.npy,MIGHTEE_Continuum_DR1_COSMOS_8p9arcsec_I_v1.1,-1.1501537301228382e-05,0.0012603526702150702
MIGHTEE_Continuum_DR1_COSMOS_8p9arcsec_I_v1.1_crop_0337.npy,MIGHTEE_Continuum_DR1_COSMOS_8p9arcsec_I_v1.1,-1.1501537301228382e-05,0.0012603526702150702
MIGHTEE_Continuum_DR1_COSMOS_8p9arcsec_I_v1.1_crop_0338.npy,MIGHTEE_Continuum_DR1_COSMOS_8p9arcsec_I_v1.1,-1.1501537301228382e-05,0.0012603526702150702
MIGHTEE_Continuum_DR1_COSMOS_8p9arcsec_I_v1.1_crop_0339.npy,MIGHTEE_Continuum_DR1_COSMOS_8p9arcsec_I_v1.1,-1.1501537301228382e-05,0.0012603526702150702
MIGHTEE_Continuum_DR1_COSMOS_8p9arcsec_I_v1.1_crop_0340.npy,MIGHTEE_Continuum_DR1_COSMOS_8p9arcsec_I_v1.1,-1.1501537301228382e-05,0.0012603526702150702
MIGHTEE_Continuum_DR1_COSMOS_8p9arcsec_I_v1.1_crop_0341.npy,MIGHTEE_Continuum_DR1_COSMOS_8p9arcsec_I_v1.1,-1.1501537301228382e-05,0.0012603526702150702
MIGHTEE_Continuum_DR1_COSMOS_8p9arcsec_I_v1.1_crop_0342.npy,MIGHTEE_Continuum_DR1_COSMOS_8p9arcsec_I_v1.1,-1.1501537301228382e-05,0.0012603526702150702
MIGHTEE_Continuum_DR1_COSMOS_8p9arcsec_I_v1.1_crop_0343.npy,MIGHTEE_Continuum_DR1_COSMOS_8p9arcsec_I_v1.1,-1.1501537301228382e-05,0.0012603526702150702
MIGHTEE_Continuum_DR1_COSMOS_8p9arcsec_I_v1.1_crop_0344.npy,MIGHTEE_Continuum_DR1_COSMOS_8p9arcsec_I_v1.1,-1.1501537301228382e-05,0.0012603526702150702
MIGHTEE_Continuum_DR1_COSMOS_8p9arcsec_I_v1.1_crop_0345.npy,MIGHTEE_Continuum_DR1_COSMOS_8p9arcsec_I_v1.1,-1.1501537301228382e-05,0.0012603526702150702
MIGHTEE_Continuum_DR1_COSMOS_8p9arcsec_I_v1.1_crop_0346.npy,MIGHTEE_Continuum_DR1_COSMOS_8p9arcsec_I_v1.1,-1.1501537301228382e-05,0.0012603526702150702
MIGHTEE_Continuum_DR1_COSMOS_8p9arcsec_I_v1.1_crop_0347.npy,MIGHTEE_Continuum_DR1_COSMOS_8p9arcsec_I_v1.1,-1.1501537301228382e-05,0.0012603526702150702
MIGHTEE_Continuum_DR1_COSMOS_8p9arcsec_I_v1.1_crop_0348.npy,MIGHTEE_Continuum_DR1_COSMOS_8p9arcsec_I_v1.1,-1.1501537301228382e-05,0.0012603526702150702
MIGHTEE_Continuum_DR1_COSMOS_8p9arcsec_I_v1.1_crop_0349.npy,MIGHTEE_Continuum_DR1_COSMOS_8p9arcsec_I_v1.1,-1.1501537301228382e-05,0.0012603526702150702
MIGHTEE_Continuum_DR1_COSMOS_8p9arcsec_I_v1.1_crop_0350.npy,MIGHTEE_Continuum_DR1_COSMOS_8p9arcsec_I_v1.1,-1.1501537301228382e-05,0.0012603526702150702
MIGHTEE_Continuum_DR1_COSMOS_8p9arcsec_I_v1.1_crop_0351.npy,MIGHTEE_Continuum_DR1_COSMOS_8p9arcsec_I_v1.1,-1.1501537301228382e-05,0.0012603526702150702
MIGHTEE_Continuum_DR1_COSMOS_8p9arcsec_I_v1.1_crop_0352.npy,MIGHTEE_Continuum_DR1_COSMOS_8p9arcsec_I_v1.1,-1.1501537301228382e-05,0.0012603526702150702
MIGHTEE_Continuum_DR1_COSMOS_8p9arcsec_I_v1.1_crop_0353.npy,MIGHTEE_Continuum_DR1_COSMOS_8p9arcsec_I_v1.1,-1.1501537301228382e-05,0.0012603526702150702
MIGHTEE_Continuum_DR1_COSMOS_8p9arcsec_I_v1.1_crop_0354.npy,MIGHTEE_Continuum_DR1_COSMOS_8p9arcsec_I_v1.1,-1.1501537301228382e-05,0.0012603526702150702
MIGHTEE_Continuum_DR1_COSMOS_8p9arcsec_I_v1.1_crop_0355.npy,MIGHTEE_Continuum_DR1_COSMOS_8p9arcsec_I_v1.1,-1.1501537301228382e-05,0.0012603526702150702
MIGHTEE_Continuum_DR1_COSMOS_8p9arcsec_I_v1.1_crop_0356.npy,MIGHTEE_Continuum_DR1_COSMOS_8p9arcsec_I_v1.1,-1.1501537301228382e-05,0.0012603526702150702
MIGHTEE_Continuum_DR1_COSMOS_8p9arcsec_I_v1.1_crop_0357.npy,MIGHTEE_Continuum_DR1_COSMOS_8p9arcsec_I_v1.1,-1.1501537301228382e-05,0.0012603526702150702
MIGHTEE_Continuum_DR1_COSMOS_8p9arcsec_I_v1.1_crop_0358.npy,MIGHTEE_Continuum_DR1_COSMOS_8p9arcsec_I_v1.1,-1.1501537301228382e-05,0.0012603526702150702
MIGHTEE_Continuum_DR1_COSMOS_8p9arcsec_I_v1.1_crop_0359.npy,MIGHTEE_Continuum_DR1_COSMOS_8p9arcsec_I_v1.1,-1.1501537301228382e-05,0.0012603526702150702
MIGHTEE_Continuum_DR1_COSMOS_8p9arcsec_I_v1.1_crop_0360.npy,MIGHTEE_Continuum_DR1_COSMOS_8p9arcsec_I_v1.1,-1.1501537301228382e-05,0.0012603526702150702
MIGHTEE_Continuum_DR1_COSMOS_8p9arcsec_I_v1.1_crop_0361.npy,MIGHTEE_Continuum_DR1_COSMOS_8p9arcsec_I_v1.1,-1.1501537301228382e-05,0.0012603526702150702
MIGHTEE_Continuum_DR1_COSMOS_8p9arcsec_I_v1.1_crop_0362.npy,MIGHTEE_Continuum_DR1_COSMOS_8p9arcsec_I_v1.1,-1.1501537301228382e-05,0.0012603526702150702
MIGHTEE_Continuum_DR1_COSMOS_8p9arcsec_I_v1.1_crop_0363.npy,MIGHTEE_Continuum_DR1_COSMOS_8p9arcsec_I_v1.1,-1.1501537301228382e-05,0.0012603526702150702
MIGHTEE_Continuum_DR1_COSMOS_8p9arcsec_I_v1.1_crop_0364.npy,MIGHTEE_Continuum_DR1_COSMOS_8p9arcsec_I_v1.1,-1.1501537301228382e-05,0.0012603526702150702
MIGHTEE_Continuum_DR1_COSMOS_8p9arcsec_I_v1.1_crop_0365.npy,MIGHTEE_Continuum_DR1_COSMOS_8p9arcsec_I_v1.1,-1.1501537301228382e-05,0.0012603526702150702
MIGHTEE_Continuum_DR1_COSMOS_8p9arcsec_I_v1.1_crop_0366.npy,MIGHTEE_Continuum_DR1_COSMOS_8p9arcsec_I_v1.1,-1.1501537301228382e-05,0.0012603526702150702
MIGHTEE_Continuum_DR1_COSMOS_8p9arcsec_I_v1.1_crop_0367.npy,MIGHTEE_Continuum_DR1_COSMOS_8p9arcsec_I_v1.1,-1.1501537301228382e-05,0.0012603526702150702
MIGHTEE_Continuum_DR1_COSMOS_8p9arcsec_I_v1.1_crop_0368.npy,MIGHTEE_Continuum_DR1_COSMOS_8p9arcsec_I_v1.1,-1.1501537301228382e-05,0.0012603526702150702
MIGHTEE_Continuum_DR1_COSMOS_8p9arcsec_I_v1.1_crop_0369.npy,MIGHTEE_Continuum_DR1_COSMOS_8p9arcsec_I_v1.1,-1.1501537301228382e-05,0.0012603526702150702
MIGHTEE_Continuum_DR1_COSMOS_8p9arcsec_I_v1.1_crop_0370.npy,MIGHTEE_Continuum_DR1_COSMOS_8p9arcsec_I_v1.1,-1.1501537301228382e-05,0.0012603526702150702
MIGHTEE_Continuum_DR1_COSMOS_8p9arcsec_I_v1.1_crop_0371.npy,MIGHTEE_Continuum_DR1_COSMOS_8p9arcsec_I_v1.1,-1.1501537301228382e-05,0.0012603526702150702
MIGHTEE_Continuum_DR1_COSMOS_8p9arcsec_I_v1.1_crop_0372.npy,MIGHTEE_Continuum_DR1_COSMOS_8p9arcsec_I_v1.1,-1.1501537301228382e-05,0.0012603526702150702
MIGHTEE_Continuum_DR1_COSMOS_8p9arcsec_I_v1.1_crop_0373.npy,MIGHTEE_Continuum_DR1_COSMOS_8p9arcsec_I_v1.1,-1.1501537301228382e-05,0.0012603526702150702
MIGHTEE_Continuum_DR1_COSMOS_8p9arcsec_I_v1.1_crop_0374.npy,MIGHTEE_Continuum_DR1_COSMOS_8p9arcsec_I_v1.1,-1.1501537301228382e-05,0.0012603526702150702
MIGHTEE_Continuum_DR1_COSMOS_8p9arcsec_I_v1.1_crop_0375.npy,MIGHTEE_Continuum_DR1_COSMOS_8p9arcsec_I_v1.1,-1.1501537301228382e-05,0.0012603526702150702
MIGHTEE_Continuum_DR1_COSMOS_8p9arcsec_I_v1.1_crop_0376.npy,MIGHTEE_Continuum_DR1_COSMOS_8p9arcsec_I_v1.1,-1.1501537301228382e-05,0.0012603526702150702
MIGHTEE_Continuum_DR1_COSMOS_8p9arcsec_I_v1.1_crop_0377.npy,MIGHTEE_Continuum_DR1_COSMOS_8p9arcsec_I_v1.1,-1.1501537301228382e-05,0.0012603526702150702
MIGHTEE_Continuum_DR1_COSMOS_8p9arcsec_I_v1.1_crop_0378.npy,MIGHTEE_Continuum_DR1_COSMOS_8p9arcsec_I_v1.1,-1.1501537301228382e-05,0.0012603526702150702
MIGHTEE_Continuum_DR1_COSMOS_8p9arcsec_I_v1.1_crop_0379.npy,MIGHTEE_Continuum_DR1_COSMOS_8p9arcsec_I_v1.1,-1.1501537301228382e-05,0.0012603526702150702
MIGHTEE_Continuum_DR1_COSMOS_8p9arcsec_I_v1.1_crop_0380.npy,MIGHTEE_Continuum_DR1_COSMOS_8p9arcsec_I_v1.1,-1.1501537301228382e-05,0.0012603526702150702
MIGHTEE_Continuum_DR1_COSMOS_8p9arcsec_I_v1.1_crop_0381.npy,MIGHTEE_Continuum_DR1_COSMOS_8p9arcsec_I_v1.1,-1.1501537301228382e-05,0.0012603526702150702
MIGHTEE_Continuum_DR1_COSMOS_8p9arcsec_I_v1.1_crop_0382.npy,MIGHTEE_Continuum_DR1_COSMOS_8p9arcsec_I_v1.1,-1.1501537301228382e-05,0.0012603526702150702
MIGHTEE_Continuum_DR1_COSMOS_8p9arcsec_I_v1.1_crop_0383.npy,MIGHTEE_Continuum_DR1_COSMOS_8p9arcsec_I_v1.1,-1.1501537301228382e-05,0.0012603526702150702
MIGHTEE_Continuum_DR1_COSMOS_8p9arcsec_I_v1.1_crop_0384.npy,MIGHTEE_Continuum_DR1_COSMOS_8p9arcsec_I_v1.1,-1.1501537301228382e-05,0.0012603526702150702
MIGHTEE_Continuum_DR1_COSMOS_8p9arcsec_I_v1.1_crop_0385.npy,MIGHTEE_Continuum_DR1_COSMOS_8p9arcsec_I_v1.1,-1.1501537301228382e-05,0.0012603526702150702
MIGHTEE_Continuum_DR1_COSMOS_8p9arcsec_I_v1.1_crop_0386.npy,MIGHTEE_Continuum_DR1_COSMOS_8p9arcsec_I_v1.1,-1.1501537301228382e-05,0.0012603526702150702
MIGHTEE_Continuum_DR1_COSMOS_8p9arcsec_I_v1.1_crop_0387.npy,MIGHTEE_Continuum_DR1_COSMOS_8p9arcsec_I_v1.1,-1.1501537301228382e-05,0.0012603526702150702
MIGHTEE_Continuum_DR1_COSMOS_8p9arcsec_I_v1.1_crop_0388.npy,MIGHTEE_Continuum_DR1_COSMOS_8p9arcsec_I_v1.1,-1.1501537301228382e-05,0.0012603526702150702
MIGHTEE_Continuum_DR1_COSMOS_8p9arcsec_I_v1.1_crop_0389.npy,MIGHTEE_Continuum_DR1_COSMOS_8p9arcsec_I_v1.1,-1.1501537301228382e-05,0.0012603526702150702
MIGHTEE_Continuum_DR1_COSMOS_8p9arcsec_I_v1.1_crop_0390.npy,MIGHTEE_Continuum_DR1_COSMOS_8p9arcsec_I_v1.1,-1.1501537301228382e-05,0.0012603526702150702
MIGHTEE_Continuum_DR1_COSMOS_8p9arcsec_I_v1.1_crop_0391.npy,MIGHTEE_Continuum_DR1_COSMOS_8p9arcsec_I_v1.1,-1.1501537301228382e-05,0.0012603526702150702
MIGHTEE_Continuum_DR1_COSMOS_8p9arcsec_I_v1.1_crop_0392.npy,MIGHTEE_Continuum_DR1_COSMOS_8p9arcsec_I_v1.1,-1.1501537301228382e-05,0.0012603526702150702
MIGHTEE_Continuum_DR1_COSMOS_8p9arcsec_I_v1.1_crop_0393.npy,MIGHTEE_Continuum_DR1_COSMOS_8p9arcsec_I_v1.1,-1.1501537301228382e-05,0.0012603526702150702
MIGHTEE_Continuum_DR1_COSMOS_8p9arcsec_I_v1.1_crop_0394.npy,MIGHTEE_Continuum_DR1_COSMOS_8p9arcsec_I_v1.1,-1.1501537301228382e-05,0.0012603526702150702
MIGHTEE_Continuum_DR1_COSMOS_8p9arcsec_I_v1.1_crop_0395.npy,MIGHTEE_Continuum_DR1_COSMOS_8p9arcsec_I_v1.1,-1.1501537301228382e-05,0.0012603526702150702
MIGHTEE_Continuum_DR1_COSMOS_8p9arcsec_I_v1.1_crop_0396.npy,MIGHTEE_Continuum_DR1_COSMOS_8p9arcsec_I_v1.1,-1.1501537301228382e-05,0.0012603526702150702
MIGHTEE_Continuum_DR1_COSMOS_8p9arcsec_I_v1.1_crop_0397.npy,MIGHTEE_Continuum_DR1_COSMOS_8p9arcsec_I_v1.1,-1.1501537301228382e-05,0.0012603526702150702
MIGHTEE_Continuum_DR1_COSMOS_8p9arcsec_I_v1.1_crop_0398.npy,MIGHTEE_Continuum_DR1_COSMOS_8p9arcsec_I_v1.1,-1.1501537301228382e-05,0.0012603526702150702
MIGHTEE_Continuum_DR1_COSMOS_8p9arcsec_I_v1.1_crop_0399.npy,MIGHTEE_Continuum_DR1_COSMOS_8p9arcsec_I_v1.1,-1.1501537301228382e-05,0.0012603526702150702
MIGHTEE_Continuum_DR1_COSMOS_8p9arcsec_I_v1.1_crop_0400.npy,MIGHTEE_Continuum_DR1_COSMOS_8p9arcsec_I_v1.1,-1.1501537301228382e-05,0.0012603526702150702
MIGHTEE_Continuum_DR1_COSMOS_8p9arcsec_I_v1.1_crop_0401.npy,MIGHTEE_Continuum_DR1_COSMOS_8p9arcsec_I_v1.1,-1.1501537301228382e-05,0.0012603526702150702
MIGHTEE_Continuum_DR1_COSMOS_8p9arcsec_I_v1.1_crop_0402.npy,MIGHTEE_Continuum_DR1_COSMOS_8p9arcsec_I_v1.1,-1.1501537301228382e-05,0.0012603526702150702
MIGHTEE_Continuum_DR1_COSMOS_8p9arcsec_I_v1.1_crop_0403.npy,MIGHTEE_Continuum_DR1_COSMOS_8p9arcsec_I_v1.1,-1.1501537301228382e-05,0.0012603526702150702
MIGHTEE_Continuum_DR1_COSMOS_8p9arcsec_I_v1.1_crop_0404.npy,MIGHTEE_Continuum_DR1_COSMOS_8p9arcsec_I_v1.1,-1.1501537301228382e-05,0.0012603526702150702
MIGHTEE_Continuum_DR1_COSMOS_8p9arcsec_I_v1.1_crop_0405.npy,MIGHTEE_Continuum_DR1_COSMOS_8p9arcsec_I_v1.1,-1.1501537301228382e-05,0.0012603526702150702
MIGHTEE_Continuum_DR1_COSMOS_8p9arcsec_I_v1.1_crop_0406.npy,MIGHTEE_Continuum_DR1_COSMOS_8p9arcsec_I_v1.1,-1.1501537301228382e-05,0.0012603526702150702
MIGHTEE_Continuum_DR1_COSMOS_8p9arcsec_I_v1.1_crop_0407.npy,MIGHTEE_Continuum_DR1_COSMOS_8p9arcsec_I_v1.1,-1.1501537301228382e-05,0.0012603526702150702
MIGHTEE_Continuum_DR1_COSMOS_8p9arcsec_I_v1.1_crop_0408.npy,MIGHTEE_Continuum_DR1_COSMOS_8p9arcsec_I_v1.1,-1.1501537301228382e-05,0.0012603526702150702
MIGHTEE_Continuum_DR1_COSMOS_8p9arcsec_I_v1.1_crop_0409.npy,MIGHTEE_Continuum_DR1_COSMOS_8p9arcsec_I_v1.1,-1.1501537301228382e-05,0.0012603526702150702
MIGHTEE_Continuum_DR1_COSMOS_8p9arcsec_I_v1.1_crop_0410.npy,MIGHTEE_Continuum_DR1_COSMOS_8p9arcsec_I_v1.1,-1.1501537301228382e-05,0.0012603526702150702
MIGHTEE_Continuum_DR1_COSMOS_8p9arcsec_I_v1.1_crop_0411.npy,MIGHTEE_Continuum_DR1_COSMOS_8p9arcsec_I_v1.1,-1.1501537301228382e-05,0.0012603526702150702
MIGHTEE_Continuum_DR1_COSMOS_8p9arcsec_I_v1.1_crop_0412.npy,MIGHTEE_Continuum_DR1_COSMOS_8p9arcsec_I_v1.1,-1.1501537301228382e-05,0.0012603526702150702
MIGHTEE_Continuum_DR1_COSMOS_8p9arcsec_I_v1.1_crop_0413.npy,MIGHTEE_Continuum_DR1_COSMOS_8p9arcsec_I_v1.1,-1.1501537301228382e-05,0.0012603526702150702
MIGHTEE_Continuum_DR1_COSMOS_8p9arcsec_I_v1.1_crop_0414.npy,MIGHTEE_Continuum_DR1_COSMOS_8p9arcsec_I_v1.1,-1.1501537301228382e-05,0.0012603526702150702
MIGHTEE_Continuum_DR1_COSMOS_8p9arcsec_I_v1.1_crop_0415.npy,MIGHTEE_Continuum_DR1_COSMOS_8p9arcsec_I_v1.1,-1.1501537301228382e-05,0.0012603526702150702
MIGHTEE_Continuum_DR1_COSMOS_8p9arcsec_I_v1.1_crop_0416.npy,MIGHTEE_Continuum_DR1_COSMOS_8p9arcsec_I_v1.1,-1.1501537301228382e-05,0.0012603526702150702
MIGHTEE_Continuum_DR1_COSMOS_8p9arcsec_I_v1.1_crop_0417.npy,MIGHTEE_Continuum_DR1_COSMOS_8p9arcsec_I_v1.1,-1.1501537301228382e-05,0.0012603526702150702
MIGHTEE_Continuum_DR1_COSMOS_8p9arcsec_I_v1.1_crop_0418.npy,MIGHTEE_Continuum_DR1_COSMOS_8p9arcsec_I_v1.1,-1.1501537301228382e-05,0.0012603526702150702
MIGHTEE_Continuum_DR1_COSMOS_8p9arcsec_I_v1.1_crop_0419.npy,MIGHTEE_Continuum_DR1_COSMOS_8p9arcsec_I_v1.1,-1.1501537301228382e-05,0.0012603526702150702
MIGHTEE_Continuum_DR1_COSMOS_8p9arcsec_I_v1.1_crop_0420.npy,MIGHTEE_Continuum_DR1_COSMOS_8p9arcsec_I_v1.1,-1.1501537301228382e-05,0.0012603526702150702
MIGHTEE_Continuum_DR1_COSMOS_8p9arcsec_I_v1.1_crop_0421.npy,MIGHTEE_Continuum_DR1_COSMOS_8p9arcsec_I_v1.1,-1.1501537301228382e-05,0.0012603526702150702
MIGHTEE_Continuum_DR1_COSMOS_8p9arcsec_I_v1.1_crop_0422.npy,MIGHTEE_Continuum_DR1_COSMOS_8p9arcsec_I_v1.1,-1.1501537301228382e-05,0.0012603526702150702
MIGHTEE_Continuum_DR1_COSMOS_8p9arcsec_I_v1.1_crop_0423.npy,MIGHTEE_Continuum_DR1_COSMOS_8p9arcsec_I_v1.1,-1.1501537301228382e-05,0.0012603526702150702
MIGHTEE_Continuum_DR1_COSMOS_8p9arcsec_I_v1.1_crop_0424.npy,MIGHTEE_Continuum_DR1_COSMOS_8p9arcsec_I_v1.1,-1.1501537301228382e-05,0.0012603526702150702
MIGHTEE_Continuum_DR1_COSMOS_8p9arcsec_I_v1.1_crop_0425.npy,MIGHTEE_Continuum_DR1_COSMOS_8p9arcsec_I_v1.1,-1.1501537301228382e-05,0.0012603526702150702
MIGHTEE_Continuum_DR1_COSMOS_8p9arcsec_I_v1.1_crop_0426.npy,MIGHTEE_Continuum_DR1_COSMOS_8p9arcsec_I_v1.1,-1.1501537301228382e-05,0.0012603526702150702
MIGHTEE_Continuum_DR1_COSMOS_8p9arcsec_I_v1.1_crop_0427.npy,MIGHTEE_Continuum_DR1_COSMOS_8p9arcsec_I_v1.1,-1.1501537301228382e-05,0.0012603526702150702
MIGHTEE_Continuum_DR1_COSMOS_8p9arcsec_I_v1.1_crop_0428.npy,MIGHTEE_Continuum_DR1_COSMOS_8p9arcsec_I_v1.1,-1.1501537301228382e-05,0.0012603526702150702
MIGHTEE_Continuum_DR1_COSMOS_8p9arcsec_I_v1.1_crop_0429.npy,MIGHTEE_Continuum_DR1_COSMOS_8p9arcsec_I_v1.1,-1.1501537301228382e-05,0.0012603526702150702
MIGHTEE_Continuum_DR1_COSMOS_8p9arcsec_I_v1.1_crop_0430.npy,MIGHTEE_Continuum_DR1_COSMOS_8p9arcsec_I_v1.1,-1.1501537301228382e-05,0.0012603526702150702
MIGHTEE_Continuum_DR1_COSMOS_8p9arcsec_I_v1.1_crop_0431.npy,MIGHTEE_Continuum_DR1_COSMOS_8p9arcsec_I_v1.1,-1.1501537301228382e-05,0.0012603526702150702
MIGHTEE_Continuum_DR1_COSMOS_8p9arcsec_I_v1.1_crop_0432.npy,MIGHTEE_Continuum_DR1_COSMOS_8p9arcsec_I_v1.1,-1.1501537301228382e-05,0.0012603526702150702
MIGHTEE_Continuum_DR1_COSMOS_8p9arcsec_I_v1.1_crop_0433.npy,MIGHTEE_Continuum_DR1_COSMOS_8p9arcsec_I_v1.1,-1.1501537301228382e-05,0.0012603526702150702
MIGHTEE_Continuum_DR1_COSMOS_8p9arcsec_I_v1.1_crop_0434.npy,MIGHTEE_Continuum_DR1_COSMOS_8p9arcsec_I_v1.1,-1.1501537301228382e-05,0.0012603526702150702
MIGHTEE_Continuum_DR1_COSMOS_8p9arcsec_I_v1.1_crop_0435.npy,MIGHTEE_Continuum_DR1_COSMOS_8p9arcsec_I_v1.1,-1.1501537301228382e-05,0.0012603526702150702
MIGHTEE_Continuum_DR1_COSMOS_8p9arcsec_I_v1.1_crop_0436.npy,MIGHTEE_Continuum_DR1_COSMOS_8p9arcsec_I_v1.1,-1.1501537301228382e-05,0.0012603526702150702
MIGHTEE_Continuum_DR1_COSMOS_8p9arcsec_I_v1.1_crop_0437.npy,MIGHTEE_Continuum_DR1_COSMOS_8p9arcsec_I_v1.1,-1.1501537301228382e-05,0.0012603526702150702
MIGHTEE_Continuum_DR1_COSMOS_8p9arcsec_I_v1.1_crop_0438.npy,MIGHTEE_Continuum_DR1_COSMOS_8p9arcsec_I_v1.1,-1.1501537301228382e-05,0.0012603526702150702
MIGHTEE_Continuum_DR1_COSMOS_8p9arcsec_I_v1.1_crop_0439.npy,MIGHTEE_Continuum_DR1_COSMOS_8p9arcsec_I_v1.1,-1.1501537301228382e-05,0.0012603526702150702
MIGHTEE_Continuum_DR1_COSMOS_8p9arcsec_I_v1.1_crop_0440.npy,MIGHTEE_Continuum_DR1_COSMOS_8p9arcsec_I_v1.1,-1.1501537301228382e-05,0.0012603526702150702
MIGHTEE_Continuum_DR1_COSMOS_8p9arcsec_I_v1.1_crop_0441.npy,MIGHTEE_Continuum_DR1_COSMOS_8p9arcsec_I_v1.1,-1.1501537301228382e-05,0.0012603526702150702
MIGHTEE_Continuum_DR1_COSMOS_8p9arcsec_I_v1.1_crop_0442.npy,MIGHTEE_Continuum_DR1_COSMOS_8p9arcsec_I_v1.1,-1.1501537301228382e-05,0.0012603526702150702
MIGHTEE_Continuum_DR1_COSMOS_8p9arcsec_I_v1.1_crop_0443.npy,MIGHTEE_Continuum_DR1_COSMOS_8p9arcsec_I_v1.1,-1.1501537301228382e-05,0.0012603526702150702
MIGHTEE_Continuum_DR1_COSMOS_8p9arcsec_I_v1.1_crop_0444.npy,MIGHTEE_Continuum_DR1_COSMOS_8p9arcsec_I_v1.1,-1.1501537301228382e-05,0.0012603526702150702
MIGHTEE_Continuum_DR1_COSMOS_8p9arcsec_I_v1.1_crop_0445.npy,MIGHTEE_Continuum_DR1_COSMOS_8p9arcsec_I_v1.1,-1.1501537301228382e-05,0.0012603526702150702
MIGHTEE_Continuum_DR1_COSMOS_8p9arcsec_I_v1.1_crop_0446.npy,MIGHTEE_Continuum_DR1_COSMOS_8p9arcsec_I_v1.1,-1.1501537301228382e-05,0.0012603526702150702
MIGHTEE_Continuum_DR1_COSMOS_8p9arcsec_I_v1.1_crop_0447.npy,MIGHTEE_Continuum_DR1_COSMOS_8p9arcsec_I_v1.1,-1.1501537301228382e-05,0.0012603526702150702
MIGHTEE_Continuum_DR1_COSMOS_8p9arcsec_I_v1.1_crop_0448.npy,MIGHTEE_Continuum_DR1_COSMOS_8p9arcsec_I_v1.1,-1.1501537301228382e-05,0.0012603526702150702
MIGHTEE_Continuum_DR1_COSMOS_8p9arcsec_I_v1.1_crop_0449.npy,MIGHTEE_Continuum_DR1_COSMOS_8p9arcsec_I_v1.1,-1.1501537301228382e-05,0.0012603526702150702
MIGHTEE_Continuum_DR1_COSMOS_8p9arcsec_I_v1.1_crop_0450.npy,MIGHTEE_Continuum_DR1_COSMOS_8p9arcsec_I_v1.1,-1.1501537301228382e-05,0.0012603526702150702
MIGHTEE_Continuum_DR1_COSMOS_8p9arcsec_I_v1.1_crop_0451.npy,MIGHTEE_Continuum_DR1_COSMOS_8p9arcsec_I_v1.1,-1.1501537301228382e-05,0.0012603526702150702
MIGHTEE_Continuum_DR1_COSMOS_8p9arcsec_I_v1.1_crop_0452.npy,MIGHTEE_Continuum_DR1_COSMOS_8p9arcsec_I_v1.1,-1.1501537301228382e-05,0.0012603526702150702
MIGHTEE_Continuum_DR1_COSMOS_8p9arcsec_I_v1.1_crop_0453.npy,MIGHTEE_Continuum_DR1_COSMOS_8p9arcsec_I_v1.1,-1.1501537301228382e-05,0.0012603526702150702
MIGHTEE_Continuum_DR1_COSMOS_8p9arcsec_I_v1.1_crop_0454.npy,MIGHTEE_Continuum_DR1_COSMOS_8p9arcsec_I_v1.1,-1.1501537301228382e-05,0.0012603526702150702
MIGHTEE_Continuum_DR1_COSMOS_8p9arcsec_I_v1.1_crop_0455.npy,MIGHTEE_Continuum_DR1_COSMOS_8p9arcsec_I_v1.1,-1.1501537301228382e-05,0.0012603526702150702
MIGHTEE_Continuum_DR1_COSMOS_8p9arcsec_I_v1.1_crop_0456.npy,MIGHTEE_Continuum_DR1_COSMOS_8p9arcsec_I_v1.1,-1.1501537301228382e-05,0.0012603526702150702
MIGHTEE_Continuum_DR1_COSMOS_8p9arcsec_I_v1.1_crop_0457.npy,MIGHTEE_Continuum_DR1_COSMOS_8p9arcsec_I_v1.1,-1.1501537301228382e-05,0.0012603526702150702
MIGHTEE_Continuum_DR1_COSMOS_8p9arcsec_I_v1.1_crop_0458.npy,MIGHTEE_Continuum_DR1_COSMOS_8p9arcsec_I_v1.1,-1.1501537301228382e-05,0.0012603526702150702
MIGHTEE_Continuum_DR1_COSMOS_8p9arcsec_I_v1.1_crop_0459.npy,MIGHTEE_Continuum_DR1_COSMOS_8p9arcsec_I_v1.1,-1.1501537301228382e-05,0.0012603526702150702
MIGHTEE_Continuum_DR1_COSMOS_8p9arcsec_I_v1.1_crop_0460.npy,MIGHTEE_Continuum_DR1_COSMOS_8p9arcsec_I_v1.1,-1.1501537301228382e-05,0.0012603526702150702
MIGHTEE_Continuum_DR1_COSMOS_8p9arcsec_I_v1.1_crop_0461.npy,MIGHTEE_Continuum_DR1_COSMOS_8p9arcsec_I_v1.1,-1.1501537301228382e-05,0.0012603526702150702
MIGHTEE_Continuum_DR1_COSMOS_8p9arcsec_I_v1.1_crop_0462.npy,MIGHTEE_Continuum_DR1_COSMOS_8p9arcsec_I_v1.1,-1.1501537301228382e-05,0.0012603526702150702
MIGHTEE_Continuum_DR1_COSMOS_8p9arcsec_I_v1.1_crop_0463.npy,MIGHTEE_Continuum_DR1_COSMOS_8p9arcsec_I_v1.1,-1.1501537301228382e-05,0.0012603526702150702
MIGHTEE_Continuum_DR1_COSMOS_8p9arcsec_I_v1.1_crop_0464.npy,MIGHTEE_Continuum_DR1_COSMOS_8p9arcsec_I_v1.1,-1.1501537301228382e-05,0.0012603526702150702
MIGHTEE_Continuum_DR1_COSMOS_8p9arcsec_I_v1.1_crop_0465.npy,MIGHTEE_Continuum_DR1_COSMOS_8p9arcsec_I_v1.1,-1.1501537301228382e-05,0.0012603526702150702
MIGHTEE_Continuum_DR1_COSMOS_8p9arcsec_I_v1.1_crop_0466.npy,MIGHTEE_Continuum_DR1_COSMOS_8p9arcsec_I_v1.1,-1.1501537301228382e-05,0.0012603526702150702
MIGHTEE_Continuum_DR1_COSMOS_8p9arcsec_I_v1.1_crop_0467.npy,MIGHTEE_Continuum_DR1_COSMOS_8p9arcsec_I_v1.1,-1.1501537301228382e-05,0.0012603526702150702
MIGHTEE_Continuum_DR1_COSMOS_8p9arcsec_I_v1.1_crop_0468.npy,MIGHTEE_Continuum_DR1_COSMOS_8p9arcsec_I_v1.1,-1.1501537301228382e-05,0.0012603526702150702
MIGHTEE_Continuum_DR1_COSMOS_8p9arcsec_I_v1.1_crop_0469.npy,MIGHTEE_Continuum_DR1_COSMOS_8p9arcsec_I_v1.1,-1.1501537301228382e-05,0.0012603526702150702
MIGHTEE_Continuum_DR1_COSMOS_8p9arcsec_I_v1.1_crop_0470.npy,MIGHTEE_Continuum_DR1_COSMOS_8p9arcsec_I_v1.1,-1.1501537301228382e-05,0.0012603526702150702
MIGHTEE_Continuum_DR1_COSMOS_8p9arcsec_I_v1.1_crop_0471.npy,MIGHTEE_Continuum_DR1_COSMOS_8p9arcsec_I_v1.1,-1.1501537301228382e-05,0.0012603526702150702
MIGHTEE_Continuum_DR1_COSMOS_8p9arcsec_I_v1.1_crop_0472.npy,MIGHTEE_Continuum_DR1_COSMOS_8p9arcsec_I_v1.1,-1.1501537301228382e-05,0.0012603526702150702
MIGHTEE_Continuum_DR1_COSMOS_8p9arcsec_I_v1.1_crop_0473.npy,MIGHTEE_Continuum_DR1_COSMOS_8p9arcsec_I_v1.1,-1.1501537301228382e-05,0.0012603526702150702
MIGHTEE_Continuum_DR1_COSMOS_8p9arcsec_I_v1.1_crop_0474.npy,MIGHTEE_Continuum_DR1_COSMOS_8p9arcsec_I_v1.1,-1.1501537301228382e-05,0.0012603526702150702
MIGHTEE_Continuum_DR1_COSMOS_8p9arcsec_I_v1.1_crop_0475.npy,MIGHTEE_Continuum_DR1_COSMOS_8p9arcsec_I_v1.1,-1.1501537301228382e-05,0.0012603526702150702
MIGHTEE_Continuum_DR1_COSMOS_8p9arcsec_I_v1.1_crop_0476.npy,MIGHTEE_Continuum_DR1_COSMOS_8p9arcsec_I_v1.1,-1.1501537301228382e-05,0.0012603526702150702
MIGHTEE_Continuum_DR1_COSMOS_8p9arcsec_I_v1.1_crop_0477.npy,MIGHTEE_Continuum_DR1_COSMOS_8p9arcsec_I_v1.1,-1.1501537301228382e-05,0.0012603526702150702
MIGHTEE_Continuum_DR1_COSMOS_8p9arcsec_I_v1.1_crop_0478.npy,MIGHTEE_Continuum_DR1_COSMOS_8p9arcsec_I_v1.1,-1.1501537301228382e-05,0.0012603526702150702
MIGHTEE_Continuum_DR1_COSMOS_8p9arcsec_I_v1.1_crop_0479.npy,MIGHTEE_Continuum_DR1_COSMOS_8p9arcsec_I_v1.1,-1.1501537301228382e-05,0.0012603526702150702
MIGHTEE_Continuum_DR1_COSMOS_8p9arcsec_I_v1.1_crop_0480.npy,MIGHTEE_Continuum_DR1_COSMOS_8p9arcsec_I_v1.1,-1.1501537301228382e-05,0.0012603526702150702
MIGHTEE_Continuum_DR1_COSMOS_8p9arcsec_I_v1.1_crop_0481.npy,MIGHTEE_Continuum_DR1_COSMOS_8p9arcsec_I_v1.1,-1.1501537301228382e-05,0.0012603526702150702
MIGHTEE_Continuum_DR1_COSMOS_8p9arcsec_I_v1.1_crop_0482.npy,MIGHTEE_Continuum_DR1_COSMOS_8p9arcsec_I_v1.1,-1.1501537301228382e-05,0.0012603526702150702
MIGHTEE_Continuum_DR1_COSMOS_8p9arcsec_I_v1.1_crop_0483.npy,MIGHTEE_Continuum_DR1_COSMOS_8p9arcsec_I_v1.1,-1.1501537301228382e-05,0.0012603526702150702
MIGHTEE_Continuum_DR1_COSMOS_8p9arcsec_I_v1.1_crop_0484.npy,MIGHTEE_Continuum_DR1_COSMOS_8p9arcsec_I_v1.1,-1.1501537301228382e-05,0.0012603526702150702
MIGHTEE_Continuum_DR1_COSMOS_8p9arcsec_I_v1.1_crop_0485.npy,MIGHTEE_Continuum_DR1_COSMOS_8p9arcsec_I_v1.1,-1.1501537301228382e-05,0.0012603526702150702
MIGHTEE_Continuum_DR1_COSMOS_8p9arcsec_I_v1.1_crop_0486.npy,MIGHTEE_Continuum_DR1_COSMOS_8p9arcsec_I_v1.1,-1.1501537301228382e-05,0.0012603526702150702
MIGHTEE_Continuum_DR1_COSMOS_8p9arcsec_I_v1.1_crop_0487.npy,MIGHTEE_Continuum_DR1_COSMOS_8p9arcsec_I_v1.1,-1.1501537301228382e-05,0.0012603526702150702
MIGHTEE_Continuum_DR1_COSMOS_8p9arcsec_I_v1.1_crop_0488.npy,MIGHTEE_Continuum_DR1_COSMOS_8p9arcsec_I_v1.1,-1.1501537301228382e-05,0.0012603526702150702
MIGHTEE_Continuum_DR1_COSMOS_8p9arcsec_I_v1.1_crop_0489.npy,MIGHTEE_Continuum_DR1_COSMOS_8p9arcsec_I_v1.1,-1.1501537301228382e-05,0.0012603526702150702
MIGHTEE_Continuum_DR1_COSMOS_8p9arcsec_I_v1.1_crop_0490.npy,MIGHTEE_Continuum_DR1_COSMOS_8p9arcsec_I_v1.1,-1.1501537301228382e-05,0.0012603526702150702
MIGHTEE_Continuum_DR1_COSMOS_8p9arcsec_I_v1.1_crop_0491.npy,MIGHTEE_Continuum_DR1_COSMOS_8p9arcsec_I_v1.1,-1.1501537301228382e-05,0.0012603526702150702
MIGHTEE_Continuum_DR1_COSMOS_8p9arcsec_I_v1.1_crop_0492.npy,MIGHTEE_Continuum_DR1_COSMOS_8p9arcsec_I_v1.1,-1.1501537301228382e-05,0.0012603526702150702
MIGHTEE_Continuum_DR1_COSMOS_8p9arcsec_I_v1.1_crop_0493.npy,MIGHTEE_Continuum_DR1_COSMOS_8p9arcsec_I_v1.1,-1.1501537301228382e-05,0.0012603526702150702
MIGHTEE_Continuum_DR1_COSMOS_8p9arcsec_I_v1.1_crop_0494.npy,MIGHTEE_Continuum_DR1_COSMOS_8p9arcsec_I_v1.1,-1.1501537301228382e-05,0.0012603526702150702
MIGHTEE_Continuum_DR1_COSMOS_8p9arcsec_I_v1.1_crop_0495.npy,MIGHTEE_Continuum_DR1_COSMOS_8p9arcsec_I_v1.1,-1.1501537301228382e-05,0.0012603526702150702
MIGHTEE_Continuum_DR1_COSMOS_8p9arcsec_I_v1.1_crop_0496.npy,MIGHTEE_Continuum_DR1_COSMOS_8p9arcsec_I_v1.1,-1.1501537301228382e-05,0.0012603526702150702
MIGHTEE_Continuum_DR1_COSMOS_8p9arcsec_I_v1.1_crop_0497.npy,MIGHTEE_Continuum_DR1_COSMOS_8p9arcsec_I_v1.1,-1.1501537301228382e-05,0.0012603526702150702
MIGHTEE_Continuum_DR1_COSMOS_8p9arcsec_I_v1.1_crop_0498.npy,MIGHTEE_Continuum_DR1_COSMOS_8p9arcsec_I_v1.1,-1.1501537301228382e-05,0.0012603526702150702
MIGHTEE_Continuum_DR1_COSMOS_8p9arcsec_I_v1.1_crop_0499.npy,MIGHTEE_Continuum_DR1_COSMOS_8p9arcsec_I_v1.1,-1.1501537301228382e-05,0.0012603526702150702
MIGHTEE_Continuum_DR1_COSMOS_8p9arcsec_I_v1.1_crop_0500.npy,MIGHTEE_Continuum_DR1_COSMOS_8p9arcsec_I_v1.1,-1.1501537301228382e-05,0.0012603526702150702
MIGHTEE_Continuum_DR1_COSMOS_8p9arcsec_I_v1.1_crop_0501.npy,MIGHTEE_Continuum_DR1_COSMOS_8p9arcsec_I_v1.1,-1.1501537301228382e-05,0.0012603526702150702
MIGHTEE_Continuum_DR1_COSMOS_8p9arcsec_I_v1.1_crop_0502.npy,MIGHTEE_Continuum_DR1_COSMOS_8p9arcsec_I_v1.1,-1.1501537301228382e-05,0.0012603526702150702
MIGHTEE_Continuum_DR1_COSMOS_8p9arcsec_I_v1.1_crop_0503.npy,MIGHTEE_Continuum_DR1_COSMOS_8p9arcsec_I_v1.1,-1.1501537301228382e-05,0.0012603526702150702
MIGHTEE_Continuum_DR1_COSMOS_8p9arcsec_I_v1.1_crop_0504.npy,MIGHTEE_Continuum_DR1_COSMOS_8p9arcsec_I_v1.1,-1.1501537301228382e-05,0.0012603526702150702
MIGHTEE_Continuum_DR1_COSMOS_8p9arcsec_I_v1.1_crop_0505.npy,MIGHTEE_Continuum_DR1_COSMOS_8p9arcsec_I_v1.1,-1.1501537301228382e-05,0.0012603526702150702
MIGHTEE_Continuum_DR1_COSMOS_8p9arcsec_I_v1.1_crop_0506.npy,MIGHTEE_Continuum_DR1_COSMOS_8p9arcsec_I_v1.1,-1.1501537301228382e-05,0.0012603526702150702
MIGHTEE_Continuum_DR1_COSMOS_8p9arcsec_I_v1.1_crop_0507.npy,MIGHTEE_Continuum_DR1_COSMOS_8p9arcsec_I_v1.1,-1.1501537301228382e-05,0.0012603526702150702
MIGHTEE_Continuum_DR1_COSMOS_8p9arcsec_I_v1.1_crop_0508.npy,MIGHTEE_Continuum_DR1_COSMOS_8p9arcsec_I_v1.1,-1.1501537301228382e-05,0.0012603526702150702
MIGHTEE_Continuum_DR1_COSMOS_8p9arcsec_I_v1.1_crop_0509.npy,MIGHTEE_Continuum_DR1_COSMOS_8p9arcsec_I_v1.1,-1.1501537301228382e-05,0.0012603526702150702
MIGHTEE_Continuum_DR1_COSMOS_8p9arcsec_I_v1.1_crop_0510.npy,MIGHTEE_Continuum_DR1_COSMOS_8p9arcsec_I_v1.1,-1.1501537301228382e-05,0.0012603526702150702
MIGHTEE_Continuum_DR1_COSMOS_8p9arcsec_I_v1.1_crop_0511.npy,MIGHTEE_Continuum_DR1_COSMOS_8p9arcsec_I_v1.1,-1.1501537301228382e-05,0.0012603526702150702
MIGHTEE_Continuum_DR1_COSMOS_8p9arcsec_I_v1.1_crop_0512.npy,MIGHTEE_Continuum_DR1_COSMOS_8p9arcsec_I_v1.1,-1.1501537301228382e-05,0.0012603526702150702
MIGHTEE_Continuum_DR1_COSMOS_8p9arcsec_I_v1.1_crop_0513.npy,MIGHTEE_Continuum_DR1_COSMOS_8p9arcsec_I_v1.1,-1.1501537301228382e-05,0.0012603526702150702
MIGHTEE_Continuum_DR1_COSMOS_8p9arcsec_I_v1.1_crop_0514.npy,MIGHTEE_Continuum_DR1_COSMOS_8p9arcsec_I_v1.1,-1.1501537301228382e-05,0.0012603526702150702
MIGHTEE_Continuum_DR1_COSMOS_8p9arcsec_I_v1.1_crop_0515.npy,MIGHTEE_Continuum_DR1_COSMOS_8p9arcsec_I_v1.1,-1.1501537301228382e-05,0.0012603526702150702
MIGHTEE_Continuum_DR1_COSMOS_8p9arcsec_I_v1.1_crop_0516.npy,MIGHTEE_Continuum_DR1_COSMOS_8p9arcsec_I_v1.1,-1.1501537301228382e-05,0.0012603526702150702
MIGHTEE_Continuum_DR1_COSMOS_8p9arcsec_I_v1.1_crop_0517.npy,MIGHTEE_Continuum_DR1_COSMOS_8p9arcsec_I_v1.1,-1.1501537301228382e-05,0.0012603526702150702
MIGHTEE_Continuum_DR1_COSMOS_8p9arcsec_I_v1.1_crop_0518.npy,MIGHTEE_Continuum_DR1_COSMOS_8p9arcsec_I_v1.1,-1.1501537301228382e-05,0.0012603526702150702
MIGHTEE_Continuum_DR1_COSMOS_8p9arcsec_I_v1.1_crop_0519.npy,MIGHTEE_Continuum_DR1_COSMOS_8p9arcsec_I_v1.1,-1.1501537301228382e-05,0.0012603526702150702
MIGHTEE_Continuum_DR1_COSMOS_8p9arcsec_I_v1.1_crop_0520.npy,MIGHTEE_Continuum_DR1_COSMOS_8p9arcsec_I_v1.1,-1.1501537301228382e-05,0.0012603526702150702
MIGHTEE_Continuum_DR1_COSMOS_8p9arcsec_I_v1.1_crop_0521.npy,MIGHTEE_Continuum_DR1_COSMOS_8p9arcsec_I_v1.1,-1.1501537301228382e-05,0.0012603526702150702
MIGHTEE_Continuum_DR1_COSMOS_8p9arcsec_I_v1.1_crop_0522.npy,MIGHTEE_Continuum_DR1_COSMOS_8p9arcsec_I_v1.1,-1.1501537301228382e-05,0.0012603526702150702
MIGHTEE_Continuum_DR1_COSMOS_8p9arcsec_I_v1.1_crop_0523.npy,MIGHTEE_Continuum_DR1_COSMOS_8p9arcsec_I_v1.1,-1.1501537301228382e-05,0.0012603526702150702
MIGHTEE_Continuum_DR1_COSMOS_8p9arcsec_I_v1.1_crop_0524.npy,MIGHTEE_Continuum_DR1_COSMOS_8p9arcsec_I_v1.1,-1.1501537301228382e-05,0.0012603526702150702
MIGHTEE_Continuum_DR1_COSMOS_8p9arcsec_I_v1.1_crop_0525.npy,MIGHTEE_Continuum_DR1_COSMOS_8p9arcsec_I_v1.1,-1.1501537301228382e-05,0.0012603526702150702
MIGHTEE_Continuum_DR1_COSMOS_8p9arcsec_I_v1.1_crop_0526.npy,MIGHTEE_Continuum_DR1_COSMOS_8p9arcsec_I_v1.1,-1.1501537301228382e-05,0.0012603526702150702
MIGHTEE_Continuum_DR1_COSMOS_8p9arcsec_I_v1.1_crop_0527.npy,MIGHTEE_Continuum_DR1_COSMOS_8p9arcsec_I_v1.1,-1.1501537301228382e-05,0.0012603526702150702
MIGHTEE_Continuum_DR1_COSMOS_8p9arcsec_I_v1.1_crop_0528.npy,MIGHTEE_Continuum_DR1_COSMOS_8p9arcsec_I_v1.1,-1.1501537301228382e-05,0.0012603526702150702
MIGHTEE_Continuum_DR1_COSMOS_8p9arcsec_I_v1.1_crop_0529.npy,MIGHTEE_Continuum_DR1_COSMOS_8p9arcsec_I_v1.1,-1.1501537301228382e-05,0.0012603526702150702
MIGHTEE_Continuum_DR1_COSMOS_8p9arcsec_I_v1.1_crop_0530.npy,MIGHTEE_Continuum_DR1_COSMOS_8p9arcsec_I_v1.1,-1.1501537301228382e-05,0.0012603526702150702
MIGHTEE_Continuum_DR1_COSMOS_8p9arcsec_I_v1.1_crop_0531.npy,MIGHTEE_Continuum_DR1_COSMOS_8p9arcsec_I_v1.1,-1.1501537301228382e-05,0.0012603526702150702
MIGHTEE_Continuum_DR1_COSMOS_8p9arcsec_I_v1.1_crop_0532.npy,MIGHTEE_Continuum_DR1_COSMOS_8p9arcsec_I_v1.1,-1.1501537301228382e-05,0.0012603526702150702
MIGHTEE_Continuum_DR1_COSMOS_8p9arcsec_I_v1.1_crop_0533.npy,MIGHTEE_Continuum_DR1_COSMOS_8p9arcsec_I_v1.1,-1.1501537301228382e-05,0.0012603526702150702
MIGHTEE_Continuum_DR1_COSMOS_8p9arcsec_I_v1.1_crop_0534.npy,MIGHTEE_Continuum_DR1_COSMOS_8p9arcsec_I_v1.1,-1.1501537301228382e-05,0.0012603526702150702
MIGHTEE_Continuum_DR1_COSMOS_8p9arcsec_I_v1.1_crop_0535.npy,MIGHTEE_Continuum_DR1_COSMOS_8p9arcsec_I_v1.1,-1.1501537301228382e-05,0.0012603526702150702
MIGHTEE_Continuum_DR1_COSMOS_8p9arcsec_I_v1.1_crop_0536.npy,MIGHTEE_Continuum_DR1_COSMOS_8p9arcsec_I_v1.1,-1.1501537301228382e-05,0.0012603526702150702
MIGHTEE_Continuum_DR1_COSMOS_8p9arcsec_I_v1.1_crop_0537.npy,MIGHTEE_Continuum_DR1_COSMOS_8p9arcsec_I_v1.1,-1.1501537301228382e-05,0.0012603526702150702
MIGHTEE_Continuum_DR1_COSMOS_8p9arcsec_I_v1.1_crop_0538.npy,MIGHTEE_Continuum_DR1_COSMOS_8p9arcsec_I_v1.1,-1.1501537301228382e-05,0.0012603526702150702
MIGHTEE_Continuum_DR1_COSMOS_8p9arcsec_I_v1.1_crop_0539.npy,MIGHTEE_Continuum_DR1_COSMOS_8p9arcsec_I_v1.1,-1.1501537301228382e-05,0.0012603526702150702
MIGHTEE_Continuum_DR1_COSMOS_8p9arcsec_I_v1.1_crop_0540.npy,MIGHTEE_Continuum_DR1_COSMOS_8p9arcsec_I_v1.1,-1.1501537301228382e-05,0.0012603526702150702
MIGHTEE_Continuum_DR1_COSMOS_8p9arcsec_I_v1.1_crop_0541.npy,MIGHTEE_Continuum_DR1_COSMOS_8p9arcsec_I_v1.1,-1.1501537301228382e-05,0.0012603526702150702
MIGHTEE_Continuum_DR1_COSMOS_8p9arcsec_I_v1.1_crop_0542.npy,MIGHTEE_Continuum_DR1_COSMOS_8p9arcsec_I_v1.1,-1.1501537301228382e-05,0.0012603526702150702
MIGHTEE_Continuum_DR1_COSMOS_8p9arcsec_I_v1.1_crop_0543.npy,MIGHTEE_Continuum_DR1_COSMOS_8p9arcsec_I_v1.1,-1.1501537301228382e-05,0.0012603526702150702
MIGHTEE_Continuum_DR1_COSMOS_8p9arcsec_I_v1.1_crop_0544.npy,MIGHTEE_Continuum_DR1_COSMOS_8p9arcsec_I_v1.1,-1.1501537301228382e-05,0.0012603526702150702
MIGHTEE_Continuum_DR1_COSMOS_8p9arcsec_I_v1.1_crop_0545.npy,MIGHTEE_Continuum_DR1_COSMOS_8p9arcsec_I_v1.1,-1.1501537301228382e-05,0.0012603526702150702
MIGHTEE_Continuum_DR1_COSMOS_8p9arcsec_I_v1.1_crop_0546.npy,MIGHTEE_Continuum_DR1_COSMOS_8p9arcsec_I_v1.1,-1.1501537301228382e-05,0.0012603526702150702
MIGHTEE_Continuum_DR1_COSMOS_8p9arcsec_I_v1.1_crop_0547.npy,MIGHTEE_Continuum_DR1_COSMOS_8p9arcsec_I_v1.1,-1.1501537301228382e-05,0.0012603526702150702
MIGHTEE_Continuum_DR1_COSMOS_8p9arcsec_I_v1.1_crop_0548.npy,MIGHTEE_Continuum_DR1_COSMOS_8p9arcsec_I_v1.1,-1.1501537301228382e-05,0.0012603526702150702
MIGHTEE_Continuum_DR1_COSMOS_8p9arcsec_I_v1.1_crop_0549.npy,MIGHTEE_Continuum_DR1_COSMOS_8p9arcsec_I_v1.1,-1.1501537301228382e-05,0.0012603526702150702
MIGHTEE_Continuum_DR1_COSMOS_8p9arcsec_I_v1.1_crop_0550.npy,MIGHTEE_Continuum_DR1_COSMOS_8p9arcsec_I_v1.1,-1.1501537301228382e-05,0.0012603526702150702
MIGHTEE_Continuum_DR1_COSMOS_8p9arcsec_I_v1.1_crop_0551.npy,MIGHTEE_Continuum_DR1_COSMOS_8p9arcsec_I_v1.1,-1.1501537301228382e-05,0.0012603526702150702
MIGHTEE_Continuum_DR1_COSMOS_8p9arcsec_I_v1.1_crop_0552.npy,MIGHTEE_Continuum_DR1_COSMOS_8p9arcsec_I_v1.1,-1.1501537301228382e-05,0.0012603526702150702
MIGHTEE_Continuum_DR1_COSMOS_8p9arcsec_I_v1.1_crop_0553.npy,MIGHTEE_Continuum_DR1_COSMOS_8p9arcsec_I_v1.1,-1.1501537301228382e-05,0.0012603526702150702
MIGHTEE_Continuum_DR1_COSMOS_8p9arcsec_I_v1.1_crop_0554.npy,MIGHTEE_Continuum_DR1_COSMOS_8p9arcsec_I_v1.1,-1.1501537301228382e-05,0.0012603526702150702
MIGHTEE_Continuum_DR1_COSMOS_8p9arcsec_I_v1.1_crop_0555.npy,MIGHTEE_Continuum_DR1_COSMOS_8p9arcsec_I_v1.1,-1.1501537301228382e-05,0.0012603526702150702
MIGHTEE_Continuum_DR1_COSMOS_8p9arcsec_I_v1.1_crop_0556.npy,MIGHTEE_Continuum_DR1_COSMOS_8p9arcsec_I_v1.1,-1.1501537301228382e-05,0.0012603526702150702
MIGHTEE_Continuum_DR1_COSMOS_8p9arcsec_I_v1.1_crop_0557.npy,MIGHTEE_Continuum_DR1_COSMOS_8p9arcsec_I_v1.1,-1.1501537301228382e-05,0.0012603526702150702
MIGHTEE_Continuum_DR1_COSMOS_8p9arcsec_I_v1.1_crop_0558.npy,MIGHTEE_Continuum_DR1_COSMOS_8p9arcsec_I_v1.1,-1.1501537301228382e-05,0.0012603526702150702
MIGHTEE_Continuum_DR1_COSMOS_8p9arcsec_I_v1.1_crop_0559.npy,MIGHTEE_Continuum_DR1_COSMOS_8p9arcsec_I_v1.1,-1.1501537301228382e-05,0.0012603526702150702
MIGHTEE_Continuum_DR1_COSMOS_8p9arcsec_I_v1.1_crop_0560.npy,MIGHTEE_Continuum_DR1_COSMOS_8p9arcsec_I_v1.1,-1.1501537301228382e-05,0.0012603526702150702
MIGHTEE_Continuum_DR1_COSMOS_8p9arcsec_I_v1.1_crop_0561.npy,MIGHTEE_Continuum_DR1_COSMOS_8p9arcsec_I_v1.1,-1.1501537301228382e-05,0.0012603526702150702
MIGHTEE_Continuum_DR1_COSMOS_8p9arcsec_I_v1.1_crop_0562.npy,MIGHTEE_Continuum_DR1_COSMOS_8p9arcsec_I_v1.1,-1.1501537301228382e-05,0.0012603526702150702
MIGHTEE_Continuum_DR1_COSMOS_8p9arcsec_I_v1.1_crop_0563.npy,MIGHTEE_Continuum_DR1_COSMOS_8p9arcsec_I_v1.1,-1.1501537301228382e-05,0.0012603526702150702
MIGHTEE_Continuum_DR1_COSMOS_8p9arcsec_I_v1.1_crop_0564.npy,MIGHTEE_Continuum_DR1_COSMOS_8p9arcsec_I_v1.1,-1.1501537301228382e-05,0.0012603526702150702
MIGHTEE_Continuum_DR1_COSMOS_8p9arcsec_I_v1.1_crop_0565.npy,MIGHTEE_Continuum_DR1_COSMOS_8p9arcsec_I_v1.1,-1.1501537301228382e-05,0.0012603526702150702
MIGHTEE_Continuum_DR1_COSMOS_8p9arcsec_I_v1.1_crop_0566.npy,MIGHTEE_Continuum_DR1_COSMOS_8p9arcsec_I_v1.1,-1.1501537301228382e-05,0.0012603526702150702
MIGHTEE_Continuum_DR1_COSMOS_8p9arcsec_I_v1.1_crop_0567.npy,MIGHTEE_Continuum_DR1_COSMOS_8p9arcsec_I_v1.1,-1.1501537301228382e-05,0.0012603526702150702
MIGHTEE_Continuum_DR1_COSMOS_8p9arcsec_I_v1.1_crop_0568.npy,MIGHTEE_Continuum_DR1_COSMOS_8p9arcsec_I_v1.1,-1.1501537301228382e-05,0.0012603526702150702
MIGHTEE_Continuum_DR1_COSMOS_8p9arcsec_I_v1.1_crop_0569.npy,MIGHTEE_Continuum_DR1_COSMOS_8p9arcsec_I_v1.1,-1.1501537301228382e-05,0.0012603526702150702
MIGHTEE_Continuum_DR1_COSMOS_8p9arcsec_I_v1.1_crop_0570.npy,MIGHTEE_Continuum_DR1_COSMOS_8p9arcsec_I_v1.1,-1.1501537301228382e-05,0.0012603526702150702
MIGHTEE_Continuum_DR1_COSMOS_8p9arcsec_I_v1.1_crop_0571.npy,MIGHTEE_Continuum_DR1_COSMOS_8p9arcsec_I_v1.1,-1.1501537301228382e-05,0.0012603526702150702
MIGHTEE_Continuum_DR1_COSMOS_8p9arcsec_I_v1.1_crop_0572.npy,MIGHTEE_Continuum_DR1_COSMOS_8p9arcsec_I_v1.1,-1.1501537301228382e-05,0.0012603526702150702
MIGHTEE_Continuum_DR1_COSMOS_8p9arcsec_I_v1.1_crop_0573.npy,MIGHTEE_Continuum_DR1_COSMOS_8p9arcsec_I_v1.1,-1.1501537301228382e-05,0.0012603526702150702
MIGHTEE_Continuum_DR1_COSMOS_8p9arcsec_I_v1.1_crop_0574.npy,MIGHTEE_Continuum_DR1_COSMOS_8p9arcsec_I_v1.1,-1.1501537301228382e-05,0.0012603526702150702
MIGHTEE_Continuum_DR1_COSMOS_8p9arcsec_I_v1.1_crop_0575.npy,MIGHTEE_Continuum_DR1_COSMOS_8p9arcsec_I_v1.1,-1.1501537301228382e-05,0.0012603526702150702
MIGHTEE_Continuum_DR1_COSMOS_8p9arcsec_I_v1.1_crop_0576.npy,MIGHTEE_Continuum_DR1_COSMOS_8p9arcsec_I_v1.1,-1.1501537301228382e-05,0.0012603526702150702
MIGHTEE_Continuum_DR1_COSMOS_8p9arcsec_I_v1.1_crop_0577.npy,MIGHTEE_Continuum_DR1_COSMOS_8p9arcsec_I_v1.1,-1.1501537301228382e-05,0.0012603526702150702
MIGHTEE_Continuum_DR1_COSMOS_8p9arcsec_I_v1.1_crop_0578.npy,MIGHTEE_Continuum_DR1_COSMOS_8p9arcsec_I_v1.1,-1.1501537301228382e-05,0.0012603526702150702
MIGHTEE_Continuum_DR1_COSMOS_8p9arcsec_I_v1.1_crop_0579.npy,MIGHTEE_Continuum_DR1_COSMOS_8p9arcsec_I_v1.1,-1.1501537301228382e-05,0.0012603526702150702
MIGHTEE_Continuum_DR1_COSMOS_8p9arcsec_I_v1.1_crop_0580.npy,MIGHTEE_Continuum_DR1_COSMOS_8p9arcsec_I_v1.1,-1.1501537301228382e-05,0.0012603526702150702
MIGHTEE_Continuum_DR1_COSMOS_8p9arcsec_I_v1.1_crop_0581.npy,MIGHTEE_Continuum_DR1_COSMOS_8p9arcsec_I_v1.1,-1.1501537301228382e-05,0.0012603526702150702
MIGHTEE_Continuum_DR1_COSMOS_8p9arcsec_I_v1.1_crop_0582.npy,MIGHTEE_Continuum_DR1_COSMOS_8p9arcsec_I_v1.1,-1.1501537301228382e-05,0.0012603526702150702
MIGHTEE_Continuum_DR1_COSMOS_8p9arcsec_I_v1.1_crop_0583.npy,MIGHTEE_Continuum_DR1_COSMOS_8p9arcsec_I_v1.1,-1.1501537301228382e-05,0.0012603526702150702
MIGHTEE_Continuum_DR1_COSMOS_8p9arcsec_I_v1.1_crop_0584.npy,MIGHTEE_Continuum_DR1_COSMOS_8p9arcsec_I_v1.1,-1.1501537301228382e-05,0.0012603526702150702
MIGHTEE_Continuum_DR1_COSMOS_8p9arcsec_I_v1.1_crop_0585.npy,MIGHTEE_Continuum_DR1_COSMOS_8p9arcsec_I_v1.1,-1.1501537301228382e-05,0.0012603526702150702
MIGHTEE_Continuum_DR1_COSMOS_8p9arcsec_I_v1.1_crop_0586.npy,MIGHTEE_Continuum_DR1_COSMOS_8p9arcsec_I_v1.1,-1.1501537301228382e-05,0.0012603526702150702
MIGHTEE_Continuum_DR1_COSMOS_8p9arcsec_I_v1.1_crop_0587.npy,MIGHTEE_Continuum_DR1_COSMOS_8p9arcsec_I_v1.1,-1.1501537301228382e-05,0.0012603526702150702
MIGHTEE_Continuum_DR1_COSMOS_8p9arcsec_I_v1.1_crop_0588.npy,MIGHTEE_Continuum_DR1_COSMOS_8p9arcsec_I_v1.1,-1.1501537301228382e-05,0.0012603526702150702
MIGHTEE_Continuum_DR1_COSMOS_8p9arcsec_I_v1.1_crop_0589.npy,MIGHTEE_Continuum_DR1_COSMOS_8p9arcsec_I_v1.1,-1.1501537301228382e-05,0.0012603526702150702
MIGHTEE_Continuum_DR1_COSMOS_8p9arcsec_I_v1.1_crop_0590.npy,MIGHTEE_Continuum_DR1_COSMOS_8p9arcsec_I_v1.1,-1.1501537301228382e-05,0.0012603526702150702
MIGHTEE_Continuum_DR1_COSMOS_8p9arcsec_I_v1.1_crop_0591.npy,MIGHTEE_Continuum_DR1_COSMOS_8p9arcsec_I_v1.1,-1.1501537301228382e-05,0.0012603526702150702
MIGHTEE_Continuum_DR1_COSMOS_8p9arcsec_I_v1.1_crop_0592.npy,MIGHTEE_Continuum_DR1_COSMOS_8p9arcsec_I_v1.1,-1.1501537301228382e-05,0.0012603526702150702
MIGHTEE_Continuum_DR1_COSMOS_8p9arcsec_I_v1.1_crop_0593.npy,MIGHTEE_Continuum_DR1_COSMOS_8p9arcsec_I_v1.1,-1.1501537301228382e-05,0.0012603526702150702
MIGHTEE_Continuum_DR1_COSMOS_8p9arcsec_I_v1.1_crop_0594.npy,MIGHTEE_Continuum_DR1_COSMOS_8p9arcsec_I_v1.1,-1.1501537301228382e-05,0.0012603526702150702
MIGHTEE_Continuum_DR1_COSMOS_8p9arcsec_I_v1.1_crop_0595.npy,MIGHTEE_Continuum_DR1_COSMOS_8p9arcsec_I_v1.1,-1.1501537301228382e-05,0.0012603526702150702
MIGHTEE_Continuum_DR1_COSMOS_8p9arcsec_I_v1.1_crop_0596.npy,MIGHTEE_Continuum_DR1_COSMOS_8p9arcsec_I_v1.1,-1.1501537301228382e-05,0.0012603526702150702
MIGHTEE_Continuum_DR1_COSMOS_8p9arcsec_I_v1.1_crop_0597.npy,MIGHTEE_Continuum_DR1_COSMOS_8p9arcsec_I_v1.1,-1.1501537301228382e-05,0.0012603526702150702
MIGHTEE_Continuum_DR1_COSMOS_8p9arcsec_I_v1.1_crop_0598.npy,MIGHTEE_Continuum_DR1_COSMOS_8p9arcsec_I_v1.1,-1.1501537301228382e-05,0.0012603526702150702
MIGHTEE_Continuum_DR1_COSMOS_8p9arcsec_I_v1.1_crop_0599.npy,MIGHTEE_Continuum_DR1_COSMOS_8p9arcsec_I_v1.1,-1.1501537301228382e-05,0.0012603526702150702
MIGHTEE_Continuum_DR1_COSMOS_8p9arcsec_I_v1.1_crop_0600.npy,MIGHTEE_Continuum_DR1_COSMOS_8p9arcsec_I_v1.1,-1.1501537301228382e-05,0.0012603526702150702
MIGHTEE_Continuum_DR1_COSMOS_8p9arcsec_I_v1.1_crop_0601.npy,MIGHTEE_Continuum_DR1_COSMOS_8p9arcsec_I_v1.1,-1.1501537301228382e-05,0.0012603526702150702
MIGHTEE_Continuum_DR1_COSMOS_8p9arcsec_I_v1.1_crop_0602.npy,MIGHTEE_Continuum_DR1_COSMOS_8p9arcsec_I_v1.1,-1.1501537301228382e-05,0.0012603526702150702
MIGHTEE_Continuum_DR1_COSMOS_8p9arcsec_I_v1.1_crop_0603.npy,MIGHTEE_Continuum_DR1_COSMOS_8p9arcsec_I_v1.1,-1.1501537301228382e-05,0.0012603526702150702
MIGHTEE_Continuum_DR1_COSMOS_8p9arcsec_I_v1.1_crop_0604.npy,MIGHTEE_Continuum_DR1_COSMOS_8p9arcsec_I_v1.1,-1.1501537301228382e-05,0.0012603526702150702
MIGHTEE_Continuum_DR1_COSMOS_8p9arcsec_I_v1.1_crop_0605.npy,MIGHTEE_Continuum_DR1_COSMOS_8p9arcsec_I_v1.1,-1.1501537301228382e-05,0.0012603526702150702
MIGHTEE_Continuum_DR1_COSMOS_8p9arcsec_I_v1.1_crop_0606.npy,MIGHTEE_Continuum_DR1_COSMOS_8p9arcsec_I_v1.1,-1.1501537301228382e-05,0.0012603526702150702
MIGHTEE_Continuum_DR1_COSMOS_8p9arcsec_I_v1.1_crop_0607.npy,MIGHTEE_Continuum_DR1_COSMOS_8p9arcsec_I_v1.1,-1.1501537301228382e-05,0.0012603526702150702
MIGHTEE_Continuum_DR1_COSMOS_8p9arcsec_I_v1.1_crop_0608.npy,MIGHTEE_Continuum_DR1_COSMOS_8p9arcsec_I_v1.1,-1.1501537301228382e-05,0.0012603526702150702
MIGHTEE_Continuum_DR1_COSMOS_8p9arcsec_I_v1.1_crop_0609.npy,MIGHTEE_Continuum_DR1_COSMOS_8p9arcsec_I_v1.1,-1.1501537301228382e-05,0.0012603526702150702
MIGHTEE_Continuum_DR1_COSMOS_8p9arcsec_I_v1.1_crop_0610.npy,MIGHTEE_Continuum_DR1_COSMOS_8p9arcsec_I_v1.1,-1.1501537301228382e-05,0.0012603526702150702
MIGHTEE_Continuum_DR1_COSMOS_8p9arcsec_I_v1.1_crop_0611.npy,MIGHTEE_Continuum_DR1_COSMOS_8p9arcsec_I_v1.1,-1.1501537301228382e-05,0.0012603526702150702
MIGHTEE_Continuum_DR1_COSMOS_8p9arcsec_I_v1.1_crop_0612.npy,MIGHTEE_Continuum_DR1_COSMOS_8p9arcsec_I_v1.1,-1.1501537301228382e-05,0.0012603526702150702
MIGHTEE_Continuum_DR1_COSMOS_8p9arcsec_I_v1.1_crop_0613.npy,MIGHTEE_Continuum_DR1_COSMOS_8p9arcsec_I_v1.1,-1.1501537301228382e-05,0.0012603526702150702
MIGHTEE_Continuum_DR1_COSMOS_8p9arcsec_I_v1.1_crop_0614.npy,MIGHTEE_Continuum_DR1_COSMOS_8p9arcsec_I_v1.1,-1.1501537301228382e-05,0.0012603526702150702
MIGHTEE_Continuum_DR1_COSMOS_8p9arcsec_I_v1.1_crop_0615.npy,MIGHTEE_Continuum_DR1_COSMOS_8p9arcsec_I_v1.1,-1.1501537301228382e-05,0.0012603526702150702
MIGHTEE_Continuum_DR1_COSMOS_8p9arcsec_I_v1.1_crop_0616.npy,MIGHTEE_Continuum_DR1_COSMOS_8p9arcsec_I_v1.1,-1.1501537301228382e-05,0.0012603526702150702
MIGHTEE_Continuum_DR1_COSMOS_8p9arcsec_I_v1.1_crop_0617.npy,MIGHTEE_Continuum_DR1_COSMOS_8p9arcsec_I_v1.1,-1.1501537301228382e-05,0.0012603526702150702
MIGHTEE_Continuum_DR1_COSMOS_8p9arcsec_I_v1.1_crop_0618.npy,MIGHTEE_Continuum_DR1_COSMOS_8p9arcsec_I_v1.1,-1.1501537301228382e-05,0.0012603526702150702
MIGHTEE_Continuum_DR1_COSMOS_8p9arcsec_I_v1.1_crop_0619.npy,MIGHTEE_Continuum_DR1_COSMOS_8p9arcsec_I_v1.1,-1.1501537301228382e-05,0.0012603526702150702
MIGHTEE_Continuum_DR1_COSMOS_8p9arcsec_I_v1.1_crop_0620.npy,MIGHTEE_Continuum_DR1_COSMOS_8p9arcsec_I_v1.1,-1.1501537301228382e-05,0.0012603526702150702
MIGHTEE_Continuum_DR1_COSMOS_8p9arcsec_I_v1.1_crop_0621.npy,MIGHTEE_Continuum_DR1_COSMOS_8p9arcsec_I_v1.1,-1.1501537301228382e-05,0.0012603526702150702
MIGHTEE_Continuum_DR1_COSMOS_8p9arcsec_I_v1.1_crop_0622.npy,MIGHTEE_Continuum_DR1_COSMOS_8p9arcsec_I_v1.1,-1.1501537301228382e-05,0.0012603526702150702
MIGHTEE_Continuum_DR1_COSMOS_8p9arcsec_I_v1.1_crop_0623.npy,MIGHTEE_Continuum_DR1_COSMOS_8p9arcsec_I_v1.1,-1.1501537301228382e-05,0.0012603526702150702
MIGHTEE_Continuum_DR1_COSMOS_8p9arcsec_I_v1.1_crop_0624.npy,MIGHTEE_Continuum_DR1_COSMOS_8p9arcsec_I_v1.1,-1.1501537301228382e-05,0.0012603526702150702
MIGHTEE_Continuum_DR1_COSMOS_8p9arcsec_I_v1.1_crop_0625.npy,MIGHTEE_Continuum_DR1_COSMOS_8p9arcsec_I_v1.1,-1.1501537301228382e-05,0.0012603526702150702
MIGHTEE_Continuum_DR1_COSMOS_8p9arcsec_I_v1.1_crop_0626.npy,MIGHTEE_Continuum_DR1_COSMOS_8p9arcsec_I_v1.1,-1.1501537301228382e-05,0.0012603526702150702
MIGHTEE_Continuum_DR1_COSMOS_8p9arcsec_I_v1.1_crop_0627.npy,MIGHTEE_Continuum_DR1_COSMOS_8p9arcsec_I_v1.1,-1.1501537301228382e-05,0.0012603526702150702
MIGHTEE_Continuum_DR1_COSMOS_8p9arcsec_I_v1.1_crop_0628.npy,MIGHTEE_Continuum_DR1_COSMOS_8p9arcsec_I_v1.1,-1.1501537301228382e-05,0.0012603526702150702
MIGHTEE_Continuum_DR1_COSMOS_8p9arcsec_I_v1.1_crop_0629.npy,MIGHTEE_Continuum_DR1_COSMOS_8p9arcsec_I_v1.1,-1.1501537301228382e-05,0.0012603526702150702
MIGHTEE_Continuum_DR1_COSMOS_8p9arcsec_I_v1.1_crop_0630.npy,MIGHTEE_Continuum_DR1_COSMOS_8p9arcsec_I_v1.1,-1.1501537301228382e-05,0.0012603526702150702
MIGHTEE_Continuum_DR1_COSMOS_8p9arcsec_I_v1.1_crop_0631.npy,MIGHTEE_Continuum_DR1_COSMOS_8p9arcsec_I_v1.1,-1.1501537301228382e-05,0.0012603526702150702
MIGHTEE_Continuum_DR1_COSMOS_8p9arcsec_I_v1.1_crop_0632.npy,MIGHTEE_Continuum_DR1_COSMOS_8p9arcsec_I_v1.1,-1.1501537301228382e-05,0.0012603526702150702
MIGHTEE_Continuum_DR1_COSMOS_8p9arcsec_I_v1.1_crop_0633.npy,MIGHTEE_Continuum_DR1_COSMOS_8p9arcsec_I_v1.1,-1.1501537301228382e-05,0.0012603526702150702
MIGHTEE_Continuum_DR1_COSMOS_8p9arcsec_I_v1.1_crop_0634.npy,MIGHTEE_Continuum_DR1_COSMOS_8p9arcsec_I_v1.1,-1.1501537301228382e-05,0.0012603526702150702
MIGHTEE_Continuum_DR1_COSMOS_8p9arcsec_I_v1.1_crop_0635.npy,MIGHTEE_Continuum_DR1_COSMOS_8p9arcsec_I_v1.1,-1.1501537301228382e-05,0.0012603526702150702
MIGHTEE_Continuum_DR1_COSMOS_8p9arcsec_I_v1.1_crop_0636.npy,MIGHTEE_Continuum_DR1_COSMOS_8p9arcsec_I_v1.1,-1.1501537301228382e-05,0.0012603526702150702
MIGHTEE_Continuum_DR1_COSMOS_8p9arcsec_I_v1.1_crop_0637.npy,MIGHTEE_Continuum_DR1_COSMOS_8p9arcsec_I_v1.1,-1.1501537301228382e-05,0.0012603526702150702
MIGHTEE_Continuum_DR1_COSMOS_8p9arcsec_I_v1.1_crop_0638.npy,MIGHTEE_Continuum_DR1_COSMOS_8p9arcsec_I_v1.1,-1.1501537301228382e-05,0.0012603526702150702
MIGHTEE_Continuum_DR1_COSMOS_8p9arcsec_I_v1.1_crop_0639.npy,MIGHTEE_Continuum_DR1_COSMOS_8p9arcsec_I_v1.1,-1.1501537301228382e-05,0.0012603526702150702
MIGHTEE_Continuum_DR1_COSMOS_8p9arcsec_I_v1.1_crop_0640.npy,MIGHTEE_Continuum_DR1_COSMOS_8p9arcsec_I_v1.1,-1.1501537301228382e-05,0.0012603526702150702
MIGHTEE_Continuum_DR1_COSMOS_8p9arcsec_I_v1.1_crop_0641.npy,MIGHTEE_Continuum_DR1_COSMOS_8p9arcsec_I_v1.1,-1.1501537301228382e-05,0.0012603526702150702
MIGHTEE_Continuum_DR1_COSMOS_8p9arcsec_I_v1.1_crop_0642.npy,MIGHTEE_Continuum_DR1_COSMOS_8p9arcsec_I_v1.1,-1.1501537301228382e-05,0.0012603526702150702
MIGHTEE_Continuum_DR1_COSMOS_8p9arcsec_I_v1.1_crop_0643.npy,MIGHTEE_Continuum_DR1_COSMOS_8p9arcsec_I_v1.1,-1.1501537301228382e-05,0.0012603526702150702
MIGHTEE_Continuum_DR1_COSMOS_8p9arcsec_I_v1.1_crop_0644.npy,MIGHTEE_Continuum_DR1_COSMOS_8p9arcsec_I_v1.1,-1.1501537301228382e-05,0.0012603526702150702
MIGHTEE_Continuum_DR1_COSMOS_8p9arcsec_I_v1.1_crop_0645.npy,MIGHTEE_Continuum_DR1_COSMOS_8p9arcsec_I_v1.1,-1.1501537301228382e-05,0.0012603526702150702
MIGHTEE_Continuum_DR1_COSMOS_8p9arcsec_I_v1.1_crop_0646.npy,MIGHTEE_Continuum_DR1_COSMOS_8p9arcsec_I_v1.1,-1.1501537301228382e-05,0.0012603526702150702
MIGHTEE_Continuum_DR1_COSMOS_8p9arcsec_I_v1.1_crop_0647.npy,MIGHTEE_Continuum_DR1_COSMOS_8p9arcsec_I_v1.1,-1.1501537301228382e-05,0.0012603526702150702
MIGHTEE_Continuum_DR1_COSMOS_8p9arcsec_I_v1.1_crop_0648.npy,MIGHTEE_Continuum_DR1_COSMOS_8p9arcsec_I_v1.1,-1.1501537301228382e-05,0.0012603526702150702
MIGHTEE_Continuum_DR1_COSMOS_8p9arcsec_I_v1.1_crop_0649.npy,MIGHTEE_Continuum_DR1_COSMOS_8p9arcsec_I_v1.1,-1.1501537301228382e-05,0.0012603526702150702
MIGHTEE_Continuum_DR1_COSMOS_8p9arcsec_I_v1.1_crop_0650.npy,MIGHTEE_Continuum_DR1_COSMOS_8p9arcsec_I_v1.1,-1.1501537301228382e-05,0.0012603526702150702
MIGHTEE_Continuum_DR1_COSMOS_8p9arcsec_I_v1.1_crop_0651.npy,MIGHTEE_Continuum_DR1_COSMOS_8p9arcsec_I_v1.1,-1.1501537301228382e-05,0.0012603526702150702
MIGHTEE_Continuum_DR1_COSMOS_8p9arcsec_I_v1.1_crop_0652.npy,MIGHTEE_Continuum_DR1_COSMOS_8p9arcsec_I_v1.1,-1.1501537301228382e-05,0.0012603526702150702
MIGHTEE_Continuum_DR1_COSMOS_8p9arcsec_I_v1.1_crop_0653.npy,MIGHTEE_Continuum_DR1_COSMOS_8p9arcsec_I_v1.1,-1.1501537301228382e-05,0.0012603526702150702
MIGHTEE_Continuum_DR1_COSMOS_8p9arcsec_I_v1.1_crop_0654.npy,MIGHTEE_Continuum_DR1_COSMOS_8p9arcsec_I_v1.1,-1.1501537301228382e-05,0.0012603526702150702
MIGHTEE_Continuum_DR1_COSMOS_8p9arcsec_I_v1.1_crop_0655.npy,MIGHTEE_Continuum_DR1_COSMOS_8p9arcsec_I_v1.1,-1.1501537301228382e-05,0.0012603526702150702
MIGHTEE_Continuum_DR1_COSMOS_8p9arcsec_I_v1.1_crop_0656.npy,MIGHTEE_Continuum_DR1_COSMOS_8p9arcsec_I_v1.1,-1.1501537301228382e-05,0.0012603526702150702
MIGHTEE_Continuum_DR1_COSMOS_8p9arcsec_I_v1.1_crop_0657.npy,MIGHTEE_Continuum_DR1_COSMOS_8p9arcsec_I_v1.1,-1.1501537301228382e-05,0.0012603526702150702
MIGHTEE_Continuum_DR1_COSMOS_8p9arcsec_I_v1.1_crop_0658.npy,MIGHTEE_Continuum_DR1_COSMOS_8p9arcsec_I_v1.1,-1.1501537301228382e-05,0.0012603526702150702
MIGHTEE_Continuum_DR1_COSMOS_8p9arcsec_I_v1.1_crop_0659.npy,MIGHTEE_Continuum_DR1_COSMOS_8p9arcsec_I_v1.1,-1.1501537301228382e-05,0.0012603526702150702
MIGHTEE_Continuum_DR1_COSMOS_8p9arcsec_I_v1.1_crop_0660.npy,MIGHTEE_Continuum_DR1_COSMOS_8p9arcsec_I_v1.1,-1.1501537301228382e-05,0.0012603526702150702
MIGHTEE_Continuum_DR1_COSMOS_8p9arcsec_I_v1.1_crop_0661.npy,MIGHTEE_Continuum_DR1_COSMOS_8p9arcsec_I_v1.1,-1.1501537301228382e-05,0.0012603526702150702
MIGHTEE_Continuum_DR1_COSMOS_8p9arcsec_I_v1.1_crop_0662.npy,MIGHTEE_Continuum_DR1_COSMOS_8p9arcsec_I_v1.1,-1.1501537301228382e-05,0.0012603526702150702
MIGHTEE_Continuum_DR1_COSMOS_8p9arcsec_I_v1.1_crop_0663.npy,MIGHTEE_Continuum_DR1_COSMOS_8p9arcsec_I_v1.1,-1.1501537301228382e-05,0.0012603526702150702
MIGHTEE_Continuum_DR1_COSMOS_8p9arcsec_I_v1.1_crop_0664.npy,MIGHTEE_Continuum_DR1_COSMOS_8p9arcsec_I_v1.1,-1.1501537301228382e-05,0.0012603526702150702
MIGHTEE_Continuum_DR1_COSMOS_8p9arcsec_I_v1.1_crop_0665.npy,MIGHTEE_Continuum_DR1_COSMOS_8p9arcsec_I_v1.1,-1.1501537301228382e-05,0.0012603526702150702
MIGHTEE_Continuum_DR1_COSMOS_8p9arcsec_I_v1.1_crop_0666.npy,MIGHTEE_Continuum_DR1_COSMOS_8p9arcsec_I_v1.1,-1.1501537301228382e-05,0.0012603526702150702
MIGHTEE_Continuum_DR1_COSMOS_8p9arcsec_I_v1.1_crop_0667.npy,MIGHTEE_Continuum_DR1_COSMOS_8p9arcsec_I_v1.1,-1.1501537301228382e-05,0.0012603526702150702
MIGHTEE_Continuum_DR1_COSMOS_8p9arcsec_I_v1.1_crop_0668.npy,MIGHTEE_Continuum_DR1_COSMOS_8p9arcsec_I_v1.1,-1.1501537301228382e-05,0.0012603526702150702
MIGHTEE_Continuum_DR1_COSMOS_8p9arcsec_I_v1.1_crop_0669.npy,MIGHTEE_Continuum_DR1_COSMOS_8p9arcsec_I_v1.1,-1.1501537301228382e-05,0.0012603526702150702
MIGHTEE_Continuum_DR1_COSMOS_8p9arcsec_I_v1.1_crop_0670.npy,MIGHTEE_Continuum_DR1_COSMOS_8p9arcsec_I_v1.1,-1.1501537301228382e-05,0.0012603526702150702
MIGHTEE_Continuum_DR1_COSMOS_8p9arcsec_I_v1.1_crop_0671.npy,MIGHTEE_Continuum_DR1_COSMOS_8p9arcsec_I_v1.1,-1.1501537301228382e-05,0.0012603526702150702
MIGHTEE_Continuum_DR1_COSMOS_8p9arcsec_I_v1.1_crop_0672.npy,MIGHTEE_Continuum_DR1_COSMOS_8p9arcsec_I_v1.1,-1.1501537301228382e-05,0.0012603526702150702
MIGHTEE_Continuum_DR1_COSMOS_8p9arcsec_I_v1.1_crop_0673.npy,MIGHTEE_Continuum_DR1_COSMOS_8p9arcsec_I_v1.1,-1.1501537301228382e-05,0.0012603526702150702
MIGHTEE_Continuum_DR1_COSMOS_8p9arcsec_I_v1.1_crop_0674.npy,MIGHTEE_Continuum_DR1_COSMOS_8p9arcsec_I_v1.1,-1.1501537301228382e-05,0.0012603526702150702
MIGHTEE_Continuum_DR1_COSMOS_8p9arcsec_I_v1.1_crop_0675.npy,MIGHTEE_Continuum_DR1_COSMOS_8p9arcsec_I_v1.1,-1.1501537301228382e-05,0.0012603526702150702
MIGHTEE_Continuum_DR1_COSMOS_8p9arcsec_I_v1.1_crop_0676.npy,MIGHTEE_Continuum_DR1_COSMOS_8p9arcsec_I_v1.1,-1.1501537301228382e-05,0.0012603526702150702
MIGHTEE_Continuum_DR1_COSMOS_8p9arcsec_I_v1.1_crop_0677.npy,MIGHTEE_Continuum_DR1_COSMOS_8p9arcsec_I_v1.1,-1.1501537301228382e-05,0.0012603526702150702
MIGHTEE_Continuum_DR1_COSMOS_8p9arcsec_I_v1.1_crop_0678.npy,MIGHTEE_Continuum_DR1_COSMOS_8p9arcsec_I_v1.1,-1.1501537301228382e-05,0.0012603526702150702
MIGHTEE_Continuum_DR1_COSMOS_8p9arcsec_I_v1.1_crop_0679.npy,MIGHTEE_Continuum_DR1_COSMOS_8p9arcsec_I_v1.1,-1.1501537301228382e-05,0.0012603526702150702
MIGHTEE_Continuum_DR1_COSMOS_8p9arcsec_I_v1.1_crop_0680.npy,MIGHTEE_Continuum_DR1_COSMOS_8p9arcsec_I_v1.1,-1.1501537301228382e-05,0.0012603526702150702
MIGHTEE_Continuum_DR1_COSMOS_8p9arcsec_I_v1.1_crop_0681.npy,MIGHTEE_Continuum_DR1_COSMOS_8p9arcsec_I_v1.1,-1.1501537301228382e-05,0.0012603526702150702
MIGHTEE_Continuum_DR1_COSMOS_8p9arcsec_I_v1.1_crop_0682.npy,MIGHTEE_Continuum_DR1_COSMOS_8p9arcsec_I_v1.1,-1.1501537301228382e-05,0.0012603526702150702
MIGHTEE_Continuum_DR1_COSMOS_8p9arcsec_I_v1.1_crop_0683.npy,MIGHTEE_Continuum_DR1_COSMOS_8p9arcsec_I_v1.1,-1.1501537301228382e-05,0.0012603526702150702
MIGHTEE_Continuum_DR1_COSMOS_8p9arcsec_I_v1.1_crop_0684.npy,MIGHTEE_Continuum_DR1_COSMOS_8p9arcsec_I_v1.1,-1.1501537301228382e-05,0.0012603526702150702
MIGHTEE_Continuum_DR1_COSMOS_8p9arcsec_I_v1.1_crop_0685.npy,MIGHTEE_Continuum_DR1_COSMOS_8p9arcsec_I_v1.1,-1.1501537301228382e-05,0.0012603526702150702
MIGHTEE_Continuum_DR1_COSMOS_8p9arcsec_I_v1.1_crop_0686.npy,MIGHTEE_Continuum_DR1_COSMOS_8p9arcsec_I_v1.1,-1.1501537301228382e-05,0.0012603526702150702
MIGHTEE_Continuum_DR1_COSMOS_8p9arcsec_I_v1.1_crop_0687.npy,MIGHTEE_Continuum_DR1_COSMOS_8p9arcsec_I_v1.1,-1.1501537301228382e-05,0.0012603526702150702
MIGHTEE_Continuum_DR1_COSMOS_8p9arcsec_I_v1.1_crop_0688.npy,MIGHTEE_Continuum_DR1_COSMOS_8p9arcsec_I_v1.1,-1.1501537301228382e-05,0.0012603526702150702
MIGHTEE_Continuum_DR1_COSMOS_8p9arcsec_I_v1.1_crop_0689.npy,MIGHTEE_Continuum_DR1_COSMOS_8p9arcsec_I_v1.1,-1.1501537301228382e-05,0.0012603526702150702
MIGHTEE_Continuum_DR1_COSMOS_8p9arcsec_I_v1.1_crop_0690.npy,MIGHTEE_Continuum_DR1_COSMOS_8p9arcsec_I_v1.1,-1.1501537301228382e-05,0.0012603526702150702
MIGHTEE_Continuum_DR1_COSMOS_8p9arcsec_I_v1.1_crop_0691.npy,MIGHTEE_Continuum_DR1_COSMOS_8p9arcsec_I_v1.1,-1.1501537301228382e-05,0.0012603526702150702
MIGHTEE_Continuum_DR1_COSMOS_8p9arcsec_I_v1.1_crop_0692.npy,MIGHTEE_Continuum_DR1_COSMOS_8p9arcsec_I_v1.1,-1.1501537301228382e-05,0.0012603526702150702
MIGHTEE_Continuum_DR1_COSMOS_8p9arcsec_I_v1.1_crop_0693.npy,MIGHTEE_Continuum_DR1_COSMOS_8p9arcsec_I_v1.1,-1.1501537301228382e-05,0.0012603526702150702
MIGHTEE_Continuum_DR1_COSMOS_8p9arcsec_I_v1.1_crop_0694.npy,MIGHTEE_Continuum_DR1_COSMOS_8p9arcsec_I_v1.1,-1.1501537301228382e-05,0.0012603526702150702
MIGHTEE_Continuum_DR1_COSMOS_8p9arcsec_I_v1.1_crop_0695.npy,MIGHTEE_Continuum_DR1_COSMOS_8p9arcsec_I_v1.1,-1.1501537301228382e-05,0.0012603526702150702
MIGHTEE_Continuum_DR1_COSMOS_8p9arcsec_I_v1.1_crop_0696.npy,MIGHTEE_Continuum_DR1_COSMOS_8p9arcsec_I_v1.1,-1.1501537301228382e-05,0.0012603526702150702
MIGHTEE_Continuum_DR1_COSMOS_8p9arcsec_I_v1.1_crop_0697.npy,MIGHTEE_Continuum_DR1_COSMOS_8p9arcsec_I_v1.1,-1.1501537301228382e-05,0.0012603526702150702
MIGHTEE_Continuum_DR1_COSMOS_8p9arcsec_I_v1.1_crop_0698.npy,MIGHTEE_Continuum_DR1_COSMOS_8p9arcsec_I_v1.1,-1.1501537301228382e-05,0.0012603526702150702
MIGHTEE_Continuum_DR1_COSMOS_8p9arcsec_I_v1.1_crop_0699.npy,MIGHTEE_Continuum_DR1_COSMOS_8p9arcsec_I_v1.1,-1.1501537301228382e-05,0.0012603526702150702
MIGHTEE_Continuum_DR1_COSMOS_8p9arcsec_I_v1.1_crop_0700.npy,MIGHTEE_Continuum_DR1_COSMOS_8p9arcsec_I_v1.1,-1.1501537301228382e-05,0.0012603526702150702
MIGHTEE_Continuum_DR1_COSMOS_8p9arcsec_I_v1.1_crop_0701.npy,MIGHTEE_Continuum_DR1_COSMOS_8p9arcsec_I_v1.1,-1.1501537301228382e-05,0.0012603526702150702
MIGHTEE_Continuum_DR1_COSMOS_8p9arcsec_I_v1.1_crop_0702.npy,MIGHTEE_Continuum_DR1_COSMOS_8p9arcsec_I_v1.1,-1.1501537301228382e-05,0.0012603526702150702
MIGHTEE_Continuum_DR1_COSMOS_8p9arcsec_I_v1.1_crop_0703.npy,MIGHTEE_Continuum_DR1_COSMOS_8p9arcsec_I_v1.1,-1.1501537301228382e-05,0.0012603526702150702
MIGHTEE_Continuum_DR1_COSMOS_8p9arcsec_I_v1.1_crop_0704.npy,MIGHTEE_Continuum_DR1_COSMOS_8p9arcsec_I_v1.1,-1.1501537301228382e-05,0.0012603526702150702
MIGHTEE_Continuum_DR1_COSMOS_8p9arcsec_I_v1.1_crop_0705.npy,MIGHTEE_Continuum_DR1_COSMOS_8p9arcsec_I_v1.1,-1.1501537301228382e-05,0.0012603526702150702
MIGHTEE_Continuum_DR1_COSMOS_8p9arcsec_I_v1.1_crop_0706.npy,MIGHTEE_Continuum_DR1_COSMOS_8p9arcsec_I_v1.1,-1.1501537301228382e-05,0.0012603526702150702
MIGHTEE_Continuum_DR1_COSMOS_8p9arcsec_I_v1.1_crop_0707.npy,MIGHTEE_Continuum_DR1_COSMOS_8p9arcsec_I_v1.1,-1.1501537301228382e-05,0.0012603526702150702
MIGHTEE_Continuum_DR1_COSMOS_8p9arcsec_I_v1.1_crop_0708.npy,MIGHTEE_Continuum_DR1_COSMOS_8p9arcsec_I_v1.1,-1.1501537301228382e-05,0.0012603526702150702
MIGHTEE_Continuum_DR1_COSMOS_8p9arcsec_I_v1.1_crop_0709.npy,MIGHTEE_Continuum_DR1_COSMOS_8p9arcsec_I_v1.1,-1.1501537301228382e-05,0.0012603526702150702
MIGHTEE_Continuum_DR1_COSMOS_8p9arcsec_I_v1.1_crop_0710.npy,MIGHTEE_Continuum_DR1_COSMOS_8p9arcsec_I_v1.1,-1.1501537301228382e-05,0.0012603526702150702
MIGHTEE_Continuum_DR1_COSMOS_8p9arcsec_I_v1.1_crop_0711.npy,MIGHTEE_Continuum_DR1_COSMOS_8p9arcsec_I_v1.1,-1.1501537301228382e-05,0.0012603526702150702
MIGHTEE_Continuum_DR1_COSMOS_8p9arcsec_I_v1.1_crop_0712.npy,MIGHTEE_Continuum_DR1_COSMOS_8p9arcsec_I_v1.1,-1.1501537301228382e-05,0.0012603526702150702
MIGHTEE_Continuum_DR1_COSMOS_8p9arcsec_I_v1.1_crop_0713.npy,MIGHTEE_Continuum_DR1_COSMOS_8p9arcsec_I_v1.1,-1.1501537301228382e-05,0.0012603526702150702
MIGHTEE_Continuum_DR1_COSMOS_8p9arcsec_I_v1.1_crop_0714.npy,MIGHTEE_Continuum_DR1_COSMOS_8p9arcsec_I_v1.1,-1.1501537301228382e-05,0.0012603526702150702
MIGHTEE_Continuum_DR1_COSMOS_8p9arcsec_I_v1.1_crop_0715.npy,MIGHTEE_Continuum_DR1_COSMOS_8p9arcsec_I_v1.1,-1.1501537301228382e-05,0.0012603526702150702
MIGHTEE_Continuum_DR1_COSMOS_8p9arcsec_I_v1.1_crop_0716.npy,MIGHTEE_Continuum_DR1_COSMOS_8p9arcsec_I_v1.1,-1.1501537301228382e-05,0.0012603526702150702
MIGHTEE_Continuum_DR1_COSMOS_8p9arcsec_I_v1.1_crop_0717.npy,MIGHTEE_Continuum_DR1_COSMOS_8p9arcsec_I_v1.1,-1.1501537301228382e-05,0.0012603526702150702
MIGHTEE_Continuum_DR1_COSMOS_8p9arcsec_I_v1.1_crop_0718.npy,MIGHTEE_Continuum_DR1_COSMOS_8p9arcsec_I_v1.1,-1.1501537301228382e-05,0.0012603526702150702
MIGHTEE_Continuum_DR1_COSMOS_8p9arcsec_I_v1.1_crop_0719.npy,MIGHTEE_Continuum_DR1_COSMOS_8p9arcsec_I_v1.1,-1.1501537301228382e-05,0.0012603526702150702
MIGHTEE_Continuum_DR1_XMMLSS_8p9arcsec_I_v1.1_crop_0000.npy,MIGHTEE_Continuum_DR1_XMMLSS_8p9arcsec_I_v1.1,-1.0886371455853805e-05,0.001032640808261931
MIGHTEE_Continuum_DR1_XMMLSS_8p9arcsec_I_v1.1_crop_0001.npy,MIGHTEE_Continuum_DR1_XMMLSS_8p9arcsec_I_v1.1,-1.0886371455853805e-05,0.001032640808261931
MIGHTEE_Continuum_DR1_XMMLSS_8p9arcsec_I_v1.1_crop_0002.npy,MIGHTEE_Continuum_DR1_XMMLSS_8p9arcsec_I_v1.1,-1.0886371455853805e-05,0.001032640808261931
MIGHTEE_Continuum_DR1_XMMLSS_8p9arcsec_I_v1.1_crop_0003.npy,MIGHTEE_Continuum_DR1_XMMLSS_8p9arcsec_I_v1.1,-1.0886371455853805e-05,0.001032640808261931
MIGHTEE_Continuum_DR1_XMMLSS_8p9arcsec_I_v1.1_crop_0004.npy,MIGHTEE_Continuum_DR1_XMMLSS_8p9arcsec_I_v1.1,-1.0886371455853805e-05,0.001032640808261931
MIGHTEE_Continuum_DR1_XMMLSS_8p9arcsec_I_v1.1_crop_0005.npy,MIGHTEE_Continuum_DR1_XMMLSS_8p9arcsec_I_v1.1,-1.0886371455853805e-05,0.001032640808261931
MIGHTEE_Continuum_DR1_XMMLSS_8p9arcsec_I_v1.1_crop_0006.npy,MIGHTEE_Continuum_DR1_XMMLSS_8p9arcsec_I_v1.1,-1.0886371455853805e-05,0.001032640808261931
MIGHTEE_Continuum_DR1_XMMLSS_8p9arcsec_I_v1.1_crop_0007.npy,MIGHTEE_Continuum_DR1_XMMLSS_8p9arcsec_I_v1.1,-1.0886371455853805e-05,0.001032640808261931
MIGHTEE_Continuum_DR1_XMMLSS_8p9arcsec_I_v1.1_crop_0008.npy,MIGHTEE_Continuum_DR1_XMMLSS_8p9arcsec_I_v1.1,-1.0886371455853805e-05,0.001032640808261931
MIGHTEE_Continuum_DR1_XMMLSS_8p9arcsec_I_v1.1_crop_0009.npy,MIGHTEE_Continuum_DR1_XMMLSS_8p9arcsec_I_v1.1,-1.0886371455853805e-05,0.001032640808261931
MIGHTEE_Continuum_DR1_XMMLSS_8p9arcsec_I_v1.1_crop_0010.npy,MIGHTEE_Continuum_DR1_XMMLSS_8p9arcsec_I_v1.1,-1.0886371455853805e-05,0.001032640808261931
MIGHTEE_Continuum_DR1_XMMLSS_8p9arcsec_I_v1.1_crop_0011.npy,MIGHTEE_Continuum_DR1_XMMLSS_8p9arcsec_I_v1.1,-1.0886371455853805e-05,0.001032640808261931
MIGHTEE_Continuum_DR1_XMMLSS_8p9arcsec_I_v1.1_crop_0012.npy,MIGHTEE_Continuum_DR1_XMMLSS_8p9arcsec_I_v1.1,-1.0886371455853805e-05,0.001032640808261931
MIGHTEE_Continuum_DR1_XMMLSS_8p9arcsec_I_v1.1_crop_0013.npy,MIGHTEE_Continuum_DR1_XMMLSS_8p9arcsec_I_v1.1,-1.0886371455853805e-05,0.001032640808261931
MIGHTEE_Continuum_DR1_XMMLSS_8p9arcsec_I_v1.1_crop_0014.npy,MIGHTEE_Continuum_DR1_XMMLSS_8p9arcsec_I_v1.1,-1.0886371455853805e-05,0.001032640808261931
MIGHTEE_Continuum_DR1_XMMLSS_8p9arcsec_I_v1.1_crop_0015.npy,MIGHTEE_Continuum_DR1_XMMLSS_8p9arcsec_I_v1.1,-1.0886371455853805e-05,0.001032640808261931
MIGHTEE_Continuum_DR1_XMMLSS_8p9arcsec_I_v1.1_crop_0016.npy,MIGHTEE_Continuum_DR1_XMMLSS_8p9arcsec_I_v1.1,-1.0886371455853805e-05,0.001032640808261931
MIGHTEE_Continuum_DR1_XMMLSS_8p9arcsec_I_v1.1_crop_0017.npy,MIGHTEE_Continuum_DR1_XMMLSS_8p9arcsec_I_v1.1,-1.0886371455853805e-05,0.001032640808261931
MIGHTEE_Continuum_DR1_XMMLSS_8p9arcsec_I_v1.1_crop_0018.npy,MIGHTEE_Continuum_DR1_XMMLSS_8p9arcsec_I_v1.1,-1.0886371455853805e-05,0.001032640808261931
MIGHTEE_Continuum_DR1_XMMLSS_8p9arcsec_I_v1.1_crop_0019.npy,MIGHTEE_Continuum_DR1_XMMLSS_8p9arcsec_I_v1.1,-1.0886371455853805e-05,0.001032640808261931
MIGHTEE_Continuum_DR1_XMMLSS_8p9arcsec_I_v1.1_crop_0020.npy,MIGHTEE_Continuum_DR1_XMMLSS_8p9arcsec_I_v1.1,-1.0886371455853805e-05,0.001032640808261931
MIGHTEE_Continuum_DR1_XMMLSS_8p9arcsec_I_v1.1_crop_0021.npy,MIGHTEE_Continuum_DR1_XMMLSS_8p9arcsec_I_v1.1,-1.0886371455853805e-05,0.001032640808261931
MIGHTEE_Continuum_DR1_XMMLSS_8p9arcsec_I_v1.1_crop_0022.npy,MIGHTEE_Continuum_DR1_XMMLSS_8p9arcsec_I_v1.1,-1.0886371455853805e-05,0.001032640808261931
MIGHTEE_Continuum_DR1_XMMLSS_8p9arcsec_I_v1.1_crop_0023.npy,MIGHTEE_Continuum_DR1_XMMLSS_8p9arcsec_I_v1.1,-1.0886371455853805e-05,0.001032640808261931
MIGHTEE_Continuum_DR1_XMMLSS_8p9arcsec_I_v1.1_crop_0024.npy,MIGHTEE_Continuum_DR1_XMMLSS_8p9arcsec_I_v1.1,-1.0886371455853805e-05,0.001032640808261931
MIGHTEE_Continuum_DR1_XMMLSS_8p9arcsec_I_v1.1_crop_0025.npy,MIGHTEE_Continuum_DR1_XMMLSS_8p9arcsec_I_v1.1,-1.0886371455853805e-05,0.001032640808261931
MIGHTEE_Continuum_DR1_XMMLSS_8p9arcsec_I_v1.1_crop_0026.npy,MIGHTEE_Continuum_DR1_XMMLSS_8p9arcsec_I_v1.1,-1.0886371455853805e-05,0.001032640808261931
MIGHTEE_Continuum_DR1_XMMLSS_8p9arcsec_I_v1.1_crop_0027.npy,MIGHTEE_Continuum_DR1_XMMLSS_8p9arcsec_I_v1.1,-1.0886371455853805e-05,0.001032640808261931
MIGHTEE_Continuum_DR1_XMMLSS_8p9arcsec_I_v1.1_crop_0028.npy,MIGHTEE_Continuum_DR1_XMMLSS_8p9arcsec_I_v1.1,-1.0886371455853805e-05,0.001032640808261931
MIGHTEE_Continuum_DR1_XMMLSS_8p9arcsec_I_v1.1_crop_0029.npy,MIGHTEE_Continuum_DR1_XMMLSS_8p9arcsec_I_v1.1,-1.0886371455853805e-05,0.001032640808261931
MIGHTEE_Continuum_DR1_XMMLSS_8p9arcsec_I_v1.1_crop_0030.npy,MIGHTEE_Continuum_DR1_XMMLSS_8p9arcsec_I_v1.1,-1.0886371455853805e-05,0.001032640808261931
MIGHTEE_Continuum_DR1_XMMLSS_8p9arcsec_I_v1.1_crop_0031.npy,MIGHTEE_Continuum_DR1_XMMLSS_8p9arcsec_I_v1.1,-1.0886371455853805e-05,0.001032640808261931
MIGHTEE_Continuum_DR1_XMMLSS_8p9arcsec_I_v1.1_crop_0032.npy,MIGHTEE_Continuum_DR1_XMMLSS_8p9arcsec_I_v1.1,-1.0886371455853805e-05,0.001032640808261931
MIGHTEE_Continuum_DR1_XMMLSS_8p9arcsec_I_v1.1_crop_0033.npy,MIGHTEE_Continuum_DR1_XMMLSS_8p9arcsec_I_v1.1,-1.0886371455853805e-05,0.001032640808261931
MIGHTEE_Continuum_DR1_XMMLSS_8p9arcsec_I_v1.1_crop_0034.npy,MIGHTEE_Continuum_DR1_XMMLSS_8p9arcsec_I_v1.1,-1.0886371455853805e-05,0.001032640808261931
MIGHTEE_Continuum_DR1_XMMLSS_8p9arcsec_I_v1.1_crop_0035.npy,MIGHTEE_Continuum_DR1_XMMLSS_8p9arcsec_I_v1.1,-1.0886371455853805e-05,0.001032640808261931
MIGHTEE_Continuum_DR1_XMMLSS_8p9arcsec_I_v1.1_crop_0036.npy,MIGHTEE_Continuum_DR1_XMMLSS_8p9arcsec_I_v1.1,-1.0886371455853805e-05,0.001032640808261931
MIGHTEE_Continuum_DR1_XMMLSS_8p9arcsec_I_v1.1_crop_0037.npy,MIGHTEE_Continuum_DR1_XMMLSS_8p9arcsec_I_v1.1,-1.0886371455853805e-05,0.001032640808261931
MIGHTEE_Continuum_DR1_XMMLSS_8p9arcsec_I_v1.1_crop_0038.npy,MIGHTEE_Continuum_DR1_XMMLSS_8p9arcsec_I_v1.1,-1.0886371455853805e-05,0.001032640808261931
MIGHTEE_Continuum_DR1_XMMLSS_8p9arcsec_I_v1.1_crop_0039.npy,MIGHTEE_Continuum_DR1_XMMLSS_8p9arcsec_I_v1.1,-1.0886371455853805e-05,0.001032640808261931
MIGHTEE_Continuum_DR1_XMMLSS_8p9arcsec_I_v1.1_crop_0040.npy,MIGHTEE_Continuum_DR1_XMMLSS_8p9arcsec_I_v1.1,-1.0886371455853805e-05,0.001032640808261931
MIGHTEE_Continuum_DR1_XMMLSS_8p9arcsec_I_v1.1_crop_0041.npy,MIGHTEE_Continuum_DR1_XMMLSS_8p9arcsec_I_v1.1,-1.0886371455853805e-05,0.001032640808261931
MIGHTEE_Continuum_DR1_XMMLSS_8p9arcsec_I_v1.1_crop_0042.npy,MIGHTEE_Continuum_DR1_XMMLSS_8p9arcsec_I_v1.1,-1.0886371455853805e-05,0.001032640808261931
MIGHTEE_Continuum_DR1_XMMLSS_8p9arcsec_I_v1.1_crop_0043.npy,MIGHTEE_Continuum_DR1_XMMLSS_8p9arcsec_I_v1.1,-1.0886371455853805e-05,0.001032640808261931
MIGHTEE_Continuum_DR1_XMMLSS_8p9arcsec_I_v1.1_crop_0044.npy,MIGHTEE_Continuum_DR1_XMMLSS_8p9arcsec_I_v1.1,-1.0886371455853805e-05,0.001032640808261931
MIGHTEE_Continuum_DR1_XMMLSS_8p9arcsec_I_v1.1_crop_0045.npy,MIGHTEE_Continuum_DR1_XMMLSS_8p9arcsec_I_v1.1,-1.0886371455853805e-05,0.001032640808261931
MIGHTEE_Continuum_DR1_XMMLSS_8p9arcsec_I_v1.1_crop_0046.npy,MIGHTEE_Continuum_DR1_XMMLSS_8p9arcsec_I_v1.1,-1.0886371455853805e-05,0.001032640808261931
MIGHTEE_Continuum_DR1_XMMLSS_8p9arcsec_I_v1.1_crop_0047.npy,MIGHTEE_Continuum_DR1_XMMLSS_8p9arcsec_I_v1.1,-1.0886371455853805e-05,0.001032640808261931
MIGHTEE_Continuum_DR1_XMMLSS_8p9arcsec_I_v1.1_crop_0048.npy,MIGHTEE_Continuum_DR1_XMMLSS_8p9arcsec_I_v1.1,-1.0886371455853805e-05,0.001032640808261931
MIGHTEE_Continuum_DR1_XMMLSS_8p9arcsec_I_v1.1_crop_0049.npy,MIGHTEE_Continuum_DR1_XMMLSS_8p9arcsec_I_v1.1,-1.0886371455853805e-05,0.001032640808261931
MIGHTEE_Continuum_DR1_XMMLSS_8p9arcsec_I_v1.1_crop_0050.npy,MIGHTEE_Continuum_DR1_XMMLSS_8p9arcsec_I_v1.1,-1.0886371455853805e-05,0.001032640808261931
MIGHTEE_Continuum_DR1_XMMLSS_8p9arcsec_I_v1.1_crop_0051.npy,MIGHTEE_Continuum_DR1_XMMLSS_8p9arcsec_I_v1.1,-1.0886371455853805e-05,0.001032640808261931
MIGHTEE_Continuum_DR1_XMMLSS_8p9arcsec_I_v1.1_crop_0052.npy,MIGHTEE_Continuum_DR1_XMMLSS_8p9arcsec_I_v1.1,-1.0886371455853805e-05,0.001032640808261931
MIGHTEE_Continuum_DR1_XMMLSS_8p9arcsec_I_v1.1_crop_0053.npy,MIGHTEE_Continuum_DR1_XMMLSS_8p9arcsec_I_v1.1,-1.0886371455853805e-05,0.001032640808261931
MIGHTEE_Continuum_DR1_XMMLSS_8p9arcsec_I_v1.1_crop_0054.npy,MIGHTEE_Continuum_DR1_XMMLSS_8p9arcsec_I_v1.1,-1.0886371455853805e-05,0.001032640808261931
MIGHTEE_Continuum_DR1_XMMLSS_8p9arcsec_I_v1.1_crop_0055.npy,MIGHTEE_Continuum_DR1_XMMLSS_8p9arcsec_I_v1.1,-1.0886371455853805e-05,0.001032640808261931
MIGHTEE_Continuum_DR1_XMMLSS_8p9arcsec_I_v1.1_crop_0056.npy,MIGHTEE_Continuum_DR1_XMMLSS_8p9arcsec_I_v1.1,-1.0886371455853805e-05,0.001032640808261931
MIGHTEE_Continuum_DR1_XMMLSS_8p9arcsec_I_v1.1_crop_0057.npy,MIGHTEE_Continuum_DR1_XMMLSS_8p9arcsec_I_v1.1,-1.0886371455853805e-05,0.001032640808261931
MIGHTEE_Continuum_DR1_XMMLSS_8p9arcsec_I_v1.1_crop_0058.npy,MIGHTEE_Continuum_DR1_XMMLSS_8p9arcsec_I_v1.1,-1.0886371455853805e-05,0.001032640808261931
MIGHTEE_Continuum_DR1_XMMLSS_8p9arcsec_I_v1.1_crop_0059.npy,MIGHTEE_Continuum_DR1_XMMLSS_8p9arcsec_I_v1.1,-1.0886371455853805e-05,0.001032640808261931
MIGHTEE_Continuum_DR1_XMMLSS_8p9arcsec_I_v1.1_crop_0060.npy,MIGHTEE_Continuum_DR1_XMMLSS_8p9arcsec_I_v1.1,-1.0886371455853805e-05,0.001032640808261931
MIGHTEE_Continuum_DR1_XMMLSS_8p9arcsec_I_v1.1_crop_0061.npy,MIGHTEE_Continuum_DR1_XMMLSS_8p9arcsec_I_v1.1,-1.0886371455853805e-05,0.001032640808261931
MIGHTEE_Continuum_DR1_XMMLSS_8p9arcsec_I_v1.1_crop_0062.npy,MIGHTEE_Continuum_DR1_XMMLSS_8p9arcsec_I_v1.1,-1.0886371455853805e-05,0.001032640808261931
MIGHTEE_Continuum_DR1_XMMLSS_8p9arcsec_I_v1.1_crop_0063.npy,MIGHTEE_Continuum_DR1_XMMLSS_8p9arcsec_I_v1.1,-1.0886371455853805e-05,0.001032640808261931
MIGHTEE_Continuum_DR1_XMMLSS_8p9arcsec_I_v1.1_crop_0064.npy,MIGHTEE_Continuum_DR1_XMMLSS_8p9arcsec_I_v1.1,-1.0886371455853805e-05,0.001032640808261931
MIGHTEE_Continuum_DR1_XMMLSS_8p9arcsec_I_v1.1_crop_0065.npy,MIGHTEE_Continuum_DR1_XMMLSS_8p9arcsec_I_v1.1,-1.0886371455853805e-05,0.001032640808261931
MIGHTEE_Continuum_DR1_XMMLSS_8p9arcsec_I_v1.1_crop_0066.npy,MIGHTEE_Continuum_DR1_XMMLSS_8p9arcsec_I_v1.1,-1.0886371455853805e-05,0.001032640808261931
MIGHTEE_Continuum_DR1_XMMLSS_8p9arcsec_I_v1.1_crop_0067.npy,MIGHTEE_Continuum_DR1_XMMLSS_8p9arcsec_I_v1.1,-1.0886371455853805e-05,0.001032640808261931
MIGHTEE_Continuum_DR1_XMMLSS_8p9arcsec_I_v1.1_crop_0068.npy,MIGHTEE_Continuum_DR1_XMMLSS_8p9arcsec_I_v1.1,-1.0886371455853805e-05,0.001032640808261931
MIGHTEE_Continuum_DR1_XMMLSS_8p9arcsec_I_v1.1_crop_0069.npy,MIGHTEE_Continuum_DR1_XMMLSS_8p9arcsec_I_v1.1,-1.0886371455853805e-05,0.001032640808261931
MIGHTEE_Continuum_DR1_XMMLSS_8p9arcsec_I_v1.1_crop_0070.npy,MIGHTEE_Continuum_DR1_XMMLSS_8p9arcsec_I_v1.1,-1.0886371455853805e-05,0.001032640808261931
MIGHTEE_Continuum_DR1_XMMLSS_8p9arcsec_I_v1.1_crop_0071.npy,MIGHTEE_Continuum_DR1_XMMLSS_8p9arcsec_I_v1.1,-1.0886371455853805e-05,0.001032640808261931
MIGHTEE_Continuum_DR1_XMMLSS_8p9arcsec_I_v1.1_crop_0072.npy,MIGHTEE_Continuum_DR1_XMMLSS_8p9arcsec_I_v1.1,-1.0886371455853805e-05,0.001032640808261931
MIGHTEE_Continuum_DR1_XMMLSS_8p9arcsec_I_v1.1_crop_0073.npy,MIGHTEE_Continuum_DR1_XMMLSS_8p9arcsec_I_v1.1,-1.0886371455853805e-05,0.001032640808261931
MIGHTEE_Continuum_DR1_XMMLSS_8p9arcsec_I_v1.1_crop_0074.npy,MIGHTEE_Continuum_DR1_XMMLSS_8p9arcsec_I_v1.1,-1.0886371455853805e-05,0.001032640808261931
MIGHTEE_Continuum_DR1_XMMLSS_8p9arcsec_I_v1.1_crop_0075.npy,MIGHTEE_Continuum_DR1_XMMLSS_8p9arcsec_I_v1.1,-1.0886371455853805e-05,0.001032640808261931
MIGHTEE_Continuum_DR1_XMMLSS_8p9arcsec_I_v1.1_crop_0076.npy,MIGHTEE_Continuum_DR1_XMMLSS_8p9arcsec_I_v1.1,-1.0886371455853805e-05,0.001032640808261931
MIGHTEE_Continuum_DR1_XMMLSS_8p9arcsec_I_v1.1_crop_0077.npy,MIGHTEE_Continuum_DR1_XMMLSS_8p9arcsec_I_v1.1,-1.0886371455853805e-05,0.001032640808261931
MIGHTEE_Continuum_DR1_XMMLSS_8p9arcsec_I_v1.1_crop_0078.npy,MIGHTEE_Continuum_DR1_XMMLSS_8p9arcsec_I_v1.1,-1.0886371455853805e-05,0.001032640808261931
MIGHTEE_Continuum_DR1_XMMLSS_8p9arcsec_I_v1.1_crop_0079.npy,MIGHTEE_Continuum_DR1_XMMLSS_8p9arcsec_I_v1.1,-1.0886371455853805e-05,0.001032640808261931
MIGHTEE_Continuum_DR1_XMMLSS_8p9arcsec_I_v1.1_crop_0080.npy,MIGHTEE_Continuum_DR1_XMMLSS_8p9arcsec_I_v1.1,-1.0886371455853805e-05,0.001032640808261931
MIGHTEE_Continuum_DR1_XMMLSS_8p9arcsec_I_v1.1_crop_0081.npy,MIGHTEE_Continuum_DR1_XMMLSS_8p9arcsec_I_v1.1,-1.0886371455853805e-05,0.001032640808261931
MIGHTEE_Continuum_DR1_XMMLSS_8p9arcsec_I_v1.1_crop_0082.npy,MIGHTEE_Continuum_DR1_XMMLSS_8p9arcsec_I_v1.1,-1.0886371455853805e-05,0.001032640808261931
MIGHTEE_Continuum_DR1_XMMLSS_8p9arcsec_I_v1.1_crop_0083.npy,MIGHTEE_Continuum_DR1_XMMLSS_8p9arcsec_I_v1.1,-1.0886371455853805e-05,0.001032640808261931
MIGHTEE_Continuum_DR1_XMMLSS_8p9arcsec_I_v1.1_crop_0084.npy,MIGHTEE_Continuum_DR1_XMMLSS_8p9arcsec_I_v1.1,-1.0886371455853805e-05,0.001032640808261931
MIGHTEE_Continuum_DR1_XMMLSS_8p9arcsec_I_v1.1_crop_0085.npy,MIGHTEE_Continuum_DR1_XMMLSS_8p9arcsec_I_v1.1,-1.0886371455853805e-05,0.001032640808261931
MIGHTEE_Continuum_DR1_XMMLSS_8p9arcsec_I_v1.1_crop_0086.npy,MIGHTEE_Continuum_DR1_XMMLSS_8p9arcsec_I_v1.1,-1.0886371455853805e-05,0.001032640808261931
MIGHTEE_Continuum_DR1_XMMLSS_8p9arcsec_I_v1.1_crop_0087.npy,MIGHTEE_Continuum_DR1_XMMLSS_8p9arcsec_I_v1.1,-1.0886371455853805e-05,0.001032640808261931
MIGHTEE_Continuum_DR1_XMMLSS_8p9arcsec_I_v1.1_crop_0088.npy,MIGHTEE_Continuum_DR1_XMMLSS_8p9arcsec_I_v1.1,-1.0886371455853805e-05,0.001032640808261931
MIGHTEE_Continuum_DR1_XMMLSS_8p9arcsec_I_v1.1_crop_0089.npy,MIGHTEE_Continuum_DR1_XMMLSS_8p9arcsec_I_v1.1,-1.0886371455853805e-05,0.001032640808261931
MIGHTEE_Continuum_DR1_XMMLSS_8p9arcsec_I_v1.1_crop_0090.npy,MIGHTEE_Continuum_DR1_XMMLSS_8p9arcsec_I_v1.1,-1.0886371455853805e-05,0.001032640808261931
MIGHTEE_Continuum_DR1_XMMLSS_8p9arcsec_I_v1.1_crop_0091.npy,MIGHTEE_Continuum_DR1_XMMLSS_8p9arcsec_I_v1.1,-1.0886371455853805e-05,0.001032640808261931
MIGHTEE_Continuum_DR1_XMMLSS_8p9arcsec_I_v1.1_crop_0092.npy,MIGHTEE_Continuum_DR1_XMMLSS_8p9arcsec_I_v1.1,-1.0886371455853805e-05,0.001032640808261931
MIGHTEE_Continuum_DR1_XMMLSS_8p9arcsec_I_v1.1_crop_0093.npy,MIGHTEE_Continuum_DR1_XMMLSS_8p9arcsec_I_v1.1,-1.0886371455853805e-05,0.001032640808261931
MIGHTEE_Continuum_DR1_XMMLSS_8p9arcsec_I_v1.1_crop_0094.npy,MIGHTEE_Continuum_DR1_XMMLSS_8p9arcsec_I_v1.1,-1.0886371455853805e-05,0.001032640808261931
MIGHTEE_Continuum_DR1_XMMLSS_8p9arcsec_I_v1.1_crop_0095.npy,MIGHTEE_Continuum_DR1_XMMLSS_8p9arcsec_I_v1.1,-1.0886371455853805e-05,0.001032640808261931
MIGHTEE_Continuum_DR1_XMMLSS_8p9arcsec_I_v1.1_crop_0096.npy,MIGHTEE_Continuum_DR1_XMMLSS_8p9arcsec_I_v1.1,-1.0886371455853805e-05,0.001032640808261931
MIGHTEE_Continuum_DR1_XMMLSS_8p9arcsec_I_v1.1_crop_0097.npy,MIGHTEE_Continuum_DR1_XMMLSS_8p9arcsec_I_v1.1,-1.0886371455853805e-05,0.001032640808261931
MIGHTEE_Continuum_DR1_XMMLSS_8p9arcsec_I_v1.1_crop_0098.npy,MIGHTEE_Continuum_DR1_XMMLSS_8p9arcsec_I_v1.1,-1.0886371455853805e-05,0.001032640808261931
MIGHTEE_Continuum_DR1_XMMLSS_8p9arcsec_I_v1.1_crop_0099.npy,MIGHTEE_Continuum_DR1_XMMLSS_8p9arcsec_I_v1.1,-1.0886371455853805e-05,0.001032640808261931
MIGHTEE_Continuum_DR1_XMMLSS_8p9arcsec_I_v1.1_crop_0100.npy,MIGHTEE_Continuum_DR1_XMMLSS_8p9arcsec_I_v1.1,-1.0886371455853805e-05,0.001032640808261931
MIGHTEE_Continuum_DR1_XMMLSS_8p9arcsec_I_v1.1_crop_0101.npy,MIGHTEE_Continuum_DR1_XMMLSS_8p9arcsec_I_v1.1,-1.0886371455853805e-05,0.001032640808261931
MIGHTEE_Continuum_DR1_XMMLSS_8p9arcsec_I_v1.1_crop_0102.npy,MIGHTEE_Continuum_DR1_XMMLSS_8p9arcsec_I_v1.1,-1.0886371455853805e-05,0.001032640808261931
MIGHTEE_Continuum_DR1_XMMLSS_8p9arcsec_I_v1.1_crop_0103.npy,MIGHTEE_Continuum_DR1_XMMLSS_8p9arcsec_I_v1.1,-1.0886371455853805e-05,0.001032640808261931
MIGHTEE_Continuum_DR1_XMMLSS_8p9arcsec_I_v1.1_crop_0104.npy,MIGHTEE_Continuum_DR1_XMMLSS_8p9arcsec_I_v1.1,-1.0886371455853805e-05,0.001032640808261931
MIGHTEE_Continuum_DR1_XMMLSS_8p9arcsec_I_v1.1_crop_0105.npy,MIGHTEE_Continuum_DR1_XMMLSS_8p9arcsec_I_v1.1,-1.0886371455853805e-05,0.001032640808261931
MIGHTEE_Continuum_DR1_XMMLSS_8p9arcsec_I_v1.1_crop_0106.npy,MIGHTEE_Continuum_DR1_XMMLSS_8p9arcsec_I_v1.1,-1.0886371455853805e-05,0.001032640808261931
MIGHTEE_Continuum_DR1_XMMLSS_8p9arcsec_I_v1.1_crop_0107.npy,MIGHTEE_Continuum_DR1_XMMLSS_8p9arcsec_I_v1.1,-1.0886371455853805e-05,0.001032640808261931
MIGHTEE_Continuum_DR1_XMMLSS_8p9arcsec_I_v1.1_crop_0108.npy,MIGHTEE_Continuum_DR1_XMMLSS_8p9arcsec_I_v1.1,-1.0886371455853805e-05,0.001032640808261931
MIGHTEE_Continuum_DR1_XMMLSS_8p9arcsec_I_v1.1_crop_0109.npy,MIGHTEE_Continuum_DR1_XMMLSS_8p9arcsec_I_v1.1,-1.0886371455853805e-05,0.001032640808261931
MIGHTEE_Continuum_DR1_XMMLSS_8p9arcsec_I_v1.1_crop_0110.npy,MIGHTEE_Continuum_DR1_XMMLSS_8p9arcsec_I_v1.1,-1.0886371455853805e-05,0.001032640808261931
MIGHTEE_Continuum_DR1_XMMLSS_8p9arcsec_I_v1.1_crop_0111.npy,MIGHTEE_Continuum_DR1_XMMLSS_8p9arcsec_I_v1.1,-1.0886371455853805e-05,0.001032640808261931
MIGHTEE_Continuum_DR1_XMMLSS_8p9arcsec_I_v1.1_crop_0112.npy,MIGHTEE_Continuum_DR1_XMMLSS_8p9arcsec_I_v1.1,-1.0886371455853805e-05,0.001032640808261931
MIGHTEE_Continuum_DR1_XMMLSS_8p9arcsec_I_v1.1_crop_0113.npy,MIGHTEE_Continuum_DR1_XMMLSS_8p9arcsec_I_v1.1,-1.0886371455853805e-05,0.001032640808261931
MIGHTEE_Continuum_DR1_XMMLSS_8p9arcsec_I_v1.1_crop_0114.npy,MIGHTEE_Continuum_DR1_XMMLSS_8p9arcsec_I_v1.1,-1.0886371455853805e-05,0.001032640808261931
MIGHTEE_Continuum_DR1_XMMLSS_8p9arcsec_I_v1.1_crop_0115.npy,MIGHTEE_Continuum_DR1_XMMLSS_8p9arcsec_I_v1.1,-1.0886371455853805e-05,0.001032640808261931
MIGHTEE_Continuum_DR1_XMMLSS_8p9arcsec_I_v1.1_crop_0116.npy,MIGHTEE_Continuum_DR1_XMMLSS_8p9arcsec_I_v1.1,-1.0886371455853805e-05,0.001032640808261931
MIGHTEE_Continuum_DR1_XMMLSS_8p9arcsec_I_v1.1_crop_0117.npy,MIGHTEE_Continuum_DR1_XMMLSS_8p9arcsec_I_v1.1,-1.0886371455853805e-05,0.001032640808261931
MIGHTEE_Continuum_DR1_XMMLSS_8p9arcsec_I_v1.1_crop_0118.npy,MIGHTEE_Continuum_DR1_XMMLSS_8p9arcsec_I_v1.1,-1.0886371455853805e-05,0.001032640808261931
MIGHTEE_Continuum_DR1_XMMLSS_8p9arcsec_I_v1.1_crop_0119.npy,MIGHTEE_Continuum_DR1_XMMLSS_8p9arcsec_I_v1.1,-1.0886371455853805e-05,0.001032640808261931
MIGHTEE_Continuum_DR1_XMMLSS_8p9arcsec_I_v1.1_crop_0120.npy,MIGHTEE_Continuum_DR1_XMMLSS_8p9arcsec_I_v1.1,-1.0886371455853805e-05,0.001032640808261931
MIGHTEE_Continuum_DR1_XMMLSS_8p9arcsec_I_v1.1_crop_0121.npy,MIGHTEE_Continuum_DR1_XMMLSS_8p9arcsec_I_v1.1,-1.0886371455853805e-05,0.001032640808261931
MIGHTEE_Continuum_DR1_XMMLSS_8p9arcsec_I_v1.1_crop_0122.npy,MIGHTEE_Continuum_DR1_XMMLSS_8p9arcsec_I_v1.1,-1.0886371455853805e-05,0.001032640808261931
MIGHTEE_Continuum_DR1_XMMLSS_8p9arcsec_I_v1.1_crop_0123.npy,MIGHTEE_Continuum_DR1_XMMLSS_8p9arcsec_I_v1.1,-1.0886371455853805e-05,0.001032640808261931
MIGHTEE_Continuum_DR1_XMMLSS_8p9arcsec_I_v1.1_crop_0124.npy,MIGHTEE_Continuum_DR1_XMMLSS_8p9arcsec_I_v1.1,-1.0886371455853805e-05,0.001032640808261931
MIGHTEE_Continuum_DR1_XMMLSS_8p9arcsec_I_v1.1_crop_0125.npy,MIGHTEE_Continuum_DR1_XMMLSS_8p9arcsec_I_v1.1,-1.0886371455853805e-05,0.001032640808261931
MIGHTEE_Continuum_DR1_XMMLSS_8p9arcsec_I_v1.1_crop_0126.npy,MIGHTEE_Continuum_DR1_XMMLSS_8p9arcsec_I_v1.1,-1.0886371455853805e-05,0.001032640808261931
MIGHTEE_Continuum_DR1_XMMLSS_8p9arcsec_I_v1.1_crop_0127.npy,MIGHTEE_Continuum_DR1_XMMLSS_8p9arcsec_I_v1.1,-1.0886371455853805e-05,0.001032640808261931
MIGHTEE_Continuum_DR1_XMMLSS_8p9arcsec_I_v1.1_crop_0128.npy,MIGHTEE_Continuum_DR1_XMMLSS_8p9arcsec_I_v1.1,-1.0886371455853805e-05,0.001032640808261931
MIGHTEE_Continuum_DR1_XMMLSS_8p9arcsec_I_v1.1_crop_0129.npy,MIGHTEE_Continuum_DR1_XMMLSS_8p9arcsec_I_v1.1,-1.0886371455853805e-05,0.001032640808261931
MIGHTEE_Continuum_DR1_XMMLSS_8p9arcsec_I_v1.1_crop_0130.npy,MIGHTEE_Continuum_DR1_XMMLSS_8p9arcsec_I_v1.1,-1.0886371455853805e-05,0.001032640808261931
MIGHTEE_Continuum_DR1_XMMLSS_8p9arcsec_I_v1.1_crop_0131.npy,MIGHTEE_Continuum_DR1_XMMLSS_8p9arcsec_I_v1.1,-1.0886371455853805e-05,0.001032640808261931
MIGHTEE_Continuum_DR1_XMMLSS_8p9arcsec_I_v1.1_crop_0132.npy,MIGHTEE_Continuum_DR1_XMMLSS_8p9arcsec_I_v1.1,-1.0886371455853805e-05,0.001032640808261931
MIGHTEE_Continuum_DR1_XMMLSS_8p9arcsec_I_v1.1_crop_0133.npy,MIGHTEE_Continuum_DR1_XMMLSS_8p9arcsec_I_v1.1,-1.0886371455853805e-05,0.001032640808261931
MIGHTEE_Continuum_DR1_XMMLSS_8p9arcsec_I_v1.1_crop_0134.npy,MIGHTEE_Continuum_DR1_XMMLSS_8p9arcsec_I_v1.1,-1.0886371455853805e-05,0.001032640808261931
MIGHTEE_Continuum_DR1_XMMLSS_8p9arcsec_I_v1.1_crop_0135.npy,MIGHTEE_Continuum_DR1_XMMLSS_8p9arcsec_I_v1.1,-1.0886371455853805e-05,0.001032640808261931
MIGHTEE_Continuum_DR1_XMMLSS_8p9arcsec_I_v1.1_crop_0136.npy,MIGHTEE_Continuum_DR1_XMMLSS_8p9arcsec_I_v1.1,-1.0886371455853805e-05,0.001032640808261931
MIGHTEE_Continuum_DR1_XMMLSS_8p9arcsec_I_v1.1_crop_0137.npy,MIGHTEE_Continuum_DR1_XMMLSS_8p9arcsec_I_v1.1,-1.0886371455853805e-05,0.001032640808261931
MIGHTEE_Continuum_DR1_XMMLSS_8p9arcsec_I_v1.1_crop_0138.npy,MIGHTEE_Continuum_DR1_XMMLSS_8p9arcsec_I_v1.1,-1.0886371455853805e-05,0.001032640808261931
MIGHTEE_Continuum_DR1_XMMLSS_8p9arcsec_I_v1.1_crop_0139.npy,MIGHTEE_Continuum_DR1_XMMLSS_8p9arcsec_I_v1.1,-1.0886371455853805e-05,0.001032640808261931
MIGHTEE_Continuum_DR1_XMMLSS_8p9arcsec_I_v1.1_crop_0140.npy,MIGHTEE_Continuum_DR1_XMMLSS_8p9arcsec_I_v1.1,-1.0886371455853805e-05,0.001032640808261931
MIGHTEE_Continuum_DR1_XMMLSS_8p9arcsec_I_v1.1_crop_0141.npy,MIGHTEE_Continuum_DR1_XMMLSS_8p9arcsec_I_v1.1,-1.0886371455853805e-05,0.001032640808261931
MIGHTEE_Continuum_DR1_XMMLSS_8p9arcsec_I_v1.1_crop_0142.npy,MIGHTEE_Continuum_DR1_XMMLSS_8p9arcsec_I_v1.1,-1.0886371455853805e-05,0.001032640808261931
MIGHTEE_Continuum_DR1_XMMLSS_8p9arcsec_I_v1.1_crop_0143.npy,MIGHTEE_Continuum_DR1_XMMLSS_8p9arcsec_I_v1.1,-1.0886371455853805e-05,0.001032640808261931
MIGHTEE_Continuum_DR1_XMMLSS_8p9arcsec_I_v1.1_crop_0144.npy,MIGHTEE_Continuum_DR1_XMMLSS_8p9arcsec_I_v1.1,-1.0886371455853805e-05,0.001032640808261931
MIGHTEE_Continuum_DR1_XMMLSS_8p9arcsec_I_v1.1_crop_0145.npy,MIGHTEE_Continuum_DR1_XMMLSS_8p9arcsec_I_v1.1,-1.0886371455853805e-05,0.001032640808261931
MIGHTEE_Continuum_DR1_XMMLSS_8p9arcsec_I_v1.1_crop_0146.npy,MIGHTEE_Continuum_DR1_XMMLSS_8p9arcsec_I_v1.1,-1.0886371455853805e-05,0.001032640808261931
MIGHTEE_Continuum_DR1_XMMLSS_8p9arcsec_I_v1.1_crop_0147.npy,MIGHTEE_Continuum_DR1_XMMLSS_8p9arcsec_I_v1.1,-1.0886371455853805e-05,0.001032640808261931
MIGHTEE_Continuum_DR1_XMMLSS_8p9arcsec_I_v1.1_crop_0148.npy,MIGHTEE_Continuum_DR1_XMMLSS_8p9arcsec_I_v1.1,-1.0886371455853805e-05,0.001032640808261931
MIGHTEE_Continuum_DR1_XMMLSS_8p9arcsec_I_v1.1_crop_0149.npy,MIGHTEE_Continuum_DR1_XMMLSS_8p9arcsec_I_v1.1,-1.0886371455853805e-05,0.001032640808261931
MIGHTEE_Continuum_DR1_XMMLSS_8p9arcsec_I_v1.1_crop_0150.npy,MIGHTEE_Continuum_DR1_XMMLSS_8p9arcsec_I_v1.1,-1.0886371455853805e-05,0.001032640808261931
MIGHTEE_Continuum_DR1_XMMLSS_8p9arcsec_I_v1.1_crop_0151.npy,MIGHTEE_Continuum_DR1_XMMLSS_8p9arcsec_I_v1.1,-1.0886371455853805e-05,0.001032640808261931
MIGHTEE_Continuum_DR1_XMMLSS_8p9arcsec_I_v1.1_crop_0152.npy,MIGHTEE_Continuum_DR1_XMMLSS_8p9arcsec_I_v1.1,-1.0886371455853805e-05,0.001032640808261931
MIGHTEE_Continuum_DR1_XMMLSS_8p9arcsec_I_v1.1_crop_0153.npy,MIGHTEE_Continuum_DR1_XMMLSS_8p9arcsec_I_v1.1,-1.0886371455853805e-05,0.001032640808261931
MIGHTEE_Continuum_DR1_XMMLSS_8p9arcsec_I_v1.1_crop_0154.npy,MIGHTEE_Continuum_DR1_XMMLSS_8p9arcsec_I_v1.1,-1.0886371455853805e-05,0.001032640808261931
MIGHTEE_Continuum_DR1_XMMLSS_8p9arcsec_I_v1.1_crop_0155.npy,MIGHTEE_Continuum_DR1_XMMLSS_8p9arcsec_I_v1.1,-1.0886371455853805e-05,0.001032640808261931
MIGHTEE_Continuum_DR1_XMMLSS_8p9arcsec_I_v1.1_crop_0156.npy,MIGHTEE_Continuum_DR1_XMMLSS_8p9arcsec_I_v1.1,-1.0886371455853805e-05,0.001032640808261931
MIGHTEE_Continuum_DR1_XMMLSS_8p9arcsec_I_v1.1_crop_0157.npy,MIGHTEE_Continuum_DR1_XMMLSS_8p9arcsec_I_v1.1,-1.0886371455853805e-05,0.001032640808261931
MIGHTEE_Continuum_DR1_XMMLSS_8p9arcsec_I_v1.1_crop_0158.npy,MIGHTEE_Continuum_DR1_XMMLSS_8p9arcsec_I_v1.1,-1.0886371455853805e-05,0.001032640808261931
MIGHTEE_Continuum_DR1_XMMLSS_8p9arcsec_I_v1.1_crop_0159.npy,MIGHTEE_Continuum_DR1_XMMLSS_8p9arcsec_I_v1.1,-1.0886371455853805e-05,0.001032640808261931
MIGHTEE_Continuum_DR1_XMMLSS_8p9arcsec_I_v1.1_crop_0160.npy,MIGHTEE_Continuum_DR1_XMMLSS_8p9arcsec_I_v1.1,-1.0886371455853805e-05,0.001032640808261931
MIGHTEE_Continuum_DR1_XMMLSS_8p9arcsec_I_v1.1_crop_0161.npy,MIGHTEE_Continuum_DR1_XMMLSS_8p9arcsec_I_v1.1,-1.0886371455853805e-05,0.001032640808261931
MIGHTEE_Continuum_DR1_XMMLSS_8p9arcsec_I_v1.1_crop_0162.npy,MIGHTEE_Continuum_DR1_XMMLSS_8p9arcsec_I_v1.1,-1.0886371455853805e-05,0.001032640808261931
MIGHTEE_Continuum_DR1_XMMLSS_8p9arcsec_I_v1.1_crop_0163.npy,MIGHTEE_Continuum_DR1_XMMLSS_8p9arcsec_I_v1.1,-1.0886371455853805e-05,0.001032640808261931
MIGHTEE_Continuum_DR1_XMMLSS_8p9arcsec_I_v1.1_crop_0164.npy,MIGHTEE_Continuum_DR1_XMMLSS_8p9arcsec_I_v1.1,-1.0886371455853805e-05,0.001032640808261931
MIGHTEE_Continuum_DR1_XMMLSS_8p9arcsec_I_v1.1_crop_0165.npy,MIGHTEE_Continuum_DR1_XMMLSS_8p9arcsec_I_v1.1,-1.0886371455853805e-05,0.001032640808261931
MIGHTEE_Continuum_DR1_XMMLSS_8p9arcsec_I_v1.1_crop_0166.npy,MIGHTEE_Continuum_DR1_XMMLSS_8p9arcsec_I_v1.1,-1.0886371455853805e-05,0.001032640808261931
MIGHTEE_Continuum_DR1_XMMLSS_8p9arcsec_I_v1.1_crop_0167.npy,MIGHTEE_Continuum_DR1_XMMLSS_8p9arcsec_I_v1.1,-1.0886371455853805e-05,0.001032640808261931
MIGHTEE_Continuum_DR1_XMMLSS_8p9arcsec_I_v1.1_crop_0168.npy,MIGHTEE_Continuum_DR1_XMMLSS_8p9arcsec_I_v1.1,-1.0886371455853805e-05,0.001032640808261931
MIGHTEE_Continuum_DR1_XMMLSS_8p9arcsec_I_v1.1_crop_0169.npy,MIGHTEE_Continuum_DR1_XMMLSS_8p9arcsec_I_v1.1,-1.0886371455853805e-05,0.001032640808261931
MIGHTEE_Continuum_DR1_XMMLSS_8p9arcsec_I_v1.1_crop_0170.npy,MIGHTEE_Continuum_DR1_XMMLSS_8p9arcsec_I_v1.1,-1.0886371455853805e-05,0.001032640808261931
MIGHTEE_Continuum_DR1_XMMLSS_8p9arcsec_I_v1.1_crop_0171.npy,MIGHTEE_Continuum_DR1_XMMLSS_8p9arcsec_I_v1.1,-1.0886371455853805e-05,0.001032640808261931
MIGHTEE_Continuum_DR1_XMMLSS_8p9arcsec_I_v1.1_crop_0172.npy,MIGHTEE_Continuum_DR1_XMMLSS_8p9arcsec_I_v1.1,-1.0886371455853805e-05,0.001032640808261931
MIGHTEE_Continuum_DR1_XMMLSS_8p9arcsec_I_v1.1_crop_0173.npy,MIGHTEE_Continuum_DR1_XMMLSS_8p9arcsec_I_v1.1,-1.0886371455853805e-05,0.001032640808261931
MIGHTEE_Continuum_DR1_XMMLSS_8p9arcsec_I_v1.1_crop_0174.npy,MIGHTEE_Continuum_DR1_XMMLSS_8p9arcsec_I_v1.1,-1.0886371455853805e-05,0.001032640808261931
MIGHTEE_Continuum_DR1_XMMLSS_8p9arcsec_I_v1.1_crop_0175.npy,MIGHTEE_Continuum_DR1_XMMLSS_8p9arcsec_I_v1.1,-1.0886371455853805e-05,0.001032640808261931
MIGHTEE_Continuum_DR1_XMMLSS_8p9arcsec_I_v1.1_crop_0176.npy,MIGHTEE_Continuum_DR1_XMMLSS_8p9arcsec_I_v1.1,-1.0886371455853805e-05,0.001032640808261931
MIGHTEE_Continuum_DR1_XMMLSS_8p9arcsec_I_v1.1_crop_0177.npy,MIGHTEE_Continuum_DR1_XMMLSS_8p9arcsec_I_v1.1,-1.0886371455853805e-05,0.001032640808261931
MIGHTEE_Continuum_DR1_XMMLSS_8p9arcsec_I_v1.1_crop_0178.npy,MIGHTEE_Continuum_DR1_XMMLSS_8p9arcsec_I_v1.1,-1.0886371455853805e-05,0.001032640808261931
MIGHTEE_Continuum_DR1_XMMLSS_8p9arcsec_I_v1.1_crop_0179.npy,MIGHTEE_Continuum_DR1_XMMLSS_8p9arcsec_I_v1.1,-1.0886371455853805e-05,0.001032640808261931
MIGHTEE_Continuum_DR1_XMMLSS_8p9arcsec_I_v1.1_crop_0180.npy,MIGHTEE_Continuum_DR1_XMMLSS_8p9arcsec_I_v1.1,-1.0886371455853805e-05,0.001032640808261931
MIGHTEE_Continuum_DR1_XMMLSS_8p9arcsec_I_v1.1_crop_0181.npy,MIGHTEE_Continuum_DR1_XMMLSS_8p9arcsec_I_v1.1,-1.0886371455853805e-05,0.001032640808261931
MIGHTEE_Continuum_DR1_XMMLSS_8p9arcsec_I_v1.1_crop_0182.npy,MIGHTEE_Continuum_DR1_XMMLSS_8p9arcsec_I_v1.1,-1.0886371455853805e-05,0.001032640808261931
MIGHTEE_Continuum_DR1_XMMLSS_8p9arcsec_I_v1.1_crop_0183.npy,MIGHTEE_Continuum_DR1_XMMLSS_8p9arcsec_I_v1.1,-1.0886371455853805e-05,0.001032640808261931
MIGHTEE_Continuum_DR1_XMMLSS_8p9arcsec_I_v1.1_crop_0184.npy,MIGHTEE_Continuum_DR1_XMMLSS_8p9arcsec_I_v1.1,-1.0886371455853805e-05,0.001032640808261931
MIGHTEE_Continuum_DR1_XMMLSS_8p9arcsec_I_v1.1_crop_0185.npy,MIGHTEE_Continuum_DR1_XMMLSS_8p9arcsec_I_v1.1,-1.0886371455853805e-05,0.001032640808261931
MIGHTEE_Continuum_DR1_XMMLSS_8p9arcsec_I_v1.1_crop_0186.npy,MIGHTEE_Continuum_DR1_XMMLSS_8p9arcsec_I_v1.1,-1.0886371455853805e-05,0.001032640808261931
MIGHTEE_Continuum_DR1_XMMLSS_8p9arcsec_I_v1.1_crop_0187.npy,MIGHTEE_Continuum_DR1_XMMLSS_8p9arcsec_I_v1.1,-1.0886371455853805e-05,0.001032640808261931
MIGHTEE_Continuum_DR1_XMMLSS_8p9arcsec_I_v1.1_crop_0188.npy,MIGHTEE_Continuum_DR1_XMMLSS_8p9arcsec_I_v1.1,-1.0886371455853805e-05,0.001032640808261931
MIGHTEE_Continuum_DR1_XMMLSS_8p9arcsec_I_v1.1_crop_0189.npy,MIGHTEE_Continuum_DR1_XMMLSS_8p9arcsec_I_v1.1,-1.0886371455853805e-05,0.001032640808261931
MIGHTEE_Continuum_DR1_XMMLSS_8p9arcsec_I_v1.1_crop_0190.npy,MIGHTEE_Continuum_DR1_XMMLSS_8p9arcsec_I_v1.1,-1.0886371455853805e-05,0.001032640808261931
MIGHTEE_Continuum_DR1_XMMLSS_8p9arcsec_I_v1.1_crop_0191.npy,MIGHTEE_Continuum_DR1_XMMLSS_8p9arcsec_I_v1.1,-1.0886371455853805e-05,0.001032640808261931
MIGHTEE_Continuum_DR1_XMMLSS_8p9arcsec_I_v1.1_crop_0192.npy,MIGHTEE_Continuum_DR1_XMMLSS_8p9arcsec_I_v1.1,-1.0886371455853805e-05,0.001032640808261931
MIGHTEE_Continuum_DR1_XMMLSS_8p9arcsec_I_v1.1_crop_0193.npy,MIGHTEE_Continuum_DR1_XMMLSS_8p9arcsec_I_v1.1,-1.0886371455853805e-05,0.001032640808261931
MIGHTEE_Continuum_DR1_XMMLSS_8p9arcsec_I_v1.1_crop_0194.npy,MIGHTEE_Continuum_DR1_XMMLSS_8p9arcsec_I_v1.1,-1.0886371455853805e-05,0.001032640808261931
MIGHTEE_Continuum_DR1_XMMLSS_8p9arcsec_I_v1.1_crop_0195.npy,MIGHTEE_Continuum_DR1_XMMLSS_8p9arcsec_I_v1.1,-1.0886371455853805e-05,0.001032640808261931
MIGHTEE_Continuum_DR1_XMMLSS_8p9arcsec_I_v1.1_crop_0196.npy,MIGHTEE_Continuum_DR1_XMMLSS_8p9arcsec_I_v1.1,-1.0886371455853805e-05,0.001032640808261931
MIGHTEE_Continuum_DR1_XMMLSS_8p9arcsec_I_v1.1_crop_0197.npy,MIGHTEE_Continuum_DR1_XMMLSS_8p9arcsec_I_v1.1,-1.0886371455853805e-05,0.001032640808261931
MIGHTEE_Continuum_DR1_XMMLSS_8p9arcsec_I_v1.1_crop_0198.npy,MIGHTEE_Continuum_DR1_XMMLSS_8p9arcsec_I_v1.1,-1.0886371455853805e-05,0.001032640808261931
MIGHTEE_Continuum_DR1_XMMLSS_8p9arcsec_I_v1.1_crop_0199.npy,MIGHTEE_Continuum_DR1_XMMLSS_8p9arcsec_I_v1.1,-1.0886371455853805e-05,0.001032640808261931
MIGHTEE_Continuum_DR1_XMMLSS_8p9arcsec_I_v1.1_crop_0200.npy,MIGHTEE_Continuum_DR1_XMMLSS_8p9arcsec_I_v1.1,-1.0886371455853805e-05,0.001032640808261931
MIGHTEE_Continuum_DR1_XMMLSS_8p9arcsec_I_v1.1_crop_0201.npy,MIGHTEE_Continuum_DR1_XMMLSS_8p9arcsec_I_v1.1,-1.0886371455853805e-05,0.001032640808261931
MIGHTEE_Continuum_DR1_XMMLSS_8p9arcsec_I_v1.1_crop_0202.npy,MIGHTEE_Continuum_DR1_XMMLSS_8p9arcsec_I_v1.1,-1.0886371455853805e-05,0.001032640808261931
MIGHTEE_Continuum_DR1_XMMLSS_8p9arcsec_I_v1.1_crop_0203.npy,MIGHTEE_Continuum_DR1_XMMLSS_8p9arcsec_I_v1.1,-1.0886371455853805e-05,0.001032640808261931
MIGHTEE_Continuum_DR1_XMMLSS_8p9arcsec_I_v1.1_crop_0204.npy,MIGHTEE_Continuum_DR1_XMMLSS_8p9arcsec_I_v1.1,-1.0886371455853805e-05,0.001032640808261931
MIGHTEE_Continuum_DR1_XMMLSS_8p9arcsec_I_v1.1_crop_0205.npy,MIGHTEE_Continuum_DR1_XMMLSS_8p9arcsec_I_v1.1,-1.0886371455853805e-05,0.001032640808261931
MIGHTEE_Continuum_DR1_XMMLSS_8p9arcsec_I_v1.1_crop_0206.npy,MIGHTEE_Continuum_DR1_XMMLSS_8p9arcsec_I_v1.1,-1.0886371455853805e-05,0.001032640808261931
MIGHTEE_Continuum_DR1_XMMLSS_8p9arcsec_I_v1.1_crop_0207.npy,MIGHTEE_Continuum_DR1_XMMLSS_8p9arcsec_I_v1.1,-1.0886371455853805e-05,0.001032640808261931
MIGHTEE_Continuum_DR1_XMMLSS_8p9arcsec_I_v1.1_crop_0208.npy,MIGHTEE_Continuum_DR1_XMMLSS_8p9arcsec_I_v1.1,-1.0886371455853805e-05,0.001032640808261931
MIGHTEE_Continuum_DR1_XMMLSS_8p9arcsec_I_v1.1_crop_0209.npy,MIGHTEE_Continuum_DR1_XMMLSS_8p9arcsec_I_v1.1,-1.0886371455853805e-05,0.001032640808261931
MIGHTEE_Continuum_DR1_XMMLSS_8p9arcsec_I_v1.1_crop_0210.npy,MIGHTEE_Continuum_DR1_XMMLSS_8p9arcsec_I_v1.1,-1.0886371455853805e-05,0.001032640808261931
MIGHTEE_Continuum_DR1_XMMLSS_8p9arcsec_I_v1.1_crop_0211.npy,MIGHTEE_Continuum_DR1_XMMLSS_8p9arcsec_I_v1.1,-1.0886371455853805e-05,0.001032640808261931
MIGHTEE_Continuum_DR1_XMMLSS_8p9arcsec_I_v1.1_crop_0212.npy,MIGHTEE_Continuum_DR1_XMMLSS_8p9arcsec_I_v1.1,-1.0886371455853805e-05,0.001032640808261931
MIGHTEE_Continuum_DR1_XMMLSS_8p9arcsec_I_v1.1_crop_0213.npy,MIGHTEE_Continuum_DR1_XMMLSS_8p9arcsec_I_v1.1,-1.0886371455853805e-05,0.001032640808261931
MIGHTEE_Continuum_DR1_XMMLSS_8p9arcsec_I_v1.1_crop_0214.npy,MIGHTEE_Continuum_DR1_XMMLSS_8p9arcsec_I_v1.1,-1.0886371455853805e-05,0.001032640808261931
MIGHTEE_Continuum_DR1_XMMLSS_8p9arcsec_I_v1.1_crop_0215.npy,MIGHTEE_Continuum_DR1_XMMLSS_8p9arcsec_I_v1.1,-1.0886371455853805e-05,0.001032640808261931
MIGHTEE_Continuum_DR1_XMMLSS_8p9arcsec_I_v1.1_crop_0216.npy,MIGHTEE_Continuum_DR1_XMMLSS_8p9arcsec_I_v1.1,-1.0886371455853805e-05,0.001032640808261931
MIGHTEE_Continuum_DR1_XMMLSS_8p9arcsec_I_v1.1_crop_0217.npy,MIGHTEE_Continuum_DR1_XMMLSS_8p9arcsec_I_v1.1,-1.0886371455853805e-05,0.001032640808261931
MIGHTEE_Continuum_DR1_XMMLSS_8p9arcsec_I_v1.1_crop_0218.npy,MIGHTEE_Continuum_DR1_XMMLSS_8p9arcsec_I_v1.1,-1.0886371455853805e-05,0.001032640808261931
MIGHTEE_Continuum_DR1_XMMLSS_8p9arcsec_I_v1.1_crop_0219.npy,MIGHTEE_Continuum_DR1_XMMLSS_8p9arcsec_I_v1.1,-1.0886371455853805e-05,0.001032640808261931
MIGHTEE_Continuum_DR1_XMMLSS_8p9arcsec_I_v1.1_crop_0220.npy,MIGHTEE_Continuum_DR1_XMMLSS_8p9arcsec_I_v1.1,-1.0886371455853805e-05,0.001032640808261931
MIGHTEE_Continuum_DR1_XMMLSS_8p9arcsec_I_v1.1_crop_0221.npy,MIGHTEE_Continuum_DR1_XMMLSS_8p9arcsec_I_v1.1,-1.0886371455853805e-05,0.001032640808261931
MIGHTEE_Continuum_DR1_XMMLSS_8p9arcsec_I_v1.1_crop_0222.npy,MIGHTEE_Continuum_DR1_XMMLSS_8p9arcsec_I_v1.1,-1.0886371455853805e-05,0.001032640808261931
MIGHTEE_Continuum_DR1_XMMLSS_8p9arcsec_I_v1.1_crop_0223.npy,MIGHTEE_Continuum_DR1_XMMLSS_8p9arcsec_I_v1.1,-1.0886371455853805e-05,0.001032640808261931
MIGHTEE_Continuum_DR1_XMMLSS_8p9arcsec_I_v1.1_crop_0224.npy,MIGHTEE_Continuum_DR1_XMMLSS_8p9arcsec_I_v1.1,-1.0886371455853805e-05,0.001032640808261931
MIGHTEE_Continuum_DR1_XMMLSS_8p9arcsec_I_v1.1_crop_0225.npy,MIGHTEE_Continuum_DR1_XMMLSS_8p9arcsec_I_v1.1,-1.0886371455853805e-05,0.001032640808261931
MIGHTEE_Continuum_DR1_XMMLSS_8p9arcsec_I_v1.1_crop_0226.npy,MIGHTEE_Continuum_DR1_XMMLSS_8p9arcsec_I_v1.1,-1.0886371455853805e-05,0.001032640808261931
MIGHTEE_Continuum_DR1_XMMLSS_8p9arcsec_I_v1.1_crop_0227.npy,MIGHTEE_Continuum_DR1_XMMLSS_8p9arcsec_I_v1.1,-1.0886371455853805e-05,0.001032640808261931
MIGHTEE_Continuum_DR1_XMMLSS_8p9arcsec_I_v1.1_crop_0228.npy,MIGHTEE_Continuum_DR1_XMMLSS_8p9arcsec_I_v1.1,-1.0886371455853805e-05,0.001032640808261931
MIGHTEE_Continuum_DR1_XMMLSS_8p9arcsec_I_v1.1_crop_0229.npy,MIGHTEE_Continuum_DR1_XMMLSS_8p9arcsec_I_v1.1,-1.0886371455853805e-05,0.001032640808261931
MIGHTEE_Continuum_DR1_XMMLSS_8p9arcsec_I_v1.1_crop_0230.npy,MIGHTEE_Continuum_DR1_XMMLSS_8p9arcsec_I_v1.1,-1.0886371455853805e-05,0.001032640808261931
MIGHTEE_Continuum_DR1_XMMLSS_8p9arcsec_I_v1.1_crop_0231.npy,MIGHTEE_Continuum_DR1_XMMLSS_8p9arcsec_I_v1.1,-1.0886371455853805e-05,0.001032640808261931
MIGHTEE_Continuum_DR1_XMMLSS_8p9arcsec_I_v1.1_crop_0232.npy,MIGHTEE_Continuum_DR1_XMMLSS_8p9arcsec_I_v1.1,-1.0886371455853805e-05,0.001032640808261931
MIGHTEE_Continuum_DR1_XMMLSS_8p9arcsec_I_v1.1_crop_0233.npy,MIGHTEE_Continuum_DR1_XMMLSS_8p9arcsec_I_v1.1,-1.0886371455853805e-05,0.001032640808261931
MIGHTEE_Continuum_DR1_XMMLSS_8p9arcsec_I_v1.1_crop_0234.npy,MIGHTEE_Continuum_DR1_XMMLSS_8p9arcsec_I_v1.1,-1.0886371455853805e-05,0.001032640808261931
MIGHTEE_Continuum_DR1_XMMLSS_8p9arcsec_I_v1.1_crop_0235.npy,MIGHTEE_Continuum_DR1_XMMLSS_8p9arcsec_I_v1.1,-1.0886371455853805e-05,0.001032640808261931
MIGHTEE_Continuum_DR1_XMMLSS_8p9arcsec_I_v1.1_crop_0236.npy,MIGHTEE_Continuum_DR1_XMMLSS_8p9arcsec_I_v1.1,-1.0886371455853805e-05,0.001032640808261931
MIGHTEE_Continuum_DR1_XMMLSS_8p9arcsec_I_v1.1_crop_0237.npy,MIGHTEE_Continuum_DR1_XMMLSS_8p9arcsec_I_v1.1,-1.0886371455853805e-05,0.001032640808261931
MIGHTEE_Continuum_DR1_XMMLSS_8p9arcsec_I_v1.1_crop_0238.npy,MIGHTEE_Continuum_DR1_XMMLSS_8p9arcsec_I_v1.1,-1.0886371455853805e-05,0.001032640808261931
MIGHTEE_Continuum_DR1_XMMLSS_8p9arcsec_I_v1.1_crop_0239.npy,MIGHTEE_Continuum_DR1_XMMLSS_8p9arcsec_I_v1.1,-1.0886371455853805e-05,0.001032640808261931
MIGHTEE_Continuum_DR1_XMMLSS_8p9arcsec_I_v1.1_crop_0240.npy,MIGHTEE_Continuum_DR1_XMMLSS_8p9arcsec_I_v1.1,-1.0886371455853805e-05,0.001032640808261931
MIGHTEE_Continuum_DR1_XMMLSS_8p9arcsec_I_v1.1_crop_0241.npy,MIGHTEE_Continuum_DR1_XMMLSS_8p9arcsec_I_v1.1,-1.0886371455853805e-05,0.001032640808261931
MIGHTEE_Continuum_DR1_XMMLSS_8p9arcsec_I_v1.1_crop_0242.npy,MIGHTEE_Continuum_DR1_XMMLSS_8p9arcsec_I_v1.1,-1.0886371455853805e-05,0.001032640808261931
MIGHTEE_Continuum_DR1_XMMLSS_8p9arcsec_I_v1.1_crop_0243.npy,MIGHTEE_Continuum_DR1_XMMLSS_8p9arcsec_I_v1.1,-1.0886371455853805e-05,0.001032640808261931
MIGHTEE_Continuum_DR1_XMMLSS_8p9arcsec_I_v1.1_crop_0244.npy,MIGHTEE_Continuum_DR1_XMMLSS_8p9arcsec_I_v1.1,-1.0886371455853805e-05,0.001032640808261931
MIGHTEE_Continuum_DR1_XMMLSS_8p9arcsec_I_v1.1_crop_0245.npy,MIGHTEE_Continuum_DR1_XMMLSS_8p9arcsec_I_v1.1,-1.0886371455853805e-05,0.001032640808261931
MIGHTEE_Continuum_DR1_XMMLSS_8p9arcsec_I_v1.1_crop_0246.npy,MIGHTEE_Continuum_DR1_XMMLSS_8p9arcsec_I_v1.1,-1.0886371455853805e-05,0.001032640808261931
MIGHTEE_Continuum_DR1_XMMLSS_8p9arcsec_I_v1.1_crop_0247.npy,MIGHTEE_Continuum_DR1_XMMLSS_8p9arcsec_I_v1.1,-1.0886371455853805e-05,0.001032640808261931
MIGHTEE_Continuum_DR1_XMMLSS_8p9arcsec_I_v1.1_crop_0248.npy,MIGHTEE_Continuum_DR1_XMMLSS_8p9arcsec_I_v1.1,-1.0886371455853805e-05,0.001032640808261931
MIGHTEE_Continuum_DR1_XMMLSS_8p9arcsec_I_v1.1_crop_0249.npy,MIGHTEE_Continuum_DR1_XMMLSS_8p9arcsec_I_v1.1,-1.0886371455853805e-05,0.001032640808261931
MIGHTEE_Continuum_DR1_XMMLSS_8p9arcsec_I_v1.1_crop_0250.npy,MIGHTEE_Continuum_DR1_XMMLSS_8p9arcsec_I_v1.1,-1.0886371455853805e-05,0.001032640808261931
MIGHTEE_Continuum_DR1_XMMLSS_8p9arcsec_I_v1.1_crop_0251.npy,MIGHTEE_Continuum_DR1_XMMLSS_8p9arcsec_I_v1.1,-1.0886371455853805e-05,0.001032640808261931
MIGHTEE_Continuum_DR1_XMMLSS_8p9arcsec_I_v1.1_crop_0252.npy,MIGHTEE_Continuum_DR1_XMMLSS_8p9arcsec_I_v1.1,-1.0886371455853805e-05,0.001032640808261931
MIGHTEE_Continuum_DR1_XMMLSS_8p9arcsec_I_v1.1_crop_0253.npy,MIGHTEE_Continuum_DR1_XMMLSS_8p9arcsec_I_v1.1,-1.0886371455853805e-05,0.001032640808261931
MIGHTEE_Continuum_DR1_XMMLSS_8p9arcsec_I_v1.1_crop_0254.npy,MIGHTEE_Continuum_DR1_XMMLSS_8p9arcsec_I_v1.1,-1.0886371455853805e-05,0.001032640808261931
MIGHTEE_Continuum_DR1_XMMLSS_8p9arcsec_I_v1.1_crop_0255.npy,MIGHTEE_Continuum_DR1_XMMLSS_8p9arcsec_I_v1.1,-1.0886371455853805e-05,0.001032640808261931
MIGHTEE_Continuum_DR1_XMMLSS_8p9arcsec_I_v1.1_crop_0256.npy,MIGHTEE_Continuum_DR1_XMMLSS_8p9arcsec_I_v1.1,-1.0886371455853805e-05,0.001032640808261931
MIGHTEE_Continuum_DR1_XMMLSS_8p9arcsec_I_v1.1_crop_0257.npy,MIGHTEE_Continuum_DR1_XMMLSS_8p9arcsec_I_v1.1,-1.0886371455853805e-05,0.001032640808261931
MIGHTEE_Continuum_DR1_XMMLSS_8p9arcsec_I_v1.1_crop_0258.npy,MIGHTEE_Continuum_DR1_XMMLSS_8p9arcsec_I_v1.1,-1.0886371455853805e-05,0.001032640808261931
MIGHTEE_Continuum_DR1_XMMLSS_8p9arcsec_I_v1.1_crop_0259.npy,MIGHTEE_Continuum_DR1_XMMLSS_8p9arcsec_I_v1.1,-1.0886371455853805e-05,0.001032640808261931
MIGHTEE_Continuum_DR1_XMMLSS_8p9arcsec_I_v1.1_crop_0260.npy,MIGHTEE_Continuum_DR1_XMMLSS_8p9arcsec_I_v1.1,-1.0886371455853805e-05,0.001032640808261931
MIGHTEE_Continuum_DR1_XMMLSS_8p9arcsec_I_v1.1_crop_0261.npy,MIGHTEE_Continuum_DR1_XMMLSS_8p9arcsec_I_v1.1,-1.0886371455853805e-05,0.001032640808261931
MIGHTEE_Continuum_DR1_XMMLSS_8p9arcsec_I_v1.1_crop_0262.npy,MIGHTEE_Continuum_DR1_XMMLSS_8p9arcsec_I_v1.1,-1.0886371455853805e-05,0.001032640808261931
MIGHTEE_Continuum_DR1_XMMLSS_8p9arcsec_I_v1.1_crop_0263.npy,MIGHTEE_Continuum_DR1_XMMLSS_8p9arcsec_I_v1.1,-1.0886371455853805e-05,0.001032640808261931
MIGHTEE_Continuum_DR1_XMMLSS_8p9arcsec_I_v1.1_crop_0264.npy,MIGHTEE_Continuum_DR1_XMMLSS_8p9arcsec_I_v1.1,-1.0886371455853805e-05,0.001032640808261931
MIGHTEE_Continuum_DR1_XMMLSS_8p9arcsec_I_v1.1_crop_0265.npy,MIGHTEE_Continuum_DR1_XMMLSS_8p9arcsec_I_v1.1,-1.0886371455853805e-05,0.001032640808261931
MIGHTEE_Continuum_DR1_XMMLSS_8p9arcsec_I_v1.1_crop_0266.npy,MIGHTEE_Continuum_DR1_XMMLSS_8p9arcsec_I_v1.1,-1.0886371455853805e-05,0.001032640808261931
MIGHTEE_Continuum_DR1_XMMLSS_8p9arcsec_I_v1.1_crop_0267.npy,MIGHTEE_Continuum_DR1_XMMLSS_8p9arcsec_I_v1.1,-1.0886371455853805e-05,0.001032640808261931
MIGHTEE_Continuum_DR1_XMMLSS_8p9arcsec_I_v1.1_crop_0268.npy,MIGHTEE_Continuum_DR1_XMMLSS_8p9arcsec_I_v1.1,-1.0886371455853805e-05,0.001032640808261931
MIGHTEE_Continuum_DR1_XMMLSS_8p9arcsec_I_v1.1_crop_0269.npy,MIGHTEE_Continuum_DR1_XMMLSS_8p9arcsec_I_v1.1,-1.0886371455853805e-05,0.001032640808261931
MIGHTEE_Continuum_DR1_XMMLSS_8p9arcsec_I_v1.1_crop_0270.npy,MIGHTEE_Continuum_DR1_XMMLSS_8p9arcsec_I_v1.1,-1.0886371455853805e-05,0.001032640808261931
MIGHTEE_Continuum_DR1_XMMLSS_8p9arcsec_I_v1.1_crop_0271.npy,MIGHTEE_Continuum_DR1_XMMLSS_8p9arcsec_I_v1.1,-1.0886371455853805e-05,0.001032640808261931
MIGHTEE_Continuum_DR1_XMMLSS_8p9arcsec_I_v1.1_crop_0272.npy,MIGHTEE_Continuum_DR1_XMMLSS_8p9arcsec_I_v1.1,-1.0886371455853805e-05,0.001032640808261931
MIGHTEE_Continuum_DR1_XMMLSS_8p9arcsec_I_v1.1_crop_0273.npy,MIGHTEE_Continuum_DR1_XMMLSS_8p9arcsec_I_v1.1,-1.0886371455853805e-05,0.001032640808261931
MIGHTEE_Continuum_DR1_XMMLSS_8p9arcsec_I_v1.1_crop_0274.npy,MIGHTEE_Continuum_DR1_XMMLSS_8p9arcsec_I_v1.1,-1.0886371455853805e-05,0.001032640808261931
MIGHTEE_Continuum_DR1_XMMLSS_8p9arcsec_I_v1.1_crop_0275.npy,MIGHTEE_Continuum_DR1_XMMLSS_8p9arcsec_I_v1.1,-1.0886371455853805e-05,0.001032640808261931
MIGHTEE_Continuum_DR1_XMMLSS_8p9arcsec_I_v1.1_crop_0276.npy,MIGHTEE_Continuum_DR1_XMMLSS_8p9arcsec_I_v1.1,-1.0886371455853805e-05,0.001032640808261931
MIGHTEE_Continuum_DR1_XMMLSS_8p9arcsec_I_v1.1_crop_0277.npy,MIGHTEE_Continuum_DR1_XMMLSS_8p9arcsec_I_v1.1,-1.0886371455853805e-05,0.001032640808261931
MIGHTEE_Continuum_DR1_XMMLSS_8p9arcsec_I_v1.1_crop_0278.npy,MIGHTEE_Continuum_DR1_XMMLSS_8p9arcsec_I_v1.1,-1.0886371455853805e-05,0.001032640808261931
MIGHTEE_Continuum_DR1_XMMLSS_8p9arcsec_I_v1.1_crop_0279.npy,MIGHTEE_Continuum_DR1_XMMLSS_8p9arcsec_I_v1.1,-1.0886371455853805e-05,0.001032640808261931
MIGHTEE_Continuum_DR1_XMMLSS_8p9arcsec_I_v1.1_crop_0280.npy,MIGHTEE_Continuum_DR1_XMMLSS_8p9arcsec_I_v1.1,-1.0886371455853805e-05,0.001032640808261931
MIGHTEE_Continuum_DR1_XMMLSS_8p9arcsec_I_v1.1_crop_0281.npy,MIGHTEE_Continuum_DR1_XMMLSS_8p9arcsec_I_v1.1,-1.0886371455853805e-05,0.001032640808261931
MIGHTEE_Continuum_DR1_XMMLSS_8p9arcsec_I_v1.1_crop_0282.npy,MIGHTEE_Continuum_DR1_XMMLSS_8p9arcsec_I_v1.1,-1.0886371455853805e-05,0.001032640808261931
MIGHTEE_Continuum_DR1_XMMLSS_8p9arcsec_I_v1.1_crop_0283.npy,MIGHTEE_Continuum_DR1_XMMLSS_8p9arcsec_I_v1.1,-1.0886371455853805e-05,0.001032640808261931
MIGHTEE_Continuum_DR1_XMMLSS_8p9arcsec_I_v1.1_crop_0284.npy,MIGHTEE_Continuum_DR1_XMMLSS_8p9arcsec_I_v1.1,-1.0886371455853805e-05,0.001032640808261931
MIGHTEE_Continuum_DR1_XMMLSS_8p9arcsec_I_v1.1_crop_0285.npy,MIGHTEE_Continuum_DR1_XMMLSS_8p9arcsec_I_v1.1,-1.0886371455853805e-05,0.001032640808261931
MIGHTEE_Continuum_DR1_XMMLSS_8p9arcsec_I_v1.1_crop_0286.npy,MIGHTEE_Continuum_DR1_XMMLSS_8p9arcsec_I_v1.1,-1.0886371455853805e-05,0.001032640808261931
MIGHTEE_Continuum_DR1_XMMLSS_8p9arcsec_I_v1.1_crop_0287.npy,MIGHTEE_Continuum_DR1_XMMLSS_8p9arcsec_I_v1.1,-1.0886371455853805e-05,0.001032640808261931
MIGHTEE_Continuum_DR1_XMMLSS_8p9arcsec_I_v1.1_crop_0288.npy,MIGHTEE_Continuum_DR1_XMMLSS_8p9arcsec_I_v1.1,-1.0886371455853805e-05,0.001032640808261931
MIGHTEE_Continuum_DR1_XMMLSS_8p9arcsec_I_v1.1_crop_0289.npy,MIGHTEE_Continuum_DR1_XMMLSS_8p9arcsec_I_v1.1,-1.0886371455853805e-05,0.001032640808261931
MIGHTEE_Continuum_DR1_XMMLSS_8p9arcsec_I_v1.1_crop_0290.npy,MIGHTEE_Continuum_DR1_XMMLSS_8p9arcsec_I_v1.1,-1.0886371455853805e-05,0.001032640808261931
MIGHTEE_Continuum_DR1_XMMLSS_8p9arcsec_I_v1.1_crop_0291.npy,MIGHTEE_Continuum_DR1_XMMLSS_8p9arcsec_I_v1.1,-1.0886371455853805e-05,0.001032640808261931
MIGHTEE_Continuum_DR1_XMMLSS_8p9arcsec_I_v1.1_crop_0292.npy,MIGHTEE_Continuum_DR1_XMMLSS_8p9arcsec_I_v1.1,-1.0886371455853805e-05,0.001032640808261931
MIGHTEE_Continuum_DR1_XMMLSS_8p9arcsec_I_v1.1_crop_0293.npy,MIGHTEE_Continuum_DR1_XMMLSS_8p9arcsec_I_v1.1,-1.0886371455853805e-05,0.001032640808261931
MIGHTEE_Continuum_DR1_XMMLSS_8p9arcsec_I_v1.1_crop_0294.npy,MIGHTEE_Continuum_DR1_XMMLSS_8p9arcsec_I_v1.1,-1.0886371455853805e-05,0.001032640808261931
MIGHTEE_Continuum_DR1_XMMLSS_8p9arcsec_I_v1.1_crop_0295.npy,MIGHTEE_Continuum_DR1_XMMLSS_8p9arcsec_I_v1.1,-1.0886371455853805e-05,0.001032640808261931
MIGHTEE_Continuum_DR1_XMMLSS_8p9arcsec_I_v1.1_crop_0296.npy,MIGHTEE_Continuum_DR1_XMMLSS_8p9arcsec_I_v1.1,-1.0886371455853805e-05,0.001032640808261931
MIGHTEE_Continuum_DR1_XMMLSS_8p9arcsec_I_v1.1_crop_0297.npy,MIGHTEE_Continuum_DR1_XMMLSS_8p9arcsec_I_v1.1,-1.0886371455853805e-05,0.001032640808261931
MIGHTEE_Continuum_DR1_XMMLSS_8p9arcsec_I_v1.1_crop_0298.npy,MIGHTEE_Continuum_DR1_XMMLSS_8p9arcsec_I_v1.1,-1.0886371455853805e-05,0.001032640808261931
MIGHTEE_Continuum_DR1_XMMLSS_8p9arcsec_I_v1.1_crop_0299.npy,MIGHTEE_Continuum_DR1_XMMLSS_8p9arcsec_I_v1.1,-1.0886371455853805e-05,0.001032640808261931
MIGHTEE_Continuum_DR1_XMMLSS_8p9arcsec_I_v1.1_crop_0300.npy,MIGHTEE_Continuum_DR1_XMMLSS_8p9arcsec_I_v1.1,-1.0886371455853805e-05,0.001032640808261931
MIGHTEE_Continuum_DR1_XMMLSS_8p9arcsec_I_v1.1_crop_0301.npy,MIGHTEE_Continuum_DR1_XMMLSS_8p9arcsec_I_v1.1,-1.0886371455853805e-05,0.001032640808261931
MIGHTEE_Continuum_DR1_XMMLSS_8p9arcsec_I_v1.1_crop_0302.npy,MIGHTEE_Continuum_DR1_XMMLSS_8p9arcsec_I_v1.1,-1.0886371455853805e-05,0.001032640808261931
MIGHTEE_Continuum_DR1_XMMLSS_8p9arcsec_I_v1.1_crop_0303.npy,MIGHTEE_Continuum_DR1_XMMLSS_8p9arcsec_I_v1.1,-1.0886371455853805e-05,0.001032640808261931
MIGHTEE_Continuum_DR1_XMMLSS_8p9arcsec_I_v1.1_crop_0304.npy,MIGHTEE_Continuum_DR1_XMMLSS_8p9arcsec_I_v1.1,-1.0886371455853805e-05,0.001032640808261931
MIGHTEE_Continuum_DR1_XMMLSS_8p9arcsec_I_v1.1_crop_0305.npy,MIGHTEE_Continuum_DR1_XMMLSS_8p9arcsec_I_v1.1,-1.0886371455853805e-05,0.001032640808261931
MIGHTEE_Continuum_DR1_XMMLSS_8p9arcsec_I_v1.1_crop_0306.npy,MIGHTEE_Continuum_DR1_XMMLSS_8p9arcsec_I_v1.1,-1.0886371455853805e-05,0.001032640808261931
MIGHTEE_Continuum_DR1_XMMLSS_8p9arcsec_I_v1.1_crop_0307.npy,MIGHTEE_Continuum_DR1_XMMLSS_8p9arcsec_I_v1.1,-1.0886371455853805e-05,0.001032640808261931
MIGHTEE_Continuum_DR1_XMMLSS_8p9arcsec_I_v1.1_crop_0308.npy,MIGHTEE_Continuum_DR1_XMMLSS_8p9arcsec_I_v1.1,-1.0886371455853805e-05,0.001032640808261931
MIGHTEE_Continuum_DR1_XMMLSS_8p9arcsec_I_v1.1_crop_0309.npy,MIGHTEE_Continuum_DR1_XMMLSS_8p9arcsec_I_v1.1,-1.0886371455853805e-05,0.001032640808261931
MIGHTEE_Continuum_DR1_XMMLSS_8p9arcsec_I_v1.1_crop_0310.npy,MIGHTEE_Continuum_DR1_XMMLSS_8p9arcsec_I_v1.1,-1.0886371455853805e-05,0.001032640808261931
MIGHTEE_Continuum_DR1_XMMLSS_8p9arcsec_I_v1.1_crop_0311.npy,MIGHTEE_Continuum_DR1_XMMLSS_8p9arcsec_I_v1.1,-1.0886371455853805e-05,0.001032640808261931
MIGHTEE_Continuum_DR1_XMMLSS_8p9arcsec_I_v1.1_crop_0312.npy,MIGHTEE_Continuum_DR1_XMMLSS_8p9arcsec_I_v1.1,-1.0886371455853805e-05,0.001032640808261931
MIGHTEE_Continuum_DR1_XMMLSS_8p9arcsec_I_v1.1_crop_0313.npy,MIGHTEE_Continuum_DR1_XMMLSS_8p9arcsec_I_v1.1,-1.0886371455853805e-05,0.001032640808261931
MIGHTEE_Continuum_DR1_XMMLSS_8p9arcsec_I_v1.1_crop_0314.npy,MIGHTEE_Continuum_DR1_XMMLSS_8p9arcsec_I_v1.1,-1.0886371455853805e-05,0.001032640808261931
MIGHTEE_Continuum_DR1_XMMLSS_8p9arcsec_I_v1.1_crop_0315.npy,MIGHTEE_Continuum_DR1_XMMLSS_8p9arcsec_I_v1.1,-1.0886371455853805e-05,0.001032640808261931
MIGHTEE_Continuum_DR1_XMMLSS_8p9arcsec_I_v1.1_crop_0316.npy,MIGHTEE_Continuum_DR1_XMMLSS_8p9arcsec_I_v1.1,-1.0886371455853805e-05,0.001032640808261931
MIGHTEE_Continuum_DR1_XMMLSS_8p9arcsec_I_v1.1_crop_0317.npy,MIGHTEE_Continuum_DR1_XMMLSS_8p9arcsec_I_v1.1,-1.0886371455853805e-05,0.001032640808261931
MIGHTEE_Continuum_DR1_XMMLSS_8p9arcsec_I_v1.1_crop_0318.npy,MIGHTEE_Continuum_DR1_XMMLSS_8p9arcsec_I_v1.1,-1.0886371455853805e-05,0.001032640808261931
MIGHTEE_Continuum_DR1_XMMLSS_8p9arcsec_I_v1.1_crop_0319.npy,MIGHTEE_Continuum_DR1_XMMLSS_8p9arcsec_I_v1.1,-1.0886371455853805e-05,0.001032640808261931
MIGHTEE_Continuum_DR1_XMMLSS_8p9arcsec_I_v1.1_crop_0320.npy,MIGHTEE_Continuum_DR1_XMMLSS_8p9arcsec_I_v1.1,-1.0886371455853805e-05,0.001032640808261931
MIGHTEE_Continuum_DR1_XMMLSS_8p9arcsec_I_v1.1_crop_0321.npy,MIGHTEE_Continuum_DR1_XMMLSS_8p9arcsec_I_v1.1,-1.0886371455853805e-05,0.001032640808261931
MIGHTEE_Continuum_DR1_XMMLSS_8p9arcsec_I_v1.1_crop_0322.npy,MIGHTEE_Continuum_DR1_XMMLSS_8p9arcsec_I_v1.1,-1.0886371455853805e-05,0.001032640808261931
MIGHTEE_Continuum_DR1_XMMLSS_8p9arcsec_I_v1.1_crop_0323.npy,MIGHTEE_Continuum_DR1_XMMLSS_8p9arcsec_I_v1.1,-1.0886371455853805e-05,0.001032640808261931
MIGHTEE_Continuum_DR1_XMMLSS_8p9arcsec_I_v1.1_crop_0324.npy,MIGHTEE_Continuum_DR1_XMMLSS_8p9arcsec_I_v1.1,-1.0886371455853805e-05,0.001032640808261931
MIGHTEE_Continuum_DR1_XMMLSS_8p9arcsec_I_v1.1_crop_0325.npy,MIGHTEE_Continuum_DR1_XMMLSS_8p9arcsec_I_v1.1,-1.0886371455853805e-05,0.001032640808261931
MIGHTEE_Continuum_DR1_XMMLSS_8p9arcsec_I_v1.1_crop_0326.npy,MIGHTEE_Continuum_DR1_XMMLSS_8p9arcsec_I_v1.1,-1.0886371455853805e-05,0.001032640808261931
MIGHTEE_Continuum_DR1_XMMLSS_8p9arcsec_I_v1.1_crop_0327.npy,MIGHTEE_Continuum_DR1_XMMLSS_8p9arcsec_I_v1.1,-1.0886371455853805e-05,0.001032640808261931
MIGHTEE_Continuum_DR1_XMMLSS_8p9arcsec_I_v1.1_crop_0328.npy,MIGHTEE_Continuum_DR1_XMMLSS_8p9arcsec_I_v1.1,-1.0886371455853805e-05,0.001032640808261931
MIGHTEE_Continuum_DR1_XMMLSS_8p9arcsec_I_v1.1_crop_0329.npy,MIGHTEE_Continuum_DR1_XMMLSS_8p9arcsec_I_v1.1,-1.0886371455853805e-05,0.001032640808261931
MIGHTEE_Continuum_DR1_XMMLSS_8p9arcsec_I_v1.1_crop_0330.npy,MIGHTEE_Continuum_DR1_XMMLSS_8p9arcsec_I_v1.1,-1.0886371455853805e-05,0.001032640808261931
MIGHTEE_Continuum_DR1_XMMLSS_8p9arcsec_I_v1.1_crop_0331.npy,MIGHTEE_Continuum_DR1_XMMLSS_8p9arcsec_I_v1.1,-1.0886371455853805e-05,0.001032640808261931
MIGHTEE_Continuum_DR1_XMMLSS_8p9arcsec_I_v1.1_crop_0332.npy,MIGHTEE_Continuum_DR1_XMMLSS_8p9arcsec_I_v1.1,-1.0886371455853805e-05,0.001032640808261931
MIGHTEE_Continuum_DR1_XMMLSS_8p9arcsec_I_v1.1_crop_0333.npy,MIGHTEE_Continuum_DR1_XMMLSS_8p9arcsec_I_v1.1,-1.0886371455853805e-05,0.001032640808261931
MIGHTEE_Continuum_DR1_XMMLSS_8p9arcsec_I_v1.1_crop_0334.npy,MIGHTEE_Continuum_DR1_XMMLSS_8p9arcsec_I_v1.1,-1.0886371455853805e-05,0.001032640808261931
MIGHTEE_Continuum_DR1_XMMLSS_8p9arcsec_I_v1.1_crop_0335.npy,MIGHTEE_Continuum_DR1_XMMLSS_8p9arcsec_I_v1.1,-1.0886371455853805e-05,0.001032640808261931
MIGHTEE_Continuum_DR1_XMMLSS_8p9arcsec_I_v1.1_crop_0336.npy,MIGHTEE_Continuum_DR1_XMMLSS_8p9arcsec_I_v1.1,-1.0886371455853805e-05,0.001032640808261931
MIGHTEE_Continuum_DR1_XMMLSS_8p9arcsec_I_v1.1_crop_0337.npy,MIGHTEE_Continuum_DR1_XMMLSS_8p9arcsec_I_v1.1,-1.0886371455853805e-05,0.001032640808261931
MIGHTEE_Continuum_DR1_XMMLSS_8p9arcsec_I_v1.1_crop_0338.npy,MIGHTEE_Continuum_DR1_XMMLSS_8p9arcsec_I_v1.1,-1.0886371455853805e-05,0.001032640808261931
MIGHTEE_Continuum_DR1_XMMLSS_8p9arcsec_I_v1.1_crop_0339.npy,MIGHTEE_Continuum_DR1_XMMLSS_8p9arcsec_I_v1.1,-1.0886371455853805e-05,0.001032640808261931
MIGHTEE_Continuum_DR1_XMMLSS_8p9arcsec_I_v1.1_crop_0340.npy,MIGHTEE_Continuum_DR1_XMMLSS_8p9arcsec_I_v1.1,-1.0886371455853805e-05,0.001032640808261931
MIGHTEE_Continuum_DR1_XMMLSS_8p9arcsec_I_v1.1_crop_0341.npy,MIGHTEE_Continuum_DR1_XMMLSS_8p9arcsec_I_v1.1,-1.0886371455853805e-05,0.001032640808261931
MIGHTEE_Continuum_DR1_XMMLSS_8p9arcsec_I_v1.1_crop_0342.npy,MIGHTEE_Continuum_DR1_XMMLSS_8p9arcsec_I_v1.1,-1.0886371455853805e-05,0.001032640808261931
MIGHTEE_Continuum_DR1_XMMLSS_8p9arcsec_I_v1.1_crop_0343.npy,MIGHTEE_Continuum_DR1_XMMLSS_8p9arcsec_I_v1.1,-1.0886371455853805e-05,0.001032640808261931
MIGHTEE_Continuum_DR1_XMMLSS_8p9arcsec_I_v1.1_crop_0344.npy,MIGHTEE_Continuum_DR1_XMMLSS_8p9arcsec_I_v1.1,-1.0886371455853805e-05,0.001032640808261931
MIGHTEE_Continuum_DR1_XMMLSS_8p9arcsec_I_v1.1_crop_0345.npy,MIGHTEE_Continuum_DR1_XMMLSS_8p9arcsec_I_v1.1,-1.0886371455853805e-05,0.001032640808261931
MIGHTEE_Continuum_DR1_XMMLSS_8p9arcsec_I_v1.1_crop_0346.npy,MIGHTEE_Continuum_DR1_XMMLSS_8p9arcsec_I_v1.1,-1.0886371455853805e-05,0.001032640808261931
MIGHTEE_Continuum_DR1_XMMLSS_8p9arcsec_I_v1.1_crop_0347.npy,MIGHTEE_Continuum_DR1_XMMLSS_8p9arcsec_I_v1.1,-1.0886371455853805e-05,0.001032640808261931
MIGHTEE_Continuum_DR1_XMMLSS_8p9arcsec_I_v1.1_crop_0348.npy,MIGHTEE_Continuum_DR1_XMMLSS_8p9arcsec_I_v1.1,-1.0886371455853805e-05,0.001032640808261931
MIGHTEE_Continuum_DR1_XMMLSS_8p9arcsec_I_v1.1_crop_0349.npy,MIGHTEE_Continuum_DR1_XMMLSS_8p9arcsec_I_v1.1,-1.0886371455853805e-05,0.001032640808261931
MIGHTEE_Continuum_DR1_XMMLSS_8p9arcsec_I_v1.1_crop_0350.npy,MIGHTEE_Continuum_DR1_XMMLSS_8p9arcsec_I_v1.1,-1.0886371455853805e-05,0.001032640808261931
MIGHTEE_Continuum_DR1_XMMLSS_8p9arcsec_I_v1.1_crop_0351.npy,MIGHTEE_Continuum_DR1_XMMLSS_8p9arcsec_I_v1.1,-1.0886371455853805e-05,0.001032640808261931
MIGHTEE_Continuum_DR1_XMMLSS_8p9arcsec_I_v1.1_crop_0352.npy,MIGHTEE_Continuum_DR1_XMMLSS_8p9arcsec_I_v1.1,-1.0886371455853805e-05,0.001032640808261931
MIGHTEE_Continuum_DR1_XMMLSS_8p9arcsec_I_v1.1_crop_0353.npy,MIGHTEE_Continuum_DR1_XMMLSS_8p9arcsec_I_v1.1,-1.0886371455853805e-05,0.001032640808261931
MIGHTEE_Continuum_DR1_XMMLSS_8p9arcsec_I_v1.1_crop_0354.npy,MIGHTEE_Continuum_DR1_XMMLSS_8p9arcsec_I_v1.1,-1.0886371455853805e-05,0.001032640808261931
MIGHTEE_Continuum_DR1_XMMLSS_8p9arcsec_I_v1.1_crop_0355.npy,MIGHTEE_Continuum_DR1_XMMLSS_8p9arcsec_I_v1.1,-1.0886371455853805e-05,0.001032640808261931
MIGHTEE_Continuum_DR1_XMMLSS_8p9arcsec_I_v1.1_crop_0356.npy,MIGHTEE_Continuum_DR1_XMMLSS_8p9arcsec_I_v1.1,-1.0886371455853805e-05,0.001032640808261931
MIGHTEE_Continuum_DR1_XMMLSS_8p9arcsec_I_v1.1_crop_0357.npy,MIGHTEE_Continuum_DR1_XMMLSS_8p9arcsec_I_v1.1,-1.0886371455853805e-05,0.001032640808261931
MIGHTEE_Continuum_DR1_XMMLSS_8p9arcsec_I_v1.1_crop_0358.npy,MIGHTEE_Continuum_DR1_XMMLSS_8p9arcsec_I_v1.1,-1.0886371455853805e-05,0.001032640808261931
MIGHTEE_Continuum_DR1_XMMLSS_8p9arcsec_I_v1.1_crop_0359.npy,MIGHTEE_Continuum_DR1_XMMLSS_8p9arcsec_I_v1.1,-1.0886371455853805e-05,0.001032640808261931
MIGHTEE_Continuum_DR1_XMMLSS_8p9arcsec_I_v1.1_crop_0360.npy,MIGHTEE_Continuum_DR1_XMMLSS_8p9arcsec_I_v1.1,-1.0886371455853805e-05,0.001032640808261931
MIGHTEE_Continuum_DR1_XMMLSS_8p9arcsec_I_v1.1_crop_0361.npy,MIGHTEE_Continuum_DR1_XMMLSS_8p9arcsec_I_v1.1,-1.0886371455853805e-05,0.001032640808261931
MIGHTEE_Continuum_DR1_XMMLSS_8p9arcsec_I_v1.1_crop_0362.npy,MIGHTEE_Continuum_DR1_XMMLSS_8p9arcsec_I_v1.1,-1.0886371455853805e-05,0.001032640808261931
MIGHTEE_Continuum_DR1_XMMLSS_8p9arcsec_I_v1.1_crop_0363.npy,MIGHTEE_Continuum_DR1_XMMLSS_8p9arcsec_I_v1.1,-1.0886371455853805e-05,0.001032640808261931
MIGHTEE_Continuum_DR1_XMMLSS_8p9arcsec_I_v1.1_crop_0364.npy,MIGHTEE_Continuum_DR1_XMMLSS_8p9arcsec_I_v1.1,-1.0886371455853805e-05,0.001032640808261931
MIGHTEE_Continuum_DR1_XMMLSS_8p9arcsec_I_v1.1_crop_0365.npy,MIGHTEE_Continuum_DR1_XMMLSS_8p9arcsec_I_v1.1,-1.0886371455853805e-05,0.001032640808261931
MIGHTEE_Continuum_DR1_XMMLSS_8p9arcsec_I_v1.1_crop_0366.npy,MIGHTEE_Continuum_DR1_XMMLSS_8p9arcsec_I_v1.1,-1.0886371455853805e-05,0.001032640808261931
MIGHTEE_Continuum_DR1_XMMLSS_8p9arcsec_I_v1.1_crop_0367.npy,MIGHTEE_Continuum_DR1_XMMLSS_8p9arcsec_I_v1.1,-1.0886371455853805e-05,0.001032640808261931
MIGHTEE_Continuum_DR1_XMMLSS_8p9arcsec_I_v1.1_crop_0368.npy,MIGHTEE_Continuum_DR1_XMMLSS_8p9arcsec_I_v1.1,-1.0886371455853805e-05,0.001032640808261931
MIGHTEE_Continuum_DR1_XMMLSS_8p9arcsec_I_v1.1_crop_0369.npy,MIGHTEE_Continuum_DR1_XMMLSS_8p9arcsec_I_v1.1,-1.0886371455853805e-05,0.001032640808261931
MIGHTEE_Continuum_DR1_XMMLSS_8p9arcsec_I_v1.1_crop_0370.npy,MIGHTEE_Continuum_DR1_XMMLSS_8p9arcsec_I_v1.1,-1.0886371455853805e-05,0.001032640808261931
MIGHTEE_Continuum_DR1_XMMLSS_8p9arcsec_I_v1.1_crop_0371.npy,MIGHTEE_Continuum_DR1_XMMLSS_8p9arcsec_I_v1.1,-1.0886371455853805e-05,0.001032640808261931
MIGHTEE_Continuum_DR1_XMMLSS_8p9arcsec_I_v1.1_crop_0372.npy,MIGHTEE_Continuum_DR1_XMMLSS_8p9arcsec_I_v1.1,-1.0886371455853805e-05,0.001032640808261931
MIGHTEE_Continuum_DR1_XMMLSS_8p9arcsec_I_v1.1_crop_0373.npy,MIGHTEE_Continuum_DR1_XMMLSS_8p9arcsec_I_v1.1,-1.0886371455853805e-05,0.001032640808261931
MIGHTEE_Continuum_DR1_XMMLSS_8p9arcsec_I_v1.1_crop_0374.npy,MIGHTEE_Continuum_DR1_XMMLSS_8p9arcsec_I_v1.1,-1.0886371455853805e-05,0.001032640808261931
MIGHTEE_Continuum_DR1_XMMLSS_8p9arcsec_I_v1.1_crop_0375.npy,MIGHTEE_Continuum_DR1_XMMLSS_8p9arcsec_I_v1.1,-1.0886371455853805e-05,0.001032640808261931
MIGHTEE_Continuum_DR1_XMMLSS_8p9arcsec_I_v1.1_crop_0376.npy,MIGHTEE_Continuum_DR1_XMMLSS_8p9arcsec_I_v1.1,-1.0886371455853805e-05,0.001032640808261931
MIGHTEE_Continuum_DR1_XMMLSS_8p9arcsec_I_v1.1_crop_0377.npy,MIGHTEE_Continuum_DR1_XMMLSS_8p9arcsec_I_v1.1,-1.0886371455853805e-05,0.001032640808261931
MIGHTEE_Continuum_DR1_XMMLSS_8p9arcsec_I_v1.1_crop_0378.npy,MIGHTEE_Continuum_DR1_XMMLSS_8p9arcsec_I_v1.1,-1.0886371455853805e-05,0.001032640808261931
MIGHTEE_Continuum_DR1_XMMLSS_8p9arcsec_I_v1.1_crop_0379.npy,MIGHTEE_Continuum_DR1_XMMLSS_8p9arcsec_I_v1.1,-1.0886371455853805e-05,0.001032640808261931
MIGHTEE_Continuum_DR1_XMMLSS_8p9arcsec_I_v1.1_crop_0380.npy,MIGHTEE_Continuum_DR1_XMMLSS_8p9arcsec_I_v1.1,-1.0886371455853805e-05,0.001032640808261931
MIGHTEE_Continuum_DR1_XMMLSS_8p9arcsec_I_v1.1_crop_0381.npy,MIGHTEE_Continuum_DR1_XMMLSS_8p9arcsec_I_v1.1,-1.0886371455853805e-05,0.001032640808261931
MIGHTEE_Continuum_DR1_XMMLSS_8p9arcsec_I_v1.1_crop_0382.npy,MIGHTEE_Continuum_DR1_XMMLSS_8p9arcsec_I_v1.1,-1.0886371455853805e-05,0.001032640808261931
MIGHTEE_Continuum_DR1_XMMLSS_8p9arcsec_I_v1.1_crop_0383.npy,MIGHTEE_Continuum_DR1_XMMLSS_8p9arcsec_I_v1.1,-1.0886371455853805e-05,0.001032640808261931
MIGHTEE_Continuum_DR1_XMMLSS_8p9arcsec_I_v1.1_crop_0384.npy,MIGHTEE_Continuum_DR1_XMMLSS_8p9arcsec_I_v1.1,-1.0886371455853805e-05,0.001032640808261931
MIGHTEE_Continuum_DR1_XMMLSS_8p9arcsec_I_v1.1_crop_0385.npy,MIGHTEE_Continuum_DR1_XMMLSS_8p9arcsec_I_v1.1,-1.0886371455853805e-05,0.001032640808261931
MIGHTEE_Continuum_DR1_XMMLSS_8p9arcsec_I_v1.1_crop_0386.npy,MIGHTEE_Continuum_DR1_XMMLSS_8p9arcsec_I_v1.1,-1.0886371455853805e-05,0.001032640808261931
MIGHTEE_Continuum_DR1_XMMLSS_8p9arcsec_I_v1.1_crop_0387.npy,MIGHTEE_Continuum_DR1_XMMLSS_8p9arcsec_I_v1.1,-1.0886371455853805e-05,0.001032640808261931
MIGHTEE_Continuum_DR1_XMMLSS_8p9arcsec_I_v1.1_crop_0388.npy,MIGHTEE_Continuum_DR1_XMMLSS_8p9arcsec_I_v1.1,-1.0886371455853805e-05,0.001032640808261931
MIGHTEE_Continuum_DR1_XMMLSS_8p9arcsec_I_v1.1_crop_0389.npy,MIGHTEE_Continuum_DR1_XMMLSS_8p9arcsec_I_v1.1,-1.0886371455853805e-05,0.001032640808261931
MIGHTEE_Continuum_DR1_XMMLSS_8p9arcsec_I_v1.1_crop_0390.npy,MIGHTEE_Continuum_DR1_XMMLSS_8p9arcsec_I_v1.1,-1.0886371455853805e-05,0.001032640808261931
MIGHTEE_Continuum_DR1_XMMLSS_8p9arcsec_I_v1.1_crop_0391.npy,MIGHTEE_Continuum_DR1_XMMLSS_8p9arcsec_I_v1.1,-1.0886371455853805e-05,0.001032640808261931
MIGHTEE_Continuum_DR1_XMMLSS_8p9arcsec_I_v1.1_crop_0392.npy,MIGHTEE_Continuum_DR1_XMMLSS_8p9arcsec_I_v1.1,-1.0886371455853805e-05,0.001032640808261931
MIGHTEE_Continuum_DR1_XMMLSS_8p9arcsec_I_v1.1_crop_0393.npy,MIGHTEE_Continuum_DR1_XMMLSS_8p9arcsec_I_v1.1,-1.0886371455853805e-05,0.001032640808261931
MIGHTEE_Continuum_DR1_XMMLSS_8p9arcsec_I_v1.1_crop_0394.npy,MIGHTEE_Continuum_DR1_XMMLSS_8p9arcsec_I_v1.1,-1.0886371455853805e-05,0.001032640808261931
MIGHTEE_Continuum_DR1_XMMLSS_8p9arcsec_I_v1.1_crop_0395.npy,MIGHTEE_Continuum_DR1_XMMLSS_8p9arcsec_I_v1.1,-1.0886371455853805e-05,0.001032640808261931
MIGHTEE_Continuum_DR1_XMMLSS_8p9arcsec_I_v1.1_crop_0396.npy,MIGHTEE_Continuum_DR1_XMMLSS_8p9arcsec_I_v1.1,-1.0886371455853805e-05,0.001032640808261931
MIGHTEE_Continuum_DR1_XMMLSS_8p9arcsec_I_v1.1_crop_0397.npy,MIGHTEE_Continuum_DR1_XMMLSS_8p9arcsec_I_v1.1,-1.0886371455853805e-05,0.001032640808261931
MIGHTEE_Continuum_DR1_XMMLSS_8p9arcsec_I_v1.1_crop_0398.npy,MIGHTEE_Continuum_DR1_XMMLSS_8p9arcsec_I_v1.1,-1.0886371455853805e-05,0.001032640808261931
MIGHTEE_Continuum_DR1_XMMLSS_8p9arcsec_I_v1.1_crop_0399.npy,MIGHTEE_Continuum_DR1_XMMLSS_8p9arcsec_I_v1.1,-1.0886371455853805e-05,0.001032640808261931
MIGHTEE_Continuum_DR1_XMMLSS_8p9arcsec_I_v1.1_crop_0400.npy,MIGHTEE_Continuum_DR1_XMMLSS_8p9arcsec_I_v1.1,-1.0886371455853805e-05,0.001032640808261931
MIGHTEE_Continuum_DR1_XMMLSS_8p9arcsec_I_v1.1_crop_0401.npy,MIGHTEE_Continuum_DR1_XMMLSS_8p9arcsec_I_v1.1,-1.0886371455853805e-05,0.001032640808261931
MIGHTEE_Continuum_DR1_XMMLSS_8p9arcsec_I_v1.1_crop_0402.npy,MIGHTEE_Continuum_DR1_XMMLSS_8p9arcsec_I_v1.1,-1.0886371455853805e-05,0.001032640808261931
MIGHTEE_Continuum_DR1_XMMLSS_8p9arcsec_I_v1.1_crop_0403.npy,MIGHTEE_Continuum_DR1_XMMLSS_8p9arcsec_I_v1.1,-1.0886371455853805e-05,0.001032640808261931
MIGHTEE_Continuum_DR1_XMMLSS_8p9arcsec_I_v1.1_crop_0404.npy,MIGHTEE_Continuum_DR1_XMMLSS_8p9arcsec_I_v1.1,-1.0886371455853805e-05,0.001032640808261931
MIGHTEE_Continuum_DR1_XMMLSS_8p9arcsec_I_v1.1_crop_0405.npy,MIGHTEE_Continuum_DR1_XMMLSS_8p9arcsec_I_v1.1,-1.0886371455853805e-05,0.001032640808261931
MIGHTEE_Continuum_DR1_XMMLSS_8p9arcsec_I_v1.1_crop_0406.npy,MIGHTEE_Continuum_DR1_XMMLSS_8p9arcsec_I_v1.1,-1.0886371455853805e-05,0.001032640808261931
MIGHTEE_Continuum_DR1_XMMLSS_8p9arcsec_I_v1.1_crop_0407.npy,MIGHTEE_Continuum_DR1_XMMLSS_8p9arcsec_I_v1.1,-1.0886371455853805e-05,0.001032640808261931
MIGHTEE_Continuum_DR1_XMMLSS_8p9arcsec_I_v1.1_crop_0408.npy,MIGHTEE_Continuum_DR1_XMMLSS_8p9arcsec_I_v1.1,-1.0886371455853805e-05,0.001032640808261931
MIGHTEE_Continuum_DR1_XMMLSS_8p9arcsec_I_v1.1_crop_0409.npy,MIGHTEE_Continuum_DR1_XMMLSS_8p9arcsec_I_v1.1,-1.0886371455853805e-05,0.001032640808261931
MIGHTEE_Continuum_DR1_XMMLSS_8p9arcsec_I_v1.1_crop_0410.npy,MIGHTEE_Continuum_DR1_XMMLSS_8p9arcsec_I_v1.1,-1.0886371455853805e-05,0.001032640808261931
MIGHTEE_Continuum_DR1_XMMLSS_8p9arcsec_I_v1.1_crop_0411.npy,MIGHTEE_Continuum_DR1_XMMLSS_8p9arcsec_I_v1.1,-1.0886371455853805e-05,0.001032640808261931
MIGHTEE_Continuum_DR1_XMMLSS_8p9arcsec_I_v1.1_crop_0412.npy,MIGHTEE_Continuum_DR1_XMMLSS_8p9arcsec_I_v1.1,-1.0886371455853805e-05,0.001032640808261931
MIGHTEE_Continuum_DR1_XMMLSS_8p9arcsec_I_v1.1_crop_0413.npy,MIGHTEE_Continuum_DR1_XMMLSS_8p9arcsec_I_v1.1,-1.0886371455853805e-05,0.001032640808261931
MIGHTEE_Continuum_DR1_XMMLSS_8p9arcsec_I_v1.1_crop_0414.npy,MIGHTEE_Continuum_DR1_XMMLSS_8p9arcsec_I_v1.1,-1.0886371455853805e-05,0.001032640808261931
MIGHTEE_Continuum_DR1_XMMLSS_8p9arcsec_I_v1.1_crop_0415.npy,MIGHTEE_Continuum_DR1_XMMLSS_8p9arcsec_I_v1.1,-1.0886371455853805e-05,0.001032640808261931
MIGHTEE_Continuum_DR1_XMMLSS_8p9arcsec_I_v1.1_crop_0416.npy,MIGHTEE_Continuum_DR1_XMMLSS_8p9arcsec_I_v1.1,-1.0886371455853805e-05,0.001032640808261931
MIGHTEE_Continuum_DR1_XMMLSS_8p9arcsec_I_v1.1_crop_0417.npy,MIGHTEE_Continuum_DR1_XMMLSS_8p9arcsec_I_v1.1,-1.0886371455853805e-05,0.001032640808261931
MIGHTEE_Continuum_DR1_XMMLSS_8p9arcsec_I_v1.1_crop_0418.npy,MIGHTEE_Continuum_DR1_XMMLSS_8p9arcsec_I_v1.1,-1.0886371455853805e-05,0.001032640808261931
MIGHTEE_Continuum_DR1_XMMLSS_8p9arcsec_I_v1.1_crop_0419.npy,MIGHTEE_Continuum_DR1_XMMLSS_8p9arcsec_I_v1.1,-1.0886371455853805e-05,0.001032640808261931
MIGHTEE_Continuum_DR1_XMMLSS_8p9arcsec_I_v1.1_crop_0420.npy,MIGHTEE_Continuum_DR1_XMMLSS_8p9arcsec_I_v1.1,-1.0886371455853805e-05,0.001032640808261931
MIGHTEE_Continuum_DR1_XMMLSS_8p9arcsec_I_v1.1_crop_0421.npy,MIGHTEE_Continuum_DR1_XMMLSS_8p9arcsec_I_v1.1,-1.0886371455853805e-05,0.001032640808261931
MIGHTEE_Continuum_DR1_XMMLSS_8p9arcsec_I_v1.1_crop_0422.npy,MIGHTEE_Continuum_DR1_XMMLSS_8p9arcsec_I_v1.1,-1.0886371455853805e-05,0.001032640808261931
MIGHTEE_Continuum_DR1_XMMLSS_8p9arcsec_I_v1.1_crop_0423.npy,MIGHTEE_Continuum_DR1_XMMLSS_8p9arcsec_I_v1.1,-1.0886371455853805e-05,0.001032640808261931
MIGHTEE_Continuum_DR1_XMMLSS_8p9arcsec_I_v1.1_crop_0424.npy,MIGHTEE_Continuum_DR1_XMMLSS_8p9arcsec_I_v1.1,-1.0886371455853805e-05,0.001032640808261931
MIGHTEE_Continuum_DR1_XMMLSS_8p9arcsec_I_v1.1_crop_0425.npy,MIGHTEE_Continuum_DR1_XMMLSS_8p9arcsec_I_v1.1,-1.0886371455853805e-05,0.001032640808261931
MIGHTEE_Continuum_DR1_XMMLSS_8p9arcsec_I_v1.1_crop_0426.npy,MIGHTEE_Continuum_DR1_XMMLSS_8p9arcsec_I_v1.1,-1.0886371455853805e-05,0.001032640808261931
MIGHTEE_Continuum_DR1_XMMLSS_8p9arcsec_I_v1.1_crop_0427.npy,MIGHTEE_Continuum_DR1_XMMLSS_8p9arcsec_I_v1.1,-1.0886371455853805e-05,0.001032640808261931
MIGHTEE_Continuum_DR1_XMMLSS_8p9arcsec_I_v1.1_crop_0428.npy,MIGHTEE_Continuum_DR1_XMMLSS_8p9arcsec_I_v1.1,-1.0886371455853805e-05,0.001032640808261931
MIGHTEE_Continuum_DR1_XMMLSS_8p9arcsec_I_v1.1_crop_0429.npy,MIGHTEE_Continuum_DR1_XMMLSS_8p9arcsec_I_v1.1,-1.0886371455853805e-05,0.001032640808261931
MIGHTEE_Continuum_DR1_XMMLSS_8p9arcsec_I_v1.1_crop_0430.npy,MIGHTEE_Continuum_DR1_XMMLSS_8p9arcsec_I_v1.1,-1.0886371455853805e-05,0.001032640808261931
MIGHTEE_Continuum_DR1_XMMLSS_8p9arcsec_I_v1.1_crop_0431.npy,MIGHTEE_Continuum_DR1_XMMLSS_8p9arcsec_I_v1.1,-1.0886371455853805e-05,0.001032640808261931
MIGHTEE_Continuum_DR1_XMMLSS_8p9arcsec_I_v1.1_crop_0432.npy,MIGHTEE_Continuum_DR1_XMMLSS_8p9arcsec_I_v1.1,-1.0886371455853805e-05,0.001032640808261931
MIGHTEE_Continuum_DR1_XMMLSS_8p9arcsec_I_v1.1_crop_0433.npy,MIGHTEE_Continuum_DR1_XMMLSS_8p9arcsec_I_v1.1,-1.0886371455853805e-05,0.001032640808261931
MIGHTEE_Continuum_DR1_XMMLSS_8p9arcsec_I_v1.1_crop_0434.npy,MIGHTEE_Continuum_DR1_XMMLSS_8p9arcsec_I_v1.1,-1.0886371455853805e-05,0.001032640808261931
MIGHTEE_Continuum_DR1_XMMLSS_8p9arcsec_I_v1.1_crop_0435.npy,MIGHTEE_Continuum_DR1_XMMLSS_8p9arcsec_I_v1.1,-1.0886371455853805e-05,0.001032640808261931
MIGHTEE_Continuum_DR1_XMMLSS_8p9arcsec_I_v1.1_crop_0436.npy,MIGHTEE_Continuum_DR1_XMMLSS_8p9arcsec_I_v1.1,-1.0886371455853805e-05,0.001032640808261931
MIGHTEE_Continuum_DR1_XMMLSS_8p9arcsec_I_v1.1_crop_0437.npy,MIGHTEE_Continuum_DR1_XMMLSS_8p9arcsec_I_v1.1,-1.0886371455853805e-05,0.001032640808261931
MIGHTEE_Continuum_DR1_XMMLSS_8p9arcsec_I_v1.1_crop_0438.npy,MIGHTEE_Continuum_DR1_XMMLSS_8p9arcsec_I_v1.1,-1.0886371455853805e-05,0.001032640808261931
MIGHTEE_Continuum_DR1_XMMLSS_8p9arcsec_I_v1.1_crop_0439.npy,MIGHTEE_Continuum_DR1_XMMLSS_8p9arcsec_I_v1.1,-1.0886371455853805e-05,0.001032640808261931
MIGHTEE_Continuum_DR1_XMMLSS_8p9arcsec_I_v1.1_crop_0440.npy,MIGHTEE_Continuum_DR1_XMMLSS_8p9arcsec_I_v1.1,-1.0886371455853805e-05,0.001032640808261931
MIGHTEE_Continuum_DR1_XMMLSS_8p9arcsec_I_v1.1_crop_0441.npy,MIGHTEE_Continuum_DR1_XMMLSS_8p9arcsec_I_v1.1,-1.0886371455853805e-05,0.001032640808261931
MIGHTEE_Continuum_DR1_XMMLSS_8p9arcsec_I_v1.1_crop_0442.npy,MIGHTEE_Continuum_DR1_XMMLSS_8p9arcsec_I_v1.1,-1.0886371455853805e-05,0.001032640808261931
MIGHTEE_Continuum_DR1_XMMLSS_8p9arcsec_I_v1.1_crop_0443.npy,MIGHTEE_Continuum_DR1_XMMLSS_8p9arcsec_I_v1.1,-1.0886371455853805e-05,0.001032640808261931
MIGHTEE_Continuum_DR1_XMMLSS_8p9arcsec_I_v1.1_crop_0444.npy,MIGHTEE_Continuum_DR1_XMMLSS_8p9arcsec_I_v1.1,-1.0886371455853805e-05,0.001032640808261931
MIGHTEE_Continuum_DR1_XMMLSS_8p9arcsec_I_v1.1_crop_0445.npy,MIGHTEE_Continuum_DR1_XMMLSS_8p9arcsec_I_v1.1,-1.0886371455853805e-05,0.001032640808261931
MIGHTEE_Continuum_DR1_XMMLSS_8p9arcsec_I_v1.1_crop_0446.npy,MIGHTEE_Continuum_DR1_XMMLSS_8p9arcsec_I_v1.1,-1.0886371455853805e-05,0.001032640808261931
MIGHTEE_Continuum_DR1_XMMLSS_8p9arcsec_I_v1.1_crop_0447.npy,MIGHTEE_Continuum_DR1_XMMLSS_8p9arcsec_I_v1.1,-1.0886371455853805e-05,0.001032640808261931
MIGHTEE_Continuum_DR1_XMMLSS_8p9arcsec_I_v1.1_crop_0448.npy,MIGHTEE_Continuum_DR1_XMMLSS_8p9arcsec_I_v1.1,-1.0886371455853805e-05,0.001032640808261931
MIGHTEE_Continuum_DR1_XMMLSS_8p9arcsec_I_v1.1_crop_0449.npy,MIGHTEE_Continuum_DR1_XMMLSS_8p9arcsec_I_v1.1,-1.0886371455853805e-05,0.001032640808261931
MIGHTEE_Continuum_DR1_XMMLSS_8p9arcsec_I_v1.1_crop_0450.npy,MIGHTEE_Continuum_DR1_XMMLSS_8p9arcsec_I_v1.1,-1.0886371455853805e-05,0.001032640808261931
MIGHTEE_Continuum_DR1_XMMLSS_8p9arcsec_I_v1.1_crop_0451.npy,MIGHTEE_Continuum_DR1_XMMLSS_8p9arcsec_I_v1.1,-1.0886371455853805e-05,0.001032640808261931
MIGHTEE_Continuum_DR1_XMMLSS_8p9arcsec_I_v1.1_crop_0452.npy,MIGHTEE_Continuum_DR1_XMMLSS_8p9arcsec_I_v1.1,-1.0886371455853805e-05,0.001032640808261931
MIGHTEE_Continuum_DR1_XMMLSS_8p9arcsec_I_v1.1_crop_0453.npy,MIGHTEE_Continuum_DR1_XMMLSS_8p9arcsec_I_v1.1,-1.0886371455853805e-05,0.001032640808261931
MIGHTEE_Continuum_DR1_XMMLSS_8p9arcsec_I_v1.1_crop_0454.npy,MIGHTEE_Continuum_DR1_XMMLSS_8p9arcsec_I_v1.1,-1.0886371455853805e-05,0.001032640808261931
MIGHTEE_Continuum_DR1_XMMLSS_8p9arcsec_I_v1.1_crop_0455.npy,MIGHTEE_Continuum_DR1_XMMLSS_8p9arcsec_I_v1.1,-1.0886371455853805e-05,0.001032640808261931
MIGHTEE_Continuum_DR1_XMMLSS_8p9arcsec_I_v1.1_crop_0456.npy,MIGHTEE_Continuum_DR1_XMMLSS_8p9arcsec_I_v1.1,-1.0886371455853805e-05,0.001032640808261931
MIGHTEE_Continuum_DR1_XMMLSS_8p9arcsec_I_v1.1_crop_0457.npy,MIGHTEE_Continuum_DR1_XMMLSS_8p9arcsec_I_v1.1,-1.0886371455853805e-05,0.001032640808261931
MIGHTEE_Continuum_DR1_XMMLSS_8p9arcsec_I_v1.1_crop_0458.npy,MIGHTEE_Continuum_DR1_XMMLSS_8p9arcsec_I_v1.1,-1.0886371455853805e-05,0.001032640808261931
MIGHTEE_Continuum_DR1_XMMLSS_8p9arcsec_I_v1.1_crop_0459.npy,MIGHTEE_Continuum_DR1_XMMLSS_8p9arcsec_I_v1.1,-1.0886371455853805e-05,0.001032640808261931
MIGHTEE_Continuum_DR1_XMMLSS_8p9arcsec_I_v1.1_crop_0460.npy,MIGHTEE_Continuum_DR1_XMMLSS_8p9arcsec_I_v1.1,-1.0886371455853805e-05,0.001032640808261931
MIGHTEE_Continuum_DR1_XMMLSS_8p9arcsec_I_v1.1_crop_0461.npy,MIGHTEE_Continuum_DR1_XMMLSS_8p9arcsec_I_v1.1,-1.0886371455853805e-05,0.001032640808261931
MIGHTEE_Continuum_DR1_XMMLSS_8p9arcsec_I_v1.1_crop_0462.npy,MIGHTEE_Continuum_DR1_XMMLSS_8p9arcsec_I_v1.1,-1.0886371455853805e-05,0.001032640808261931
MIGHTEE_Continuum_DR1_XMMLSS_8p9arcsec_I_v1.1_crop_0463.npy,MIGHTEE_Continuum_DR1_XMMLSS_8p9arcsec_I_v1.1,-1.0886371455853805e-05,0.001032640808261931
MIGHTEE_Continuum_DR1_XMMLSS_8p9arcsec_I_v1.1_crop_0464.npy,MIGHTEE_Continuum_DR1_XMMLSS_8p9arcsec_I_v1.1,-1.0886371455853805e-05,0.001032640808261931
MIGHTEE_Continuum_DR1_XMMLSS_8p9arcsec_I_v1.1_crop_0465.npy,MIGHTEE_Continuum_DR1_XMMLSS_8p9arcsec_I_v1.1,-1.0886371455853805e-05,0.001032640808261931
MIGHTEE_Continuum_DR1_XMMLSS_8p9arcsec_I_v1.1_crop_0466.npy,MIGHTEE_Continuum_DR1_XMMLSS_8p9arcsec_I_v1.1,-1.0886371455853805e-05,0.001032640808261931
MIGHTEE_Continuum_DR1_XMMLSS_8p9arcsec_I_v1.1_crop_0467.npy,MIGHTEE_Continuum_DR1_XMMLSS_8p9arcsec_I_v1.1,-1.0886371455853805e-05,0.001032640808261931
MIGHTEE_Continuum_DR1_XMMLSS_8p9arcsec_I_v1.1_crop_0468.npy,MIGHTEE_Continuum_DR1_XMMLSS_8p9arcsec_I_v1.1,-1.0886371455853805e-05,0.001032640808261931
MIGHTEE_Continuum_DR1_XMMLSS_8p9arcsec_I_v1.1_crop_0469.npy,MIGHTEE_Continuum_DR1_XMMLSS_8p9arcsec_I_v1.1,-1.0886371455853805e-05,0.001032640808261931
MIGHTEE_Continuum_DR1_XMMLSS_8p9arcsec_I_v1.1_crop_0470.npy,MIGHTEE_Continuum_DR1_XMMLSS_8p9arcsec_I_v1.1,-1.0886371455853805e-05,0.001032640808261931
MIGHTEE_Continuum_DR1_XMMLSS_8p9arcsec_I_v1.1_crop_0471.npy,MIGHTEE_Continuum_DR1_XMMLSS_8p9arcsec_I_v1.1,-1.0886371455853805e-05,0.001032640808261931
MIGHTEE_Continuum_DR1_XMMLSS_8p9arcsec_I_v1.1_crop_0472.npy,MIGHTEE_Continuum_DR1_XMMLSS_8p9arcsec_I_v1.1,-1.0886371455853805e-05,0.001032640808261931
MIGHTEE_Continuum_DR1_XMMLSS_8p9arcsec_I_v1.1_crop_0473.npy,MIGHTEE_Continuum_DR1_XMMLSS_8p9arcsec_I_v1.1,-1.0886371455853805e-05,0.001032640808261931
MIGHTEE_Continuum_DR1_XMMLSS_8p9arcsec_I_v1.1_crop_0474.npy,MIGHTEE_Continuum_DR1_XMMLSS_8p9arcsec_I_v1.1,-1.0886371455853805e-05,0.001032640808261931
MIGHTEE_Continuum_DR1_XMMLSS_8p9arcsec_I_v1.1_crop_0475.npy,MIGHTEE_Continuum_DR1_XMMLSS_8p9arcsec_I_v1.1,-1.0886371455853805e-05,0.001032640808261931
MIGHTEE_Continuum_DR1_XMMLSS_8p9arcsec_I_v1.1_crop_0476.npy,MIGHTEE_Continuum_DR1_XMMLSS_8p9arcsec_I_v1.1,-1.0886371455853805e-05,0.001032640808261931
MIGHTEE_Continuum_DR1_XMMLSS_8p9arcsec_I_v1.1_crop_0477.npy,MIGHTEE_Continuum_DR1_XMMLSS_8p9arcsec_I_v1.1,-1.0886371455853805e-05,0.001032640808261931
MIGHTEE_Continuum_DR1_XMMLSS_8p9arcsec_I_v1.1_crop_0478.npy,MIGHTEE_Continuum_DR1_XMMLSS_8p9arcsec_I_v1.1,-1.0886371455853805e-05,0.001032640808261931
MIGHTEE_Continuum_DR1_XMMLSS_8p9arcsec_I_v1.1_crop_0479.npy,MIGHTEE_Continuum_DR1_XMMLSS_8p9arcsec_I_v1.1,-1.0886371455853805e-05,0.001032640808261931
MIGHTEE_Continuum_DR1_XMMLSS_8p9arcsec_I_v1.1_crop_0480.npy,MIGHTEE_Continuum_DR1_XMMLSS_8p9arcsec_I_v1.1,-1.0886371455853805e-05,0.001032640808261931
MIGHTEE_Continuum_DR1_XMMLSS_8p9arcsec_I_v1.1_crop_0481.npy,MIGHTEE_Continuum_DR1_XMMLSS_8p9arcsec_I_v1.1,-1.0886371455853805e-05,0.001032640808261931
MIGHTEE_Continuum_DR1_XMMLSS_8p9arcsec_I_v1.1_crop_0482.npy,MIGHTEE_Continuum_DR1_XMMLSS_8p9arcsec_I_v1.1,-1.0886371455853805e-05,0.001032640808261931
MIGHTEE_Continuum_DR1_XMMLSS_8p9arcsec_I_v1.1_crop_0483.npy,MIGHTEE_Continuum_DR1_XMMLSS_8p9arcsec_I_v1.1,-1.0886371455853805e-05,0.001032640808261931
MIGHTEE_Continuum_DR1_XMMLSS_8p9arcsec_I_v1.1_crop_0484.npy,MIGHTEE_Continuum_DR1_XMMLSS_8p9arcsec_I_v1.1,-1.0886371455853805e-05,0.001032640808261931
MIGHTEE_Continuum_DR1_XMMLSS_8p9arcsec_I_v1.1_crop_0485.npy,MIGHTEE_Continuum_DR1_XMMLSS_8p9arcsec_I_v1.1,-1.0886371455853805e-05,0.001032640808261931
MIGHTEE_Continuum_DR1_XMMLSS_8p9arcsec_I_v1.1_crop_0486.npy,MIGHTEE_Continuum_DR1_XMMLSS_8p9arcsec_I_v1.1,-1.0886371455853805e-05,0.001032640808261931
MIGHTEE_Continuum_DR1_XMMLSS_8p9arcsec_I_v1.1_crop_0487.npy,MIGHTEE_Continuum_DR1_XMMLSS_8p9arcsec_I_v1.1,-1.0886371455853805e-05,0.001032640808261931
MIGHTEE_Continuum_DR1_XMMLSS_8p9arcsec_I_v1.1_crop_0488.npy,MIGHTEE_Continuum_DR1_XMMLSS_8p9arcsec_I_v1.1,-1.0886371455853805e-05,0.001032640808261931
MIGHTEE_Continuum_DR1_XMMLSS_8p9arcsec_I_v1.1_crop_0489.npy,MIGHTEE_Continuum_DR1_XMMLSS_8p9arcsec_I_v1.1,-1.0886371455853805e-05,0.001032640808261931
MIGHTEE_Continuum_DR1_XMMLSS_8p9arcsec_I_v1.1_crop_0490.npy,MIGHTEE_Continuum_DR1_XMMLSS_8p9arcsec_I_v1.1,-1.0886371455853805e-05,0.001032640808261931
MIGHTEE_Continuum_DR1_XMMLSS_8p9arcsec_I_v1.1_crop_0491.npy,MIGHTEE_Continuum_DR1_XMMLSS_8p9arcsec_I_v1.1,-1.0886371455853805e-05,0.001032640808261931
MIGHTEE_Continuum_DR1_XMMLSS_8p9arcsec_I_v1.1_crop_0492.npy,MIGHTEE_Continuum_DR1_XMMLSS_8p9arcsec_I_v1.1,-1.0886371455853805e-05,0.001032640808261931
MIGHTEE_Continuum_DR1_XMMLSS_8p9arcsec_I_v1.1_crop_0493.npy,MIGHTEE_Continuum_DR1_XMMLSS_8p9arcsec_I_v1.1,-1.0886371455853805e-05,0.001032640808261931
MIGHTEE_Continuum_DR1_XMMLSS_8p9arcsec_I_v1.1_crop_0494.npy,MIGHTEE_Continuum_DR1_XMMLSS_8p9arcsec_I_v1.1,-1.0886371455853805e-05,0.001032640808261931
MIGHTEE_Continuum_DR1_XMMLSS_8p9arcsec_I_v1.1_crop_0495.npy,MIGHTEE_Continuum_DR1_XMMLSS_8p9arcsec_I_v1.1,-1.0886371455853805e-05,0.001032640808261931
MIGHTEE_Continuum_DR1_XMMLSS_8p9arcsec_I_v1.1_crop_0496.npy,MIGHTEE_Continuum_DR1_XMMLSS_8p9arcsec_I_v1.1,-1.0886371455853805e-05,0.001032640808261931
MIGHTEE_Continuum_DR1_XMMLSS_8p9arcsec_I_v1.1_crop_0497.npy,MIGHTEE_Continuum_DR1_XMMLSS_8p9arcsec_I_v1.1,-1.0886371455853805e-05,0.001032640808261931
MIGHTEE_Continuum_DR1_XMMLSS_8p9arcsec_I_v1.1_crop_0498.npy,MIGHTEE_Continuum_DR1_XMMLSS_8p9arcsec_I_v1.1,-1.0886371455853805e-05,0.001032640808261931
MIGHTEE_Continuum_DR1_XMMLSS_8p9arcsec_I_v1.1_crop_0499.npy,MIGHTEE_Continuum_DR1_XMMLSS_8p9arcsec_I_v1.1,-1.0886371455853805e-05,0.001032640808261931
MIGHTEE_Continuum_DR1_XMMLSS_8p9arcsec_I_v1.1_crop_0500.npy,MIGHTEE_Continuum_DR1_XMMLSS_8p9arcsec_I_v1.1,-1.0886371455853805e-05,0.001032640808261931
MIGHTEE_Continuum_DR1_XMMLSS_8p9arcsec_I_v1.1_crop_0501.npy,MIGHTEE_Continuum_DR1_XMMLSS_8p9arcsec_I_v1.1,-1.0886371455853805e-05,0.001032640808261931
MIGHTEE_Continuum_DR1_XMMLSS_8p9arcsec_I_v1.1_crop_0502.npy,MIGHTEE_Continuum_DR1_XMMLSS_8p9arcsec_I_v1.1,-1.0886371455853805e-05,0.001032640808261931
MIGHTEE_Continuum_DR1_XMMLSS_8p9arcsec_I_v1.1_crop_0503.npy,MIGHTEE_Continuum_DR1_XMMLSS_8p9arcsec_I_v1.1,-1.0886371455853805e-05,0.001032640808261931
MIGHTEE_Continuum_DR1_XMMLSS_8p9arcsec_I_v1.1_crop_0504.npy,MIGHTEE_Continuum_DR1_XMMLSS_8p9arcsec_I_v1.1,-1.0886371455853805e-05,0.001032640808261931
MIGHTEE_Continuum_DR1_XMMLSS_8p9arcsec_I_v1.1_crop_0505.npy,MIGHTEE_Continuum_DR1_XMMLSS_8p9arcsec_I_v1.1,-1.0886371455853805e-05,0.001032640808261931
MIGHTEE_Continuum_DR1_XMMLSS_8p9arcsec_I_v1.1_crop_0506.npy,MIGHTEE_Continuum_DR1_XMMLSS_8p9arcsec_I_v1.1,-1.0886371455853805e-05,0.001032640808261931
MIGHTEE_Continuum_DR1_XMMLSS_8p9arcsec_I_v1.1_crop_0507.npy,MIGHTEE_Continuum_DR1_XMMLSS_8p9arcsec_I_v1.1,-1.0886371455853805e-05,0.001032640808261931
MIGHTEE_Continuum_DR1_XMMLSS_8p9arcsec_I_v1.1_crop_0508.npy,MIGHTEE_Continuum_DR1_XMMLSS_8p9arcsec_I_v1.1,-1.0886371455853805e-05,0.001032640808261931
MIGHTEE_Continuum_DR1_XMMLSS_8p9arcsec_I_v1.1_crop_0509.npy,MIGHTEE_Continuum_DR1_XMMLSS_8p9arcsec_I_v1.1,-1.0886371455853805e-05,0.001032640808261931
MIGHTEE_Continuum_DR1_XMMLSS_8p9arcsec_I_v1.1_crop_0510.npy,MIGHTEE_Continuum_DR1_XMMLSS_8p9arcsec_I_v1.1,-1.0886371455853805e-05,0.001032640808261931
MIGHTEE_Continuum_DR1_XMMLSS_8p9arcsec_I_v1.1_crop_0511.npy,MIGHTEE_Continuum_DR1_XMMLSS_8p9arcsec_I_v1.1,-1.0886371455853805e-05,0.001032640808261931
MIGHTEE_Continuum_DR1_XMMLSS_8p9arcsec_I_v1.1_crop_0512.npy,MIGHTEE_Continuum_DR1_XMMLSS_8p9arcsec_I_v1.1,-1.0886371455853805e-05,0.001032640808261931
MIGHTEE_Continuum_DR1_XMMLSS_8p9arcsec_I_v1.1_crop_0513.npy,MIGHTEE_Continuum_DR1_XMMLSS_8p9arcsec_I_v1.1,-1.0886371455853805e-05,0.001032640808261931
MIGHTEE_Continuum_DR1_XMMLSS_8p9arcsec_I_v1.1_crop_0514.npy,MIGHTEE_Continuum_DR1_XMMLSS_8p9arcsec_I_v1.1,-1.0886371455853805e-05,0.001032640808261931
MIGHTEE_Continuum_DR1_XMMLSS_8p9arcsec_I_v1.1_crop_0515.npy,MIGHTEE_Continuum_DR1_XMMLSS_8p9arcsec_I_v1.1,-1.0886371455853805e-05,0.001032640808261931
MIGHTEE_Continuum_DR1_XMMLSS_8p9arcsec_I_v1.1_crop_0516.npy,MIGHTEE_Continuum_DR1_XMMLSS_8p9arcsec_I_v1.1,-1.0886371455853805e-05,0.001032640808261931
MIGHTEE_Continuum_DR1_XMMLSS_8p9arcsec_I_v1.1_crop_0517.npy,MIGHTEE_Continuum_DR1_XMMLSS_8p9arcsec_I_v1.1,-1.0886371455853805e-05,0.001032640808261931
MIGHTEE_Continuum_DR1_XMMLSS_8p9arcsec_I_v1.1_crop_0518.npy,MIGHTEE_Continuum_DR1_XMMLSS_8p9arcsec_I_v1.1,-1.0886371455853805e-05,0.001032640808261931
MIGHTEE_Continuum_DR1_XMMLSS_8p9arcsec_I_v1.1_crop_0519.npy,MIGHTEE_Continuum_DR1_XMMLSS_8p9arcsec_I_v1.1,-1.0886371455853805e-05,0.001032640808261931
MIGHTEE_Continuum_DR1_XMMLSS_8p9arcsec_I_v1.1_crop_0520.npy,MIGHTEE_Continuum_DR1_XMMLSS_8p9arcsec_I_v1.1,-1.0886371455853805e-05,0.001032640808261931
MIGHTEE_Continuum_DR1_XMMLSS_8p9arcsec_I_v1.1_crop_0521.npy,MIGHTEE_Continuum_DR1_XMMLSS_8p9arcsec_I_v1.1,-1.0886371455853805e-05,0.001032640808261931
MIGHTEE_Continuum_DR1_XMMLSS_8p9arcsec_I_v1.1_crop_0522.npy,MIGHTEE_Continuum_DR1_XMMLSS_8p9arcsec_I_v1.1,-1.0886371455853805e-05,0.001032640808261931
MIGHTEE_Continuum_DR1_XMMLSS_8p9arcsec_I_v1.1_crop_0523.npy,MIGHTEE_Continuum_DR1_XMMLSS_8p9arcsec_I_v1.1,-1.0886371455853805e-05,0.001032640808261931
MIGHTEE_Continuum_DR1_XMMLSS_8p9arcsec_I_v1.1_crop_0524.npy,MIGHTEE_Continuum_DR1_XMMLSS_8p9arcsec_I_v1.1,-1.0886371455853805e-05,0.001032640808261931
MIGHTEE_Continuum_DR1_XMMLSS_8p9arcsec_I_v1.1_crop_0525.npy,MIGHTEE_Continuum_DR1_XMMLSS_8p9arcsec_I_v1.1,-1.0886371455853805e-05,0.001032640808261931
MIGHTEE_Continuum_DR1_XMMLSS_8p9arcsec_I_v1.1_crop_0526.npy,MIGHTEE_Continuum_DR1_XMMLSS_8p9arcsec_I_v1.1,-1.0886371455853805e-05,0.001032640808261931
MIGHTEE_Continuum_DR1_XMMLSS_8p9arcsec_I_v1.1_crop_0527.npy,MIGHTEE_Continuum_DR1_XMMLSS_8p9arcsec_I_v1.1,-1.0886371455853805e-05,0.001032640808261931
MIGHTEE_Continuum_DR1_XMMLSS_8p9arcsec_I_v1.1_crop_0528.npy,MIGHTEE_Continuum_DR1_XMMLSS_8p9arcsec_I_v1.1,-1.0886371455853805e-05,0.001032640808261931
MIGHTEE_Continuum_DR1_XMMLSS_8p9arcsec_I_v1.1_crop_0529.npy,MIGHTEE_Continuum_DR1_XMMLSS_8p9arcsec_I_v1.1,-1.0886371455853805e-05,0.001032640808261931
MIGHTEE_Continuum_DR1_XMMLSS_8p9arcsec_I_v1.1_crop_0530.npy,MIGHTEE_Continuum_DR1_XMMLSS_8p9arcsec_I_v1.1,-1.0886371455853805e-05,0.001032640808261931
MIGHTEE_Continuum_DR1_XMMLSS_8p9arcsec_I_v1.1_crop_0531.npy,MIGHTEE_Continuum_DR1_XMMLSS_8p9arcsec_I_v1.1,-1.0886371455853805e-05,0.001032640808261931
MIGHTEE_Continuum_DR1_XMMLSS_8p9arcsec_I_v1.1_crop_0532.npy,MIGHTEE_Continuum_DR1_XMMLSS_8p9arcsec_I_v1.1,-1.0886371455853805e-05,0.001032640808261931
MIGHTEE_Continuum_DR1_XMMLSS_8p9arcsec_I_v1.1_crop_0533.npy,MIGHTEE_Continuum_DR1_XMMLSS_8p9arcsec_I_v1.1,-1.0886371455853805e-05,0.001032640808261931
MIGHTEE_Continuum_DR1_XMMLSS_8p9arcsec_I_v1.1_crop_0534.npy,MIGHTEE_Continuum_DR1_XMMLSS_8p9arcsec_I_v1.1,-1.0886371455853805e-05,0.001032640808261931
MIGHTEE_Continuum_DR1_XMMLSS_8p9arcsec_I_v1.1_crop_0535.npy,MIGHTEE_Continuum_DR1_XMMLSS_8p9arcsec_I_v1.1,-1.0886371455853805e-05,0.001032640808261931
MIGHTEE_Continuum_DR1_XMMLSS_8p9arcsec_I_v1.1_crop_0536.npy,MIGHTEE_Continuum_DR1_XMMLSS_8p9arcsec_I_v1.1,-1.0886371455853805e-05,0.001032640808261931
MIGHTEE_Continuum_DR1_XMMLSS_8p9arcsec_I_v1.1_crop_0537.npy,MIGHTEE_Continuum_DR1_XMMLSS_8p9arcsec_I_v1.1,-1.0886371455853805e-05,0.001032640808261931
MIGHTEE_Continuum_DR1_XMMLSS_8p9arcsec_I_v1.1_crop_0538.npy,MIGHTEE_Continuum_DR1_XMMLSS_8p9arcsec_I_v1.1,-1.0886371455853805e-05,0.001032640808261931
MIGHTEE_Continuum_DR1_XMMLSS_8p9arcsec_I_v1.1_crop_0539.npy,MIGHTEE_Continuum_DR1_XMMLSS_8p9arcsec_I_v1.1,-1.0886371455853805e-05,0.001032640808261931
MIGHTEE_Continuum_DR1_XMMLSS_8p9arcsec_I_v1.1_crop_0540.npy,MIGHTEE_Continuum_DR1_XMMLSS_8p9arcsec_I_v1.1,-1.0886371455853805e-05,0.001032640808261931
MIGHTEE_Continuum_DR1_XMMLSS_8p9arcsec_I_v1.1_crop_0541.npy,MIGHTEE_Continuum_DR1_XMMLSS_8p9arcsec_I_v1.1,-1.0886371455853805e-05,0.001032640808261931
MIGHTEE_Continuum_DR1_XMMLSS_8p9arcsec_I_v1.1_crop_0542.npy,MIGHTEE_Continuum_DR1_XMMLSS_8p9arcsec_I_v1.1,-1.0886371455853805e-05,0.001032640808261931
MIGHTEE_Continuum_DR1_XMMLSS_8p9arcsec_I_v1.1_crop_0543.npy,MIGHTEE_Continuum_DR1_XMMLSS_8p9arcsec_I_v1.1,-1.0886371455853805e-05,0.001032640808261931
MIGHTEE_Continuum_DR1_XMMLSS_8p9arcsec_I_v1.1_crop_0544.npy,MIGHTEE_Continuum_DR1_XMMLSS_8p9arcsec_I_v1.1,-1.0886371455853805e-05,0.001032640808261931
MIGHTEE_Continuum_DR1_XMMLSS_8p9arcsec_I_v1.1_crop_0545.npy,MIGHTEE_Continuum_DR1_XMMLSS_8p9arcsec_I_v1.1,-1.0886371455853805e-05,0.001032640808261931
MIGHTEE_Continuum_DR1_XMMLSS_8p9arcsec_I_v1.1_crop_0546.npy,MIGHTEE_Continuum_DR1_XMMLSS_8p9arcsec_I_v1.1,-1.0886371455853805e-05,0.001032640808261931
MIGHTEE_Continuum_DR1_XMMLSS_8p9arcsec_I_v1.1_crop_0547.npy,MIGHTEE_Continuum_DR1_XMMLSS_8p9arcsec_I_v1.1,-1.0886371455853805e-05,0.001032640808261931
MIGHTEE_Continuum_DR1_XMMLSS_8p9arcsec_I_v1.1_crop_0548.npy,MIGHTEE_Continuum_DR1_XMMLSS_8p9arcsec_I_v1.1,-1.0886371455853805e-05,0.001032640808261931
MIGHTEE_Continuum_DR1_XMMLSS_8p9arcsec_I_v1.1_crop_0549.npy,MIGHTEE_Continuum_DR1_XMMLSS_8p9arcsec_I_v1.1,-1.0886371455853805e-05,0.001032640808261931
MIGHTEE_Continuum_DR1_XMMLSS_8p9arcsec_I_v1.1_crop_0550.npy,MIGHTEE_Continuum_DR1_XMMLSS_8p9arcsec_I_v1.1,-1.0886371455853805e-05,0.001032640808261931
MIGHTEE_Continuum_DR1_XMMLSS_8p9arcsec_I_v1.1_crop_0551.npy,MIGHTEE_Continuum_DR1_XMMLSS_8p9arcsec_I_v1.1,-1.0886371455853805e-05,0.001032640808261931
MIGHTEE_Continuum_DR1_XMMLSS_8p9arcsec_I_v1.1_crop_0552.npy,MIGHTEE_Continuum_DR1_XMMLSS_8p9arcsec_I_v1.1,-1.0886371455853805e-05,0.001032640808261931
MIGHTEE_Continuum_DR1_XMMLSS_8p9arcsec_I_v1.1_crop_0553.npy,MIGHTEE_Continuum_DR1_XMMLSS_8p9arcsec_I_v1.1,-1.0886371455853805e-05,0.001032640808261931
MIGHTEE_Continuum_DR1_XMMLSS_8p9arcsec_I_v1.1_crop_0554.npy,MIGHTEE_Continuum_DR1_XMMLSS_8p9arcsec_I_v1.1,-1.0886371455853805e-05,0.001032640808261931
MIGHTEE_Continuum_DR1_XMMLSS_8p9arcsec_I_v1.1_crop_0555.npy,MIGHTEE_Continuum_DR1_XMMLSS_8p9arcsec_I_v1.1,-1.0886371455853805e-05,0.001032640808261931
MIGHTEE_Continuum_DR1_XMMLSS_8p9arcsec_I_v1.1_crop_0556.npy,MIGHTEE_Continuum_DR1_XMMLSS_8p9arcsec_I_v1.1,-1.0886371455853805e-05,0.001032640808261931
MIGHTEE_Continuum_DR1_XMMLSS_8p9arcsec_I_v1.1_crop_0557.npy,MIGHTEE_Continuum_DR1_XMMLSS_8p9arcsec_I_v1.1,-1.0886371455853805e-05,0.001032640808261931
MIGHTEE_Continuum_DR1_XMMLSS_8p9arcsec_I_v1.1_crop_0558.npy,MIGHTEE_Continuum_DR1_XMMLSS_8p9arcsec_I_v1.1,-1.0886371455853805e-05,0.001032640808261931
MIGHTEE_Continuum_DR1_XMMLSS_8p9arcsec_I_v1.1_crop_0559.npy,MIGHTEE_Continuum_DR1_XMMLSS_8p9arcsec_I_v1.1,-1.0886371455853805e-05,0.001032640808261931
MIGHTEE_Continuum_DR1_XMMLSS_8p9arcsec_I_v1.1_crop_0560.npy,MIGHTEE_Continuum_DR1_XMMLSS_8p9arcsec_I_v1.1,-1.0886371455853805e-05,0.001032640808261931
MIGHTEE_Continuum_DR1_XMMLSS_8p9arcsec_I_v1.1_crop_0561.npy,MIGHTEE_Continuum_DR1_XMMLSS_8p9arcsec_I_v1.1,-1.0886371455853805e-05,0.001032640808261931
MIGHTEE_Continuum_DR1_XMMLSS_8p9arcsec_I_v1.1_crop_0562.npy,MIGHTEE_Continuum_DR1_XMMLSS_8p9arcsec_I_v1.1,-1.0886371455853805e-05,0.001032640808261931
MIGHTEE_Continuum_DR1_XMMLSS_8p9arcsec_I_v1.1_crop_0563.npy,MIGHTEE_Continuum_DR1_XMMLSS_8p9arcsec_I_v1.1,-1.0886371455853805e-05,0.001032640808261931
MIGHTEE_Continuum_DR1_XMMLSS_8p9arcsec_I_v1.1_crop_0564.npy,MIGHTEE_Continuum_DR1_XMMLSS_8p9arcsec_I_v1.1,-1.0886371455853805e-05,0.001032640808261931
MIGHTEE_Continuum_DR1_XMMLSS_8p9arcsec_I_v1.1_crop_0565.npy,MIGHTEE_Continuum_DR1_XMMLSS_8p9arcsec_I_v1.1,-1.0886371455853805e-05,0.001032640808261931
MIGHTEE_Continuum_DR1_XMMLSS_8p9arcsec_I_v1.1_crop_0566.npy,MIGHTEE_Continuum_DR1_XMMLSS_8p9arcsec_I_v1.1,-1.0886371455853805e-05,0.001032640808261931
MIGHTEE_Continuum_DR1_XMMLSS_8p9arcsec_I_v1.1_crop_0567.npy,MIGHTEE_Continuum_DR1_XMMLSS_8p9arcsec_I_v1.1,-1.0886371455853805e-05,0.001032640808261931
MIGHTEE_Continuum_DR1_XMMLSS_8p9arcsec_I_v1.1_crop_0568.npy,MIGHTEE_Continuum_DR1_XMMLSS_8p9arcsec_I_v1.1,-1.0886371455853805e-05,0.001032640808261931
MIGHTEE_Continuum_DR1_XMMLSS_8p9arcsec_I_v1.1_crop_0569.npy,MIGHTEE_Continuum_DR1_XMMLSS_8p9arcsec_I_v1.1,-1.0886371455853805e-05,0.001032640808261931
MIGHTEE_Continuum_DR1_XMMLSS_8p9arcsec_I_v1.1_crop_0570.npy,MIGHTEE_Continuum_DR1_XMMLSS_8p9arcsec_I_v1.1,-1.0886371455853805e-05,0.001032640808261931
MIGHTEE_Continuum_DR1_XMMLSS_8p9arcsec_I_v1.1_crop_0571.npy,MIGHTEE_Continuum_DR1_XMMLSS_8p9arcsec_I_v1.1,-1.0886371455853805e-05,0.001032640808261931
MIGHTEE_Continuum_DR1_XMMLSS_8p9arcsec_I_v1.1_crop_0572.npy,MIGHTEE_Continuum_DR1_XMMLSS_8p9arcsec_I_v1.1,-1.0886371455853805e-05,0.001032640808261931
MIGHTEE_Continuum_DR1_XMMLSS_8p9arcsec_I_v1.1_crop_0573.npy,MIGHTEE_Continuum_DR1_XMMLSS_8p9arcsec_I_v1.1,-1.0886371455853805e-05,0.001032640808261931
MIGHTEE_Continuum_DR1_XMMLSS_8p9arcsec_I_v1.1_crop_0574.npy,MIGHTEE_Continuum_DR1_XMMLSS_8p9arcsec_I_v1.1,-1.0886371455853805e-05,0.001032640808261931
MIGHTEE_Continuum_DR1_XMMLSS_8p9arcsec_I_v1.1_crop_0575.npy,MIGHTEE_Continuum_DR1_XMMLSS_8p9arcsec_I_v1.1,-1.0886371455853805e-05,0.001032640808261931
MIGHTEE_Continuum_DR1_XMMLSS_8p9arcsec_I_v1.1_crop_0576.npy,MIGHTEE_Continuum_DR1_XMMLSS_8p9arcsec_I_v1.1,-1.0886371455853805e-05,0.001032640808261931
MIGHTEE_Continuum_DR1_XMMLSS_8p9arcsec_I_v1.1_crop_0577.npy,MIGHTEE_Continuum_DR1_XMMLSS_8p9arcsec_I_v1.1,-1.0886371455853805e-05,0.001032640808261931
MIGHTEE_Continuum_DR1_XMMLSS_8p9arcsec_I_v1.1_crop_0578.npy,MIGHTEE_Continuum_DR1_XMMLSS_8p9arcsec_I_v1.1,-1.0886371455853805e-05,0.001032640808261931
MIGHTEE_Continuum_DR1_XMMLSS_8p9arcsec_I_v1.1_crop_0579.npy,MIGHTEE_Continuum_DR1_XMMLSS_8p9arcsec_I_v1.1,-1.0886371455853805e-05,0.001032640808261931
MIGHTEE_Continuum_DR1_XMMLSS_8p9arcsec_I_v1.1_crop_0580.npy,MIGHTEE_Continuum_DR1_XMMLSS_8p9arcsec_I_v1.1,-1.0886371455853805e-05,0.001032640808261931
MIGHTEE_Continuum_DR1_XMMLSS_8p9arcsec_I_v1.1_crop_0581.npy,MIGHTEE_Continuum_DR1_XMMLSS_8p9arcsec_I_v1.1,-1.0886371455853805e-05,0.001032640808261931
MIGHTEE_Continuum_DR1_XMMLSS_8p9arcsec_I_v1.1_crop_0582.npy,MIGHTEE_Continuum_DR1_XMMLSS_8p9arcsec_I_v1.1,-1.0886371455853805e-05,0.001032640808261931
MIGHTEE_Continuum_DR1_XMMLSS_8p9arcsec_I_v1.1_crop_0583.npy,MIGHTEE_Continuum_DR1_XMMLSS_8p9arcsec_I_v1.1,-1.0886371455853805e-05,0.001032640808261931
MIGHTEE_Continuum_DR1_XMMLSS_8p9arcsec_I_v1.1_crop_0584.npy,MIGHTEE_Continuum_DR1_XMMLSS_8p9arcsec_I_v1.1,-1.0886371455853805e-05,0.001032640808261931
MIGHTEE_Continuum_DR1_XMMLSS_8p9arcsec_I_v1.1_crop_0585.npy,MIGHTEE_Continuum_DR1_XMMLSS_8p9arcsec_I_v1.1,-1.0886371455853805e-05,0.001032640808261931
MIGHTEE_Continuum_DR1_XMMLSS_8p9arcsec_I_v1.1_crop_0586.npy,MIGHTEE_Continuum_DR1_XMMLSS_8p9arcsec_I_v1.1,-1.0886371455853805e-05,0.001032640808261931
MIGHTEE_Continuum_DR1_XMMLSS_8p9arcsec_I_v1.1_crop_0587.npy,MIGHTEE_Continuum_DR1_XMMLSS_8p9arcsec_I_v1.1,-1.0886371455853805e-05,0.001032640808261931
MIGHTEE_Continuum_DR1_XMMLSS_8p9arcsec_I_v1.1_crop_0588.npy,MIGHTEE_Continuum_DR1_XMMLSS_8p9arcsec_I_v1.1,-1.0886371455853805e-05,0.001032640808261931
MIGHTEE_Continuum_DR1_XMMLSS_8p9arcsec_I_v1.1_crop_0589.npy,MIGHTEE_Continuum_DR1_XMMLSS_8p9arcsec_I_v1.1,-1.0886371455853805e-05,0.001032640808261931
MIGHTEE_Continuum_DR1_XMMLSS_8p9arcsec_I_v1.1_crop_0590.npy,MIGHTEE_Continuum_DR1_XMMLSS_8p9arcsec_I_v1.1,-1.0886371455853805e-05,0.001032640808261931
MIGHTEE_Continuum_DR1_XMMLSS_8p9arcsec_I_v1.1_crop_0591.npy,MIGHTEE_Continuum_DR1_XMMLSS_8p9arcsec_I_v1.1,-1.0886371455853805e-05,0.001032640808261931
MIGHTEE_Continuum_DR1_XMMLSS_8p9arcsec_I_v1.1_crop_0592.npy,MIGHTEE_Continuum_DR1_XMMLSS_8p9arcsec_I_v1.1,-1.0886371455853805e-05,0.001032640808261931
MIGHTEE_Continuum_DR1_XMMLSS_8p9arcsec_I_v1.1_crop_0593.npy,MIGHTEE_Continuum_DR1_XMMLSS_8p9arcsec_I_v1.1,-1.0886371455853805e-05,0.001032640808261931
MIGHTEE_Continuum_DR1_XMMLSS_8p9arcsec_I_v1.1_crop_0594.npy,MIGHTEE_Continuum_DR1_XMMLSS_8p9arcsec_I_v1.1,-1.0886371455853805e-05,0.001032640808261931
MIGHTEE_Continuum_DR1_XMMLSS_8p9arcsec_I_v1.1_crop_0595.npy,MIGHTEE_Continuum_DR1_XMMLSS_8p9arcsec_I_v1.1,-1.0886371455853805e-05,0.001032640808261931
MIGHTEE_Continuum_DR1_XMMLSS_8p9arcsec_I_v1.1_crop_0596.npy,MIGHTEE_Continuum_DR1_XMMLSS_8p9arcsec_I_v1.1,-1.0886371455853805e-05,0.001032640808261931
MIGHTEE_Continuum_DR1_XMMLSS_8p9arcsec_I_v1.1_crop_0597.npy,MIGHTEE_Continuum_DR1_XMMLSS_8p9arcsec_I_v1.1,-1.0886371455853805e-05,0.001032640808261931
MIGHTEE_Continuum_DR1_XMMLSS_8p9arcsec_I_v1.1_crop_0598.npy,MIGHTEE_Continuum_DR1_XMMLSS_8p9arcsec_I_v1.1,-1.0886371455853805e-05,0.001032640808261931
MIGHTEE_Continuum_DR1_XMMLSS_8p9arcsec_I_v1.1_crop_0599.npy,MIGHTEE_Continuum_DR1_XMMLSS_8p9arcsec_I_v1.1,-1.0886371455853805e-05,0.001032640808261931
MIGHTEE_Continuum_DR1_XMMLSS_8p9arcsec_I_v1.1_crop_0600.npy,MIGHTEE_Continuum_DR1_XMMLSS_8p9arcsec_I_v1.1,-1.0886371455853805e-05,0.001032640808261931
MIGHTEE_Continuum_DR1_XMMLSS_8p9arcsec_I_v1.1_crop_0601.npy,MIGHTEE_Continuum_DR1_XMMLSS_8p9arcsec_I_v1.1,-1.0886371455853805e-05,0.001032640808261931
MIGHTEE_Continuum_DR1_XMMLSS_8p9arcsec_I_v1.1_crop_0602.npy,MIGHTEE_Continuum_DR1_XMMLSS_8p9arcsec_I_v1.1,-1.0886371455853805e-05,0.001032640808261931
MIGHTEE_Continuum_DR1_XMMLSS_8p9arcsec_I_v1.1_crop_0603.npy,MIGHTEE_Continuum_DR1_XMMLSS_8p9arcsec_I_v1.1,-1.0886371455853805e-05,0.001032640808261931
MIGHTEE_Continuum_DR1_XMMLSS_8p9arcsec_I_v1.1_crop_0604.npy,MIGHTEE_Continuum_DR1_XMMLSS_8p9arcsec_I_v1.1,-1.0886371455853805e-05,0.001032640808261931
MIGHTEE_Continuum_DR1_XMMLSS_8p9arcsec_I_v1.1_crop_0605.npy,MIGHTEE_Continuum_DR1_XMMLSS_8p9arcsec_I_v1.1,-1.0886371455853805e-05,0.001032640808261931
MIGHTEE_Continuum_DR1_XMMLSS_8p9arcsec_I_v1.1_crop_0606.npy,MIGHTEE_Continuum_DR1_XMMLSS_8p9arcsec_I_v1.1,-1.0886371455853805e-05,0.001032640808261931
MIGHTEE_Continuum_DR1_XMMLSS_8p9arcsec_I_v1.1_crop_0607.npy,MIGHTEE_Continuum_DR1_XMMLSS_8p9arcsec_I_v1.1,-1.0886371455853805e-05,0.001032640808261931
MIGHTEE_Continuum_DR1_XMMLSS_8p9arcsec_I_v1.1_crop_0608.npy,MIGHTEE_Continuum_DR1_XMMLSS_8p9arcsec_I_v1.1,-1.0886371455853805e-05,0.001032640808261931
MIGHTEE_Continuum_DR1_XMMLSS_8p9arcsec_I_v1.1_crop_0609.npy,MIGHTEE_Continuum_DR1_XMMLSS_8p9arcsec_I_v1.1,-1.0886371455853805e-05,0.001032640808261931
MIGHTEE_Continuum_DR1_XMMLSS_8p9arcsec_I_v1.1_crop_0610.npy,MIGHTEE_Continuum_DR1_XMMLSS_8p9arcsec_I_v1.1,-1.0886371455853805e-05,0.001032640808261931
MIGHTEE_Continuum_DR1_XMMLSS_8p9arcsec_I_v1.1_crop_0611.npy,MIGHTEE_Continuum_DR1_XMMLSS_8p9arcsec_I_v1.1,-1.0886371455853805e-05,0.001032640808261931
MIGHTEE_Continuum_DR1_XMMLSS_8p9arcsec_I_v1.1_crop_0612.npy,MIGHTEE_Continuum_DR1_XMMLSS_8p9arcsec_I_v1.1,-1.0886371455853805e-05,0.001032640808261931
MIGHTEE_Continuum_DR1_XMMLSS_8p9arcsec_I_v1.1_crop_0613.npy,MIGHTEE_Continuum_DR1_XMMLSS_8p9arcsec_I_v1.1,-1.0886371455853805e-05,0.001032640808261931
MIGHTEE_Continuum_DR1_XMMLSS_8p9arcsec_I_v1.1_crop_0614.npy,MIGHTEE_Continuum_DR1_XMMLSS_8p9arcsec_I_v1.1,-1.0886371455853805e-05,0.001032640808261931
MIGHTEE_Continuum_DR1_XMMLSS_8p9arcsec_I_v1.1_crop_0615.npy,MIGHTEE_Continuum_DR1_XMMLSS_8p9arcsec_I_v1.1,-1.0886371455853805e-05,0.001032640808261931
MIGHTEE_Continuum_DR1_XMMLSS_8p9arcsec_I_v1.1_crop_0616.npy,MIGHTEE_Continuum_DR1_XMMLSS_8p9arcsec_I_v1.1,-1.0886371455853805e-05,0.001032640808261931
MIGHTEE_Continuum_DR1_XMMLSS_8p9arcsec_I_v1.1_crop_0617.npy,MIGHTEE_Continuum_DR1_XMMLSS_8p9arcsec_I_v1.1,-1.0886371455853805e-05,0.001032640808261931
MIGHTEE_Continuum_DR1_XMMLSS_8p9arcsec_I_v1.1_crop_0618.npy,MIGHTEE_Continuum_DR1_XMMLSS_8p9arcsec_I_v1.1,-1.0886371455853805e-05,0.001032640808261931
MIGHTEE_Continuum_DR1_XMMLSS_8p9arcsec_I_v1.1_crop_0619.npy,MIGHTEE_Continuum_DR1_XMMLSS_8p9arcsec_I_v1.1,-1.0886371455853805e-05,0.001032640808261931
MIGHTEE_Continuum_DR1_XMMLSS_8p9arcsec_I_v1.1_crop_0620.npy,MIGHTEE_Continuum_DR1_XMMLSS_8p9arcsec_I_v1.1,-1.0886371455853805e-05,0.001032640808261931
MIGHTEE_Continuum_DR1_XMMLSS_8p9arcsec_I_v1.1_crop_0621.npy,MIGHTEE_Continuum_DR1_XMMLSS_8p9arcsec_I_v1.1,-1.0886371455853805e-05,0.001032640808261931
MIGHTEE_Continuum_DR1_XMMLSS_8p9arcsec_I_v1.1_crop_0622.npy,MIGHTEE_Continuum_DR1_XMMLSS_8p9arcsec_I_v1.1,-1.0886371455853805e-05,0.001032640808261931
MIGHTEE_Continuum_DR1_XMMLSS_8p9arcsec_I_v1.1_crop_0623.npy,MIGHTEE_Continuum_DR1_XMMLSS_8p9arcsec_I_v1.1,-1.0886371455853805e-05,0.001032640808261931
MIGHTEE_Continuum_DR1_XMMLSS_8p9arcsec_I_v1.1_crop_0624.npy,MIGHTEE_Continuum_DR1_XMMLSS_8p9arcsec_I_v1.1,-1.0886371455853805e-05,0.001032640808261931
MIGHTEE_Continuum_DR1_XMMLSS_8p9arcsec_I_v1.1_crop_0625.npy,MIGHTEE_Continuum_DR1_XMMLSS_8p9arcsec_I_v1.1,-1.0886371455853805e-05,0.001032640808261931
MIGHTEE_Continuum_DR1_XMMLSS_8p9arcsec_I_v1.1_crop_0626.npy,MIGHTEE_Continuum_DR1_XMMLSS_8p9arcsec_I_v1.1,-1.0886371455853805e-05,0.001032640808261931
MIGHTEE_Continuum_DR1_XMMLSS_8p9arcsec_I_v1.1_crop_0627.npy,MIGHTEE_Continuum_DR1_XMMLSS_8p9arcsec_I_v1.1,-1.0886371455853805e-05,0.001032640808261931
MIGHTEE_Continuum_DR1_XMMLSS_8p9arcsec_I_v1.1_crop_0628.npy,MIGHTEE_Continuum_DR1_XMMLSS_8p9arcsec_I_v1.1,-1.0886371455853805e-05,0.001032640808261931
MIGHTEE_Continuum_DR1_XMMLSS_8p9arcsec_I_v1.1_crop_0629.npy,MIGHTEE_Continuum_DR1_XMMLSS_8p9arcsec_I_v1.1,-1.0886371455853805e-05,0.001032640808261931
MIGHTEE_Continuum_DR1_XMMLSS_8p9arcsec_I_v1.1_crop_0630.npy,MIGHTEE_Continuum_DR1_XMMLSS_8p9arcsec_I_v1.1,-1.0886371455853805e-05,0.001032640808261931
MIGHTEE_Continuum_DR1_XMMLSS_8p9arcsec_I_v1.1_crop_0631.npy,MIGHTEE_Continuum_DR1_XMMLSS_8p9arcsec_I_v1.1,-1.0886371455853805e-05,0.001032640808261931
MIGHTEE_Continuum_DR1_XMMLSS_8p9arcsec_I_v1.1_crop_0632.npy,MIGHTEE_Continuum_DR1_XMMLSS_8p9arcsec_I_v1.1,-1.0886371455853805e-05,0.001032640808261931
MIGHTEE_Continuum_DR1_XMMLSS_8p9arcsec_I_v1.1_crop_0633.npy,MIGHTEE_Continuum_DR1_XMMLSS_8p9arcsec_I_v1.1,-1.0886371455853805e-05,0.001032640808261931
MIGHTEE_Continuum_DR1_XMMLSS_8p9arcsec_I_v1.1_crop_0634.npy,MIGHTEE_Continuum_DR1_XMMLSS_8p9arcsec_I_v1.1,-1.0886371455853805e-05,0.001032640808261931
MIGHTEE_Continuum_DR1_XMMLSS_8p9arcsec_I_v1.1_crop_0635.npy,MIGHTEE_Continuum_DR1_XMMLSS_8p9arcsec_I_v1.1,-1.0886371455853805e-05,0.001032640808261931
MIGHTEE_Continuum_DR1_XMMLSS_8p9arcsec_I_v1.1_crop_0636.npy,MIGHTEE_Continuum_DR1_XMMLSS_8p9arcsec_I_v1.1,-1.0886371455853805e-05,0.001032640808261931
MIGHTEE_Continuum_DR1_XMMLSS_8p9arcsec_I_v1.1_crop_0637.npy,MIGHTEE_Continuum_DR1_XMMLSS_8p9arcsec_I_v1.1,-1.0886371455853805e-05,0.001032640808261931
MIGHTEE_Continuum_DR1_XMMLSS_8p9arcsec_I_v1.1_crop_0638.npy,MIGHTEE_Continuum_DR1_XMMLSS_8p9arcsec_I_v1.1,-1.0886371455853805e-05,0.001032640808261931
MIGHTEE_Continuum_DR1_XMMLSS_8p9arcsec_I_v1.1_crop_0639.npy,MIGHTEE_Continuum_DR1_XMMLSS_8p9arcsec_I_v1.1,-1.0886371455853805e-05,0.001032640808261931
MIGHTEE_Continuum_DR1_XMMLSS_8p9arcsec_I_v1.1_crop_0640.npy,MIGHTEE_Continuum_DR1_XMMLSS_8p9arcsec_I_v1.1,-1.0886371455853805e-05,0.001032640808261931
MIGHTEE_Continuum_DR1_XMMLSS_8p9arcsec_I_v1.1_crop_0641.npy,MIGHTEE_Continuum_DR1_XMMLSS_8p9arcsec_I_v1.1,-1.0886371455853805e-05,0.001032640808261931
MIGHTEE_Continuum_DR1_XMMLSS_8p9arcsec_I_v1.1_crop_0642.npy,MIGHTEE_Continuum_DR1_XMMLSS_8p9arcsec_I_v1.1,-1.0886371455853805e-05,0.001032640808261931
MIGHTEE_Continuum_DR1_XMMLSS_8p9arcsec_I_v1.1_crop_0643.npy,MIGHTEE_Continuum_DR1_XMMLSS_8p9arcsec_I_v1.1,-1.0886371455853805e-05,0.001032640808261931
MIGHTEE_Continuum_DR1_XMMLSS_8p9arcsec_I_v1.1_crop_0644.npy,MIGHTEE_Continuum_DR1_XMMLSS_8p9arcsec_I_v1.1,-1.0886371455853805e-05,0.001032640808261931
MIGHTEE_Continuum_DR1_XMMLSS_8p9arcsec_I_v1.1_crop_0645.npy,MIGHTEE_Continuum_DR1_XMMLSS_8p9arcsec_I_v1.1,-1.0886371455853805e-05,0.001032640808261931
MIGHTEE_Continuum_DR1_XMMLSS_8p9arcsec_I_v1.1_crop_0646.npy,MIGHTEE_Continuum_DR1_XMMLSS_8p9arcsec_I_v1.1,-1.0886371455853805e-05,0.001032640808261931
MIGHTEE_Continuum_DR1_XMMLSS_8p9arcsec_I_v1.1_crop_0647.npy,MIGHTEE_Continuum_DR1_XMMLSS_8p9arcsec_I_v1.1,-1.0886371455853805e-05,0.001032640808261931
MIGHTEE_Continuum_DR1_XMMLSS_8p9arcsec_I_v1.1_crop_0648.npy,MIGHTEE_Continuum_DR1_XMMLSS_8p9arcsec_I_v1.1,-1.0886371455853805e-05,0.001032640808261931
MIGHTEE_Continuum_DR1_XMMLSS_8p9arcsec_I_v1.1_crop_0649.npy,MIGHTEE_Continuum_DR1_XMMLSS_8p9arcsec_I_v1.1,-1.0886371455853805e-05,0.001032640808261931
MIGHTEE_Continuum_DR1_XMMLSS_8p9arcsec_I_v1.1_crop_0650.npy,MIGHTEE_Continuum_DR1_XMMLSS_8p9arcsec_I_v1.1,-1.0886371455853805e-05,0.001032640808261931
MIGHTEE_Continuum_DR1_XMMLSS_8p9arcsec_I_v1.1_crop_0651.npy,MIGHTEE_Continuum_DR1_XMMLSS_8p9arcsec_I_v1.1,-1.0886371455853805e-05,0.001032640808261931
MIGHTEE_Continuum_DR1_XMMLSS_8p9arcsec_I_v1.1_crop_0652.npy,MIGHTEE_Continuum_DR1_XMMLSS_8p9arcsec_I_v1.1,-1.0886371455853805e-05,0.001032640808261931
MIGHTEE_Continuum_DR1_XMMLSS_8p9arcsec_I_v1.1_crop_0653.npy,MIGHTEE_Continuum_DR1_XMMLSS_8p9arcsec_I_v1.1,-1.0886371455853805e-05,0.001032640808261931
MIGHTEE_Continuum_DR1_XMMLSS_8p9arcsec_I_v1.1_crop_0654.npy,MIGHTEE_Continuum_DR1_XMMLSS_8p9arcsec_I_v1.1,-1.0886371455853805e-05,0.001032640808261931
MIGHTEE_Continuum_DR1_XMMLSS_8p9arcsec_I_v1.1_crop_0655.npy,MIGHTEE_Continuum_DR1_XMMLSS_8p9arcsec_I_v1.1,-1.0886371455853805e-05,0.001032640808261931
MIGHTEE_Continuum_DR1_XMMLSS_8p9arcsec_I_v1.1_crop_0656.npy,MIGHTEE_Continuum_DR1_XMMLSS_8p9arcsec_I_v1.1,-1.0886371455853805e-05,0.001032640808261931
MIGHTEE_Continuum_DR1_XMMLSS_8p9arcsec_I_v1.1_crop_0657.npy,MIGHTEE_Continuum_DR1_XMMLSS_8p9arcsec_I_v1.1,-1.0886371455853805e-05,0.001032640808261931
MIGHTEE_Continuum_DR1_XMMLSS_8p9arcsec_I_v1.1_crop_0658.npy,MIGHTEE_Continuum_DR1_XMMLSS_8p9arcsec_I_v1.1,-1.0886371455853805e-05,0.001032640808261931
MIGHTEE_Continuum_DR1_XMMLSS_8p9arcsec_I_v1.1_crop_0659.npy,MIGHTEE_Continuum_DR1_XMMLSS_8p9arcsec_I_v1.1,-1.0886371455853805e-05,0.001032640808261931
MIGHTEE_Continuum_DR1_XMMLSS_8p9arcsec_I_v1.1_crop_0660.npy,MIGHTEE_Continuum_DR1_XMMLSS_8p9arcsec_I_v1.1,-1.0886371455853805e-05,0.001032640808261931
MIGHTEE_Continuum_DR1_XMMLSS_8p9arcsec_I_v1.1_crop_0661.npy,MIGHTEE_Continuum_DR1_XMMLSS_8p9arcsec_I_v1.1,-1.0886371455853805e-05,0.001032640808261931
MIGHTEE_Continuum_DR1_XMMLSS_8p9arcsec_I_v1.1_crop_0662.npy,MIGHTEE_Continuum_DR1_XMMLSS_8p9arcsec_I_v1.1,-1.0886371455853805e-05,0.001032640808261931
MIGHTEE_Continuum_DR1_XMMLSS_8p9arcsec_I_v1.1_crop_0663.npy,MIGHTEE_Continuum_DR1_XMMLSS_8p9arcsec_I_v1.1,-1.0886371455853805e-05,0.001032640808261931
MIGHTEE_Continuum_DR1_XMMLSS_8p9arcsec_I_v1.1_crop_0664.npy,MIGHTEE_Continuum_DR1_XMMLSS_8p9arcsec_I_v1.1,-1.0886371455853805e-05,0.001032640808261931
MIGHTEE_Continuum_DR1_XMMLSS_8p9arcsec_I_v1.1_crop_0665.npy,MIGHTEE_Continuum_DR1_XMMLSS_8p9arcsec_I_v1.1,-1.0886371455853805e-05,0.001032640808261931
MIGHTEE_Continuum_DR1_XMMLSS_8p9arcsec_I_v1.1_crop_0666.npy,MIGHTEE_Continuum_DR1_XMMLSS_8p9arcsec_I_v1.1,-1.0886371455853805e-05,0.001032640808261931
MIGHTEE_Continuum_DR1_XMMLSS_8p9arcsec_I_v1.1_crop_0667.npy,MIGHTEE_Continuum_DR1_XMMLSS_8p9arcsec_I_v1.1,-1.0886371455853805e-05,0.001032640808261931
MIGHTEE_Continuum_DR1_XMMLSS_8p9arcsec_I_v1.1_crop_0668.npy,MIGHTEE_Continuum_DR1_XMMLSS_8p9arcsec_I_v1.1,-1.0886371455853805e-05,0.001032640808261931
MIGHTEE_Continuum_DR1_XMMLSS_8p9arcsec_I_v1.1_crop_0669.npy,MIGHTEE_Continuum_DR1_XMMLSS_8p9arcsec_I_v1.1,-1.0886371455853805e-05,0.001032640808261931
MIGHTEE_Continuum_DR1_XMMLSS_8p9arcsec_I_v1.1_crop_0670.npy,MIGHTEE_Continuum_DR1_XMMLSS_8p9arcsec_I_v1.1,-1.0886371455853805e-05,0.001032640808261931
MIGHTEE_Continuum_DR1_XMMLSS_8p9arcsec_I_v1.1_crop_0671.npy,MIGHTEE_Continuum_DR1_XMMLSS_8p9arcsec_I_v1.1,-1.0886371455853805e-05,0.001032640808261931
MIGHTEE_Continuum_DR1_XMMLSS_8p9arcsec_I_v1.1_crop_0672.npy,MIGHTEE_Continuum_DR1_XMMLSS_8p9arcsec_I_v1.1,-1.0886371455853805e-05,0.001032640808261931
MIGHTEE_Continuum_DR1_XMMLSS_8p9arcsec_I_v1.1_crop_0673.npy,MIGHTEE_Continuum_DR1_XMMLSS_8p9arcsec_I_v1.1,-1.0886371455853805e-05,0.001032640808261931
MIGHTEE_Continuum_DR1_XMMLSS_8p9arcsec_I_v1.1_crop_0674.npy,MIGHTEE_Continuum_DR1_XMMLSS_8p9arcsec_I_v1.1,-1.0886371455853805e-05,0.001032640808261931
MIGHTEE_Continuum_DR1_XMMLSS_8p9arcsec_I_v1.1_crop_0675.npy,MIGHTEE_Continuum_DR1_XMMLSS_8p9arcsec_I_v1.1,-1.0886371455853805e-05,0.001032640808261931
MIGHTEE_Continuum_DR1_XMMLSS_8p9arcsec_I_v1.1_crop_0676.npy,MIGHTEE_Continuum_DR1_XMMLSS_8p9arcsec_I_v1.1,-1.0886371455853805e-05,0.001032640808261931
MIGHTEE_Continuum_DR1_XMMLSS_8p9arcsec_I_v1.1_crop_0677.npy,MIGHTEE_Continuum_DR1_XMMLSS_8p9arcsec_I_v1.1,-1.0886371455853805e-05,0.001032640808261931
MIGHTEE_Continuum_DR1_XMMLSS_8p9arcsec_I_v1.1_crop_0678.npy,MIGHTEE_Continuum_DR1_XMMLSS_8p9arcsec_I_v1.1,-1.0886371455853805e-05,0.001032640808261931
MIGHTEE_Continuum_DR1_XMMLSS_8p9arcsec_I_v1.1_crop_0679.npy,MIGHTEE_Continuum_DR1_XMMLSS_8p9arcsec_I_v1.1,-1.0886371455853805e-05,0.001032640808261931
MIGHTEE_Continuum_DR1_XMMLSS_8p9arcsec_I_v1.1_crop_0680.npy,MIGHTEE_Continuum_DR1_XMMLSS_8p9arcsec_I_v1.1,-1.0886371455853805e-05,0.001032640808261931
MIGHTEE_Continuum_DR1_XMMLSS_8p9arcsec_I_v1.1_crop_0681.npy,MIGHTEE_Continuum_DR1_XMMLSS_8p9arcsec_I_v1.1,-1.0886371455853805e-05,0.001032640808261931
MIGHTEE_Continuum_DR1_XMMLSS_8p9arcsec_I_v1.1_crop_0682.npy,MIGHTEE_Continuum_DR1_XMMLSS_8p9arcsec_I_v1.1,-1.0886371455853805e-05,0.001032640808261931
MIGHTEE_Continuum_DR1_XMMLSS_8p9arcsec_I_v1.1_crop_0683.npy,MIGHTEE_Continuum_DR1_XMMLSS_8p9arcsec_I_v1.1,-1.0886371455853805e-05,0.001032640808261931
MIGHTEE_Continuum_DR1_XMMLSS_8p9arcsec_I_v1.1_crop_0684.npy,MIGHTEE_Continuum_DR1_XMMLSS_8p9arcsec_I_v1.1,-1.0886371455853805e-05,0.001032640808261931
MIGHTEE_Continuum_DR1_XMMLSS_8p9arcsec_I_v1.1_crop_0685.npy,MIGHTEE_Continuum_DR1_XMMLSS_8p9arcsec_I_v1.1,-1.0886371455853805e-05,0.001032640808261931
MIGHTEE_Continuum_DR1_XMMLSS_8p9arcsec_I_v1.1_crop_0686.npy,MIGHTEE_Continuum_DR1_XMMLSS_8p9arcsec_I_v1.1,-1.0886371455853805e-05,0.001032640808261931
MIGHTEE_Continuum_DR1_XMMLSS_8p9arcsec_I_v1.1_crop_0687.npy,MIGHTEE_Continuum_DR1_XMMLSS_8p9arcsec_I_v1.1,-1.0886371455853805e-05,0.001032640808261931
MIGHTEE_Continuum_DR1_XMMLSS_8p9arcsec_I_v1.1_crop_0688.npy,MIGHTEE_Continuum_DR1_XMMLSS_8p9arcsec_I_v1.1,-1.0886371455853805e-05,0.001032640808261931
MIGHTEE_Continuum_DR1_XMMLSS_8p9arcsec_I_v1.1_crop_0689.npy,MIGHTEE_Continuum_DR1_XMMLSS_8p9arcsec_I_v1.1,-1.0886371455853805e-05,0.001032640808261931
MIGHTEE_Continuum_DR1_XMMLSS_8p9arcsec_I_v1.1_crop_0690.npy,MIGHTEE_Continuum_DR1_XMMLSS_8p9arcsec_I_v1.1,-1.0886371455853805e-05,0.001032640808261931
MIGHTEE_Continuum_DR1_XMMLSS_8p9arcsec_I_v1.1_crop_0691.npy,MIGHTEE_Continuum_DR1_XMMLSS_8p9arcsec_I_v1.1,-1.0886371455853805e-05,0.001032640808261931
MIGHTEE_Continuum_DR1_XMMLSS_8p9arcsec_I_v1.1_crop_0692.npy,MIGHTEE_Continuum_DR1_XMMLSS_8p9arcsec_I_v1.1,-1.0886371455853805e-05,0.001032640808261931
MIGHTEE_Continuum_DR1_XMMLSS_8p9arcsec_I_v1.1_crop_0693.npy,MIGHTEE_Continuum_DR1_XMMLSS_8p9arcsec_I_v1.1,-1.0886371455853805e-05,0.001032640808261931
MIGHTEE_Continuum_DR1_XMMLSS_8p9arcsec_I_v1.1_crop_0694.npy,MIGHTEE_Continuum_DR1_XMMLSS_8p9arcsec_I_v1.1,-1.0886371455853805e-05,0.001032640808261931
MIGHTEE_Continuum_DR1_XMMLSS_8p9arcsec_I_v1.1_crop_0695.npy,MIGHTEE_Continuum_DR1_XMMLSS_8p9arcsec_I_v1.1,-1.0886371455853805e-05,0.001032640808261931
MIGHTEE_Continuum_DR1_XMMLSS_8p9arcsec_I_v1.1_crop_0696.npy,MIGHTEE_Continuum_DR1_XMMLSS_8p9arcsec_I_v1.1,-1.0886371455853805e-05,0.001032640808261931
MIGHTEE_Continuum_DR1_XMMLSS_8p9arcsec_I_v1.1_crop_0697.npy,MIGHTEE_Continuum_DR1_XMMLSS_8p9arcsec_I_v1.1,-1.0886371455853805e-05,0.001032640808261931
MIGHTEE_Continuum_DR1_XMMLSS_8p9arcsec_I_v1.1_crop_0698.npy,MIGHTEE_Continuum_DR1_XMMLSS_8p9arcsec_I_v1.1,-1.0886371455853805e-05,0.001032640808261931
MIGHTEE_Continuum_DR1_XMMLSS_8p9arcsec_I_v1.1_crop_0699.npy,MIGHTEE_Continuum_DR1_XMMLSS_8p9arcsec_I_v1.1,-1.0886371455853805e-05,0.001032640808261931
MIGHTEE_Continuum_DR1_XMMLSS_8p9arcsec_I_v1.1_crop_0700.npy,MIGHTEE_Continuum_DR1_XMMLSS_8p9arcsec_I_v1.1,-1.0886371455853805e-05,0.001032640808261931
MIGHTEE_Continuum_DR1_XMMLSS_8p9arcsec_I_v1.1_crop_0701.npy,MIGHTEE_Continuum_DR1_XMMLSS_8p9arcsec_I_v1.1,-1.0886371455853805e-05,0.001032640808261931
MIGHTEE_Continuum_DR1_XMMLSS_8p9arcsec_I_v1.1_crop_0702.npy,MIGHTEE_Continuum_DR1_XMMLSS_8p9arcsec_I_v1.1,-1.0886371455853805e-05,0.001032640808261931
MIGHTEE_Continuum_DR1_XMMLSS_8p9arcsec_I_v1.1_crop_0703.npy,MIGHTEE_Continuum_DR1_XMMLSS_8p9arcsec_I_v1.1,-1.0886371455853805e-05,0.001032640808261931
MIGHTEE_Continuum_DR1_XMMLSS_8p9arcsec_I_v1.1_crop_0704.npy,MIGHTEE_Continuum_DR1_XMMLSS_8p9arcsec_I_v1.1,-1.0886371455853805e-05,0.001032640808261931
MIGHTEE_Continuum_DR1_XMMLSS_8p9arcsec_I_v1.1_crop_0705.npy,MIGHTEE_Continuum_DR1_XMMLSS_8p9arcsec_I_v1.1,-1.0886371455853805e-05,0.001032640808261931
MIGHTEE_Continuum_DR1_XMMLSS_8p9arcsec_I_v1.1_crop_0706.npy,MIGHTEE_Continuum_DR1_XMMLSS_8p9arcsec_I_v1.1,-1.0886371455853805e-05,0.001032640808261931
MIGHTEE_Continuum_DR1_XMMLSS_8p9arcsec_I_v1.1_crop_0707.npy,MIGHTEE_Continuum_DR1_XMMLSS_8p9arcsec_I_v1.1,-1.0886371455853805e-05,0.001032640808261931
MIGHTEE_Continuum_DR1_XMMLSS_8p9arcsec_I_v1.1_crop_0708.npy,MIGHTEE_Continuum_DR1_XMMLSS_8p9arcsec_I_v1.1,-1.0886371455853805e-05,0.001032640808261931
MIGHTEE_Continuum_DR1_XMMLSS_8p9arcsec_I_v1.1_crop_0709.npy,MIGHTEE_Continuum_DR1_XMMLSS_8p9arcsec_I_v1.1,-1.0886371455853805e-05,0.001032640808261931
MIGHTEE_Continuum_DR1_XMMLSS_8p9arcsec_I_v1.1_crop_0710.npy,MIGHTEE_Continuum_DR1_XMMLSS_8p9arcsec_I_v1.1,-1.0886371455853805e-05,0.001032640808261931
MIGHTEE_Continuum_DR1_XMMLSS_8p9arcsec_I_v1.1_crop_0711.npy,MIGHTEE_Continuum_DR1_XMMLSS_8p9arcsec_I_v1.1,-1.0886371455853805e-05,0.001032640808261931
MIGHTEE_Continuum_DR1_XMMLSS_8p9arcsec_I_v1.1_crop_0712.npy,MIGHTEE_Continuum_DR1_XMMLSS_8p9arcsec_I_v1.1,-1.0886371455853805e-05,0.001032640808261931
MIGHTEE_Continuum_DR1_XMMLSS_8p9arcsec_I_v1.1_crop_0713.npy,MIGHTEE_Continuum_DR1_XMMLSS_8p9arcsec_I_v1.1,-1.0886371455853805e-05,0.001032640808261931
MIGHTEE_Continuum_DR1_XMMLSS_8p9arcsec_I_v1.1_crop_0714.npy,MIGHTEE_Continuum_DR1_XMMLSS_8p9arcsec_I_v1.1,-1.0886371455853805e-05,0.001032640808261931
MIGHTEE_Continuum_DR1_XMMLSS_8p9arcsec_I_v1.1_crop_0715.npy,MIGHTEE_Continuum_DR1_XMMLSS_8p9arcsec_I_v1.1,-1.0886371455853805e-05,0.001032640808261931
MIGHTEE_Continuum_DR1_XMMLSS_8p9arcsec_I_v1.1_crop_0716.npy,MIGHTEE_Continuum_DR1_XMMLSS_8p9arcsec_I_v1.1,-1.0886371455853805e-05,0.001032640808261931
MIGHTEE_Continuum_DR1_XMMLSS_8p9arcsec_I_v1.1_crop_0717.npy,MIGHTEE_Continuum_DR1_XMMLSS_8p9arcsec_I_v1.1,-1.0886371455853805e-05,0.001032640808261931
MIGHTEE_Continuum_DR1_XMMLSS_8p9arcsec_I_v1.1_crop_0718.npy,MIGHTEE_Continuum_DR1_XMMLSS_8p9arcsec_I_v1.1,-1.0886371455853805e-05,0.001032640808261931
MIGHTEE_Continuum_DR1_XMMLSS_8p9arcsec_I_v1.1_crop_0719.npy,MIGHTEE_Continuum_DR1_XMMLSS_8p9arcsec_I_v1.1,-1.0886371455853805e-05,0.001032640808261931
MIGHTEE_Continuum_DR1_XMMLSS_8p9arcsec_I_v1.1_crop_0720.npy,MIGHTEE_Continuum_DR1_XMMLSS_8p9arcsec_I_v1.1,-1.0886371455853805e-05,0.001032640808261931
MIGHTEE_Continuum_DR1_XMMLSS_8p9arcsec_I_v1.1_crop_0721.npy,MIGHTEE_Continuum_DR1_XMMLSS_8p9arcsec_I_v1.1,-1.0886371455853805e-05,0.001032640808261931
MIGHTEE_Continuum_DR1_XMMLSS_8p9arcsec_I_v1.1_crop_0722.npy,MIGHTEE_Continuum_DR1_XMMLSS_8p9arcsec_I_v1.1,-1.0886371455853805e-05,0.001032640808261931
MIGHTEE_Continuum_DR1_XMMLSS_8p9arcsec_I_v1.1_crop_0723.npy,MIGHTEE_Continuum_DR1_XMMLSS_8p9arcsec_I_v1.1,-1.0886371455853805e-05,0.001032640808261931
MIGHTEE_Continuum_DR1_XMMLSS_8p9arcsec_I_v1.1_crop_0724.npy,MIGHTEE_Continuum_DR1_XMMLSS_8p9arcsec_I_v1.1,-1.0886371455853805e-05,0.001032640808261931
MIGHTEE_Continuum_DR1_XMMLSS_8p9arcsec_I_v1.1_crop_0725.npy,MIGHTEE_Continuum_DR1_XMMLSS_8p9arcsec_I_v1.1,-1.0886371455853805e-05,0.001032640808261931
MIGHTEE_Continuum_DR1_XMMLSS_8p9arcsec_I_v1.1_crop_0726.npy,MIGHTEE_Continuum_DR1_XMMLSS_8p9arcsec_I_v1.1,-1.0886371455853805e-05,0.001032640808261931
MIGHTEE_Continuum_DR1_XMMLSS_8p9arcsec_I_v1.1_crop_0727.npy,MIGHTEE_Continuum_DR1_XMMLSS_8p9arcsec_I_v1.1,-1.0886371455853805e-05,0.001032640808261931
MIGHTEE_Continuum_DR1_XMMLSS_8p9arcsec_I_v1.1_crop_0728.npy,MIGHTEE_Continuum_DR1_XMMLSS_8p9arcsec_I_v1.1,-1.0886371455853805e-05,0.001032640808261931
MIGHTEE_Continuum_DR1_XMMLSS_8p9arcsec_I_v1.1_crop_0729.npy,MIGHTEE_Continuum_DR1_XMMLSS_8p9arcsec_I_v1.1,-1.0886371455853805e-05,0.001032640808261931
MIGHTEE_Continuum_DR1_XMMLSS_8p9arcsec_I_v1.1_crop_0730.npy,MIGHTEE_Continuum_DR1_XMMLSS_8p9arcsec_I_v1.1,-1.0886371455853805e-05,0.001032640808261931
MIGHTEE_Continuum_DR1_XMMLSS_8p9arcsec_I_v1.1_crop_0731.npy,MIGHTEE_Continuum_DR1_XMMLSS_8p9arcsec_I_v1.1,-1.0886371455853805e-05,0.001032640808261931
MIGHTEE_Continuum_DR1_XMMLSS_8p9arcsec_I_v1.1_crop_0732.npy,MIGHTEE_Continuum_DR1_XMMLSS_8p9arcsec_I_v1.1,-1.0886371455853805e-05,0.001032640808261931
MIGHTEE_Continuum_DR1_XMMLSS_8p9arcsec_I_v1.1_crop_0733.npy,MIGHTEE_Continuum_DR1_XMMLSS_8p9arcsec_I_v1.1,-1.0886371455853805e-05,0.001032640808261931
MIGHTEE_Continuum_DR1_XMMLSS_8p9arcsec_I_v1.1_crop_0734.npy,MIGHTEE_Continuum_DR1_XMMLSS_8p9arcsec_I_v1.1,-1.0886371455853805e-05,0.001032640808261931
MIGHTEE_Continuum_DR1_XMMLSS_8p9arcsec_I_v1.1_crop_0735.npy,MIGHTEE_Continuum_DR1_XMMLSS_8p9arcsec_I_v1.1,-1.0886371455853805e-05,0.001032640808261931
MIGHTEE_Continuum_DR1_XMMLSS_8p9arcsec_I_v1.1_crop_0736.npy,MIGHTEE_Continuum_DR1_XMMLSS_8p9arcsec_I_v1.1,-1.0886371455853805e-05,0.001032640808261931
MIGHTEE_Continuum_DR1_XMMLSS_8p9arcsec_I_v1.1_crop_0737.npy,MIGHTEE_Continuum_DR1_XMMLSS_8p9arcsec_I_v1.1,-1.0886371455853805e-05,0.001032640808261931
MIGHTEE_Continuum_DR1_XMMLSS_8p9arcsec_I_v1.1_crop_0738.npy,MIGHTEE_Continuum_DR1_XMMLSS_8p9arcsec_I_v1.1,-1.0886371455853805e-05,0.001032640808261931
MIGHTEE_Continuum_DR1_XMMLSS_8p9arcsec_I_v1.1_crop_0739.npy,MIGHTEE_Continuum_DR1_XMMLSS_8p9arcsec_I_v1.1,-1.0886371455853805e-05,0.001032640808261931
MIGHTEE_Continuum_DR1_XMMLSS_8p9arcsec_I_v1.1_crop_0740.npy,MIGHTEE_Continuum_DR1_XMMLSS_8p9arcsec_I_v1.1,-1.0886371455853805e-05,0.001032640808261931
MIGHTEE_Continuum_DR1_XMMLSS_8p9arcsec_I_v1.1_crop_0741.npy,MIGHTEE_Continuum_DR1_XMMLSS_8p9arcsec_I_v1.1,-1.0886371455853805e-05,0.001032640808261931
MIGHTEE_Continuum_DR1_XMMLSS_8p9arcsec_I_v1.1_crop_0742.npy,MIGHTEE_Continuum_DR1_XMMLSS_8p9arcsec_I_v1.1,-1.0886371455853805e-05,0.001032640808261931
MIGHTEE_Continuum_DR1_XMMLSS_8p9arcsec_I_v1.1_crop_0743.npy,MIGHTEE_Continuum_DR1_XMMLSS_8p9arcsec_I_v1.1,-1.0886371455853805e-05,0.001032640808261931
MIGHTEE_Continuum_DR1_XMMLSS_8p9arcsec_I_v1.1_crop_0744.npy,MIGHTEE_Continuum_DR1_XMMLSS_8p9arcsec_I_v1.1,-1.0886371455853805e-05,0.001032640808261931
MIGHTEE_Continuum_DR1_XMMLSS_8p9arcsec_I_v1.1_crop_0745.npy,MIGHTEE_Continuum_DR1_XMMLSS_8p9arcsec_I_v1.1,-1.0886371455853805e-05,0.001032640808261931
MIGHTEE_Continuum_DR1_XMMLSS_8p9arcsec_I_v1.1_crop_0746.npy,MIGHTEE_Continuum_DR1_XMMLSS_8p9arcsec_I_v1.1,-1.0886371455853805e-05,0.001032640808261931
MIGHTEE_Continuum_DR1_XMMLSS_8p9arcsec_I_v1.1_crop_0747.npy,MIGHTEE_Continuum_DR1_XMMLSS_8p9arcsec_I_v1.1,-1.0886371455853805e-05,0.001032640808261931
MIGHTEE_Continuum_DR1_XMMLSS_8p9arcsec_I_v1.1_crop_0748.npy,MIGHTEE_Continuum_DR1_XMMLSS_8p9arcsec_I_v1.1,-1.0886371455853805e-05,0.001032640808261931
MIGHTEE_Continuum_DR1_XMMLSS_8p9arcsec_I_v1.1_crop_0749.npy,MIGHTEE_Continuum_DR1_XMMLSS_8p9arcsec_I_v1.1,-1.0886371455853805e-05,0.001032640808261931
MIGHTEE_Continuum_DR1_XMMLSS_8p9arcsec_I_v1.1_crop_0750.npy,MIGHTEE_Continuum_DR1_XMMLSS_8p9arcsec_I_v1.1,-1.0886371455853805e-05,0.001032640808261931
MIGHTEE_Continuum_DR1_XMMLSS_8p9arcsec_I_v1.1_crop_0751.npy,MIGHTEE_Continuum_DR1_XMMLSS_8p9arcsec_I_v1.1,-1.0886371455853805e-05,0.001032640808261931
MIGHTEE_Continuum_DR1_XMMLSS_8p9arcsec_I_v1.1_crop_0752.npy,MIGHTEE_Continuum_DR1_XMMLSS_8p9arcsec_I_v1.1,-1.0886371455853805e-05,0.001032640808261931
MIGHTEE_Continuum_DR1_XMMLSS_8p9arcsec_I_v1.1_crop_0753.npy,MIGHTEE_Continuum_DR1_XMMLSS_8p9arcsec_I_v1.1,-1.0886371455853805e-05,0.001032640808261931
MIGHTEE_Continuum_DR1_XMMLSS_8p9arcsec_I_v1.1_crop_0754.npy,MIGHTEE_Continuum_DR1_XMMLSS_8p9arcsec_I_v1.1,-1.0886371455853805e-05,0.001032640808261931
MIGHTEE_Continuum_DR1_XMMLSS_8p9arcsec_I_v1.1_crop_0755.npy,MIGHTEE_Continuum_DR1_XMMLSS_8p9arcsec_I_v1.1,-1.0886371455853805e-05,0.001032640808261931
MIGHTEE_Continuum_DR1_XMMLSS_8p9arcsec_I_v1.1_crop_0756.npy,MIGHTEE_Continuum_DR1_XMMLSS_8p9arcsec_I_v1.1,-1.0886371455853805e-05,0.001032640808261931
MIGHTEE_Continuum_DR1_XMMLSS_8p9arcsec_I_v1.1_crop_0757.npy,MIGHTEE_Continuum_DR1_XMMLSS_8p9arcsec_I_v1.1,-1.0886371455853805e-05,0.001032640808261931
MIGHTEE_Continuum_DR1_XMMLSS_8p9arcsec_I_v1.1_crop_0758.npy,MIGHTEE_Continuum_DR1_XMMLSS_8p9arcsec_I_v1.1,-1.0886371455853805e-05,0.001032640808261931
MIGHTEE_Continuum_DR1_XMMLSS_8p9arcsec_I_v1.1_crop_0759.npy,MIGHTEE_Continuum_DR1_XMMLSS_8p9arcsec_I_v1.1,-1.0886371455853805e-05,0.001032640808261931
MIGHTEE_Continuum_DR1_XMMLSS_8p9arcsec_I_v1.1_crop_0760.npy,MIGHTEE_Continuum_DR1_XMMLSS_8p9arcsec_I_v1.1,-1.0886371455853805e-05,0.001032640808261931
MIGHTEE_Continuum_DR1_XMMLSS_8p9arcsec_I_v1.1_crop_0761.npy,MIGHTEE_Continuum_DR1_XMMLSS_8p9arcsec_I_v1.1,-1.0886371455853805e-05,0.001032640808261931
MIGHTEE_Continuum_DR1_XMMLSS_8p9arcsec_I_v1.1_crop_0762.npy,MIGHTEE_Continuum_DR1_XMMLSS_8p9arcsec_I_v1.1,-1.0886371455853805e-05,0.001032640808261931
MIGHTEE_Continuum_DR1_XMMLSS_8p9arcsec_I_v1.1_crop_0763.npy,MIGHTEE_Continuum_DR1_XMMLSS_8p9arcsec_I_v1.1,-1.0886371455853805e-05,0.001032640808261931
MIGHTEE_Continuum_DR1_XMMLSS_8p9arcsec_I_v1.1_crop_0764.npy,MIGHTEE_Continuum_DR1_XMMLSS_8p9arcsec_I_v1.1,-1.0886371455853805e-05,0.001032640808261931
MIGHTEE_Continuum_DR1_XMMLSS_8p9arcsec_I_v1.1_crop_0765.npy,MIGHTEE_Continuum_DR1_XMMLSS_8p9arcsec_I_v1.1,-1.0886371455853805e-05,0.001032640808261931
MIGHTEE_Continuum_DR1_XMMLSS_8p9arcsec_I_v1.1_crop_0766.npy,MIGHTEE_Continuum_DR1_XMMLSS_8p9arcsec_I_v1.1,-1.0886371455853805e-05,0.001032640808261931
MIGHTEE_Continuum_DR1_XMMLSS_8p9arcsec_I_v1.1_crop_0767.npy,MIGHTEE_Continuum_DR1_XMMLSS_8p9arcsec_I_v1.1,-1.0886371455853805e-05,0.001032640808261931
MIGHTEE_Continuum_DR1_XMMLSS_8p9arcsec_I_v1.1_crop_0768.npy,MIGHTEE_Continuum_DR1_XMMLSS_8p9arcsec_I_v1.1,-1.0886371455853805e-05,0.001032640808261931
MIGHTEE_Continuum_DR1_XMMLSS_8p9arcsec_I_v1.1_crop_0769.npy,MIGHTEE_Continuum_DR1_XMMLSS_8p9arcsec_I_v1.1,-1.0886371455853805e-05,0.001032640808261931
MIGHTEE_Continuum_DR1_XMMLSS_8p9arcsec_I_v1.1_crop_0770.npy,MIGHTEE_Continuum_DR1_XMMLSS_8p9arcsec_I_v1.1,-1.0886371455853805e-05,0.001032640808261931
MIGHTEE_Continuum_DR1_XMMLSS_8p9arcsec_I_v1.1_crop_0771.npy,MIGHTEE_Continuum_DR1_XMMLSS_8p9arcsec_I_v1.1,-1.0886371455853805e-05,0.001032640808261931
MIGHTEE_Continuum_DR1_XMMLSS_8p9arcsec_I_v1.1_crop_0772.npy,MIGHTEE_Continuum_DR1_XMMLSS_8p9arcsec_I_v1.1,-1.0886371455853805e-05,0.001032640808261931
MIGHTEE_Continuum_DR1_XMMLSS_8p9arcsec_I_v1.1_crop_0773.npy,MIGHTEE_Continuum_DR1_XMMLSS_8p9arcsec_I_v1.1,-1.0886371455853805e-05,0.001032640808261931
MIGHTEE_Continuum_DR1_XMMLSS_8p9arcsec_I_v1.1_crop_0774.npy,MIGHTEE_Continuum_DR1_XMMLSS_8p9arcsec_I_v1.1,-1.0886371455853805e-05,0.001032640808261931
MIGHTEE_Continuum_DR1_XMMLSS_8p9arcsec_I_v1.1_crop_0775.npy,MIGHTEE_Continuum_DR1_XMMLSS_8p9arcsec_I_v1.1,-1.0886371455853805e-05,0.001032640808261931
MIGHTEE_Continuum_DR1_XMMLSS_8p9arcsec_I_v1.1_crop_0776.npy,MIGHTEE_Continuum_DR1_XMMLSS_8p9arcsec_I_v1.1,-1.0886371455853805e-05,0.001032640808261931
MIGHTEE_Continuum_DR1_XMMLSS_8p9arcsec_I_v1.1_crop_0777.npy,MIGHTEE_Continuum_DR1_XMMLSS_8p9arcsec_I_v1.1,-1.0886371455853805e-05,0.001032640808261931
MIGHTEE_Continuum_DR1_XMMLSS_8p9arcsec_I_v1.1_crop_0778.npy,MIGHTEE_Continuum_DR1_XMMLSS_8p9arcsec_I_v1.1,-1.0886371455853805e-05,0.001032640808261931
MIGHTEE_Continuum_DR1_XMMLSS_8p9arcsec_I_v1.1_crop_0779.npy,MIGHTEE_Continuum_DR1_XMMLSS_8p9arcsec_I_v1.1,-1.0886371455853805e-05,0.001032640808261931
MIGHTEE_Continuum_DR1_XMMLSS_8p9arcsec_I_v1.1_crop_0780.npy,MIGHTEE_Continuum_DR1_XMMLSS_8p9arcsec_I_v1.1,-1.0886371455853805e-05,0.001032640808261931
MIGHTEE_Continuum_DR1_XMMLSS_8p9arcsec_I_v1.1_crop_0781.npy,MIGHTEE_Continuum_DR1_XMMLSS_8p9arcsec_I_v1.1,-1.0886371455853805e-05,0.001032640808261931
MIGHTEE_Continuum_DR1_XMMLSS_8p9arcsec_I_v1.1_crop_0782.npy,MIGHTEE_Continuum_DR1_XMMLSS_8p9arcsec_I_v1.1,-1.0886371455853805e-05,0.001032640808261931
MIGHTEE_Continuum_DR1_XMMLSS_8p9arcsec_I_v1.1_crop_0783.npy,MIGHTEE_Continuum_DR1_XMMLSS_8p9arcsec_I_v1.1,-1.0886371455853805e-05,0.001032640808261931
MIGHTEE_Continuum_DR1_XMMLSS_8p9arcsec_I_v1.1_crop_0784.npy,MIGHTEE_Continuum_DR1_XMMLSS_8p9arcsec_I_v1.1,-1.0886371455853805e-05,0.001032640808261931
MIGHTEE_Continuum_DR1_XMMLSS_8p9arcsec_I_v1.1_crop_0785.npy,MIGHTEE_Continuum_DR1_XMMLSS_8p9arcsec_I_v1.1,-1.0886371455853805e-05,0.001032640808261931
MIGHTEE_Continuum_DR1_XMMLSS_8p9arcsec_I_v1.1_crop_0786.npy,MIGHTEE_Continuum_DR1_XMMLSS_8p9arcsec_I_v1.1,-1.0886371455853805e-05,0.001032640808261931
MIGHTEE_Continuum_DR1_XMMLSS_8p9arcsec_I_v1.1_crop_0787.npy,MIGHTEE_Continuum_DR1_XMMLSS_8p9arcsec_I_v1.1,-1.0886371455853805e-05,0.001032640808261931
MIGHTEE_Continuum_DR1_XMMLSS_8p9arcsec_I_v1.1_crop_0788.npy,MIGHTEE_Continuum_DR1_XMMLSS_8p9arcsec_I_v1.1,-1.0886371455853805e-05,0.001032640808261931
MIGHTEE_Continuum_DR1_XMMLSS_8p9arcsec_I_v1.1_crop_0789.npy,MIGHTEE_Continuum_DR1_XMMLSS_8p9arcsec_I_v1.1,-1.0886371455853805e-05,0.001032640808261931
MIGHTEE_Continuum_DR1_XMMLSS_8p9arcsec_I_v1.1_crop_0790.npy,MIGHTEE_Continuum_DR1_XMMLSS_8p9arcsec_I_v1.1,-1.0886371455853805e-05,0.001032640808261931
MIGHTEE_Continuum_DR1_XMMLSS_8p9arcsec_I_v1.1_crop_0791.npy,MIGHTEE_Continuum_DR1_XMMLSS_8p9arcsec_I_v1.1,-1.0886371455853805e-05,0.001032640808261931
MIGHTEE_Continuum_DR1_XMMLSS_8p9arcsec_I_v1.1_crop_0792.npy,MIGHTEE_Continuum_DR1_XMMLSS_8p9arcsec_I_v1.1,-1.0886371455853805e-05,0.001032640808261931
MIGHTEE_Continuum_DR1_XMMLSS_8p9arcsec_I_v1.1_crop_0793.npy,MIGHTEE_Continuum_DR1_XMMLSS_8p9arcsec_I_v1.1,-1.0886371455853805e-05,0.001032640808261931
MIGHTEE_Continuum_DR1_XMMLSS_8p9arcsec_I_v1.1_crop_0794.npy,MIGHTEE_Continuum_DR1_XMMLSS_8p9arcsec_I_v1.1,-1.0886371455853805e-05,0.001032640808261931
MIGHTEE_Continuum_DR1_XMMLSS_8p9arcsec_I_v1.1_crop_0795.npy,MIGHTEE_Continuum_DR1_XMMLSS_8p9arcsec_I_v1.1,-1.0886371455853805e-05,0.001032640808261931
MIGHTEE_Continuum_DR1_XMMLSS_8p9arcsec_I_v1.1_crop_0796.npy,MIGHTEE_Continuum_DR1_XMMLSS_8p9arcsec_I_v1.1,-1.0886371455853805e-05,0.001032640808261931
MIGHTEE_Continuum_DR1_XMMLSS_8p9arcsec_I_v1.1_crop_0797.npy,MIGHTEE_Continuum_DR1_XMMLSS_8p9arcsec_I_v1.1,-1.0886371455853805e-05,0.001032640808261931
MIGHTEE_Continuum_DR1_XMMLSS_8p9arcsec_I_v1.1_crop_0798.npy,MIGHTEE_Continuum_DR1_XMMLSS_8p9arcsec_I_v1.1,-1.0886371455853805e-05,0.001032640808261931
MIGHTEE_Continuum_DR1_XMMLSS_8p9arcsec_I_v1.1_crop_0799.npy,MIGHTEE_Continuum_DR1_XMMLSS_8p9arcsec_I_v1.1,-1.0886371455853805e-05,0.001032640808261931
MIGHTEE_Continuum_DR1_XMMLSS_8p9arcsec_I_v1.1_crop_0800.npy,MIGHTEE_Continuum_DR1_XMMLSS_8p9arcsec_I_v1.1,-1.0886371455853805e-05,0.001032640808261931
MIGHTEE_Continuum_DR1_XMMLSS_8p9arcsec_I_v1.1_crop_0801.npy,MIGHTEE_Continuum_DR1_XMMLSS_8p9arcsec_I_v1.1,-1.0886371455853805e-05,0.001032640808261931
MIGHTEE_Continuum_DR1_XMMLSS_8p9arcsec_I_v1.1_crop_0802.npy,MIGHTEE_Continuum_DR1_XMMLSS_8p9arcsec_I_v1.1,-1.0886371455853805e-05,0.001032640808261931
MIGHTEE_Continuum_DR1_XMMLSS_8p9arcsec_I_v1.1_crop_0803.npy,MIGHTEE_Continuum_DR1_XMMLSS_8p9arcsec_I_v1.1,-1.0886371455853805e-05,0.001032640808261931
MIGHTEE_Continuum_DR1_XMMLSS_8p9arcsec_I_v1.1_crop_0804.npy,MIGHTEE_Continuum_DR1_XMMLSS_8p9arcsec_I_v1.1,-1.0886371455853805e-05,0.001032640808261931
MIGHTEE_Continuum_DR1_XMMLSS_8p9arcsec_I_v1.1_crop_0805.npy,MIGHTEE_Continuum_DR1_XMMLSS_8p9arcsec_I_v1.1,-1.0886371455853805e-05,0.001032640808261931
MIGHTEE_Continuum_DR1_XMMLSS_8p9arcsec_I_v1.1_crop_0806.npy,MIGHTEE_Continuum_DR1_XMMLSS_8p9arcsec_I_v1.1,-1.0886371455853805e-05,0.001032640808261931
MIGHTEE_Continuum_DR1_XMMLSS_8p9arcsec_I_v1.1_crop_0807.npy,MIGHTEE_Continuum_DR1_XMMLSS_8p9arcsec_I_v1.1,-1.0886371455853805e-05,0.001032640808261931
MIGHTEE_Continuum_DR1_XMMLSS_8p9arcsec_I_v1.1_crop_0808.npy,MIGHTEE_Continuum_DR1_XMMLSS_8p9arcsec_I_v1.1,-1.0886371455853805e-05,0.001032640808261931
MIGHTEE_Continuum_DR1_XMMLSS_8p9arcsec_I_v1.1_crop_0809.npy,MIGHTEE_Continuum_DR1_XMMLSS_8p9arcsec_I_v1.1,-1.0886371455853805e-05,0.001032640808261931
MIGHTEE_Continuum_DR1_XMMLSS_8p9arcsec_I_v1.1_crop_0810.npy,MIGHTEE_Continuum_DR1_XMMLSS_8p9arcsec_I_v1.1,-1.0886371455853805e-05,0.001032640808261931
MIGHTEE_Continuum_DR1_XMMLSS_8p9arcsec_I_v1.1_crop_0811.npy,MIGHTEE_Continuum_DR1_XMMLSS_8p9arcsec_I_v1.1,-1.0886371455853805e-05,0.001032640808261931
MIGHTEE_Continuum_DR1_XMMLSS_8p9arcsec_I_v1.1_crop_0812.npy,MIGHTEE_Continuum_DR1_XMMLSS_8p9arcsec_I_v1.1,-1.0886371455853805e-05,0.001032640808261931
MIGHTEE_Continuum_DR1_XMMLSS_8p9arcsec_I_v1.1_crop_0813.npy,MIGHTEE_Continuum_DR1_XMMLSS_8p9arcsec_I_v1.1,-1.0886371455853805e-05,0.001032640808261931
MIGHTEE_Continuum_DR1_XMMLSS_8p9arcsec_I_v1.1_crop_0814.npy,MIGHTEE_Continuum_DR1_XMMLSS_8p9arcsec_I_v1.1,-1.0886371455853805e-05,0.001032640808261931
MIGHTEE_Continuum_DR1_XMMLSS_8p9arcsec_I_v1.1_crop_0815.npy,MIGHTEE_Continuum_DR1_XMMLSS_8p9arcsec_I_v1.1,-1.0886371455853805e-05,0.001032640808261931
MIGHTEE_Continuum_DR1_XMMLSS_8p9arcsec_I_v1.1_crop_0816.npy,MIGHTEE_Continuum_DR1_XMMLSS_8p9arcsec_I_v1.1,-1.0886371455853805e-05,0.001032640808261931
MIGHTEE_Continuum_DR1_XMMLSS_8p9arcsec_I_v1.1_crop_0817.npy,MIGHTEE_Continuum_DR1_XMMLSS_8p9arcsec_I_v1.1,-1.0886371455853805e-05,0.001032640808261931
MIGHTEE_Continuum_DR1_XMMLSS_8p9arcsec_I_v1.1_crop_0818.npy,MIGHTEE_Continuum_DR1_XMMLSS_8p9arcsec_I_v1.1,-1.0886371455853805e-05,0.001032640808261931
MIGHTEE_Continuum_DR1_XMMLSS_8p9arcsec_I_v1.1_crop_0819.npy,MIGHTEE_Continuum_DR1_XMMLSS_8p9arcsec_I_v1.1,-1.0886371455853805e-05,0.001032640808261931
MIGHTEE_Continuum_DR1_XMMLSS_8p9arcsec_I_v1.1_crop_0820.npy,MIGHTEE_Continuum_DR1_XMMLSS_8p9arcsec_I_v1.1,-1.0886371455853805e-05,0.001032640808261931
MIGHTEE_Continuum_DR1_XMMLSS_8p9arcsec_I_v1.1_crop_0821.npy,MIGHTEE_Continuum_DR1_XMMLSS_8p9arcsec_I_v1.1,-1.0886371455853805e-05,0.001032640808261931
MIGHTEE_Continuum_DR1_XMMLSS_8p9arcsec_I_v1.1_crop_0822.npy,MIGHTEE_Continuum_DR1_XMMLSS_8p9arcsec_I_v1.1,-1.0886371455853805e-05,0.001032640808261931
MIGHTEE_Continuum_DR1_XMMLSS_8p9arcsec_I_v1.1_crop_0823.npy,MIGHTEE_Continuum_DR1_XMMLSS_8p9arcsec_I_v1.1,-1.0886371455853805e-05,0.001032640808261931
MIGHTEE_Continuum_DR1_XMMLSS_8p9arcsec_I_v1.1_crop_0824.npy,MIGHTEE_Continuum_DR1_XMMLSS_8p9arcsec_I_v1.1,-1.0886371455853805e-05,0.001032640808261931
MIGHTEE_Continuum_DR1_XMMLSS_8p9arcsec_I_v1.1_crop_0825.npy,MIGHTEE_Continuum_DR1_XMMLSS_8p9arcsec_I_v1.1,-1.0886371455853805e-05,0.001032640808261931
MIGHTEE_Continuum_DR1_XMMLSS_8p9arcsec_I_v1.1_crop_0826.npy,MIGHTEE_Continuum_DR1_XMMLSS_8p9arcsec_I_v1.1,-1.0886371455853805e-05,0.001032640808261931
MIGHTEE_Continuum_DR1_XMMLSS_8p9arcsec_I_v1.1_crop_0827.npy,MIGHTEE_Continuum_DR1_XMMLSS_8p9arcsec_I_v1.1,-1.0886371455853805e-05,0.001032640808261931
MIGHTEE_Continuum_DR1_XMMLSS_8p9arcsec_I_v1.1_crop_0828.npy,MIGHTEE_Continuum_DR1_XMMLSS_8p9arcsec_I_v1.1,-1.0886371455853805e-05,0.001032640808261931
MIGHTEE_Continuum_DR1_XMMLSS_8p9arcsec_I_v1.1_crop_0829.npy,MIGHTEE_Continuum_DR1_XMMLSS_8p9arcsec_I_v1.1,-1.0886371455853805e-05,0.001032640808261931
MIGHTEE_Continuum_DR1_XMMLSS_8p9arcsec_I_v1.1_crop_0830.npy,MIGHTEE_Continuum_DR1_XMMLSS_8p9arcsec_I_v1.1,-1.0886371455853805e-05,0.001032640808261931
MIGHTEE_Continuum_DR1_XMMLSS_8p9arcsec_I_v1.1_crop_0831.npy,MIGHTEE_Continuum_DR1_XMMLSS_8p9arcsec_I_v1.1,-1.0886371455853805e-05,0.001032640808261931
MIGHTEE_Continuum_DR1_XMMLSS_8p9arcsec_I_v1.1_crop_0832.npy,MIGHTEE_Continuum_DR1_XMMLSS_8p9arcsec_I_v1.1,-1.0886371455853805e-05,0.001032640808261931
MIGHTEE_Continuum_DR1_XMMLSS_8p9arcsec_I_v1.1_crop_0833.npy,MIGHTEE_Continuum_DR1_XMMLSS_8p9arcsec_I_v1.1,-1.0886371455853805e-05,0.001032640808261931
MIGHTEE_Continuum_DR1_XMMLSS_8p9arcsec_I_v1.1_crop_0834.npy,MIGHTEE_Continuum_DR1_XMMLSS_8p9arcsec_I_v1.1,-1.0886371455853805e-05,0.001032640808261931
MIGHTEE_Continuum_DR1_XMMLSS_8p9arcsec_I_v1.1_crop_0835.npy,MIGHTEE_Continuum_DR1_XMMLSS_8p9arcsec_I_v1.1,-1.0886371455853805e-05,0.001032640808261931
MIGHTEE_Continuum_DR1_XMMLSS_8p9arcsec_I_v1.1_crop_0836.npy,MIGHTEE_Continuum_DR1_XMMLSS_8p9arcsec_I_v1.1,-1.0886371455853805e-05,0.001032640808261931
MIGHTEE_Continuum_DR1_XMMLSS_8p9arcsec_I_v1.1_crop_0837.npy,MIGHTEE_Continuum_DR1_XMMLSS_8p9arcsec_I_v1.1,-1.0886371455853805e-05,0.001032640808261931
MIGHTEE_Continuum_DR1_XMMLSS_8p9arcsec_I_v1.1_crop_0838.npy,MIGHTEE_Continuum_DR1_XMMLSS_8p9arcsec_I_v1.1,-1.0886371455853805e-05,0.001032640808261931
MIGHTEE_Continuum_DR1_XMMLSS_8p9arcsec_I_v1.1_crop_0839.npy,MIGHTEE_Continuum_DR1_XMMLSS_8p9arcsec_I_v1.1,-1.0886371455853805e-05,0.001032640808261931
MIGHTEE_Continuum_DR1_XMMLSS_8p9arcsec_I_v1.1_crop_0840.npy,MIGHTEE_Continuum_DR1_XMMLSS_8p9arcsec_I_v1.1,-1.0886371455853805e-05,0.001032640808261931
MIGHTEE_Continuum_DR1_XMMLSS_8p9arcsec_I_v1.1_crop_0841.npy,MIGHTEE_Continuum_DR1_XMMLSS_8p9arcsec_I_v1.1,-1.0886371455853805e-05,0.001032640808261931
MIGHTEE_Continuum_DR1_XMMLSS_8p9arcsec_I_v1.1_crop_0842.npy,MIGHTEE_Continuum_DR1_XMMLSS_8p9arcsec_I_v1.1,-1.0886371455853805e-05,0.001032640808261931
MIGHTEE_Continuum_DR1_XMMLSS_8p9arcsec_I_v1.1_crop_0843.npy,MIGHTEE_Continuum_DR1_XMMLSS_8p9arcsec_I_v1.1,-1.0886371455853805e-05,0.001032640808261931
MIGHTEE_Continuum_DR1_XMMLSS_8p9arcsec_I_v1.1_crop_0844.npy,MIGHTEE_Continuum_DR1_XMMLSS_8p9arcsec_I_v1.1,-1.0886371455853805e-05,0.001032640808261931
MIGHTEE_Continuum_DR1_XMMLSS_8p9arcsec_I_v1.1_crop_0845.npy,MIGHTEE_Continuum_DR1_XMMLSS_8p9arcsec_I_v1.1,-1.0886371455853805e-05,0.001032640808261931
MIGHTEE_Continuum_DR1_XMMLSS_8p9arcsec_I_v1.1_crop_0846.npy,MIGHTEE_Continuum_DR1_XMMLSS_8p9arcsec_I_v1.1,-1.0886371455853805e-05,0.001032640808261931
MIGHTEE_Continuum_DR1_XMMLSS_8p9arcsec_I_v1.1_crop_0847.npy,MIGHTEE_Continuum_DR1_XMMLSS_8p9arcsec_I_v1.1,-1.0886371455853805e-05,0.001032640808261931
MIGHTEE_Continuum_DR1_XMMLSS_8p9arcsec_I_v1.1_crop_0848.npy,MIGHTEE_Continuum_DR1_XMMLSS_8p9arcsec_I_v1.1,-1.0886371455853805e-05,0.001032640808261931
MIGHTEE_Continuum_DR1_XMMLSS_8p9arcsec_I_v1.1_crop_0849.npy,MIGHTEE_Continuum_DR1_XMMLSS_8p9arcsec_I_v1.1,-1.0886371455853805e-05,0.001032640808261931
MIGHTEE_Continuum_DR1_XMMLSS_8p9arcsec_I_v1.1_crop_0850.npy,MIGHTEE_Continuum_DR1_XMMLSS_8p9arcsec_I_v1.1,-1.0886371455853805e-05,0.001032640808261931
MIGHTEE_Continuum_DR1_XMMLSS_8p9arcsec_I_v1.1_crop_0851.npy,MIGHTEE_Continuum_DR1_XMMLSS_8p9arcsec_I_v1.1,-1.0886371455853805e-05,0.001032640808261931
MIGHTEE_Continuum_DR1_XMMLSS_8p9arcsec_I_v1.1_crop_0852.npy,MIGHTEE_Continuum_DR1_XMMLSS_8p9arcsec_I_v1.1,-1.0886371455853805e-05,0.001032640808261931
MIGHTEE_Continuum_DR1_XMMLSS_8p9arcsec_I_v1.1_crop_0853.npy,MIGHTEE_Continuum_DR1_XMMLSS_8p9arcsec_I_v1.1,-1.0886371455853805e-05,0.001032640808261931
MIGHTEE_Continuum_DR1_XMMLSS_8p9arcsec_I_v1.1_crop_0854.npy,MIGHTEE_Continuum_DR1_XMMLSS_8p9arcsec_I_v1.1,-1.0886371455853805e-05,0.001032640808261931
MIGHTEE_Continuum_DR1_XMMLSS_8p9arcsec_I_v1.1_crop_0855.npy,MIGHTEE_Continuum_DR1_XMMLSS_8p9arcsec_I_v1.1,-1.0886371455853805e-05,0.001032640808261931
MIGHTEE_Continuum_DR1_XMMLSS_8p9arcsec_I_v1.1_crop_0856.npy,MIGHTEE_Continuum_DR1_XMMLSS_8p9arcsec_I_v1.1,-1.0886371455853805e-05,0.001032640808261931
MIGHTEE_Continuum_DR1_XMMLSS_8p9arcsec_I_v1.1_crop_0857.npy,MIGHTEE_Continuum_DR1_XMMLSS_8p9arcsec_I_v1.1,-1.0886371455853805e-05,0.001032640808261931
MIGHTEE_Continuum_DR1_XMMLSS_8p9arcsec_I_v1.1_crop_0858.npy,MIGHTEE_Continuum_DR1_XMMLSS_8p9arcsec_I_v1.1,-1.0886371455853805e-05,0.001032640808261931
MIGHTEE_Continuum_DR1_XMMLSS_8p9arcsec_I_v1.1_crop_0859.npy,MIGHTEE_Continuum_DR1_XMMLSS_8p9arcsec_I_v1.1,-1.0886371455853805e-05,0.001032640808261931
MIGHTEE_Continuum_DR1_XMMLSS_8p9arcsec_I_v1.1_crop_0860.npy,MIGHTEE_Continuum_DR1_XMMLSS_8p9arcsec_I_v1.1,-1.0886371455853805e-05,0.001032640808261931
MIGHTEE_Continuum_DR1_XMMLSS_8p9arcsec_I_v1.1_crop_0861.npy,MIGHTEE_Continuum_DR1_XMMLSS_8p9arcsec_I_v1.1,-1.0886371455853805e-05,0.001032640808261931
MIGHTEE_Continuum_DR1_XMMLSS_8p9arcsec_I_v1.1_crop_0862.npy,MIGHTEE_Continuum_DR1_XMMLSS_8p9arcsec_I_v1.1,-1.0886371455853805e-05,0.001032640808261931
MIGHTEE_Continuum_DR1_XMMLSS_8p9arcsec_I_v1.1_crop_0863.npy,MIGHTEE_Continuum_DR1_XMMLSS_8p9arcsec_I_v1.1,-1.0886371455853805e-05,0.001032640808261931
MIGHTEE_Continuum_DR1_XMMLSS_8p9arcsec_I_v1.1_crop_0864.npy,MIGHTEE_Continuum_DR1_XMMLSS_8p9arcsec_I_v1.1,-1.0886371455853805e-05,0.001032640808261931
MIGHTEE_Continuum_DR1_XMMLSS_8p9arcsec_I_v1.1_crop_0865.npy,MIGHTEE_Continuum_DR1_XMMLSS_8p9arcsec_I_v1.1,-1.0886371455853805e-05,0.001032640808261931
MIGHTEE_Continuum_DR1_XMMLSS_8p9arcsec_I_v1.1_crop_0866.npy,MIGHTEE_Continuum_DR1_XMMLSS_8p9arcsec_I_v1.1,-1.0886371455853805e-05,0.001032640808261931
MIGHTEE_Continuum_DR1_XMMLSS_8p9arcsec_I_v1.1_crop_0867.npy,MIGHTEE_Continuum_DR1_XMMLSS_8p9arcsec_I_v1.1,-1.0886371455853805e-05,0.001032640808261931
MIGHTEE_Continuum_DR1_XMMLSS_8p9arcsec_I_v1.1_crop_0868.npy,MIGHTEE_Continuum_DR1_XMMLSS_8p9arcsec_I_v1.1,-1.0886371455853805e-05,0.001032640808261931
MIGHTEE_Continuum_DR1_XMMLSS_8p9arcsec_I_v1.1_crop_0869.npy,MIGHTEE_Continuum_DR1_XMMLSS_8p9arcsec_I_v1.1,-1.0886371455853805e-05,0.001032640808261931
MIGHTEE_Continuum_DR1_XMMLSS_8p9arcsec_I_v1.1_crop_0870.npy,MIGHTEE_Continuum_DR1_XMMLSS_8p9arcsec_I_v1.1,-1.0886371455853805e-05,0.001032640808261931
MIGHTEE_Continuum_DR1_XMMLSS_8p9arcsec_I_v1.1_crop_0871.npy,MIGHTEE_Continuum_DR1_XMMLSS_8p9arcsec_I_v1.1,-1.0886371455853805e-05,0.001032640808261931
MIGHTEE_Continuum_DR1_XMMLSS_8p9arcsec_I_v1.1_crop_0872.npy,MIGHTEE_Continuum_DR1_XMMLSS_8p9arcsec_I_v1.1,-1.0886371455853805e-05,0.001032640808261931
MIGHTEE_Continuum_DR1_XMMLSS_8p9arcsec_I_v1.1_crop_0873.npy,MIGHTEE_Continuum_DR1_XMMLSS_8p9arcsec_I_v1.1,-1.0886371455853805e-05,0.001032640808261931
MIGHTEE_Continuum_DR1_XMMLSS_8p9arcsec_I_v1.1_crop_0874.npy,MIGHTEE_Continuum_DR1_XMMLSS_8p9arcsec_I_v1.1,-1.0886371455853805e-05,0.001032640808261931
MIGHTEE_Continuum_DR1_XMMLSS_8p9arcsec_I_v1.1_crop_0875.npy,MIGHTEE_Continuum_DR1_XMMLSS_8p9arcsec_I_v1.1,-1.0886371455853805e-05,0.001032640808261931
MIGHTEE_Continuum_DR1_XMMLSS_8p9arcsec_I_v1.1_crop_0876.npy,MIGHTEE_Continuum_DR1_XMMLSS_8p9arcsec_I_v1.1,-1.0886371455853805e-05,0.001032640808261931
MIGHTEE_Continuum_DR1_XMMLSS_8p9arcsec_I_v1.1_crop_0877.npy,MIGHTEE_Continuum_DR1_XMMLSS_8p9arcsec_I_v1.1,-1.0886371455853805e-05,0.001032640808261931
MIGHTEE_Continuum_DR1_XMMLSS_8p9arcsec_I_v1.1_crop_0878.npy,MIGHTEE_Continuum_DR1_XMMLSS_8p9arcsec_I_v1.1,-1.0886371455853805e-05,0.001032640808261931
MIGHTEE_Continuum_DR1_XMMLSS_8p9arcsec_I_v1.1_crop_0879.npy,MIGHTEE_Continuum_DR1_XMMLSS_8p9arcsec_I_v1.1,-1.0886371455853805e-05,0.001032640808261931
MIGHTEE_Continuum_DR1_XMMLSS_8p9arcsec_I_v1.1_crop_0880.npy,MIGHTEE_Continuum_DR1_XMMLSS_8p9arcsec_I_v1.1,-1.0886371455853805e-05,0.001032640808261931
MIGHTEE_Continuum_DR1_XMMLSS_8p9arcsec_I_v1.1_crop_0881.npy,MIGHTEE_Continuum_DR1_XMMLSS_8p9arcsec_I_v1.1,-1.0886371455853805e-05,0.001032640808261931
MIGHTEE_Continuum_DR1_XMMLSS_8p9arcsec_I_v1.1_crop_0882.npy,MIGHTEE_Continuum_DR1_XMMLSS_8p9arcsec_I_v1.1,-1.0886371455853805e-05,0.001032640808261931
MIGHTEE_Continuum_DR1_XMMLSS_8p9arcsec_I_v1.1_crop_0883.npy,MIGHTEE_Continuum_DR1_XMMLSS_8p9arcsec_I_v1.1,-1.0886371455853805e-05,0.001032640808261931
MIGHTEE_Continuum_DR1_XMMLSS_8p9arcsec_I_v1.1_crop_0884.npy,MIGHTEE_Continuum_DR1_XMMLSS_8p9arcsec_I_v1.1,-1.0886371455853805e-05,0.001032640808261931
MIGHTEE_Continuum_DR1_XMMLSS_8p9arcsec_I_v1.1_crop_0885.npy,MIGHTEE_Continuum_DR1_XMMLSS_8p9arcsec_I_v1.1,-1.0886371455853805e-05,0.001032640808261931
MIGHTEE_Continuum_DR1_XMMLSS_8p9arcsec_I_v1.1_crop_0886.npy,MIGHTEE_Continuum_DR1_XMMLSS_8p9arcsec_I_v1.1,-1.0886371455853805e-05,0.001032640808261931
MIGHTEE_Continuum_DR1_XMMLSS_8p9arcsec_I_v1.1_crop_0887.npy,MIGHTEE_Continuum_DR1_XMMLSS_8p9arcsec_I_v1.1,-1.0886371455853805e-05,0.001032640808261931
MIGHTEE_Continuum_DR1_XMMLSS_8p9arcsec_I_v1.1_crop_0888.npy,MIGHTEE_Continuum_DR1_XMMLSS_8p9arcsec_I_v1.1,-1.0886371455853805e-05,0.001032640808261931
MIGHTEE_Continuum_DR1_XMMLSS_8p9arcsec_I_v1.1_crop_0889.npy,MIGHTEE_Continuum_DR1_XMMLSS_8p9arcsec_I_v1.1,-1.0886371455853805e-05,0.001032640808261931
MIGHTEE_Continuum_DR1_XMMLSS_8p9arcsec_I_v1.1_crop_0890.npy,MIGHTEE_Continuum_DR1_XMMLSS_8p9arcsec_I_v1.1,-1.0886371455853805e-05,0.001032640808261931
MIGHTEE_Continuum_DR1_XMMLSS_8p9arcsec_I_v1.1_crop_0891.npy,MIGHTEE_Continuum_DR1_XMMLSS_8p9arcsec_I_v1.1,-1.0886371455853805e-05,0.001032640808261931
MIGHTEE_Continuum_DR1_XMMLSS_8p9arcsec_I_v1.1_crop_0892.npy,MIGHTEE_Continuum_DR1_XMMLSS_8p9arcsec_I_v1.1,-1.0886371455853805e-05,0.001032640808261931
MIGHTEE_Continuum_DR1_XMMLSS_8p9arcsec_I_v1.1_crop_0893.npy,MIGHTEE_Continuum_DR1_XMMLSS_8p9arcsec_I_v1.1,-1.0886371455853805e-05,0.001032640808261931
MIGHTEE_Continuum_DR1_XMMLSS_8p9arcsec_I_v1.1_crop_0894.npy,MIGHTEE_Continuum_DR1_XMMLSS_8p9arcsec_I_v1.1,-1.0886371455853805e-05,0.001032640808261931
MIGHTEE_Continuum_DR1_XMMLSS_8p9arcsec_I_v1.1_crop_0895.npy,MIGHTEE_Continuum_DR1_XMMLSS_8p9arcsec_I_v1.1,-1.0886371455853805e-05,0.001032640808261931
MIGHTEE_Continuum_DR1_XMMLSS_8p9arcsec_I_v1.1_crop_0896.npy,MIGHTEE_Continuum_DR1_XMMLSS_8p9arcsec_I_v1.1,-1.0886371455853805e-05,0.001032640808261931
MIGHTEE_Continuum_DR1_XMMLSS_8p9arcsec_I_v1.1_crop_0897.npy,MIGHTEE_Continuum_DR1_XMMLSS_8p9arcsec_I_v1.1,-1.0886371455853805e-05,0.001032640808261931
MIGHTEE_Continuum_DR1_XMMLSS_8p9arcsec_I_v1.1_crop_0898.npy,MIGHTEE_Continuum_DR1_XMMLSS_8p9arcsec_I_v1.1,-1.0886371455853805e-05,0.001032640808261931
MIGHTEE_Continuum_DR1_XMMLSS_8p9arcsec_I_v1.1_crop_0899.npy,MIGHTEE_Continuum_DR1_XMMLSS_8p9arcsec_I_v1.1,-1.0886371455853805e-05,0.001032640808261931
MIGHTEE_Continuum_DR1_XMMLSS_8p9arcsec_I_v1.1_crop_0900.npy,MIGHTEE_Continuum_DR1_XMMLSS_8p9arcsec_I_v1.1,-1.0886371455853805e-05,0.001032640808261931
MIGHTEE_Continuum_DR1_XMMLSS_8p9arcsec_I_v1.1_crop_0901.npy,MIGHTEE_Continuum_DR1_XMMLSS_8p9arcsec_I_v1.1,-1.0886371455853805e-05,0.001032640808261931
MIGHTEE_Continuum_DR1_XMMLSS_8p9arcsec_I_v1.1_crop_0902.npy,MIGHTEE_Continuum_DR1_XMMLSS_8p9arcsec_I_v1.1,-1.0886371455853805e-05,0.001032640808261931
MIGHTEE_Continuum_DR1_XMMLSS_8p9arcsec_I_v1.1_crop_0903.npy,MIGHTEE_Continuum_DR1_XMMLSS_8p9arcsec_I_v1.1,-1.0886371455853805e-05,0.001032640808261931
MIGHTEE_Continuum_DR1_XMMLSS_8p9arcsec_I_v1.1_crop_0904.npy,MIGHTEE_Continuum_DR1_XMMLSS_8p9arcsec_I_v1.1,-1.0886371455853805e-05,0.001032640808261931
MIGHTEE_Continuum_DR1_XMMLSS_8p9arcsec_I_v1.1_crop_0905.npy,MIGHTEE_Continuum_DR1_XMMLSS_8p9arcsec_I_v1.1,-1.0886371455853805e-05,0.001032640808261931
MIGHTEE_Continuum_DR1_XMMLSS_8p9arcsec_I_v1.1_crop_0906.npy,MIGHTEE_Continuum_DR1_XMMLSS_8p9arcsec_I_v1.1,-1.0886371455853805e-05,0.001032640808261931
MIGHTEE_Continuum_DR1_XMMLSS_8p9arcsec_I_v1.1_crop_0907.npy,MIGHTEE_Continuum_DR1_XMMLSS_8p9arcsec_I_v1.1,-1.0886371455853805e-05,0.001032640808261931
MIGHTEE_Continuum_DR1_XMMLSS_8p9arcsec_I_v1.1_crop_0908.npy,MIGHTEE_Continuum_DR1_XMMLSS_8p9arcsec_I_v1.1,-1.0886371455853805e-05,0.001032640808261931
MIGHTEE_Continuum_DR1_XMMLSS_8p9arcsec_I_v1.1_crop_0909.npy,MIGHTEE_Continuum_DR1_XMMLSS_8p9arcsec_I_v1.1,-1.0886371455853805e-05,0.001032640808261931
MIGHTEE_Continuum_DR1_XMMLSS_8p9arcsec_I_v1.1_crop_0910.npy,MIGHTEE_Continuum_DR1_XMMLSS_8p9arcsec_I_v1.1,-1.0886371455853805e-05,0.001032640808261931
MIGHTEE_Continuum_DR1_XMMLSS_8p9arcsec_I_v1.1_crop_0911.npy,MIGHTEE_Continuum_DR1_XMMLSS_8p9arcsec_I_v1.1,-1.0886371455853805e-05,0.001032640808261931
MIGHTEE_Continuum_DR1_XMMLSS_8p9arcsec_I_v1.1_crop_0912.npy,MIGHTEE_Continuum_DR1_XMMLSS_8p9arcsec_I_v1.1,-1.0886371455853805e-05,0.001032640808261931
MIGHTEE_Continuum_DR1_XMMLSS_8p9arcsec_I_v1.1_crop_0913.npy,MIGHTEE_Continuum_DR1_XMMLSS_8p9arcsec_I_v1.1,-1.0886371455853805e-05,0.001032640808261931
MIGHTEE_Continuum_DR1_XMMLSS_8p9arcsec_I_v1.1_crop_0914.npy,MIGHTEE_Continuum_DR1_XMMLSS_8p9arcsec_I_v1.1,-1.0886371455853805e-05,0.001032640808261931
MIGHTEE_Continuum_DR1_XMMLSS_8p9arcsec_I_v1.1_crop_0915.npy,MIGHTEE_Continuum_DR1_XMMLSS_8p9arcsec_I_v1.1,-1.0886371455853805e-05,0.001032640808261931
MIGHTEE_Continuum_DR1_XMMLSS_8p9arcsec_I_v1.1_crop_0916.npy,MIGHTEE_Continuum_DR1_XMMLSS_8p9arcsec_I_v1.1,-1.0886371455853805e-05,0.001032640808261931
MIGHTEE_Continuum_DR1_XMMLSS_8p9arcsec_I_v1.1_crop_0917.npy,MIGHTEE_Continuum_DR1_XMMLSS_8p9arcsec_I_v1.1,-1.0886371455853805e-05,0.001032640808261931
MIGHTEE_Continuum_DR1_XMMLSS_8p9arcsec_I_v1.1_crop_0918.npy,MIGHTEE_Continuum_DR1_XMMLSS_8p9arcsec_I_v1.1,-1.0886371455853805e-05,0.001032640808261931
MIGHTEE_Continuum_DR1_XMMLSS_8p9arcsec_I_v1.1_crop_0919.npy,MIGHTEE_Continuum_DR1_XMMLSS_8p9arcsec_I_v1.1,-1.0886371455853805e-05,0.001032640808261931
MIGHTEE_Continuum_DR1_XMMLSS_8p9arcsec_I_v1.1_crop_0920.npy,MIGHTEE_Continuum_DR1_XMMLSS_8p9arcsec_I_v1.1,-1.0886371455853805e-05,0.001032640808261931
MIGHTEE_Continuum_DR1_XMMLSS_8p9arcsec_I_v1.1_crop_0921.npy,MIGHTEE_Continuum_DR1_XMMLSS_8p9arcsec_I_v1.1,-1.0886371455853805e-05,0.001032640808261931
MIGHTEE_Continuum_DR1_XMMLSS_8p9arcsec_I_v1.1_crop_0922.npy,MIGHTEE_Continuum_DR1_XMMLSS_8p9arcsec_I_v1.1,-1.0886371455853805e-05,0.001032640808261931
MIGHTEE_Continuum_DR1_XMMLSS_8p9arcsec_I_v1.1_crop_0923.npy,MIGHTEE_Continuum_DR1_XMMLSS_8p9arcsec_I_v1.1,-1.0886371455853805e-05,0.001032640808261931
MIGHTEE_Continuum_DR1_XMMLSS_8p9arcsec_I_v1.1_crop_0924.npy,MIGHTEE_Continuum_DR1_XMMLSS_8p9arcsec_I_v1.1,-1.0886371455853805e-05,0.001032640808261931
MIGHTEE_Continuum_DR1_XMMLSS_8p9arcsec_I_v1.1_crop_0925.npy,MIGHTEE_Continuum_DR1_XMMLSS_8p9arcsec_I_v1.1,-1.0886371455853805e-05,0.001032640808261931
MIGHTEE_Continuum_DR1_XMMLSS_8p9arcsec_I_v1.1_crop_0926.npy,MIGHTEE_Continuum_DR1_XMMLSS_8p9arcsec_I_v1.1,-1.0886371455853805e-05,0.001032640808261931
MIGHTEE_Continuum_DR1_XMMLSS_8p9arcsec_I_v1.1_crop_0927.npy,MIGHTEE_Continuum_DR1_XMMLSS_8p9arcsec_I_v1.1,-1.0886371455853805e-05,0.001032640808261931
MIGHTEE_Continuum_DR1_XMMLSS_8p9arcsec_I_v1.1_crop_0928.npy,MIGHTEE_Continuum_DR1_XMMLSS_8p9arcsec_I_v1.1,-1.0886371455853805e-05,0.001032640808261931
MIGHTEE_Continuum_DR1_XMMLSS_8p9arcsec_I_v1.1_crop_0929.npy,MIGHTEE_Continuum_DR1_XMMLSS_8p9arcsec_I_v1.1,-1.0886371455853805e-05,0.001032640808261931
MIGHTEE_Continuum_DR1_XMMLSS_8p9arcsec_I_v1.1_crop_0930.npy,MIGHTEE_Continuum_DR1_XMMLSS_8p9arcsec_I_v1.1,-1.0886371455853805e-05,0.001032640808261931
MIGHTEE_Continuum_DR1_XMMLSS_8p9arcsec_I_v1.1_crop_0931.npy,MIGHTEE_Continuum_DR1_XMMLSS_8p9arcsec_I_v1.1,-1.0886371455853805e-05,0.001032640808261931
MIGHTEE_Continuum_DR1_XMMLSS_8p9arcsec_I_v1.1_crop_0932.npy,MIGHTEE_Continuum_DR1_XMMLSS_8p9arcsec_I_v1.1,-1.0886371455853805e-05,0.001032640808261931
MIGHTEE_Continuum_DR1_XMMLSS_8p9arcsec_I_v1.1_crop_0933.npy,MIGHTEE_Continuum_DR1_XMMLSS_8p9arcsec_I_v1.1,-1.0886371455853805e-05,0.001032640808261931
MIGHTEE_Continuum_DR1_XMMLSS_8p9arcsec_I_v1.1_crop_0934.npy,MIGHTEE_Continuum_DR1_XMMLSS_8p9arcsec_I_v1.1,-1.0886371455853805e-05,0.001032640808261931
MIGHTEE_Continuum_DR1_XMMLSS_8p9arcsec_I_v1.1_crop_0935.npy,MIGHTEE_Continuum_DR1_XMMLSS_8p9arcsec_I_v1.1,-1.0886371455853805e-05,0.001032640808261931
MIGHTEE_Continuum_DR1_XMMLSS_8p9arcsec_I_v1.1_crop_0936.npy,MIGHTEE_Continuum_DR1_XMMLSS_8p9arcsec_I_v1.1,-1.0886371455853805e-05,0.001032640808261931
MIGHTEE_Continuum_DR1_XMMLSS_8p9arcsec_I_v1.1_crop_0937.npy,MIGHTEE_Continuum_DR1_XMMLSS_8p9arcsec_I_v1.1,-1.0886371455853805e-05,0.001032640808261931
MIGHTEE_Continuum_DR1_XMMLSS_8p9arcsec_I_v1.1_crop_0938.npy,MIGHTEE_Continuum_DR1_XMMLSS_8p9arcsec_I_v1.1,-1.0886371455853805e-05,0.001032640808261931
MIGHTEE_Continuum_DR1_XMMLSS_8p9arcsec_I_v1.1_crop_0939.npy,MIGHTEE_Continuum_DR1_XMMLSS_8p9arcsec_I_v1.1,-1.0886371455853805e-05,0.001032640808261931
MIGHTEE_Continuum_DR1_XMMLSS_8p9arcsec_I_v1.1_crop_0940.npy,MIGHTEE_Continuum_DR1_XMMLSS_8p9arcsec_I_v1.1,-1.0886371455853805e-05,0.001032640808261931
MIGHTEE_Continuum_DR1_XMMLSS_8p9arcsec_I_v1.1_crop_0941.npy,MIGHTEE_Continuum_DR1_XMMLSS_8p9arcsec_I_v1.1,-1.0886371455853805e-05,0.001032640808261931
MIGHTEE_Continuum_DR1_XMMLSS_8p9arcsec_I_v1.1_crop_0942.npy,MIGHTEE_Continuum_DR1_XMMLSS_8p9arcsec_I_v1.1,-1.0886371455853805e-05,0.001032640808261931
MIGHTEE_Continuum_DR1_XMMLSS_8p9arcsec_I_v1.1_crop_0943.npy,MIGHTEE_Continuum_DR1_XMMLSS_8p9arcsec_I_v1.1,-1.0886371455853805e-05,0.001032640808261931
MIGHTEE_Continuum_DR1_XMMLSS_8p9arcsec_I_v1.1_crop_0944.npy,MIGHTEE_Continuum_DR1_XMMLSS_8p9arcsec_I_v1.1,-1.0886371455853805e-05,0.001032640808261931
MIGHTEE_Continuum_DR1_XMMLSS_8p9arcsec_I_v1.1_crop_0945.npy,MIGHTEE_Continuum_DR1_XMMLSS_8p9arcsec_I_v1.1,-1.0886371455853805e-05,0.001032640808261931
MIGHTEE_Continuum_DR1_XMMLSS_8p9arcsec_I_v1.1_crop_0946.npy,MIGHTEE_Continuum_DR1_XMMLSS_8p9arcsec_I_v1.1,-1.0886371455853805e-05,0.001032640808261931
MIGHTEE_Continuum_DR1_XMMLSS_8p9arcsec_I_v1.1_crop_0947.npy,MIGHTEE_Continuum_DR1_XMMLSS_8p9arcsec_I_v1.1,-1.0886371455853805e-05,0.001032640808261931
MIGHTEE_Continuum_DR1_XMMLSS_8p9arcsec_I_v1.1_crop_0948.npy,MIGHTEE_Continuum_DR1_XMMLSS_8p9arcsec_I_v1.1,-1.0886371455853805e-05,0.001032640808261931
MIGHTEE_Continuum_DR1_XMMLSS_8p9arcsec_I_v1.1_crop_0949.npy,MIGHTEE_Continuum_DR1_XMMLSS_8p9arcsec_I_v1.1,-1.0886371455853805e-05,0.001032640808261931
MIGHTEE_Continuum_DR1_XMMLSS_8p9arcsec_I_v1.1_crop_0950.npy,MIGHTEE_Continuum_DR1_XMMLSS_8p9arcsec_I_v1.1,-1.0886371455853805e-05,0.001032640808261931
MIGHTEE_Continuum_DR1_XMMLSS_8p9arcsec_I_v1.1_crop_0951.npy,MIGHTEE_Continuum_DR1_XMMLSS_8p9arcsec_I_v1.1,-1.0886371455853805e-05,0.001032640808261931
MIGHTEE_Continuum_DR1_XMMLSS_8p9arcsec_I_v1.1_crop_0952.npy,MIGHTEE_Continuum_DR1_XMMLSS_8p9arcsec_I_v1.1,-1.0886371455853805e-05,0.001032640808261931
MIGHTEE_Continuum_DR1_XMMLSS_8p9arcsec_I_v1.1_crop_0953.npy,MIGHTEE_Continuum_DR1_XMMLSS_8p9arcsec_I_v1.1,-1.0886371455853805e-05,0.001032640808261931
MIGHTEE_Continuum_DR1_XMMLSS_8p9arcsec_I_v1.1_crop_0954.npy,MIGHTEE_Continuum_DR1_XMMLSS_8p9arcsec_I_v1.1,-1.0886371455853805e-05,0.001032640808261931
MIGHTEE_Continuum_DR1_XMMLSS_8p9arcsec_I_v1.1_crop_0955.npy,MIGHTEE_Continuum_DR1_XMMLSS_8p9arcsec_I_v1.1,-1.0886371455853805e-05,0.001032640808261931
MIGHTEE_Continuum_DR1_XMMLSS_8p9arcsec_I_v1.1_crop_0956.npy,MIGHTEE_Continuum_DR1_XMMLSS_8p9arcsec_I_v1.1,-1.0886371455853805e-05,0.001032640808261931
MIGHTEE_Continuum_DR1_XMMLSS_8p9arcsec_I_v1.1_crop_0957.npy,MIGHTEE_Continuum_DR1_XMMLSS_8p9arcsec_I_v1.1,-1.0886371455853805e-05,0.001032640808261931
MIGHTEE_Continuum_DR1_XMMLSS_8p9arcsec_I_v1.1_crop_0958.npy,MIGHTEE_Continuum_DR1_XMMLSS_8p9arcsec_I_v1.1,-1.0886371455853805e-05,0.001032640808261931
MIGHTEE_Continuum_DR1_XMMLSS_8p9arcsec_I_v1.1_crop_0959.npy,MIGHTEE_Continuum_DR1_XMMLSS_8p9arcsec_I_v1.1,-1.0886371455853805e-05,0.001032640808261931
MIGHTEE_Continuum_DR1_XMMLSS_8p9arcsec_I_v1.1_crop_0960.npy,MIGHTEE_Continuum_DR1_XMMLSS_8p9arcsec_I_v1.1,-1.0886371455853805e-05,0.001032640808261931
MIGHTEE_Continuum_DR1_XMMLSS_8p9arcsec_I_v1.1_crop_0961.npy,MIGHTEE_Continuum_DR1_XMMLSS_8p9arcsec_I_v1.1,-1.0886371455853805e-05,0.001032640808261931
MIGHTEE_Continuum_DR1_XMMLSS_8p9arcsec_I_v1.1_crop_0962.npy,MIGHTEE_Continuum_DR1_XMMLSS_8p9arcsec_I_v1.1,-1.0886371455853805e-05,0.001032640808261931
MIGHTEE_Continuum_DR1_XMMLSS_8p9arcsec_I_v1.1_crop_0963.npy,MIGHTEE_Continuum_DR1_XMMLSS_8p9arcsec_I_v1.1,-1.0886371455853805e-05,0.001032640808261931
MIGHTEE_Continuum_DR1_XMMLSS_8p9arcsec_I_v1.1_crop_0964.npy,MIGHTEE_Continuum_DR1_XMMLSS_8p9arcsec_I_v1.1,-1.0886371455853805e-05,0.001032640808261931
MIGHTEE_Continuum_DR1_XMMLSS_8p9arcsec_I_v1.1_crop_0965.npy,MIGHTEE_Continuum_DR1_XMMLSS_8p9arcsec_I_v1.1,-1.0886371455853805e-05,0.001032640808261931
MIGHTEE_Continuum_DR1_XMMLSS_8p9arcsec_I_v1.1_crop_0966.npy,MIGHTEE_Continuum_DR1_XMMLSS_8p9arcsec_I_v1.1,-1.0886371455853805e-05,0.001032640808261931
MIGHTEE_Continuum_DR1_XMMLSS_8p9arcsec_I_v1.1_crop_0967.npy,MIGHTEE_Continuum_DR1_XMMLSS_8p9arcsec_I_v1.1,-1.0886371455853805e-05,0.001032640808261931
MIGHTEE_Continuum_DR1_XMMLSS_8p9arcsec_I_v1.1_crop_0968.npy,MIGHTEE_Continuum_DR1_XMMLSS_8p9arcsec_I_v1.1,-1.0886371455853805e-05,0.001032640808261931
MIGHTEE_Continuum_DR1_XMMLSS_8p9arcsec_I_v1.1_crop_0969.npy,MIGHTEE_Continuum_DR1_XMMLSS_8p9arcsec_I_v1.1,-1.0886371455853805e-05,0.001032640808261931
MIGHTEE_Continuum_DR1_XMMLSS_8p9arcsec_I_v1.1_crop_0970.npy,MIGHTEE_Continuum_DR1_XMMLSS_8p9arcsec_I_v1.1,-1.0886371455853805e-05,0.001032640808261931
MIGHTEE_Continuum_DR1_XMMLSS_8p9arcsec_I_v1.1_crop_0971.npy,MIGHTEE_Continuum_DR1_XMMLSS_8p9arcsec_I_v1.1,-1.0886371455853805e-05,0.001032640808261931
MIGHTEE_Continuum_DR1_XMMLSS_8p9arcsec_I_v1.1_crop_0972.npy,MIGHTEE_Continuum_DR1_XMMLSS_8p9arcsec_I_v1.1,-1.0886371455853805e-05,0.001032640808261931
MIGHTEE_Continuum_DR1_XMMLSS_8p9arcsec_I_v1.1_crop_0973.npy,MIGHTEE_Continuum_DR1_XMMLSS_8p9arcsec_I_v1.1,-1.0886371455853805e-05,0.001032640808261931
MIGHTEE_Continuum_DR1_XMMLSS_8p9arcsec_I_v1.1_crop_0974.npy,MIGHTEE_Continuum_DR1_XMMLSS_8p9arcsec_I_v1.1,-1.0886371455853805e-05,0.001032640808261931
MIGHTEE_Continuum_DR1_XMMLSS_8p9arcsec_I_v1.1_crop_0975.npy,MIGHTEE_Continuum_DR1_XMMLSS_8p9arcsec_I_v1.1,-1.0886371455853805e-05,0.001032640808261931
MIGHTEE_Continuum_DR1_XMMLSS_8p9arcsec_I_v1.1_crop_0976.npy,MIGHTEE_Continuum_DR1_XMMLSS_8p9arcsec_I_v1.1,-1.0886371455853805e-05,0.001032640808261931
MIGHTEE_Continuum_DR1_XMMLSS_8p9arcsec_I_v1.1_crop_0977.npy,MIGHTEE_Continuum_DR1_XMMLSS_8p9arcsec_I_v1.1,-1.0886371455853805e-05,0.001032640808261931
MIGHTEE_Continuum_DR1_XMMLSS_8p9arcsec_I_v1.1_crop_0978.npy,MIGHTEE_Continuum_DR1_XMMLSS_8p9arcsec_I_v1.1,-1.0886371455853805e-05,0.001032640808261931
MIGHTEE_Continuum_DR1_XMMLSS_8p9arcsec_I_v1.1_crop_0979.npy,MIGHTEE_Continuum_DR1_XMMLSS_8p9arcsec_I_v1.1,-1.0886371455853805e-05,0.001032640808261931
MIGHTEE_Continuum_DR1_XMMLSS_8p9arcsec_I_v1.1_crop_0980.npy,MIGHTEE_Continuum_DR1_XMMLSS_8p9arcsec_I_v1.1,-1.0886371455853805e-05,0.001032640808261931
MIGHTEE_Continuum_DR1_XMMLSS_8p9arcsec_I_v1.1_crop_0981.npy,MIGHTEE_Continuum_DR1_XMMLSS_8p9arcsec_I_v1.1,-1.0886371455853805e-05,0.001032640808261931
MIGHTEE_Continuum_DR1_XMMLSS_8p9arcsec_I_v1.1_crop_0982.npy,MIGHTEE_Continuum_DR1_XMMLSS_8p9arcsec_I_v1.1,-1.0886371455853805e-05,0.001032640808261931
MIGHTEE_Continuum_DR1_XMMLSS_8p9arcsec_I_v1.1_crop_0983.npy,MIGHTEE_Continuum_DR1_XMMLSS_8p9arcsec_I_v1.1,-1.0886371455853805e-05,0.001032640808261931
MIGHTEE_Continuum_DR1_XMMLSS_8p9arcsec_I_v1.1_crop_0984.npy,MIGHTEE_Continuum_DR1_XMMLSS_8p9arcsec_I_v1.1,-1.0886371455853805e-05,0.001032640808261931
MIGHTEE_Continuum_DR1_XMMLSS_8p9arcsec_I_v1.1_crop_0985.npy,MIGHTEE_Continuum_DR1_XMMLSS_8p9arcsec_I_v1.1,-1.0886371455853805e-05,0.001032640808261931
MIGHTEE_Continuum_DR1_XMMLSS_8p9arcsec_I_v1.1_crop_0986.npy,MIGHTEE_Continuum_DR1_XMMLSS_8p9arcsec_I_v1.1,-1.0886371455853805e-05,0.001032640808261931
MIGHTEE_Continuum_DR1_XMMLSS_8p9arcsec_I_v1.1_crop_0987.npy,MIGHTEE_Continuum_DR1_XMMLSS_8p9arcsec_I_v1.1,-1.0886371455853805e-05,0.001032640808261931
MIGHTEE_Continuum_DR1_XMMLSS_8p9arcsec_I_v1.1_crop_0988.npy,MIGHTEE_Continuum_DR1_XMMLSS_8p9arcsec_I_v1.1,-1.0886371455853805e-05,0.001032640808261931
MIGHTEE_Continuum_DR1_XMMLSS_8p9arcsec_I_v1.1_crop_0989.npy,MIGHTEE_Continuum_DR1_XMMLSS_8p9arcsec_I_v1.1,-1.0886371455853805e-05,0.001032640808261931
MIGHTEE_Continuum_DR1_XMMLSS_8p9arcsec_I_v1.1_crop_0990.npy,MIGHTEE_Continuum_DR1_XMMLSS_8p9arcsec_I_v1.1,-1.0886371455853805e-05,0.001032640808261931
MIGHTEE_Continuum_DR1_XMMLSS_8p9arcsec_I_v1.1_crop_0991.npy,MIGHTEE_Continuum_DR1_XMMLSS_8p9arcsec_I_v1.1,-1.0886371455853805e-05,0.001032640808261931
MIGHTEE_Continuum_DR1_XMMLSS_8p9arcsec_I_v1.1_crop_0992.npy,MIGHTEE_Continuum_DR1_XMMLSS_8p9arcsec_I_v1.1,-1.0886371455853805e-05,0.001032640808261931
MIGHTEE_Continuum_DR1_XMMLSS_8p9arcsec_I_v1.1_crop_0993.npy,MIGHTEE_Continuum_DR1_XMMLSS_8p9arcsec_I_v1.1,-1.0886371455853805e-05,0.001032640808261931
MIGHTEE_Continuum_DR1_XMMLSS_8p9arcsec_I_v1.1_crop_0994.npy,MIGHTEE_Continuum_DR1_XMMLSS_8p9arcsec_I_v1.1,-1.0886371455853805e-05,0.001032640808261931
MIGHTEE_Continuum_DR1_XMMLSS_8p9arcsec_I_v1.1_crop_0995.npy,MIGHTEE_Continuum_DR1_XMMLSS_8p9arcsec_I_v1.1,-1.0886371455853805e-05,0.001032640808261931
MIGHTEE_Continuum_DR1_XMMLSS_8p9arcsec_I_v1.1_crop_0996.npy,MIGHTEE_Continuum_DR1_XMMLSS_8p9arcsec_I_v1.1,-1.0886371455853805e-05,0.001032640808261931
MIGHTEE_Continuum_DR1_XMMLSS_8p9arcsec_I_v1.1_crop_0997.npy,MIGHTEE_Continuum_DR1_XMMLSS_8p9arcsec_I_v1.1,-1.0886371455853805e-05,0.001032640808261931
MIGHTEE_Continuum_DR1_XMMLSS_8p9arcsec_I_v1.1_crop_0998.npy,MIGHTEE_Continuum_DR1_XMMLSS_8p9arcsec_I_v1.1,-1.0886371455853805e-05,0.001032640808261931
MIGHTEE_Continuum_DR1_XMMLSS_8p9arcsec_I_v1.1_crop_0999.npy,MIGHTEE_Continuum_DR1_XMMLSS_8p9arcsec_I_v1.1,-1.0886371455853805e-05,0.001032640808261931
MIGHTEE_Continuum_DR1_XMMLSS_8p9arcsec_I_v1.1_crop_1000.npy,MIGHTEE_Continuum_DR1_XMMLSS_8p9arcsec_I_v1.1,-1.0886371455853805e-05,0.001032640808261931
MIGHTEE_Continuum_DR1_XMMLSS_8p9arcsec_I_v1.1_crop_1001.npy,MIGHTEE_Continuum_DR1_XMMLSS_8p9arcsec_I_v1.1,-1.0886371455853805e-05,0.001032640808261931
MIGHTEE_Continuum_DR1_XMMLSS_8p9arcsec_I_v1.1_crop_1002.npy,MIGHTEE_Continuum_DR1_XMMLSS_8p9arcsec_I_v1.1,-1.0886371455853805e-05,0.001032640808261931
MIGHTEE_Continuum_DR1_XMMLSS_8p9arcsec_I_v1.1_crop_1003.npy,MIGHTEE_Continuum_DR1_XMMLSS_8p9arcsec_I_v1.1,-1.0886371455853805e-05,0.001032640808261931
MIGHTEE_Continuum_DR1_XMMLSS_8p9arcsec_I_v1.1_crop_1004.npy,MIGHTEE_Continuum_DR1_XMMLSS_8p9arcsec_I_v1.1,-1.0886371455853805e-05,0.001032640808261931
MIGHTEE_Continuum_DR1_XMMLSS_8p9arcsec_I_v1.1_crop_1005.npy,MIGHTEE_Continuum_DR1_XMMLSS_8p9arcsec_I_v1.1,-1.0886371455853805e-05,0.001032640808261931
MIGHTEE_Continuum_DR1_XMMLSS_8p9arcsec_I_v1.1_crop_1006.npy,MIGHTEE_Continuum_DR1_XMMLSS_8p9arcsec_I_v1.1,-1.0886371455853805e-05,0.001032640808261931
MIGHTEE_Continuum_DR1_XMMLSS_8p9arcsec_I_v1.1_crop_1007.npy,MIGHTEE_Continuum_DR1_XMMLSS_8p9arcsec_I_v1.1,-1.0886371455853805e-05,0.001032640808261931
MIGHTEE_Continuum_DR1_XMMLSS_8p9arcsec_I_v1.1_crop_1008.npy,MIGHTEE_Continuum_DR1_XMMLSS_8p9arcsec_I_v1.1,-1.0886371455853805e-05,0.001032640808261931
MIGHTEE_Continuum_DR1_XMMLSS_8p9arcsec_I_v1.1_crop_1009.npy,MIGHTEE_Continuum_DR1_XMMLSS_8p9arcsec_I_v1.1,-1.0886371455853805e-05,0.001032640808261931
MIGHTEE_Continuum_DR1_XMMLSS_8p9arcsec_I_v1.1_crop_1010.npy,MIGHTEE_Continuum_DR1_XMMLSS_8p9arcsec_I_v1.1,-1.0886371455853805e-05,0.001032640808261931
MIGHTEE_Continuum_DR1_XMMLSS_8p9arcsec_I_v1.1_crop_1011.npy,MIGHTEE_Continuum_DR1_XMMLSS_8p9arcsec_I_v1.1,-1.0886371455853805e-05,0.001032640808261931
MIGHTEE_Continuum_DR1_XMMLSS_8p9arcsec_I_v1.1_crop_1012.npy,MIGHTEE_Continuum_DR1_XMMLSS_8p9arcsec_I_v1.1,-1.0886371455853805e-05,0.001032640808261931
MIGHTEE_Continuum_DR1_XMMLSS_8p9arcsec_I_v1.1_crop_1013.npy,MIGHTEE_Continuum_DR1_XMMLSS_8p9arcsec_I_v1.1,-1.0886371455853805e-05,0.001032640808261931
MIGHTEE_Continuum_DR1_XMMLSS_8p9arcsec_I_v1.1_crop_1014.npy,MIGHTEE_Continuum_DR1_XMMLSS_8p9arcsec_I_v1.1,-1.0886371455853805e-05,0.001032640808261931
MIGHTEE_Continuum_DR1_XMMLSS_8p9arcsec_I_v1.1_crop_1015.npy,MIGHTEE_Continuum_DR1_XMMLSS_8p9arcsec_I_v1.1,-1.0886371455853805e-05,0.001032640808261931
MIGHTEE_Continuum_DR1_XMMLSS_8p9arcsec_I_v1.1_crop_1016.npy,MIGHTEE_Continuum_DR1_XMMLSS_8p9arcsec_I_v1.1,-1.0886371455853805e-05,0.001032640808261931
MIGHTEE_Continuum_DR1_XMMLSS_8p9arcsec_I_v1.1_crop_1017.npy,MIGHTEE_Continuum_DR1_XMMLSS_8p9arcsec_I_v1.1,-1.0886371455853805e-05,0.001032640808261931
MIGHTEE_Continuum_DR1_XMMLSS_8p9arcsec_I_v1.1_crop_1018.npy,MIGHTEE_Continuum_DR1_XMMLSS_8p9arcsec_I_v1.1,-1.0886371455853805e-05,0.001032640808261931
MIGHTEE_Continuum_DR1_XMMLSS_8p9arcsec_I_v1.1_crop_1019.npy,MIGHTEE_Continuum_DR1_XMMLSS_8p9arcsec_I_v1.1,-1.0886371455853805e-05,0.001032640808261931
MIGHTEE_Continuum_DR1_XMMLSS_8p9arcsec_I_v1.1_crop_1020.npy,MIGHTEE_Continuum_DR1_XMMLSS_8p9arcsec_I_v1.1,-1.0886371455853805e-05,0.001032640808261931
MIGHTEE_Continuum_DR1_XMMLSS_8p9arcsec_I_v1.1_crop_1021.npy,MIGHTEE_Continuum_DR1_XMMLSS_8p9arcsec_I_v1.1,-1.0886371455853805e-05,0.001032640808261931
MIGHTEE_Continuum_DR1_XMMLSS_8p9arcsec_I_v1.1_crop_1022.npy,MIGHTEE_Continuum_DR1_XMMLSS_8p9arcsec_I_v1.1,-1.0886371455853805e-05,0.001032640808261931
MIGHTEE_Continuum_DR1_XMMLSS_8p9arcsec_I_v1.1_crop_1023.npy,MIGHTEE_Continuum_DR1_XMMLSS_8p9arcsec_I_v1.1,-1.0886371455853805e-05,0.001032640808261931
MIGHTEE_Continuum_DR1_XMMLSS_8p9arcsec_I_v1.1_crop_1024.npy,MIGHTEE_Continuum_DR1_XMMLSS_8p9arcsec_I_v1.1,-1.0886371455853805e-05,0.001032640808261931
MIGHTEE_Continuum_DR1_XMMLSS_8p9arcsec_I_v1.1_crop_1025.npy,MIGHTEE_Continuum_DR1_XMMLSS_8p9arcsec_I_v1.1,-1.0886371455853805e-05,0.001032640808261931
MIGHTEE_Continuum_DR1_XMMLSS_8p9arcsec_I_v1.1_crop_1026.npy,MIGHTEE_Continuum_DR1_XMMLSS_8p9arcsec_I_v1.1,-1.0886371455853805e-05,0.001032640808261931
MIGHTEE_Continuum_DR1_XMMLSS_8p9arcsec_I_v1.1_crop_1027.npy,MIGHTEE_Continuum_DR1_XMMLSS_8p9arcsec_I_v1.1,-1.0886371455853805e-05,0.001032640808261931
MIGHTEE_Continuum_DR1_XMMLSS_8p9arcsec_I_v1.1_crop_1028.npy,MIGHTEE_Continuum_DR1_XMMLSS_8p9arcsec_I_v1.1,-1.0886371455853805e-05,0.001032640808261931
MIGHTEE_Continuum_DR1_XMMLSS_8p9arcsec_I_v1.1_crop_1029.npy,MIGHTEE_Continuum_DR1_XMMLSS_8p9arcsec_I_v1.1,-1.0886371455853805e-05,0.001032640808261931
MIGHTEE_Continuum_DR1_XMMLSS_8p9arcsec_I_v1.1_crop_1030.npy,MIGHTEE_Continuum_DR1_XMMLSS_8p9arcsec_I_v1.1,-1.0886371455853805e-05,0.001032640808261931
MIGHTEE_Continuum_DR1_XMMLSS_8p9arcsec_I_v1.1_crop_1031.npy,MIGHTEE_Continuum_DR1_XMMLSS_8p9arcsec_I_v1.1,-1.0886371455853805e-05,0.001032640808261931
MIGHTEE_Continuum_DR1_XMMLSS_8p9arcsec_I_v1.1_crop_1032.npy,MIGHTEE_Continuum_DR1_XMMLSS_8p9arcsec_I_v1.1,-1.0886371455853805e-05,0.001032640808261931
MIGHTEE_Continuum_DR1_XMMLSS_8p9arcsec_I_v1.1_crop_1033.npy,MIGHTEE_Continuum_DR1_XMMLSS_8p9arcsec_I_v1.1,-1.0886371455853805e-05,0.001032640808261931
MIGHTEE_Continuum_DR1_XMMLSS_8p9arcsec_I_v1.1_crop_1034.npy,MIGHTEE_Continuum_DR1_XMMLSS_8p9arcsec_I_v1.1,-1.0886371455853805e-05,0.001032640808261931
MIGHTEE_Continuum_DR1_XMMLSS_8p9arcsec_I_v1.1_crop_1035.npy,MIGHTEE_Continuum_DR1_XMMLSS_8p9arcsec_I_v1.1,-1.0886371455853805e-05,0.001032640808261931
MIGHTEE_Continuum_DR1_XMMLSS_8p9arcsec_I_v1.1_crop_1036.npy,MIGHTEE_Continuum_DR1_XMMLSS_8p9arcsec_I_v1.1,-1.0886371455853805e-05,0.001032640808261931
MIGHTEE_Continuum_DR1_XMMLSS_8p9arcsec_I_v1.1_crop_1037.npy,MIGHTEE_Continuum_DR1_XMMLSS_8p9arcsec_I_v1.1,-1.0886371455853805e-05,0.001032640808261931
MIGHTEE_Continuum_DR1_XMMLSS_8p9arcsec_I_v1.1_crop_1038.npy,MIGHTEE_Continuum_DR1_XMMLSS_8p9arcsec_I_v1.1,-1.0886371455853805e-05,0.001032640808261931
MIGHTEE_Continuum_DR1_XMMLSS_8p9arcsec_I_v1.1_crop_1039.npy,MIGHTEE_Continuum_DR1_XMMLSS_8p9arcsec_I_v1.1,-1.0886371455853805e-05,0.001032640808261931
MIGHTEE_Continuum_DR1_XMMLSS_8p9arcsec_I_v1.1_crop_1040.npy,MIGHTEE_Continuum_DR1_XMMLSS_8p9arcsec_I_v1.1,-1.0886371455853805e-05,0.001032640808261931
MIGHTEE_Continuum_DR1_XMMLSS_8p9arcsec_I_v1.1_crop_1041.npy,MIGHTEE_Continuum_DR1_XMMLSS_8p9arcsec_I_v1.1,-1.0886371455853805e-05,0.001032640808261931
MIGHTEE_Continuum_DR1_XMMLSS_8p9arcsec_I_v1.1_crop_1042.npy,MIGHTEE_Continuum_DR1_XMMLSS_8p9arcsec_I_v1.1,-1.0886371455853805e-05,0.001032640808261931
MIGHTEE_Continuum_DR1_XMMLSS_8p9arcsec_I_v1.1_crop_1043.npy,MIGHTEE_Continuum_DR1_XMMLSS_8p9arcsec_I_v1.1,-1.0886371455853805e-05,0.001032640808261931
MIGHTEE_Continuum_DR1_XMMLSS_8p9arcsec_I_v1.1_crop_1044.npy,MIGHTEE_Continuum_DR1_XMMLSS_8p9arcsec_I_v1.1,-1.0886371455853805e-05,0.001032640808261931
MIGHTEE_Continuum_DR1_XMMLSS_8p9arcsec_I_v1.1_crop_1045.npy,MIGHTEE_Continuum_DR1_XMMLSS_8p9arcsec_I_v1.1,-1.0886371455853805e-05,0.001032640808261931
MIGHTEE_Continuum_DR1_XMMLSS_8p9arcsec_I_v1.1_crop_1046.npy,MIGHTEE_Continuum_DR1_XMMLSS_8p9arcsec_I_v1.1,-1.0886371455853805e-05,0.001032640808261931
MIGHTEE_Continuum_DR1_XMMLSS_8p9arcsec_I_v1.1_crop_1047.npy,MIGHTEE_Continuum_DR1_XMMLSS_8p9arcsec_I_v1.1,-1.0886371455853805e-05,0.001032640808261931
MIGHTEE_Continuum_DR1_XMMLSS_8p9arcsec_I_v1.1_crop_1048.npy,MIGHTEE_Continuum_DR1_XMMLSS_8p9arcsec_I_v1.1,-1.0886371455853805e-05,0.001032640808261931
MIGHTEE_Continuum_DR1_XMMLSS_8p9arcsec_I_v1.1_crop_1049.npy,MIGHTEE_Continuum_DR1_XMMLSS_8p9arcsec_I_v1.1,-1.0886371455853805e-05,0.001032640808261931
MIGHTEE_Continuum_DR1_XMMLSS_8p9arcsec_I_v1.1_crop_1050.npy,MIGHTEE_Continuum_DR1_XMMLSS_8p9arcsec_I_v1.1,-1.0886371455853805e-05,0.001032640808261931
MIGHTEE_Continuum_DR1_XMMLSS_8p9arcsec_I_v1.1_crop_1051.npy,MIGHTEE_Continuum_DR1_XMMLSS_8p9arcsec_I_v1.1,-1.0886371455853805e-05,0.001032640808261931
MIGHTEE_Continuum_DR1_XMMLSS_8p9arcsec_I_v1.1_crop_1052.npy,MIGHTEE_Continuum_DR1_XMMLSS_8p9arcsec_I_v1.1,-1.0886371455853805e-05,0.001032640808261931
MIGHTEE_Continuum_DR1_XMMLSS_8p9arcsec_I_v1.1_crop_1053.npy,MIGHTEE_Continuum_DR1_XMMLSS_8p9arcsec_I_v1.1,-1.0886371455853805e-05,0.001032640808261931
MIGHTEE_Continuum_DR1_XMMLSS_8p9arcsec_I_v1.1_crop_1054.npy,MIGHTEE_Continuum_DR1_XMMLSS_8p9arcsec_I_v1.1,-1.0886371455853805e-05,0.001032640808261931
MIGHTEE_Continuum_DR1_XMMLSS_8p9arcsec_I_v1.1_crop_1055.npy,MIGHTEE_Continuum_DR1_XMMLSS_8p9arcsec_I_v1.1,-1.0886371455853805e-05,0.001032640808261931
MIGHTEE_Continuum_DR1_XMMLSS_8p9arcsec_I_v1.1_crop_1056.npy,MIGHTEE_Continuum_DR1_XMMLSS_8p9arcsec_I_v1.1,-1.0886371455853805e-05,0.001032640808261931
MIGHTEE_Continuum_DR1_XMMLSS_8p9arcsec_I_v1.1_crop_1057.npy,MIGHTEE_Continuum_DR1_XMMLSS_8p9arcsec_I_v1.1,-1.0886371455853805e-05,0.001032640808261931
MIGHTEE_Continuum_DR1_XMMLSS_8p9arcsec_I_v1.1_crop_1058.npy,MIGHTEE_Continuum_DR1_XMMLSS_8p9arcsec_I_v1.1,-1.0886371455853805e-05,0.001032640808261931
MIGHTEE_Continuum_DR1_XMMLSS_8p9arcsec_I_v1.1_crop_1059.npy,MIGHTEE_Continuum_DR1_XMMLSS_8p9arcsec_I_v1.1,-1.0886371455853805e-05,0.001032640808261931
MIGHTEE_Continuum_DR1_XMMLSS_8p9arcsec_I_v1.1_crop_1060.npy,MIGHTEE_Continuum_DR1_XMMLSS_8p9arcsec_I_v1.1,-1.0886371455853805e-05,0.001032640808261931
MIGHTEE_Continuum_DR1_XMMLSS_8p9arcsec_I_v1.1_crop_1061.npy,MIGHTEE_Continuum_DR1_XMMLSS_8p9arcsec_I_v1.1,-1.0886371455853805e-05,0.001032640808261931
MIGHTEE_Continuum_DR1_XMMLSS_8p9arcsec_I_v1.1_crop_1062.npy,MIGHTEE_Continuum_DR1_XMMLSS_8p9arcsec_I_v1.1,-1.0886371455853805e-05,0.001032640808261931
MIGHTEE_Continuum_DR1_XMMLSS_8p9arcsec_I_v1.1_crop_1063.npy,MIGHTEE_Continuum_DR1_XMMLSS_8p9arcsec_I_v1.1,-1.0886371455853805e-05,0.001032640808261931
MIGHTEE_Continuum_DR1_XMMLSS_8p9arcsec_I_v1.1_crop_1064.npy,MIGHTEE_Continuum_DR1_XMMLSS_8p9arcsec_I_v1.1,-1.0886371455853805e-05,0.001032640808261931
MIGHTEE_Continuum_DR1_XMMLSS_8p9arcsec_I_v1.1_crop_1065.npy,MIGHTEE_Continuum_DR1_XMMLSS_8p9arcsec_I_v1.1,-1.0886371455853805e-05,0.001032640808261931
MIGHTEE_Continuum_DR1_XMMLSS_8p9arcsec_I_v1.1_crop_1066.npy,MIGHTEE_Continuum_DR1_XMMLSS_8p9arcsec_I_v1.1,-1.0886371455853805e-05,0.001032640808261931
MIGHTEE_Continuum_DR1_XMMLSS_8p9arcsec_I_v1.1_crop_1067.npy,MIGHTEE_Continuum_DR1_XMMLSS_8p9arcsec_I_v1.1,-1.0886371455853805e-05,0.001032640808261931
MIGHTEE_Continuum_DR1_XMMLSS_8p9arcsec_I_v1.1_crop_1068.npy,MIGHTEE_Continuum_DR1_XMMLSS_8p9arcsec_I_v1.1,-1.0886371455853805e-05,0.001032640808261931
MIGHTEE_Continuum_DR1_XMMLSS_8p9arcsec_I_v1.1_crop_1069.npy,MIGHTEE_Continuum_DR1_XMMLSS_8p9arcsec_I_v1.1,-1.0886371455853805e-05,0.001032640808261931
MIGHTEE_Continuum_DR1_XMMLSS_8p9arcsec_I_v1.1_crop_1070.npy,MIGHTEE_Continuum_DR1_XMMLSS_8p9arcsec_I_v1.1,-1.0886371455853805e-05,0.001032640808261931
MIGHTEE_Continuum_DR1_XMMLSS_8p9arcsec_I_v1.1_crop_1071.npy,MIGHTEE_Continuum_DR1_XMMLSS_8p9arcsec_I_v1.1,-1.0886371455853805e-05,0.001032640808261931
MIGHTEE_Continuum_DR1_XMMLSS_8p9arcsec_I_v1.1_crop_1072.npy,MIGHTEE_Continuum_DR1_XMMLSS_8p9arcsec_I_v1.1,-1.0886371455853805e-05,0.001032640808261931
MIGHTEE_Continuum_DR1_XMMLSS_8p9arcsec_I_v1.1_crop_1073.npy,MIGHTEE_Continuum_DR1_XMMLSS_8p9arcsec_I_v1.1,-1.0886371455853805e-05,0.001032640808261931
MIGHTEE_Continuum_DR1_XMMLSS_8p9arcsec_I_v1.1_crop_1074.npy,MIGHTEE_Continuum_DR1_XMMLSS_8p9arcsec_I_v1.1,-1.0886371455853805e-05,0.001032640808261931
MIGHTEE_Continuum_DR1_XMMLSS_8p9arcsec_I_v1.1_crop_1075.npy,MIGHTEE_Continuum_DR1_XMMLSS_8p9arcsec_I_v1.1,-1.0886371455853805e-05,0.001032640808261931
MIGHTEE_Continuum_DR1_XMMLSS_8p9arcsec_I_v1.1_crop_1076.npy,MIGHTEE_Continuum_DR1_XMMLSS_8p9arcsec_I_v1.1,-1.0886371455853805e-05,0.001032640808261931
MIGHTEE_Continuum_DR1_XMMLSS_8p9arcsec_I_v1.1_crop_1077.npy,MIGHTEE_Continuum_DR1_XMMLSS_8p9arcsec_I_v1.1,-1.0886371455853805e-05,0.001032640808261931
MIGHTEE_Continuum_DR1_XMMLSS_8p9arcsec_I_v1.1_crop_1078.npy,MIGHTEE_Continuum_DR1_XMMLSS_8p9arcsec_I_v1.1,-1.0886371455853805e-05,0.001032640808261931
MIGHTEE_Continuum_DR1_XMMLSS_8p9arcsec_I_v1.1_crop_1079.npy,MIGHTEE_Continuum_DR1_XMMLSS_8p9arcsec_I_v1.1,-1.0886371455853805e-05,0.001032640808261931
MIGHTEE_Continuum_DR1_XMMLSS_8p9arcsec_I_v1.1_crop_1080.npy,MIGHTEE_Continuum_DR1_XMMLSS_8p9arcsec_I_v1.1,-1.0886371455853805e-05,0.001032640808261931
MIGHTEE_Continuum_DR1_XMMLSS_8p9arcsec_I_v1.1_crop_1081.npy,MIGHTEE_Continuum_DR1_XMMLSS_8p9arcsec_I_v1.1,-1.0886371455853805e-05,0.001032640808261931
MIGHTEE_Continuum_DR1_XMMLSS_8p9arcsec_I_v1.1_crop_1082.npy,MIGHTEE_Continuum_DR1_XMMLSS_8p9arcsec_I_v1.1,-1.0886371455853805e-05,0.001032640808261931
MIGHTEE_Continuum_DR1_XMMLSS_8p9arcsec_I_v1.1_crop_1083.npy,MIGHTEE_Continuum_DR1_XMMLSS_8p9arcsec_I_v1.1,-1.0886371455853805e-05,0.001032640808261931
MIGHTEE_Continuum_DR1_XMMLSS_8p9arcsec_I_v1.1_crop_1084.npy,MIGHTEE_Continuum_DR1_XMMLSS_8p9arcsec_I_v1.1,-1.0886371455853805e-05,0.001032640808261931
MIGHTEE_Continuum_DR1_XMMLSS_8p9arcsec_I_v1.1_crop_1085.npy,MIGHTEE_Continuum_DR1_XMMLSS_8p9arcsec_I_v1.1,-1.0886371455853805e-05,0.001032640808261931
MIGHTEE_Continuum_DR1_XMMLSS_8p9arcsec_I_v1.1_crop_1086.npy,MIGHTEE_Continuum_DR1_XMMLSS_8p9arcsec_I_v1.1,-1.0886371455853805e-05,0.001032640808261931
MIGHTEE_Continuum_DR1_XMMLSS_8p9arcsec_I_v1.1_crop_1087.npy,MIGHTEE_Continuum_DR1_XMMLSS_8p9arcsec_I_v1.1,-1.0886371455853805e-05,0.001032640808261931
MIGHTEE_Continuum_DR1_XMMLSS_8p9arcsec_I_v1.1_crop_1088.npy,MIGHTEE_Continuum_DR1_XMMLSS_8p9arcsec_I_v1.1,-1.0886371455853805e-05,0.001032640808261931
MIGHTEE_Continuum_DR1_XMMLSS_8p9arcsec_I_v1.1_crop_1089.npy,MIGHTEE_Continuum_DR1_XMMLSS_8p9arcsec_I_v1.1,-1.0886371455853805e-05,0.001032640808261931
MIGHTEE_Continuum_DR1_XMMLSS_8p9arcsec_I_v1.1_crop_1090.npy,MIGHTEE_Continuum_DR1_XMMLSS_8p9arcsec_I_v1.1,-1.0886371455853805e-05,0.001032640808261931
MIGHTEE_Continuum_DR1_XMMLSS_8p9arcsec_I_v1.1_crop_1091.npy,MIGHTEE_Continuum_DR1_XMMLSS_8p9arcsec_I_v1.1,-1.0886371455853805e-05,0.001032640808261931
MIGHTEE_Continuum_DR1_XMMLSS_8p9arcsec_I_v1.1_crop_1092.npy,MIGHTEE_Continuum_DR1_XMMLSS_8p9arcsec_I_v1.1,-1.0886371455853805e-05,0.001032640808261931
MIGHTEE_Continuum_DR1_XMMLSS_8p9arcsec_I_v1.1_crop_1093.npy,MIGHTEE_Continuum_DR1_XMMLSS_8p9arcsec_I_v1.1,-1.0886371455853805e-05,0.001032640808261931
MIGHTEE_Continuum_DR1_XMMLSS_8p9arcsec_I_v1.1_crop_1094.npy,MIGHTEE_Continuum_DR1_XMMLSS_8p9arcsec_I_v1.1,-1.0886371455853805e-05,0.001032640808261931
MIGHTEE_Continuum_DR1_XMMLSS_8p9arcsec_I_v1.1_crop_1095.npy,MIGHTEE_Continuum_DR1_XMMLSS_8p9arcsec_I_v1.1,-1.0886371455853805e-05,0.001032640808261931
MIGHTEE_Continuum_DR1_XMMLSS_8p9arcsec_I_v1.1_crop_1096.npy,MIGHTEE_Continuum_DR1_XMMLSS_8p9arcsec_I_v1.1,-1.0886371455853805e-05,0.001032640808261931
MIGHTEE_Continuum_DR1_XMMLSS_8p9arcsec_I_v1.1_crop_1097.npy,MIGHTEE_Continuum_DR1_XMMLSS_8p9arcsec_I_v1.1,-1.0886371455853805e-05,0.001032640808261931
MIGHTEE_Continuum_DR1_XMMLSS_8p9arcsec_I_v1.1_crop_1098.npy,MIGHTEE_Continuum_DR1_XMMLSS_8p9arcsec_I_v1.1,-1.0886371455853805e-05,0.001032640808261931
MIGHTEE_Continuum_DR1_XMMLSS_8p9arcsec_I_v1.1_crop_1099.npy,MIGHTEE_Continuum_DR1_XMMLSS_8p9arcsec_I_v1.1,-1.0886371455853805e-05,0.001032640808261931
MIGHTEE_Continuum_DR1_XMMLSS_8p9arcsec_I_v1.1_crop_1100.npy,MIGHTEE_Continuum_DR1_XMMLSS_8p9arcsec_I_v1.1,-1.0886371455853805e-05,0.001032640808261931
MIGHTEE_Continuum_DR1_XMMLSS_8p9arcsec_I_v1.1_crop_1101.npy,MIGHTEE_Continuum_DR1_XMMLSS_8p9arcsec_I_v1.1,-1.0886371455853805e-05,0.001032640808261931
MIGHTEE_Continuum_DR1_XMMLSS_8p9arcsec_I_v1.1_crop_1102.npy,MIGHTEE_Continuum_DR1_XMMLSS_8p9arcsec_I_v1.1,-1.0886371455853805e-05,0.001032640808261931
MIGHTEE_Continuum_DR1_XMMLSS_8p9arcsec_I_v1.1_crop_1103.npy,MIGHTEE_Continuum_DR1_XMMLSS_8p9arcsec_I_v1.1,-1.0886371455853805e-05,0.001032640808261931
MIGHTEE_Continuum_DR1_XMMLSS_8p9arcsec_I_v1.1_crop_1104.npy,MIGHTEE_Continuum_DR1_XMMLSS_8p9arcsec_I_v1.1,-1.0886371455853805e-05,0.001032640808261931
MIGHTEE_Continuum_DR1_XMMLSS_8p9arcsec_I_v1.1_crop_1105.npy,MIGHTEE_Continuum_DR1_XMMLSS_8p9arcsec_I_v1.1,-1.0886371455853805e-05,0.001032640808261931
MIGHTEE_Continuum_DR1_XMMLSS_8p9arcsec_I_v1.1_crop_1106.npy,MIGHTEE_Continuum_DR1_XMMLSS_8p9arcsec_I_v1.1,-1.0886371455853805e-05,0.001032640808261931
MIGHTEE_Continuum_DR1_XMMLSS_8p9arcsec_I_v1.1_crop_1107.npy,MIGHTEE_Continuum_DR1_XMMLSS_8p9arcsec_I_v1.1,-1.0886371455853805e-05,0.001032640808261931
MIGHTEE_Continuum_DR1_XMMLSS_8p9arcsec_I_v1.1_crop_1108.npy,MIGHTEE_Continuum_DR1_XMMLSS_8p9arcsec_I_v1.1,-1.0886371455853805e-05,0.001032640808261931
MIGHTEE_Continuum_DR1_XMMLSS_8p9arcsec_I_v1.1_crop_1109.npy,MIGHTEE_Continuum_DR1_XMMLSS_8p9arcsec_I_v1.1,-1.0886371455853805e-05,0.001032640808261931
MIGHTEE_Continuum_DR1_XMMLSS_8p9arcsec_I_v1.1_crop_1110.npy,MIGHTEE_Continuum_DR1_XMMLSS_8p9arcsec_I_v1.1,-1.0886371455853805e-05,0.001032640808261931
MIGHTEE_Continuum_DR1_XMMLSS_8p9arcsec_I_v1.1_crop_1111.npy,MIGHTEE_Continuum_DR1_XMMLSS_8p9arcsec_I_v1.1,-1.0886371455853805e-05,0.001032640808261931
MIGHTEE_Continuum_DR1_XMMLSS_8p9arcsec_I_v1.1_crop_1112.npy,MIGHTEE_Continuum_DR1_XMMLSS_8p9arcsec_I_v1.1,-1.0886371455853805e-05,0.001032640808261931
MIGHTEE_Continuum_DR1_XMMLSS_8p9arcsec_I_v1.1_crop_1113.npy,MIGHTEE_Continuum_DR1_XMMLSS_8p9arcsec_I_v1.1,-1.0886371455853805e-05,0.001032640808261931
MIGHTEE_Continuum_DR1_XMMLSS_8p9arcsec_I_v1.1_crop_1114.npy,MIGHTEE_Continuum_DR1_XMMLSS_8p9arcsec_I_v1.1,-1.0886371455853805e-05,0.001032640808261931
MIGHTEE_Continuum_DR1_XMMLSS_8p9arcsec_I_v1.1_crop_1115.npy,MIGHTEE_Continuum_DR1_XMMLSS_8p9arcsec_I_v1.1,-1.0886371455853805e-05,0.001032640808261931
MIGHTEE_Continuum_DR1_XMMLSS_8p9arcsec_I_v1.1_crop_1116.npy,MIGHTEE_Continuum_DR1_XMMLSS_8p9arcsec_I_v1.1,-1.0886371455853805e-05,0.001032640808261931
MIGHTEE_Continuum_DR1_XMMLSS_8p9arcsec_I_v1.1_crop_1117.npy,MIGHTEE_Continuum_DR1_XMMLSS_8p9arcsec_I_v1.1,-1.0886371455853805e-05,0.001032640808261931
MIGHTEE_Continuum_DR1_XMMLSS_8p9arcsec_I_v1.1_crop_1118.npy,MIGHTEE_Continuum_DR1_XMMLSS_8p9arcsec_I_v1.1,-1.0886371455853805e-05,0.001032640808261931
MIGHTEE_Continuum_DR1_XMMLSS_8p9arcsec_I_v1.1_crop_1119.npy,MIGHTEE_Continuum_DR1_XMMLSS_8p9arcsec_I_v1.1,-1.0886371455853805e-05,0.001032640808261931
MIGHTEE_Continuum_DR1_XMMLSS_8p9arcsec_I_v1.1_crop_1120.npy,MIGHTEE_Continuum_DR1_XMMLSS_8p9arcsec_I_v1.1,-1.0886371455853805e-05,0.001032640808261931
MIGHTEE_Continuum_DR1_XMMLSS_8p9arcsec_I_v1.1_crop_1121.npy,MIGHTEE_Continuum_DR1_XMMLSS_8p9arcsec_I_v1.1,-1.0886371455853805e-05,0.001032640808261931
MIGHTEE_Continuum_DR1_XMMLSS_8p9arcsec_I_v1.1_crop_1122.npy,MIGHTEE_Continuum_DR1_XMMLSS_8p9arcsec_I_v1.1,-1.0886371455853805e-05,0.001032640808261931
MIGHTEE_Continuum_DR1_XMMLSS_8p9arcsec_I_v1.1_crop_1123.npy,MIGHTEE_Continuum_DR1_XMMLSS_8p9arcsec_I_v1.1,-1.0886371455853805e-05,0.001032640808261931
MIGHTEE_Continuum_DR1_XMMLSS_8p9arcsec_I_v1.1_crop_1124.npy,MIGHTEE_Continuum_DR1_XMMLSS_8p9arcsec_I_v1.1,-1.0886371455853805e-05,0.001032640808261931
MIGHTEE_Continuum_DR1_XMMLSS_8p9arcsec_I_v1.1_crop_1125.npy,MIGHTEE_Continuum_DR1_XMMLSS_8p9arcsec_I_v1.1,-1.0886371455853805e-05,0.001032640808261931
MIGHTEE_Continuum_DR1_XMMLSS_8p9arcsec_I_v1.1_crop_1126.npy,MIGHTEE_Continuum_DR1_XMMLSS_8p9arcsec_I_v1.1,-1.0886371455853805e-05,0.001032640808261931
MIGHTEE_Continuum_DR1_XMMLSS_8p9arcsec_I_v1.1_crop_1127.npy,MIGHTEE_Continuum_DR1_XMMLSS_8p9arcsec_I_v1.1,-1.0886371455853805e-05,0.001032640808261931
MIGHTEE_Continuum_DR1_XMMLSS_8p9arcsec_I_v1.1_crop_1128.npy,MIGHTEE_Continuum_DR1_XMMLSS_8p9arcsec_I_v1.1,-1.0886371455853805e-05,0.001032640808261931
MIGHTEE_Continuum_DR1_XMMLSS_8p9arcsec_I_v1.1_crop_1129.npy,MIGHTEE_Continuum_DR1_XMMLSS_8p9arcsec_I_v1.1,-1.0886371455853805e-05,0.001032640808261931
MIGHTEE_Continuum_DR1_XMMLSS_8p9arcsec_I_v1.1_crop_1130.npy,MIGHTEE_Continuum_DR1_XMMLSS_8p9arcsec_I_v1.1,-1.0886371455853805e-05,0.001032640808261931
MIGHTEE_Continuum_DR1_XMMLSS_8p9arcsec_I_v1.1_crop_1131.npy,MIGHTEE_Continuum_DR1_XMMLSS_8p9arcsec_I_v1.1,-1.0886371455853805e-05,0.001032640808261931
MIGHTEE_Continuum_DR1_XMMLSS_8p9arcsec_I_v1.1_crop_1132.npy,MIGHTEE_Continuum_DR1_XMMLSS_8p9arcsec_I_v1.1,-1.0886371455853805e-05,0.001032640808261931
MIGHTEE_Continuum_DR1_XMMLSS_8p9arcsec_I_v1.1_crop_1133.npy,MIGHTEE_Continuum_DR1_XMMLSS_8p9arcsec_I_v1.1,-1.0886371455853805e-05,0.001032640808261931
MIGHTEE_Continuum_DR1_XMMLSS_8p9arcsec_I_v1.1_crop_1134.npy,MIGHTEE_Continuum_DR1_XMMLSS_8p9arcsec_I_v1.1,-1.0886371455853805e-05,0.001032640808261931
MIGHTEE_Continuum_DR1_XMMLSS_8p9arcsec_I_v1.1_crop_1135.npy,MIGHTEE_Continuum_DR1_XMMLSS_8p9arcsec_I_v1.1,-1.0886371455853805e-05,0.001032640808261931
MIGHTEE_Continuum_DR1_XMMLSS_8p9arcsec_I_v1.1_crop_1136.npy,MIGHTEE_Continuum_DR1_XMMLSS_8p9arcsec_I_v1.1,-1.0886371455853805e-05,0.001032640808261931
MIGHTEE_Continuum_DR1_XMMLSS_8p9arcsec_I_v1.1_crop_1137.npy,MIGHTEE_Continuum_DR1_XMMLSS_8p9arcsec_I_v1.1,-1.0886371455853805e-05,0.001032640808261931
MIGHTEE_Continuum_DR1_XMMLSS_8p9arcsec_I_v1.1_crop_1138.npy,MIGHTEE_Continuum_DR1_XMMLSS_8p9arcsec_I_v1.1,-1.0886371455853805e-05,0.001032640808261931
MIGHTEE_Continuum_DR1_XMMLSS_8p9arcsec_I_v1.1_crop_1139.npy,MIGHTEE_Continuum_DR1_XMMLSS_8p9arcsec_I_v1.1,-1.0886371455853805e-05,0.001032640808261931
MIGHTEE_Continuum_DR1_XMMLSS_8p9arcsec_I_v1.1_crop_1140.npy,MIGHTEE_Continuum_DR1_XMMLSS_8p9arcsec_I_v1.1,-1.0886371455853805e-05,0.001032640808261931
MIGHTEE_Continuum_DR1_XMMLSS_8p9arcsec_I_v1.1_crop_1141.npy,MIGHTEE_Continuum_DR1_XMMLSS_8p9arcsec_I_v1.1,-1.0886371455853805e-05,0.001032640808261931
MIGHTEE_Continuum_DR1_XMMLSS_8p9arcsec_I_v1.1_crop_1142.npy,MIGHTEE_Continuum_DR1_XMMLSS_8p9arcsec_I_v1.1,-1.0886371455853805e-05,0.001032640808261931
MIGHTEE_Continuum_DR1_XMMLSS_8p9arcsec_I_v1.1_crop_1143.npy,MIGHTEE_Continuum_DR1_XMMLSS_8p9arcsec_I_v1.1,-1.0886371455853805e-05,0.001032640808261931
MIGHTEE_Continuum_DR1_XMMLSS_8p9arcsec_I_v1.1_crop_1144.npy,MIGHTEE_Continuum_DR1_XMMLSS_8p9arcsec_I_v1.1,-1.0886371455853805e-05,0.001032640808261931
MIGHTEE_Continuum_DR1_XMMLSS_8p9arcsec_I_v1.1_crop_1145.npy,MIGHTEE_Continuum_DR1_XMMLSS_8p9arcsec_I_v1.1,-1.0886371455853805e-05,0.001032640808261931
MIGHTEE_Continuum_DR1_XMMLSS_8p9arcsec_I_v1.1_crop_1146.npy,MIGHTEE_Continuum_DR1_XMMLSS_8p9arcsec_I_v1.1,-1.0886371455853805e-05,0.001032640808261931
MIGHTEE_Continuum_DR1_XMMLSS_8p9arcsec_I_v1.1_crop_1147.npy,MIGHTEE_Continuum_DR1_XMMLSS_8p9arcsec_I_v1.1,-1.0886371455853805e-05,0.001032640808261931
MIGHTEE_Continuum_DR1_XMMLSS_8p9arcsec_I_v1.1_crop_1148.npy,MIGHTEE_Continuum_DR1_XMMLSS_8p9arcsec_I_v1.1,-1.0886371455853805e-05,0.001032640808261931
MIGHTEE_Continuum_DR1_XMMLSS_8p9arcsec_I_v1.1_crop_1149.npy,MIGHTEE_Continuum_DR1_XMMLSS_8p9arcsec_I_v1.1,-1.0886371455853805e-05,0.001032640808261931
MIGHTEE_Continuum_DR1_XMMLSS_8p9arcsec_I_v1.1_crop_1150.npy,MIGHTEE_Continuum_DR1_XMMLSS_8p9arcsec_I_v1.1,-1.0886371455853805e-05,0.001032640808261931
MIGHTEE_Continuum_DR1_XMMLSS_8p9arcsec_I_v1.1_crop_1151.npy,MIGHTEE_Continuum_DR1_XMMLSS_8p9arcsec_I_v1.1,-1.0886371455853805e-05,0.001032640808261931
MIGHTEE_Continuum_DR1_XMMLSS_8p9arcsec_I_v1.1_crop_1152.npy,MIGHTEE_Continuum_DR1_XMMLSS_8p9arcsec_I_v1.1,-1.0886371455853805e-05,0.001032640808261931
MIGHTEE_Continuum_DR1_XMMLSS_8p9arcsec_I_v1.1_crop_1153.npy,MIGHTEE_Continuum_DR1_XMMLSS_8p9arcsec_I_v1.1,-1.0886371455853805e-05,0.001032640808261931
MIGHTEE_Continuum_DR1_XMMLSS_8p9arcsec_I_v1.1_crop_1154.npy,MIGHTEE_Continuum_DR1_XMMLSS_8p9arcsec_I_v1.1,-1.0886371455853805e-05,0.001032640808261931
MIGHTEE_Continuum_DR1_XMMLSS_8p9arcsec_I_v1.1_crop_1155.npy,MIGHTEE_Continuum_DR1_XMMLSS_8p9arcsec_I_v1.1,-1.0886371455853805e-05,0.001032640808261931
MIGHTEE_Continuum_DR1_XMMLSS_8p9arcsec_I_v1.1_crop_1156.npy,MIGHTEE_Continuum_DR1_XMMLSS_8p9arcsec_I_v1.1,-1.0886371455853805e-05,0.001032640808261931
MIGHTEE_Continuum_DR1_XMMLSS_8p9arcsec_I_v1.1_crop_1157.npy,MIGHTEE_Continuum_DR1_XMMLSS_8p9arcsec_I_v1.1,-1.0886371455853805e-05,0.001032640808261931
MIGHTEE_Continuum_DR1_XMMLSS_8p9arcsec_I_v1.1_crop_1158.npy,MIGHTEE_Continuum_DR1_XMMLSS_8p9arcsec_I_v1.1,-1.0886371455853805e-05,0.001032640808261931
MIGHTEE_Continuum_DR1_XMMLSS_8p9arcsec_I_v1.1_crop_1159.npy,MIGHTEE_Continuum_DR1_XMMLSS_8p9arcsec_I_v1.1,-1.0886371455853805e-05,0.001032640808261931
MIGHTEE_Continuum_DR1_XMMLSS_8p9arcsec_I_v1.1_crop_1160.npy,MIGHTEE_Continuum_DR1_XMMLSS_8p9arcsec_I_v1.1,-1.0886371455853805e-05,0.001032640808261931
MIGHTEE_Continuum_DR1_XMMLSS_8p9arcsec_I_v1.1_crop_1161.npy,MIGHTEE_Continuum_DR1_XMMLSS_8p9arcsec_I_v1.1,-1.0886371455853805e-05,0.001032640808261931
MIGHTEE_Continuum_DR1_XMMLSS_8p9arcsec_I_v1.1_crop_1162.npy,MIGHTEE_Continuum_DR1_XMMLSS_8p9arcsec_I_v1.1,-1.0886371455853805e-05,0.001032640808261931
MIGHTEE_Continuum_DR1_XMMLSS_8p9arcsec_I_v1.1_crop_1163.npy,MIGHTEE_Continuum_DR1_XMMLSS_8p9arcsec_I_v1.1,-1.0886371455853805e-05,0.001032640808261931
MIGHTEE_Continuum_DR1_XMMLSS_8p9arcsec_I_v1.1_crop_1164.npy,MIGHTEE_Continuum_DR1_XMMLSS_8p9arcsec_I_v1.1,-1.0886371455853805e-05,0.001032640808261931
MIGHTEE_Continuum_DR1_XMMLSS_8p9arcsec_I_v1.1_crop_1165.npy,MIGHTEE_Continuum_DR1_XMMLSS_8p9arcsec_I_v1.1,-1.0886371455853805e-05,0.001032640808261931
MIGHTEE_Continuum_DR1_XMMLSS_8p9arcsec_I_v1.1_crop_1166.npy,MIGHTEE_Continuum_DR1_XMMLSS_8p9arcsec_I_v1.1,-1.0886371455853805e-05,0.001032640808261931
MIGHTEE_Continuum_DR1_XMMLSS_8p9arcsec_I_v1.1_crop_1167.npy,MIGHTEE_Continuum_DR1_XMMLSS_8p9arcsec_I_v1.1,-1.0886371455853805e-05,0.001032640808261931
MIGHTEE_Continuum_DR1_XMMLSS_8p9arcsec_I_v1.1_crop_1168.npy,MIGHTEE_Continuum_DR1_XMMLSS_8p9arcsec_I_v1.1,-1.0886371455853805e-05,0.001032640808261931
MIGHTEE_Continuum_DR1_XMMLSS_8p9arcsec_I_v1.1_crop_1169.npy,MIGHTEE_Continuum_DR1_XMMLSS_8p9arcsec_I_v1.1,-1.0886371455853805e-05,0.001032640808261931
MIGHTEE_Continuum_DR1_XMMLSS_8p9arcsec_I_v1.1_crop_1170.npy,MIGHTEE_Continuum_DR1_XMMLSS_8p9arcsec_I_v1.1,-1.0886371455853805e-05,0.001032640808261931
MIGHTEE_Continuum_DR1_XMMLSS_8p9arcsec_I_v1.1_crop_1171.npy,MIGHTEE_Continuum_DR1_XMMLSS_8p9arcsec_I_v1.1,-1.0886371455853805e-05,0.001032640808261931
MIGHTEE_Continuum_DR1_XMMLSS_8p9arcsec_I_v1.1_crop_1172.npy,MIGHTEE_Continuum_DR1_XMMLSS_8p9arcsec_I_v1.1,-1.0886371455853805e-05,0.001032640808261931
MIGHTEE_Continuum_DR1_XMMLSS_8p9arcsec_I_v1.1_crop_1173.npy,MIGHTEE_Continuum_DR1_XMMLSS_8p9arcsec_I_v1.1,-1.0886371455853805e-05,0.001032640808261931
MIGHTEE_Continuum_DR1_XMMLSS_8p9arcsec_I_v1.1_crop_1174.npy,MIGHTEE_Continuum_DR1_XMMLSS_8p9arcsec_I_v1.1,-1.0886371455853805e-05,0.001032640808261931
MIGHTEE_Continuum_DR1_XMMLSS_8p9arcsec_I_v1.1_crop_1175.npy,MIGHTEE_Continuum_DR1_XMMLSS_8p9arcsec_I_v1.1,-1.0886371455853805e-05,0.001032640808261931
MIGHTEE_Continuum_DR1_XMMLSS_8p9arcsec_I_v1.1_crop_1176.npy,MIGHTEE_Continuum_DR1_XMMLSS_8p9arcsec_I_v1.1,-1.0886371455853805e-05,0.001032640808261931
MIGHTEE_Continuum_DR1_XMMLSS_8p9arcsec_I_v1.1_crop_1177.npy,MIGHTEE_Continuum_DR1_XMMLSS_8p9arcsec_I_v1.1,-1.0886371455853805e-05,0.001032640808261931
MIGHTEE_Continuum_DR1_XMMLSS_8p9arcsec_I_v1.1_crop_1178.npy,MIGHTEE_Continuum_DR1_XMMLSS_8p9arcsec_I_v1.1,-1.0886371455853805e-05,0.001032640808261931
MIGHTEE_Continuum_DR1_XMMLSS_8p9arcsec_I_v1.1_crop_1179.npy,MIGHTEE_Continuum_DR1_XMMLSS_8p9arcsec_I_v1.1,-1.0886371455853805e-05,0.001032640808261931
MIGHTEE_Continuum_DR1_XMMLSS_8p9arcsec_I_v1.1_crop_1180.npy,MIGHTEE_Continuum_DR1_XMMLSS_8p9arcsec_I_v1.1,-1.0886371455853805e-05,0.001032640808261931
MIGHTEE_Continuum_DR1_XMMLSS_8p9arcsec_I_v1.1_crop_1181.npy,MIGHTEE_Continuum_DR1_XMMLSS_8p9arcsec_I_v1.1,-1.0886371455853805e-05,0.001032640808261931
MIGHTEE_Continuum_DR1_XMMLSS_8p9arcsec_I_v1.1_crop_1182.npy,MIGHTEE_Continuum_DR1_XMMLSS_8p9arcsec_I_v1.1,-1.0886371455853805e-05,0.001032640808261931
MIGHTEE_Continuum_DR1_XMMLSS_8p9arcsec_I_v1.1_crop_1183.npy,MIGHTEE_Continuum_DR1_XMMLSS_8p9arcsec_I_v1.1,-1.0886371455853805e-05,0.001032640808261931
MIGHTEE_Continuum_DR1_XMMLSS_8p9arcsec_I_v1.1_crop_1184.npy,MIGHTEE_Continuum_DR1_XMMLSS_8p9arcsec_I_v1.1,-1.0886371455853805e-05,0.001032640808261931
MIGHTEE_Continuum_DR1_XMMLSS_8p9arcsec_I_v1.1_crop_1185.npy,MIGHTEE_Continuum_DR1_XMMLSS_8p9arcsec_I_v1.1,-1.0886371455853805e-05,0.001032640808261931
MIGHTEE_Continuum_DR1_XMMLSS_8p9arcsec_I_v1.1_crop_1186.npy,MIGHTEE_Continuum_DR1_XMMLSS_8p9arcsec_I_v1.1,-1.0886371455853805e-05,0.001032640808261931
MIGHTEE_Continuum_DR1_XMMLSS_8p9arcsec_I_v1.1_crop_1187.npy,MIGHTEE_Continuum_DR1_XMMLSS_8p9arcsec_I_v1.1,-1.0886371455853805e-05,0.001032640808261931
MIGHTEE_Continuum_DR1_XMMLSS_8p9arcsec_I_v1.1_crop_1188.npy,MIGHTEE_Continuum_DR1_XMMLSS_8p9arcsec_I_v1.1,-1.0886371455853805e-05,0.001032640808261931
MIGHTEE_Continuum_DR1_XMMLSS_8p9arcsec_I_v1.1_crop_1189.npy,MIGHTEE_Continuum_DR1_XMMLSS_8p9arcsec_I_v1.1,-1.0886371455853805e-05,0.001032640808261931
MIGHTEE_Continuum_DR1_XMMLSS_8p9arcsec_I_v1.1_crop_1190.npy,MIGHTEE_Continuum_DR1_XMMLSS_8p9arcsec_I_v1.1,-1.0886371455853805e-05,0.001032640808261931
MIGHTEE_Continuum_DR1_XMMLSS_8p9arcsec_I_v1.1_crop_1191.npy,MIGHTEE_Continuum_DR1_XMMLSS_8p9arcsec_I_v1.1,-1.0886371455853805e-05,0.001032640808261931
MIGHTEE_Continuum_DR1_XMMLSS_8p9arcsec_I_v1.1_crop_1192.npy,MIGHTEE_Continuum_DR1_XMMLSS_8p9arcsec_I_v1.1,-1.0886371455853805e-05,0.001032640808261931
MIGHTEE_Continuum_DR1_XMMLSS_8p9arcsec_I_v1.1_crop_1193.npy,MIGHTEE_Continuum_DR1_XMMLSS_8p9arcsec_I_v1.1,-1.0886371455853805e-05,0.001032640808261931
MIGHTEE_Continuum_DR1_XMMLSS_8p9arcsec_I_v1.1_crop_1194.npy,MIGHTEE_Continuum_DR1_XMMLSS_8p9arcsec_I_v1.1,-1.0886371455853805e-05,0.001032640808261931
MIGHTEE_Continuum_DR1_XMMLSS_8p9arcsec_I_v1.1_crop_1195.npy,MIGHTEE_Continuum_DR1_XMMLSS_8p9arcsec_I_v1.1,-1.0886371455853805e-05,0.001032640808261931
MIGHTEE_Continuum_DR1_XMMLSS_8p9arcsec_I_v1.1_crop_1196.npy,MIGHTEE_Continuum_DR1_XMMLSS_8p9arcsec_I_v1.1,-1.0886371455853805e-05,0.001032640808261931
MIGHTEE_Continuum_DR1_XMMLSS_8p9arcsec_I_v1.1_crop_1197.npy,MIGHTEE_Continuum_DR1_XMMLSS_8p9arcsec_I_v1.1,-1.0886371455853805e-05,0.001032640808261931
MIGHTEE_Continuum_DR1_XMMLSS_8p9arcsec_I_v1.1_crop_1198.npy,MIGHTEE_Continuum_DR1_XMMLSS_8p9arcsec_I_v1.1,-1.0886371455853805e-05,0.001032640808261931
MIGHTEE_Continuum_DR1_XMMLSS_8p9arcsec_I_v1.1_crop_1199.npy,MIGHTEE_Continuum_DR1_XMMLSS_8p9arcsec_I_v1.1,-1.0886371455853805e-05,0.001032640808261931
MIGHTEE_Continuum_DR1_XMMLSS_8p9arcsec_I_v1.1_crop_1200.npy,MIGHTEE_Continuum_DR1_XMMLSS_8p9arcsec_I_v1.1,-1.0886371455853805e-05,0.001032640808261931
MIGHTEE_Continuum_DR1_XMMLSS_8p9arcsec_I_v1.1_crop_1201.npy,MIGHTEE_Continuum_DR1_XMMLSS_8p9arcsec_I_v1.1,-1.0886371455853805e-05,0.001032640808261931
MIGHTEE_Continuum_DR1_XMMLSS_8p9arcsec_I_v1.1_crop_1202.npy,MIGHTEE_Continuum_DR1_XMMLSS_8p9arcsec_I_v1.1,-1.0886371455853805e-05,0.001032640808261931
MIGHTEE_Continuum_DR1_XMMLSS_8p9arcsec_I_v1.1_crop_1203.npy,MIGHTEE_Continuum_DR1_XMMLSS_8p9arcsec_I_v1.1,-1.0886371455853805e-05,0.001032640808261931
MIGHTEE_Continuum_DR1_XMMLSS_8p9arcsec_I_v1.1_crop_1204.npy,MIGHTEE_Continuum_DR1_XMMLSS_8p9arcsec_I_v1.1,-1.0886371455853805e-05,0.001032640808261931
MIGHTEE_Continuum_DR1_XMMLSS_8p9arcsec_I_v1.1_crop_1205.npy,MIGHTEE_Continuum_DR1_XMMLSS_8p9arcsec_I_v1.1,-1.0886371455853805e-05,0.001032640808261931
MIGHTEE_Continuum_DR1_XMMLSS_8p9arcsec_I_v1.1_crop_1206.npy,MIGHTEE_Continuum_DR1_XMMLSS_8p9arcsec_I_v1.1,-1.0886371455853805e-05,0.001032640808261931
MIGHTEE_Continuum_DR1_XMMLSS_8p9arcsec_I_v1.1_crop_1207.npy,MIGHTEE_Continuum_DR1_XMMLSS_8p9arcsec_I_v1.1,-1.0886371455853805e-05,0.001032640808261931
MIGHTEE_Continuum_DR1_XMMLSS_8p9arcsec_I_v1.1_crop_1208.npy,MIGHTEE_Continuum_DR1_XMMLSS_8p9arcsec_I_v1.1,-1.0886371455853805e-05,0.001032640808261931
MIGHTEE_Continuum_DR1_XMMLSS_8p9arcsec_I_v1.1_crop_1209.npy,MIGHTEE_Continuum_DR1_XMMLSS_8p9arcsec_I_v1.1,-1.0886371455853805e-05,0.001032640808261931
MIGHTEE_Continuum_DR1_XMMLSS_8p9arcsec_I_v1.1_crop_1210.npy,MIGHTEE_Continuum_DR1_XMMLSS_8p9arcsec_I_v1.1,-1.0886371455853805e-05,0.001032640808261931
MIGHTEE_Continuum_DR1_XMMLSS_8p9arcsec_I_v1.1_crop_1211.npy,MIGHTEE_Continuum_DR1_XMMLSS_8p9arcsec_I_v1.1,-1.0886371455853805e-05,0.001032640808261931
MIGHTEE_Continuum_DR1_XMMLSS_8p9arcsec_I_v1.1_crop_1212.npy,MIGHTEE_Continuum_DR1_XMMLSS_8p9arcsec_I_v1.1,-1.0886371455853805e-05,0.001032640808261931
MIGHTEE_Continuum_DR1_XMMLSS_8p9arcsec_I_v1.1_crop_1213.npy,MIGHTEE_Continuum_DR1_XMMLSS_8p9arcsec_I_v1.1,-1.0886371455853805e-05,0.001032640808261931
MIGHTEE_Continuum_DR1_XMMLSS_8p9arcsec_I_v1.1_crop_1214.npy,MIGHTEE_Continuum_DR1_XMMLSS_8p9arcsec_I_v1.1,-1.0886371455853805e-05,0.001032640808261931
MIGHTEE_Continuum_DR1_XMMLSS_8p9arcsec_I_v1.1_crop_1215.npy,MIGHTEE_Continuum_DR1_XMMLSS_8p9arcsec_I_v1.1,-1.0886371455853805e-05,0.001032640808261931
MIGHTEE_Continuum_DR1_XMMLSS_8p9arcsec_I_v1.1_crop_1216.npy,MIGHTEE_Continuum_DR1_XMMLSS_8p9arcsec_I_v1.1,-1.0886371455853805e-05,0.001032640808261931
MIGHTEE_Continuum_DR1_XMMLSS_8p9arcsec_I_v1.1_crop_1217.npy,MIGHTEE_Continuum_DR1_XMMLSS_8p9arcsec_I_v1.1,-1.0886371455853805e-05,0.001032640808261931
MIGHTEE_Continuum_DR1_XMMLSS_8p9arcsec_I_v1.1_crop_1218.npy,MIGHTEE_Continuum_DR1_XMMLSS_8p9arcsec_I_v1.1,-1.0886371455853805e-05,0.001032640808261931
MIGHTEE_Continuum_DR1_XMMLSS_8p9arcsec_I_v1.1_crop_1219.npy,MIGHTEE_Continuum_DR1_XMMLSS_8p9arcsec_I_v1.1,-1.0886371455853805e-05,0.001032640808261931
MIGHTEE_Continuum_DR1_XMMLSS_8p9arcsec_I_v1.1_crop_1220.npy,MIGHTEE_Continuum_DR1_XMMLSS_8p9arcsec_I_v1.1,-1.0886371455853805e-05,0.001032640808261931
MIGHTEE_Continuum_DR1_XMMLSS_8p9arcsec_I_v1.1_crop_1221.npy,MIGHTEE_Continuum_DR1_XMMLSS_8p9arcsec_I_v1.1,-1.0886371455853805e-05,0.001032640808261931
MIGHTEE_Continuum_DR1_XMMLSS_8p9arcsec_I_v1.1_crop_1222.npy,MIGHTEE_Continuum_DR1_XMMLSS_8p9arcsec_I_v1.1,-1.0886371455853805e-05,0.001032640808261931
MIGHTEE_Continuum_DR1_XMMLSS_8p9arcsec_I_v1.1_crop_1223.npy,MIGHTEE_Continuum_DR1_XMMLSS_8p9arcsec_I_v1.1,-1.0886371455853805e-05,0.001032640808261931
MIGHTEE_Continuum_DR1_XMMLSS_8p9arcsec_I_v1.1_crop_1224.npy,MIGHTEE_Continuum_DR1_XMMLSS_8p9arcsec_I_v1.1,-1.0886371455853805e-05,0.001032640808261931
MIGHTEE_Continuum_DR1_XMMLSS_8p9arcsec_I_v1.1_crop_1225.npy,MIGHTEE_Continuum_DR1_XMMLSS_8p9arcsec_I_v1.1,-1.0886371455853805e-05,0.001032640808261931
MIGHTEE_Continuum_DR1_XMMLSS_8p9arcsec_I_v1.1_crop_1226.npy,MIGHTEE_Continuum_DR1_XMMLSS_8p9arcsec_I_v1.1,-1.0886371455853805e-05,0.001032640808261931
MIGHTEE_Continuum_DR1_XMMLSS_8p9arcsec_I_v1.1_crop_1227.npy,MIGHTEE_Continuum_DR1_XMMLSS_8p9arcsec_I_v1.1,-1.0886371455853805e-05,0.001032640808261931
MIGHTEE_Continuum_DR1_XMMLSS_8p9arcsec_I_v1.1_crop_1228.npy,MIGHTEE_Continuum_DR1_XMMLSS_8p9arcsec_I_v1.1,-1.0886371455853805e-05,0.001032640808261931
MIGHTEE_Continuum_DR1_XMMLSS_8p9arcsec_I_v1.1_crop_1229.npy,MIGHTEE_Continuum_DR1_XMMLSS_8p9arcsec_I_v1.1,-1.0886371455853805e-05,0.001032640808261931
MIGHTEE_Continuum_DR1_XMMLSS_8p9arcsec_I_v1.1_crop_1230.npy,MIGHTEE_Continuum_DR1_XMMLSS_8p9arcsec_I_v1.1,-1.0886371455853805e-05,0.001032640808261931
MIGHTEE_Continuum_DR1_XMMLSS_8p9arcsec_I_v1.1_crop_1231.npy,MIGHTEE_Continuum_DR1_XMMLSS_8p9arcsec_I_v1.1,-1.0886371455853805e-05,0.001032640808261931
MIGHTEE_Continuum_DR1_XMMLSS_8p9arcsec_I_v1.1_crop_1232.npy,MIGHTEE_Continuum_DR1_XMMLSS_8p9arcsec_I_v1.1,-1.0886371455853805e-05,0.001032640808261931
MIGHTEE_Continuum_DR1_XMMLSS_8p9arcsec_I_v1.1_crop_1233.npy,MIGHTEE_Continuum_DR1_XMMLSS_8p9arcsec_I_v1.1,-1.0886371455853805e-05,0.001032640808261931
MIGHTEE_Continuum_DR1_XMMLSS_8p9arcsec_I_v1.1_crop_1234.npy,MIGHTEE_Continuum_DR1_XMMLSS_8p9arcsec_I_v1.1,-1.0886371455853805e-05,0.001032640808261931
MIGHTEE_Continuum_DR1_XMMLSS_8p9arcsec_I_v1.1_crop_1235.npy,MIGHTEE_Continuum_DR1_XMMLSS_8p9arcsec_I_v1.1,-1.0886371455853805e-05,0.001032640808261931
MIGHTEE_Continuum_DR1_XMMLSS_8p9arcsec_I_v1.1_crop_1236.npy,MIGHTEE_Continuum_DR1_XMMLSS_8p9arcsec_I_v1.1,-1.0886371455853805e-05,0.001032640808261931
MIGHTEE_Continuum_DR1_XMMLSS_8p9arcsec_I_v1.1_crop_1237.npy,MIGHTEE_Continuum_DR1_XMMLSS_8p9arcsec_I_v1.1,-1.0886371455853805e-05,0.001032640808261931
MIGHTEE_Continuum_DR1_XMMLSS_8p9arcsec_I_v1.1_crop_1238.npy,MIGHTEE_Continuum_DR1_XMMLSS_8p9arcsec_I_v1.1,-1.0886371455853805e-05,0.001032640808261931
MIGHTEE_Continuum_DR1_XMMLSS_8p9arcsec_I_v1.1_crop_1239.npy,MIGHTEE_Continuum_DR1_XMMLSS_8p9arcsec_I_v1.1,-1.0886371455853805e-05,0.001032640808261931
MIGHTEE_Continuum_DR1_XMMLSS_8p9arcsec_I_v1.1_crop_1240.npy,MIGHTEE_Continuum_DR1_XMMLSS_8p9arcsec_I_v1.1,-1.0886371455853805e-05,0.001032640808261931
MIGHTEE_Continuum_DR1_XMMLSS_8p9arcsec_I_v1.1_crop_1241.npy,MIGHTEE_Continuum_DR1_XMMLSS_8p9arcsec_I_v1.1,-1.0886371455853805e-05,0.001032640808261931
MIGHTEE_Continuum_DR1_XMMLSS_8p9arcsec_I_v1.1_crop_1242.npy,MIGHTEE_Continuum_DR1_XMMLSS_8p9arcsec_I_v1.1,-1.0886371455853805e-05,0.001032640808261931
MIGHTEE_Continuum_DR1_XMMLSS_8p9arcsec_I_v1.1_crop_1243.npy,MIGHTEE_Continuum_DR1_XMMLSS_8p9arcsec_I_v1.1,-1.0886371455853805e-05,0.001032640808261931
MIGHTEE_Continuum_DR1_XMMLSS_8p9arcsec_I_v1.1_crop_1244.npy,MIGHTEE_Continuum_DR1_XMMLSS_8p9arcsec_I_v1.1,-1.0886371455853805e-05,0.001032640808261931
MIGHTEE_Continuum_DR1_XMMLSS_8p9arcsec_I_v1.1_crop_1245.npy,MIGHTEE_Continuum_DR1_XMMLSS_8p9arcsec_I_v1.1,-1.0886371455853805e-05,0.001032640808261931
MIGHTEE_Continuum_DR1_XMMLSS_8p9arcsec_I_v1.1_crop_1246.npy,MIGHTEE_Continuum_DR1_XMMLSS_8p9arcsec_I_v1.1,-1.0886371455853805e-05,0.001032640808261931
MIGHTEE_Continuum_DR1_XMMLSS_8p9arcsec_I_v1.1_crop_1247.npy,MIGHTEE_Continuum_DR1_XMMLSS_8p9arcsec_I_v1.1,-1.0886371455853805e-05,0.001032640808261931
MIGHTEE_Continuum_DR1_XMMLSS_8p9arcsec_I_v1.1_crop_1248.npy,MIGHTEE_Continuum_DR1_XMMLSS_8p9arcsec_I_v1.1,-1.0886371455853805e-05,0.001032640808261931
MIGHTEE_Continuum_DR1_XMMLSS_8p9arcsec_I_v1.1_crop_1249.npy,MIGHTEE_Continuum_DR1_XMMLSS_8p9arcsec_I_v1.1,-1.0886371455853805e-05,0.001032640808261931
MIGHTEE_Continuum_DR1_XMMLSS_8p9arcsec_I_v1.1_crop_1250.npy,MIGHTEE_Continuum_DR1_XMMLSS_8p9arcsec_I_v1.1,-1.0886371455853805e-05,0.001032640808261931
MIGHTEE_Continuum_DR1_XMMLSS_8p9arcsec_I_v1.1_crop_1251.npy,MIGHTEE_Continuum_DR1_XMMLSS_8p9arcsec_I_v1.1,-1.0886371455853805e-05,0.001032640808261931
MIGHTEE_Continuum_DR1_XMMLSS_8p9arcsec_I_v1.1_crop_1252.npy,MIGHTEE_Continuum_DR1_XMMLSS_8p9arcsec_I_v1.1,-1.0886371455853805e-05,0.001032640808261931
MIGHTEE_Continuum_DR1_XMMLSS_8p9arcsec_I_v1.1_crop_1253.npy,MIGHTEE_Continuum_DR1_XMMLSS_8p9arcsec_I_v1.1,-1.0886371455853805e-05,0.001032640808261931
MIGHTEE_Continuum_DR1_XMMLSS_8p9arcsec_I_v1.1_crop_1254.npy,MIGHTEE_Continuum_DR1_XMMLSS_8p9arcsec_I_v1.1,-1.0886371455853805e-05,0.001032640808261931
MIGHTEE_Continuum_DR1_XMMLSS_8p9arcsec_I_v1.1_crop_1255.npy,MIGHTEE_Continuum_DR1_XMMLSS_8p9arcsec_I_v1.1,-1.0886371455853805e-05,0.001032640808261931
MIGHTEE_Continuum_DR1_XMMLSS_8p9arcsec_I_v1.1_crop_1256.npy,MIGHTEE_Continuum_DR1_XMMLSS_8p9arcsec_I_v1.1,-1.0886371455853805e-05,0.001032640808261931
MIGHTEE_Continuum_DR1_XMMLSS_8p9arcsec_I_v1.1_crop_1257.npy,MIGHTEE_Continuum_DR1_XMMLSS_8p9arcsec_I_v1.1,-1.0886371455853805e-05,0.001032640808261931
MIGHTEE_Continuum_DR1_XMMLSS_8p9arcsec_I_v1.1_crop_1258.npy,MIGHTEE_Continuum_DR1_XMMLSS_8p9arcsec_I_v1.1,-1.0886371455853805e-05,0.001032640808261931
MIGHTEE_Continuum_DR1_XMMLSS_8p9arcsec_I_v1.1_crop_1259.npy,MIGHTEE_Continuum_DR1_XMMLSS_8p9arcsec_I_v1.1,-1.0886371455853805e-05,0.001032640808261931
MIGHTEE_Continuum_DR1_XMMLSS_8p9arcsec_I_v1.1_crop_1260.npy,MIGHTEE_Continuum_DR1_XMMLSS_8p9arcsec_I_v1.1,-1.0886371455853805e-05,0.001032640808261931
MIGHTEE_Continuum_DR1_XMMLSS_8p9arcsec_I_v1.1_crop_1261.npy,MIGHTEE_Continuum_DR1_XMMLSS_8p9arcsec_I_v1.1,-1.0886371455853805e-05,0.001032640808261931
MIGHTEE_Continuum_DR1_XMMLSS_8p9arcsec_I_v1.1_crop_1262.npy,MIGHTEE_Continuum_DR1_XMMLSS_8p9arcsec_I_v1.1,-1.0886371455853805e-05,0.001032640808261931
MIGHTEE_Continuum_DR1_XMMLSS_8p9arcsec_I_v1.1_crop_1263.npy,MIGHTEE_Continuum_DR1_XMMLSS_8p9arcsec_I_v1.1,-1.0886371455853805e-05,0.001032640808261931
MIGHTEE_Continuum_DR1_XMMLSS_8p9arcsec_I_v1.1_crop_1264.npy,MIGHTEE_Continuum_DR1_XMMLSS_8p9arcsec_I_v1.1,-1.0886371455853805e-05,0.001032640808261931
MIGHTEE_Continuum_DR1_XMMLSS_8p9arcsec_I_v1.1_crop_1265.npy,MIGHTEE_Continuum_DR1_XMMLSS_8p9arcsec_I_v1.1,-1.0886371455853805e-05,0.001032640808261931
MIGHTEE_Continuum_DR1_XMMLSS_8p9arcsec_I_v1.1_crop_1266.npy,MIGHTEE_Continuum_DR1_XMMLSS_8p9arcsec_I_v1.1,-1.0886371455853805e-05,0.001032640808261931
MIGHTEE_Continuum_DR1_XMMLSS_8p9arcsec_I_v1.1_crop_1267.npy,MIGHTEE_Continuum_DR1_XMMLSS_8p9arcsec_I_v1.1,-1.0886371455853805e-05,0.001032640808261931
MIGHTEE_Continuum_DR1_XMMLSS_8p9arcsec_I_v1.1_crop_1268.npy,MIGHTEE_Continuum_DR1_XMMLSS_8p9arcsec_I_v1.1,-1.0886371455853805e-05,0.001032640808261931
MIGHTEE_Continuum_DR1_XMMLSS_8p9arcsec_I_v1.1_crop_1269.npy,MIGHTEE_Continuum_DR1_XMMLSS_8p9arcsec_I_v1.1,-1.0886371455853805e-05,0.001032640808261931
MIGHTEE_Continuum_DR1_XMMLSS_8p9arcsec_I_v1.1_crop_1270.npy,MIGHTEE_Continuum_DR1_XMMLSS_8p9arcsec_I_v1.1,-1.0886371455853805e-05,0.001032640808261931
MIGHTEE_Continuum_DR1_XMMLSS_8p9arcsec_I_v1.1_crop_1271.npy,MIGHTEE_Continuum_DR1_XMMLSS_8p9arcsec_I_v1.1,-1.0886371455853805e-05,0.001032640808261931
MIGHTEE_Continuum_DR1_XMMLSS_8p9arcsec_I_v1.1_crop_1272.npy,MIGHTEE_Continuum_DR1_XMMLSS_8p9arcsec_I_v1.1,-1.0886371455853805e-05,0.001032640808261931
MIGHTEE_Continuum_DR1_XMMLSS_8p9arcsec_I_v1.1_crop_1273.npy,MIGHTEE_Continuum_DR1_XMMLSS_8p9arcsec_I_v1.1,-1.0886371455853805e-05,0.001032640808261931
MIGHTEE_Continuum_DR1_XMMLSS_8p9arcsec_I_v1.1_crop_1274.npy,MIGHTEE_Continuum_DR1_XMMLSS_8p9arcsec_I_v1.1,-1.0886371455853805e-05,0.001032640808261931
MIGHTEE_Continuum_DR1_XMMLSS_8p9arcsec_I_v1.1_crop_1275.npy,MIGHTEE_Continuum_DR1_XMMLSS_8p9arcsec_I_v1.1,-1.0886371455853805e-05,0.001032640808261931
MIGHTEE_Continuum_DR1_XMMLSS_8p9arcsec_I_v1.1_crop_1276.npy,MIGHTEE_Continuum_DR1_XMMLSS_8p9arcsec_I_v1.1,-1.0886371455853805e-05,0.001032640808261931
MIGHTEE_Continuum_DR1_XMMLSS_8p9arcsec_I_v1.1_crop_1277.npy,MIGHTEE_Continuum_DR1_XMMLSS_8p9arcsec_I_v1.1,-1.0886371455853805e-05,0.001032640808261931
MIGHTEE_Continuum_DR1_XMMLSS_8p9arcsec_I_v1.1_crop_1278.npy,MIGHTEE_Continuum_DR1_XMMLSS_8p9arcsec_I_v1.1,-1.0886371455853805e-05,0.001032640808261931
MIGHTEE_Continuum_DR1_XMMLSS_8p9arcsec_I_v1.1_crop_1279.npy,MIGHTEE_Continuum_DR1_XMMLSS_8p9arcsec_I_v1.1,-1.0886371455853805e-05,0.001032640808261931
MIGHTEE_Continuum_DR1_XMMLSS_8p9arcsec_I_v1.1_crop_1280.npy,MIGHTEE_Continuum_DR1_XMMLSS_8p9arcsec_I_v1.1,-1.0886371455853805e-05,0.001032640808261931
MIGHTEE_Continuum_DR1_XMMLSS_8p9arcsec_I_v1.1_crop_1281.npy,MIGHTEE_Continuum_DR1_XMMLSS_8p9arcsec_I_v1.1,-1.0886371455853805e-05,0.001032640808261931
MIGHTEE_Continuum_DR1_XMMLSS_8p9arcsec_I_v1.1_crop_1282.npy,MIGHTEE_Continuum_DR1_XMMLSS_8p9arcsec_I_v1.1,-1.0886371455853805e-05,0.001032640808261931
MIGHTEE_Continuum_DR1_XMMLSS_8p9arcsec_I_v1.1_crop_1283.npy,MIGHTEE_Continuum_DR1_XMMLSS_8p9arcsec_I_v1.1,-1.0886371455853805e-05,0.001032640808261931
MIGHTEE_Continuum_DR1_XMMLSS_8p9arcsec_I_v1.1_crop_1284.npy,MIGHTEE_Continuum_DR1_XMMLSS_8p9arcsec_I_v1.1,-1.0886371455853805e-05,0.001032640808261931
MIGHTEE_Continuum_DR1_XMMLSS_8p9arcsec_I_v1.1_crop_1285.npy,MIGHTEE_Continuum_DR1_XMMLSS_8p9arcsec_I_v1.1,-1.0886371455853805e-05,0.001032640808261931
MIGHTEE_Continuum_DR1_XMMLSS_8p9arcsec_I_v1.1_crop_1286.npy,MIGHTEE_Continuum_DR1_XMMLSS_8p9arcsec_I_v1.1,-1.0886371455853805e-05,0.001032640808261931
MIGHTEE_Continuum_DR1_XMMLSS_8p9arcsec_I_v1.1_crop_1287.npy,MIGHTEE_Continuum_DR1_XMMLSS_8p9arcsec_I_v1.1,-1.0886371455853805e-05,0.001032640808261931
MIGHTEE_Continuum_DR1_XMMLSS_8p9arcsec_I_v1.1_crop_1288.npy,MIGHTEE_Continuum_DR1_XMMLSS_8p9arcsec_I_v1.1,-1.0886371455853805e-05,0.001032640808261931
MIGHTEE_Continuum_DR1_XMMLSS_8p9arcsec_I_v1.1_crop_1289.npy,MIGHTEE_Continuum_DR1_XMMLSS_8p9arcsec_I_v1.1,-1.0886371455853805e-05,0.001032640808261931
MIGHTEE_Continuum_DR1_XMMLSS_8p9arcsec_I_v1.1_crop_1290.npy,MIGHTEE_Continuum_DR1_XMMLSS_8p9arcsec_I_v1.1,-1.0886371455853805e-05,0.001032640808261931
MIGHTEE_Continuum_DR1_XMMLSS_8p9arcsec_I_v1.1_crop_1291.npy,MIGHTEE_Continuum_DR1_XMMLSS_8p9arcsec_I_v1.1,-1.0886371455853805e-05,0.001032640808261931
MIGHTEE_Continuum_DR1_XMMLSS_8p9arcsec_I_v1.1_crop_1292.npy,MIGHTEE_Continuum_DR1_XMMLSS_8p9arcsec_I_v1.1,-1.0886371455853805e-05,0.001032640808261931
MIGHTEE_Continuum_DR1_XMMLSS_8p9arcsec_I_v1.1_crop_1293.npy,MIGHTEE_Continuum_DR1_XMMLSS_8p9arcsec_I_v1.1,-1.0886371455853805e-05,0.001032640808261931
MIGHTEE_Continuum_DR1_XMMLSS_8p9arcsec_I_v1.1_crop_1294.npy,MIGHTEE_Continuum_DR1_XMMLSS_8p9arcsec_I_v1.1,-1.0886371455853805e-05,0.001032640808261931
MIGHTEE_Continuum_DR1_XMMLSS_8p9arcsec_I_v1.1_crop_1295.npy,MIGHTEE_Continuum_DR1_XMMLSS_8p9arcsec_I_v1.1,-1.0886371455853805e-05,0.001032640808261931
MIGHTEE_Continuum_DR1_XMMLSS_8p9arcsec_I_v1.1_crop_1296.npy,MIGHTEE_Continuum_DR1_XMMLSS_8p9arcsec_I_v1.1,-1.0886371455853805e-05,0.001032640808261931
MIGHTEE_Continuum_DR1_XMMLSS_8p9arcsec_I_v1.1_crop_1297.npy,MIGHTEE_Continuum_DR1_XMMLSS_8p9arcsec_I_v1.1,-1.0886371455853805e-05,0.001032640808261931
MIGHTEE_Continuum_DR1_XMMLSS_8p9arcsec_I_v1.1_crop_1298.npy,MIGHTEE_Continuum_DR1_XMMLSS_8p9arcsec_I_v1.1,-1.0886371455853805e-05,0.001032640808261931
MIGHTEE_Continuum_DR1_XMMLSS_8p9arcsec_I_v1.1_crop_1299.npy,MIGHTEE_Continuum_DR1_XMMLSS_8p9arcsec_I_v1.1,-1.0886371455853805e-05,0.001032640808261931
MIGHTEE_Continuum_DR1_XMMLSS_8p9arcsec_I_v1.1_crop_1300.npy,MIGHTEE_Continuum_DR1_XMMLSS_8p9arcsec_I_v1.1,-1.0886371455853805e-05,0.001032640808261931
MIGHTEE_Continuum_DR1_XMMLSS_8p9arcsec_I_v1.1_crop_1301.npy,MIGHTEE_Continuum_DR1_XMMLSS_8p9arcsec_I_v1.1,-1.0886371455853805e-05,0.001032640808261931
MIGHTEE_Continuum_DR1_XMMLSS_8p9arcsec_I_v1.1_crop_1302.npy,MIGHTEE_Continuum_DR1_XMMLSS_8p9arcsec_I_v1.1,-1.0886371455853805e-05,0.001032640808261931
MIGHTEE_Continuum_DR1_XMMLSS_8p9arcsec_I_v1.1_crop_1303.npy,MIGHTEE_Continuum_DR1_XMMLSS_8p9arcsec_I_v1.1,-1.0886371455853805e-05,0.001032640808261931
MIGHTEE_Continuum_DR1_XMMLSS_8p9arcsec_I_v1.1_crop_1304.npy,MIGHTEE_Continuum_DR1_XMMLSS_8p9arcsec_I_v1.1,-1.0886371455853805e-05,0.001032640808261931
MIGHTEE_Continuum_DR1_XMMLSS_8p9arcsec_I_v1.1_crop_1305.npy,MIGHTEE_Continuum_DR1_XMMLSS_8p9arcsec_I_v1.1,-1.0886371455853805e-05,0.001032640808261931
MIGHTEE_Continuum_DR1_XMMLSS_8p9arcsec_I_v1.1_crop_1306.npy,MIGHTEE_Continuum_DR1_XMMLSS_8p9arcsec_I_v1.1,-1.0886371455853805e-05,0.001032640808261931
MIGHTEE_Continuum_DR1_XMMLSS_8p9arcsec_I_v1.1_crop_1307.npy,MIGHTEE_Continuum_DR1_XMMLSS_8p9arcsec_I_v1.1,-1.0886371455853805e-05,0.001032640808261931
MIGHTEE_Continuum_DR1_XMMLSS_8p9arcsec_I_v1.1_crop_1308.npy,MIGHTEE_Continuum_DR1_XMMLSS_8p9arcsec_I_v1.1,-1.0886371455853805e-05,0.001032640808261931
MIGHTEE_Continuum_DR1_XMMLSS_8p9arcsec_I_v1.1_crop_1309.npy,MIGHTEE_Continuum_DR1_XMMLSS_8p9arcsec_I_v1.1,-1.0886371455853805e-05,0.001032640808261931
MIGHTEE_Continuum_DR1_XMMLSS_8p9arcsec_I_v1.1_crop_1310.npy,MIGHTEE_Continuum_DR1_XMMLSS_8p9arcsec_I_v1.1,-1.0886371455853805e-05,0.001032640808261931
MIGHTEE_Continuum_DR1_XMMLSS_8p9arcsec_I_v1.1_crop_1311.npy,MIGHTEE_Continuum_DR1_XMMLSS_8p9arcsec_I_v1.1,-1.0886371455853805e-05,0.001032640808261931
MIGHTEE_Continuum_DR1_XMMLSS_8p9arcsec_I_v1.1_crop_1312.npy,MIGHTEE_Continuum_DR1_XMMLSS_8p9arcsec_I_v1.1,-1.0886371455853805e-05,0.001032640808261931
MIGHTEE_Continuum_DR1_XMMLSS_8p9arcsec_I_v1.1_crop_1313.npy,MIGHTEE_Continuum_DR1_XMMLSS_8p9arcsec_I_v1.1,-1.0886371455853805e-05,0.001032640808261931
MIGHTEE_Continuum_DR1_XMMLSS_8p9arcsec_I_v1.1_crop_1314.npy,MIGHTEE_Continuum_DR1_XMMLSS_8p9arcsec_I_v1.1,-1.0886371455853805e-05,0.001032640808261931
MIGHTEE_Continuum_DR1_XMMLSS_8p9arcsec_I_v1.1_crop_1315.npy,MIGHTEE_Continuum_DR1_XMMLSS_8p9arcsec_I_v1.1,-1.0886371455853805e-05,0.001032640808261931
MIGHTEE_Continuum_DR1_XMMLSS_8p9arcsec_I_v1.1_crop_1316.npy,MIGHTEE_Continuum_DR1_XMMLSS_8p9arcsec_I_v1.1,-1.0886371455853805e-05,0.001032640808261931
MIGHTEE_Continuum_DR1_XMMLSS_8p9arcsec_I_v1.1_crop_1317.npy,MIGHTEE_Continuum_DR1_XMMLSS_8p9arcsec_I_v1.1,-1.0886371455853805e-05,0.001032640808261931
MIGHTEE_Continuum_DR1_XMMLSS_8p9arcsec_I_v1.1_crop_1318.npy,MIGHTEE_Continuum_DR1_XMMLSS_8p9arcsec_I_v1.1,-1.0886371455853805e-05,0.001032640808261931
MIGHTEE_Continuum_DR1_XMMLSS_8p9arcsec_I_v1.1_crop_1319.npy,MIGHTEE_Continuum_DR1_XMMLSS_8p9arcsec_I_v1.1,-1.0886371455853805e-05,0.001032640808261931
MIGHTEE_Continuum_DR1_XMMLSS_8p9arcsec_I_v1.1_crop_1320.npy,MIGHTEE_Continuum_DR1_XMMLSS_8p9arcsec_I_v1.1,-1.0886371455853805e-05,0.001032640808261931
MIGHTEE_Continuum_DR1_XMMLSS_8p9arcsec_I_v1.1_crop_1321.npy,MIGHTEE_Continuum_DR1_XMMLSS_8p9arcsec_I_v1.1,-1.0886371455853805e-05,0.001032640808261931
MIGHTEE_Continuum_DR1_XMMLSS_8p9arcsec_I_v1.1_crop_1322.npy,MIGHTEE_Continuum_DR1_XMMLSS_8p9arcsec_I_v1.1,-1.0886371455853805e-05,0.001032640808261931
MIGHTEE_Continuum_DR1_XMMLSS_8p9arcsec_I_v1.1_crop_1323.npy,MIGHTEE_Continuum_DR1_XMMLSS_8p9arcsec_I_v1.1,-1.0886371455853805e-05,0.001032640808261931
MIGHTEE_Continuum_DR1_XMMLSS_8p9arcsec_I_v1.1_crop_1324.npy,MIGHTEE_Continuum_DR1_XMMLSS_8p9arcsec_I_v1.1,-1.0886371455853805e-05,0.001032640808261931
MIGHTEE_Continuum_DR1_XMMLSS_8p9arcsec_I_v1.1_crop_1325.npy,MIGHTEE_Continuum_DR1_XMMLSS_8p9arcsec_I_v1.1,-1.0886371455853805e-05,0.001032640808261931
MIGHTEE_Continuum_DR1_XMMLSS_8p9arcsec_I_v1.1_crop_1326.npy,MIGHTEE_Continuum_DR1_XMMLSS_8p9arcsec_I_v1.1,-1.0886371455853805e-05,0.001032640808261931
MIGHTEE_Continuum_DR1_XMMLSS_8p9arcsec_I_v1.1_crop_1327.npy,MIGHTEE_Continuum_DR1_XMMLSS_8p9arcsec_I_v1.1,-1.0886371455853805e-05,0.001032640808261931
MIGHTEE_Continuum_DR1_XMMLSS_8p9arcsec_I_v1.1_crop_1328.npy,MIGHTEE_Continuum_DR1_XMMLSS_8p9arcsec_I_v1.1,-1.0886371455853805e-05,0.001032640808261931
MIGHTEE_Continuum_DR1_XMMLSS_8p9arcsec_I_v1.1_crop_1329.npy,MIGHTEE_Continuum_DR1_XMMLSS_8p9arcsec_I_v1.1,-1.0886371455853805e-05,0.001032640808261931
MIGHTEE_Continuum_DR1_XMMLSS_8p9arcsec_I_v1.1_crop_1330.npy,MIGHTEE_Continuum_DR1_XMMLSS_8p9arcsec_I_v1.1,-1.0886371455853805e-05,0.001032640808261931
MIGHTEE_Continuum_DR1_XMMLSS_8p9arcsec_I_v1.1_crop_1331.npy,MIGHTEE_Continuum_DR1_XMMLSS_8p9arcsec_I_v1.1,-1.0886371455853805e-05,0.001032640808261931
MIGHTEE_Continuum_DR1_XMMLSS_8p9arcsec_I_v1.1_crop_1332.npy,MIGHTEE_Continuum_DR1_XMMLSS_8p9arcsec_I_v1.1,-1.0886371455853805e-05,0.001032640808261931
MIGHTEE_Continuum_DR1_XMMLSS_8p9arcsec_I_v1.1_crop_1333.npy,MIGHTEE_Continuum_DR1_XMMLSS_8p9arcsec_I_v1.1,-1.0886371455853805e-05,0.001032640808261931
MIGHTEE_Continuum_DR1_XMMLSS_8p9arcsec_I_v1.1_crop_1334.npy,MIGHTEE_Continuum_DR1_XMMLSS_8p9arcsec_I_v1.1,-1.0886371455853805e-05,0.001032640808261931
MIGHTEE_Continuum_DR1_XMMLSS_8p9arcsec_I_v1.1_crop_1335.npy,MIGHTEE_Continuum_DR1_XMMLSS_8p9arcsec_I_v1.1,-1.0886371455853805e-05,0.001032640808261931
MIGHTEE_Continuum_DR1_XMMLSS_8p9arcsec_I_v1.1_crop_1336.npy,MIGHTEE_Continuum_DR1_XMMLSS_8p9arcsec_I_v1.1,-1.0886371455853805e-05,0.001032640808261931
MIGHTEE_Continuum_DR1_XMMLSS_8p9arcsec_I_v1.1_crop_1337.npy,MIGHTEE_Continuum_DR1_XMMLSS_8p9arcsec_I_v1.1,-1.0886371455853805e-05,0.001032640808261931
MIGHTEE_Continuum_DR1_XMMLSS_8p9arcsec_I_v1.1_crop_1338.npy,MIGHTEE_Continuum_DR1_XMMLSS_8p9arcsec_I_v1.1,-1.0886371455853805e-05,0.001032640808261931
MIGHTEE_Continuum_DR1_XMMLSS_8p9arcsec_I_v1.1_crop_1339.npy,MIGHTEE_Continuum_DR1_XMMLSS_8p9arcsec_I_v1.1,-1.0886371455853805e-05,0.001032640808261931
MIGHTEE_Continuum_DR1_XMMLSS_8p9arcsec_I_v1.1_crop_1340.npy,MIGHTEE_Continuum_DR1_XMMLSS_8p9arcsec_I_v1.1,-1.0886371455853805e-05,0.001032640808261931
MIGHTEE_Continuum_DR1_XMMLSS_8p9arcsec_I_v1.1_crop_1341.npy,MIGHTEE_Continuum_DR1_XMMLSS_8p9arcsec_I_v1.1,-1.0886371455853805e-05,0.001032640808261931
MIGHTEE_Continuum_DR1_XMMLSS_8p9arcsec_I_v1.1_crop_1342.npy,MIGHTEE_Continuum_DR1_XMMLSS_8p9arcsec_I_v1.1,-1.0886371455853805e-05,0.001032640808261931
MIGHTEE_Continuum_DR1_XMMLSS_8p9arcsec_I_v1.1_crop_1343.npy,MIGHTEE_Continuum_DR1_XMMLSS_8p9arcsec_I_v1.1,-1.0886371455853805e-05,0.001032640808261931
MIGHTEE_Continuum_DR1_XMMLSS_8p9arcsec_I_v1.1_crop_1344.npy,MIGHTEE_Continuum_DR1_XMMLSS_8p9arcsec_I_v1.1,-1.0886371455853805e-05,0.001032640808261931
MIGHTEE_Continuum_DR1_XMMLSS_8p9arcsec_I_v1.1_crop_1345.npy,MIGHTEE_Continuum_DR1_XMMLSS_8p9arcsec_I_v1.1,-1.0886371455853805e-05,0.001032640808261931
MIGHTEE_Continuum_DR1_XMMLSS_8p9arcsec_I_v1.1_crop_1346.npy,MIGHTEE_Continuum_DR1_XMMLSS_8p9arcsec_I_v1.1,-1.0886371455853805e-05,0.001032640808261931
MIGHTEE_Continuum_DR1_XMMLSS_8p9arcsec_I_v1.1_crop_1347.npy,MIGHTEE_Continuum_DR1_XMMLSS_8p9arcsec_I_v1.1,-1.0886371455853805e-05,0.001032640808261931
MIGHTEE_Continuum_DR1_XMMLSS_8p9arcsec_I_v1.1_crop_1348.npy,MIGHTEE_Continuum_DR1_XMMLSS_8p9arcsec_I_v1.1,-1.0886371455853805e-05,0.001032640808261931
MIGHTEE_Continuum_DR1_XMMLSS_8p9arcsec_I_v1.1_crop_1349.npy,MIGHTEE_Continuum_DR1_XMMLSS_8p9arcsec_I_v1.1,-1.0886371455853805e-05,0.001032640808261931
MIGHTEE_Continuum_DR1_XMMLSS_8p9arcsec_I_v1.1_crop_1350.npy,MIGHTEE_Continuum_DR1_XMMLSS_8p9arcsec_I_v1.1,-1.0886371455853805e-05,0.001032640808261931
MIGHTEE_Continuum_DR1_XMMLSS_8p9arcsec_I_v1.1_crop_1351.npy,MIGHTEE_Continuum_DR1_XMMLSS_8p9arcsec_I_v1.1,-1.0886371455853805e-05,0.001032640808261931
MIGHTEE_Continuum_DR1_XMMLSS_8p9arcsec_I_v1.1_crop_1352.npy,MIGHTEE_Continuum_DR1_XMMLSS_8p9arcsec_I_v1.1,-1.0886371455853805e-05,0.001032640808261931
MIGHTEE_Continuum_DR1_XMMLSS_8p9arcsec_I_v1.1_crop_1353.npy,MIGHTEE_Continuum_DR1_XMMLSS_8p9arcsec_I_v1.1,-1.0886371455853805e-05,0.001032640808261931
MIGHTEE_Continuum_DR1_XMMLSS_8p9arcsec_I_v1.1_crop_1354.npy,MIGHTEE_Continuum_DR1_XMMLSS_8p9arcsec_I_v1.1,-1.0886371455853805e-05,0.001032640808261931
MIGHTEE_Continuum_DR1_XMMLSS_8p9arcsec_I_v1.1_crop_1355.npy,MIGHTEE_Continuum_DR1_XMMLSS_8p9arcsec_I_v1.1,-1.0886371455853805e-05,0.001032640808261931
MIGHTEE_Continuum_DR1_XMMLSS_8p9arcsec_I_v1.1_crop_1356.npy,MIGHTEE_Continuum_DR1_XMMLSS_8p9arcsec_I_v1.1,-1.0886371455853805e-05,0.001032640808261931
MIGHTEE_Continuum_DR1_XMMLSS_8p9arcsec_I_v1.1_crop_1357.npy,MIGHTEE_Continuum_DR1_XMMLSS_8p9arcsec_I_v1.1,-1.0886371455853805e-05,0.001032640808261931
MIGHTEE_Continuum_DR1_XMMLSS_8p9arcsec_I_v1.1_crop_1358.npy,MIGHTEE_Continuum_DR1_XMMLSS_8p9arcsec_I_v1.1,-1.0886371455853805e-05,0.001032640808261931
MIGHTEE_Continuum_DR1_XMMLSS_8p9arcsec_I_v1.1_crop_1359.npy,MIGHTEE_Continuum_DR1_XMMLSS_8p9arcsec_I_v1.1,-1.0886371455853805e-05,0.001032640808261931
MIGHTEE_Continuum_DR1_XMMLSS_8p9arcsec_I_v1.1_crop_1360.npy,MIGHTEE_Continuum_DR1_XMMLSS_8p9arcsec_I_v1.1,-1.0886371455853805e-05,0.001032640808261931
MIGHTEE_Continuum_DR1_XMMLSS_8p9arcsec_I_v1.1_crop_1361.npy,MIGHTEE_Continuum_DR1_XMMLSS_8p9arcsec_I_v1.1,-1.0886371455853805e-05,0.001032640808261931
MIGHTEE_Continuum_DR1_XMMLSS_8p9arcsec_I_v1.1_crop_1362.npy,MIGHTEE_Continuum_DR1_XMMLSS_8p9arcsec_I_v1.1,-1.0886371455853805e-05,0.001032640808261931
MIGHTEE_Continuum_DR1_XMMLSS_8p9arcsec_I_v1.1_crop_1363.npy,MIGHTEE_Continuum_DR1_XMMLSS_8p9arcsec_I_v1.1,-1.0886371455853805e-05,0.001032640808261931
MIGHTEE_Continuum_DR1_XMMLSS_8p9arcsec_I_v1.1_crop_1364.npy,MIGHTEE_Continuum_DR1_XMMLSS_8p9arcsec_I_v1.1,-1.0886371455853805e-05,0.001032640808261931
MIGHTEE_Continuum_DR1_XMMLSS_8p9arcsec_I_v1.1_crop_1365.npy,MIGHTEE_Continuum_DR1_XMMLSS_8p9arcsec_I_v1.1,-1.0886371455853805e-05,0.001032640808261931
MIGHTEE_Continuum_DR1_XMMLSS_8p9arcsec_I_v1.1_crop_1366.npy,MIGHTEE_Continuum_DR1_XMMLSS_8p9arcsec_I_v1.1,-1.0886371455853805e-05,0.001032640808261931
MIGHTEE_Continuum_DR1_XMMLSS_8p9arcsec_I_v1.1_crop_1367.npy,MIGHTEE_Continuum_DR1_XMMLSS_8p9arcsec_I_v1.1,-1.0886371455853805e-05,0.001032640808261931
MIGHTEE_Continuum_DR1_XMMLSS_8p9arcsec_I_v1.1_crop_1368.npy,MIGHTEE_Continuum_DR1_XMMLSS_8p9arcsec_I_v1.1,-1.0886371455853805e-05,0.001032640808261931
MIGHTEE_Continuum_DR1_XMMLSS_8p9arcsec_I_v1.1_crop_1369.npy,MIGHTEE_Continuum_DR1_XMMLSS_8p9arcsec_I_v1.1,-1.0886371455853805e-05,0.001032640808261931
MIGHTEE_Continuum_DR1_XMMLSS_8p9arcsec_I_v1.1_crop_1370.npy,MIGHTEE_Continuum_DR1_XMMLSS_8p9arcsec_I_v1.1,-1.0886371455853805e-05,0.001032640808261931
MIGHTEE_Continuum_DR1_XMMLSS_8p9arcsec_I_v1.1_crop_1371.npy,MIGHTEE_Continuum_DR1_XMMLSS_8p9arcsec_I_v1.1,-1.0886371455853805e-05,0.001032640808261931
MIGHTEE_Continuum_DR1_XMMLSS_8p9arcsec_I_v1.1_crop_1372.npy,MIGHTEE_Continuum_DR1_XMMLSS_8p9arcsec_I_v1.1,-1.0886371455853805e-05,0.001032640808261931
MIGHTEE_Continuum_DR1_XMMLSS_8p9arcsec_I_v1.1_crop_1373.npy,MIGHTEE_Continuum_DR1_XMMLSS_8p9arcsec_I_v1.1,-1.0886371455853805e-05,0.001032640808261931
MIGHTEE_Continuum_DR1_XMMLSS_8p9arcsec_I_v1.1_crop_1374.npy,MIGHTEE_Continuum_DR1_XMMLSS_8p9arcsec_I_v1.1,-1.0886371455853805e-05,0.001032640808261931
MIGHTEE_Continuum_DR1_XMMLSS_8p9arcsec_I_v1.1_crop_1375.npy,MIGHTEE_Continuum_DR1_XMMLSS_8p9arcsec_I_v1.1,-1.0886371455853805e-05,0.001032640808261931
MIGHTEE_Continuum_DR1_XMMLSS_8p9arcsec_I_v1.1_crop_1376.npy,MIGHTEE_Continuum_DR1_XMMLSS_8p9arcsec_I_v1.1,-1.0886371455853805e-05,0.001032640808261931
MIGHTEE_Continuum_DR1_XMMLSS_8p9arcsec_I_v1.1_crop_1377.npy,MIGHTEE_Continuum_DR1_XMMLSS_8p9arcsec_I_v1.1,-1.0886371455853805e-05,0.001032640808261931
MIGHTEE_Continuum_DR1_XMMLSS_8p9arcsec_I_v1.1_crop_1378.npy,MIGHTEE_Continuum_DR1_XMMLSS_8p9arcsec_I_v1.1,-1.0886371455853805e-05,0.001032640808261931
MIGHTEE_Continuum_DR1_XMMLSS_8p9arcsec_I_v1.1_crop_1379.npy,MIGHTEE_Continuum_DR1_XMMLSS_8p9arcsec_I_v1.1,-1.0886371455853805e-05,0.001032640808261931
MIGHTEE_Continuum_DR1_XMMLSS_8p9arcsec_I_v1.1_crop_1380.npy,MIGHTEE_Continuum_DR1_XMMLSS_8p9arcsec_I_v1.1,-1.0886371455853805e-05,0.001032640808261931
MIGHTEE_Continuum_DR1_XMMLSS_8p9arcsec_I_v1.1_crop_1381.npy,MIGHTEE_Continuum_DR1_XMMLSS_8p9arcsec_I_v1.1,-1.0886371455853805e-05,0.001032640808261931
MIGHTEE_Continuum_DR1_XMMLSS_8p9arcsec_I_v1.1_crop_1382.npy,MIGHTEE_Continuum_DR1_XMMLSS_8p9arcsec_I_v1.1,-1.0886371455853805e-05,0.001032640808261931
MIGHTEE_Continuum_DR1_XMMLSS_8p9arcsec_I_v1.1_crop_1383.npy,MIGHTEE_Continuum_DR1_XMMLSS_8p9arcsec_I_v1.1,-1.0886371455853805e-05,0.001032640808261931
MIGHTEE_Continuum_DR1_XMMLSS_8p9arcsec_I_v1.1_crop_1384.npy,MIGHTEE_Continuum_DR1_XMMLSS_8p9arcsec_I_v1.1,-1.0886371455853805e-05,0.001032640808261931
MIGHTEE_Continuum_DR1_XMMLSS_8p9arcsec_I_v1.1_crop_1385.npy,MIGHTEE_Continuum_DR1_XMMLSS_8p9arcsec_I_v1.1,-1.0886371455853805e-05,0.001032640808261931
MIGHTEE_Continuum_DR1_XMMLSS_8p9arcsec_I_v1.1_crop_1386.npy,MIGHTEE_Continuum_DR1_XMMLSS_8p9arcsec_I_v1.1,-1.0886371455853805e-05,0.001032640808261931
MIGHTEE_Continuum_DR1_XMMLSS_8p9arcsec_I_v1.1_crop_1387.npy,MIGHTEE_Continuum_DR1_XMMLSS_8p9arcsec_I_v1.1,-1.0886371455853805e-05,0.001032640808261931
MIGHTEE_Continuum_DR1_XMMLSS_8p9arcsec_I_v1.1_crop_1388.npy,MIGHTEE_Continuum_DR1_XMMLSS_8p9arcsec_I_v1.1,-1.0886371455853805e-05,0.001032640808261931
MIGHTEE_Continuum_DR1_XMMLSS_8p9arcsec_I_v1.1_crop_1389.npy,MIGHTEE_Continuum_DR1_XMMLSS_8p9arcsec_I_v1.1,-1.0886371455853805e-05,0.001032640808261931
MIGHTEE_Continuum_DR1_XMMLSS_8p9arcsec_I_v1.1_crop_1390.npy,MIGHTEE_Continuum_DR1_XMMLSS_8p9arcsec_I_v1.1,-1.0886371455853805e-05,0.001032640808261931
MIGHTEE_Continuum_DR1_XMMLSS_8p9arcsec_I_v1.1_crop_1391.npy,MIGHTEE_Continuum_DR1_XMMLSS_8p9arcsec_I_v1.1,-1.0886371455853805e-05,0.001032640808261931
MIGHTEE_Continuum_DR1_XMMLSS_8p9arcsec_I_v1.1_crop_1392.npy,MIGHTEE_Continuum_DR1_XMMLSS_8p9arcsec_I_v1.1,-1.0886371455853805e-05,0.001032640808261931
MIGHTEE_Continuum_DR1_XMMLSS_8p9arcsec_I_v1.1_crop_1393.npy,MIGHTEE_Continuum_DR1_XMMLSS_8p9arcsec_I_v1.1,-1.0886371455853805e-05,0.001032640808261931
MIGHTEE_Continuum_DR1_XMMLSS_8p9arcsec_I_v1.1_crop_1394.npy,MIGHTEE_Continuum_DR1_XMMLSS_8p9arcsec_I_v1.1,-1.0886371455853805e-05,0.001032640808261931
MIGHTEE_Continuum_DR1_XMMLSS_8p9arcsec_I_v1.1_crop_1395.npy,MIGHTEE_Continuum_DR1_XMMLSS_8p9arcsec_I_v1.1,-1.0886371455853805e-05,0.001032640808261931
MIGHTEE_Continuum_DR1_XMMLSS_8p9arcsec_I_v1.1_crop_1396.npy,MIGHTEE_Continuum_DR1_XMMLSS_8p9arcsec_I_v1.1,-1.0886371455853805e-05,0.001032640808261931
MIGHTEE_Continuum_DR1_XMMLSS_8p9arcsec_I_v1.1_crop_1397.npy,MIGHTEE_Continuum_DR1_XMMLSS_8p9arcsec_I_v1.1,-1.0886371455853805e-05,0.001032640808261931
MIGHTEE_Continuum_DR1_XMMLSS_8p9arcsec_I_v1.1_crop_1398.npy,MIGHTEE_Continuum_DR1_XMMLSS_8p9arcsec_I_v1.1,-1.0886371455853805e-05,0.001032640808261931
MIGHTEE_Continuum_DR1_XMMLSS_8p9arcsec_I_v1.1_crop_1399.npy,MIGHTEE_Continuum_DR1_XMMLSS_8p9arcsec_I_v1.1,-1.0886371455853805e-05,0.001032640808261931
MIGHTEE_Continuum_DR1_XMMLSS_8p9arcsec_I_v1.1_crop_1400.npy,MIGHTEE_Continuum_DR1_XMMLSS_8p9arcsec_I_v1.1,-1.0886371455853805e-05,0.001032640808261931
MIGHTEE_Continuum_DR1_XMMLSS_8p9arcsec_I_v1.1_crop_1401.npy,MIGHTEE_Continuum_DR1_XMMLSS_8p9arcsec_I_v1.1,-1.0886371455853805e-05,0.001032640808261931
MIGHTEE_Continuum_DR1_XMMLSS_8p9arcsec_I_v1.1_crop_1402.npy,MIGHTEE_Continuum_DR1_XMMLSS_8p9arcsec_I_v1.1,-1.0886371455853805e-05,0.001032640808261931
MIGHTEE_Continuum_DR1_XMMLSS_8p9arcsec_I_v1.1_crop_1403.npy,MIGHTEE_Continuum_DR1_XMMLSS_8p9arcsec_I_v1.1,-1.0886371455853805e-05,0.001032640808261931
MIGHTEE_Continuum_DR1_XMMLSS_8p9arcsec_I_v1.1_crop_1404.npy,MIGHTEE_Continuum_DR1_XMMLSS_8p9arcsec_I_v1.1,-1.0886371455853805e-05,0.001032640808261931
MIGHTEE_Continuum_DR1_XMMLSS_8p9arcsec_I_v1.1_crop_1405.npy,MIGHTEE_Continuum_DR1_XMMLSS_8p9arcsec_I_v1.1,-1.0886371455853805e-05,0.001032640808261931
MIGHTEE_Continuum_DR1_XMMLSS_8p9arcsec_I_v1.1_crop_1406.npy,MIGHTEE_Continuum_DR1_XMMLSS_8p9arcsec_I_v1.1,-1.0886371455853805e-05,0.001032640808261931
MIGHTEE_Continuum_DR1_XMMLSS_8p9arcsec_I_v1.1_crop_1407.npy,MIGHTEE_Continuum_DR1_XMMLSS_8p9arcsec_I_v1.1,-1.0886371455853805e-05,0.001032640808261931
MIGHTEE_Continuum_DR1_XMMLSS_8p9arcsec_I_v1.1_crop_1408.npy,MIGHTEE_Continuum_DR1_XMMLSS_8p9arcsec_I_v1.1,-1.0886371455853805e-05,0.001032640808261931
MIGHTEE_Continuum_DR1_XMMLSS_8p9arcsec_I_v1.1_crop_1409.npy,MIGHTEE_Continuum_DR1_XMMLSS_8p9arcsec_I_v1.1,-1.0886371455853805e-05,0.001032640808261931
MIGHTEE_Continuum_DR1_XMMLSS_8p9arcsec_I_v1.1_crop_1410.npy,MIGHTEE_Continuum_DR1_XMMLSS_8p9arcsec_I_v1.1,-1.0886371455853805e-05,0.001032640808261931
MIGHTEE_Continuum_DR1_XMMLSS_8p9arcsec_I_v1.1_crop_1411.npy,MIGHTEE_Continuum_DR1_XMMLSS_8p9arcsec_I_v1.1,-1.0886371455853805e-05,0.001032640808261931
MIGHTEE_Continuum_DR1_XMMLSS_8p9arcsec_I_v1.1_crop_1412.npy,MIGHTEE_Continuum_DR1_XMMLSS_8p9arcsec_I_v1.1,-1.0886371455853805e-05,0.001032640808261931
MIGHTEE_Continuum_DR1_XMMLSS_8p9arcsec_I_v1.1_crop_1413.npy,MIGHTEE_Continuum_DR1_XMMLSS_8p9arcsec_I_v1.1,-1.0886371455853805e-05,0.001032640808261931
MIGHTEE_Continuum_DR1_XMMLSS_8p9arcsec_I_v1.1_crop_1414.npy,MIGHTEE_Continuum_DR1_XMMLSS_8p9arcsec_I_v1.1,-1.0886371455853805e-05,0.001032640808261931
MIGHTEE_Continuum_DR1_XMMLSS_8p9arcsec_I_v1.1_crop_1415.npy,MIGHTEE_Continuum_DR1_XMMLSS_8p9arcsec_I_v1.1,-1.0886371455853805e-05,0.001032640808261931
MIGHTEE_Continuum_DR1_XMMLSS_8p9arcsec_I_v1.1_crop_1416.npy,MIGHTEE_Continuum_DR1_XMMLSS_8p9arcsec_I_v1.1,-1.0886371455853805e-05,0.001032640808261931
MIGHTEE_Continuum_DR1_XMMLSS_8p9arcsec_I_v1.1_crop_1417.npy,MIGHTEE_Continuum_DR1_XMMLSS_8p9arcsec_I_v1.1,-1.0886371455853805e-05,0.001032640808261931
MIGHTEE_Continuum_DR1_XMMLSS_8p9arcsec_I_v1.1_crop_1418.npy,MIGHTEE_Continuum_DR1_XMMLSS_8p9arcsec_I_v1.1,-1.0886371455853805e-05,0.001032640808261931
MIGHTEE_Continuum_DR1_XMMLSS_8p9arcsec_I_v1.1_crop_1419.npy,MIGHTEE_Continuum_DR1_XMMLSS_8p9arcsec_I_v1.1,-1.0886371455853805e-05,0.001032640808261931
MIGHTEE_Continuum_DR1_XMMLSS_8p9arcsec_I_v1.1_crop_1420.npy,MIGHTEE_Continuum_DR1_XMMLSS_8p9arcsec_I_v1.1,-1.0886371455853805e-05,0.001032640808261931
MIGHTEE_Continuum_DR1_XMMLSS_8p9arcsec_I_v1.1_crop_1421.npy,MIGHTEE_Continuum_DR1_XMMLSS_8p9arcsec_I_v1.1,-1.0886371455853805e-05,0.001032640808261931
MIGHTEE_Continuum_DR1_XMMLSS_8p9arcsec_I_v1.1_crop_1422.npy,MIGHTEE_Continuum_DR1_XMMLSS_8p9arcsec_I_v1.1,-1.0886371455853805e-05,0.001032640808261931
MIGHTEE_Continuum_DR1_XMMLSS_8p9arcsec_I_v1.1_crop_1423.npy,MIGHTEE_Continuum_DR1_XMMLSS_8p9arcsec_I_v1.1,-1.0886371455853805e-05,0.001032640808261931
MIGHTEE_Continuum_DR1_XMMLSS_8p9arcsec_I_v1.1_crop_1424.npy,MIGHTEE_Continuum_DR1_XMMLSS_8p9arcsec_I_v1.1,-1.0886371455853805e-05,0.001032640808261931
MIGHTEE_Continuum_DR1_XMMLSS_8p9arcsec_I_v1.1_crop_1425.npy,MIGHTEE_Continuum_DR1_XMMLSS_8p9arcsec_I_v1.1,-1.0886371455853805e-05,0.001032640808261931
MIGHTEE_Continuum_DR1_XMMLSS_8p9arcsec_I_v1.1_crop_1426.npy,MIGHTEE_Continuum_DR1_XMMLSS_8p9arcsec_I_v1.1,-1.0886371455853805e-05,0.001032640808261931
MIGHTEE_Continuum_DR1_XMMLSS_8p9arcsec_I_v1.1_crop_1427.npy,MIGHTEE_Continuum_DR1_XMMLSS_8p9arcsec_I_v1.1,-1.0886371455853805e-05,0.001032640808261931
MIGHTEE_Continuum_DR1_XMMLSS_8p9arcsec_I_v1.1_crop_1428.npy,MIGHTEE_Continuum_DR1_XMMLSS_8p9arcsec_I_v1.1,-1.0886371455853805e-05,0.001032640808261931
MIGHTEE_Continuum_DR1_XMMLSS_8p9arcsec_I_v1.1_crop_1429.npy,MIGHTEE_Continuum_DR1_XMMLSS_8p9arcsec_I_v1.1,-1.0886371455853805e-05,0.001032640808261931
MIGHTEE_Continuum_DR1_XMMLSS_8p9arcsec_I_v1.1_crop_1430.npy,MIGHTEE_Continuum_DR1_XMMLSS_8p9arcsec_I_v1.1,-1.0886371455853805e-05,0.001032640808261931
MIGHTEE_Continuum_DR1_XMMLSS_8p9arcsec_I_v1.1_crop_1431.npy,MIGHTEE_Continuum_DR1_XMMLSS_8p9arcsec_I_v1.1,-1.0886371455853805e-05,0.001032640808261931
MIGHTEE_Continuum_DR1_XMMLSS_8p9arcsec_I_v1.1_crop_1432.npy,MIGHTEE_Continuum_DR1_XMMLSS_8p9arcsec_I_v1.1,-1.0886371455853805e-05,0.001032640808261931
MIGHTEE_Continuum_DR1_XMMLSS_8p9arcsec_I_v1.1_crop_1433.npy,MIGHTEE_Continuum_DR1_XMMLSS_8p9arcsec_I_v1.1,-1.0886371455853805e-05,0.001032640808261931
MIGHTEE_Continuum_DR1_XMMLSS_8p9arcsec_I_v1.1_crop_1434.npy,MIGHTEE_Continuum_DR1_XMMLSS_8p9arcsec_I_v1.1,-1.0886371455853805e-05,0.001032640808261931
MIGHTEE_Continuum_DR1_XMMLSS_8p9arcsec_I_v1.1_crop_1435.npy,MIGHTEE_Continuum_DR1_XMMLSS_8p9arcsec_I_v1.1,-1.0886371455853805e-05,0.001032640808261931
MIGHTEE_Continuum_DR1_XMMLSS_8p9arcsec_I_v1.1_crop_1436.npy,MIGHTEE_Continuum_DR1_XMMLSS_8p9arcsec_I_v1.1,-1.0886371455853805e-05,0.001032640808261931
MIGHTEE_Continuum_DR1_XMMLSS_8p9arcsec_I_v1.1_crop_1437.npy,MIGHTEE_Continuum_DR1_XMMLSS_8p9arcsec_I_v1.1,-1.0886371455853805e-05,0.001032640808261931
MIGHTEE_Continuum_DR1_XMMLSS_8p9arcsec_I_v1.1_crop_1438.npy,MIGHTEE_Continuum_DR1_XMMLSS_8p9arcsec_I_v1.1,-1.0886371455853805e-05,0.001032640808261931
MIGHTEE_Continuum_DR1_XMMLSS_8p9arcsec_I_v1.1_crop_1439.npy,MIGHTEE_Continuum_DR1_XMMLSS_8p9arcsec_I_v1.1,-1.0886371455853805e-05,0.001032640808261931
MIGHTEE_Continuum_DR1_XMMLSS_8p9arcsec_I_v1.1_crop_1440.npy,MIGHTEE_Continuum_DR1_XMMLSS_8p9arcsec_I_v1.1,-1.0886371455853805e-05,0.001032640808261931
MIGHTEE_Continuum_DR1_XMMLSS_8p9arcsec_I_v1.1_crop_1441.npy,MIGHTEE_Continuum_DR1_XMMLSS_8p9arcsec_I_v1.1,-1.0886371455853805e-05,0.001032640808261931
MIGHTEE_Continuum_DR1_XMMLSS_8p9arcsec_I_v1.1_crop_1442.npy,MIGHTEE_Continuum_DR1_XMMLSS_8p9arcsec_I_v1.1,-1.0886371455853805e-05,0.001032640808261931
MIGHTEE_Continuum_DR1_XMMLSS_8p9arcsec_I_v1.1_crop_1443.npy,MIGHTEE_Continuum_DR1_XMMLSS_8p9arcsec_I_v1.1,-1.0886371455853805e-05,0.001032640808261931
MIGHTEE_Continuum_DR1_XMMLSS_8p9arcsec_I_v1.1_crop_1444.npy,MIGHTEE_Continuum_DR1_XMMLSS_8p9arcsec_I_v1.1,-1.0886371455853805e-05,0.001032640808261931
MIGHTEE_Continuum_DR1_XMMLSS_8p9arcsec_I_v1.1_crop_1445.npy,MIGHTEE_Continuum_DR1_XMMLSS_8p9arcsec_I_v1.1,-1.0886371455853805e-05,0.001032640808261931
MIGHTEE_Continuum_DR1_XMMLSS_8p9arcsec_I_v1.1_crop_1446.npy,MIGHTEE_Continuum_DR1_XMMLSS_8p9arcsec_I_v1.1,-1.0886371455853805e-05,0.001032640808261931
MIGHTEE_Continuum_DR1_XMMLSS_8p9arcsec_I_v1.1_crop_1447.npy,MIGHTEE_Continuum_DR1_XMMLSS_8p9arcsec_I_v1.1,-1.0886371455853805e-05,0.001032640808261931
MIGHTEE_Continuum_DR1_XMMLSS_8p9arcsec_I_v1.1_crop_1448.npy,MIGHTEE_Continuum_DR1_XMMLSS_8p9arcsec_I_v1.1,-1.0886371455853805e-05,0.001032640808261931
MIGHTEE_Continuum_DR1_XMMLSS_8p9arcsec_I_v1.1_crop_1449.npy,MIGHTEE_Continuum_DR1_XMMLSS_8p9arcsec_I_v1.1,-1.0886371455853805e-05,0.001032640808261931
MIGHTEE_Continuum_DR1_XMMLSS_8p9arcsec_I_v1.1_crop_1450.npy,MIGHTEE_Continuum_DR1_XMMLSS_8p9arcsec_I_v1.1,-1.0886371455853805e-05,0.001032640808261931
MIGHTEE_Continuum_DR1_XMMLSS_8p9arcsec_I_v1.1_crop_1451.npy,MIGHTEE_Continuum_DR1_XMMLSS_8p9arcsec_I_v1.1,-1.0886371455853805e-05,0.001032640808261931
MIGHTEE_Continuum_DR1_XMMLSS_8p9arcsec_I_v1.1_crop_1452.npy,MIGHTEE_Continuum_DR1_XMMLSS_8p9arcsec_I_v1.1,-1.0886371455853805e-05,0.001032640808261931
MIGHTEE_Continuum_DR1_XMMLSS_8p9arcsec_I_v1.1_crop_1453.npy,MIGHTEE_Continuum_DR1_XMMLSS_8p9arcsec_I_v1.1,-1.0886371455853805e-05,0.001032640808261931
MIGHTEE_Continuum_DR1_XMMLSS_8p9arcsec_I_v1.1_crop_1454.npy,MIGHTEE_Continuum_DR1_XMMLSS_8p9arcsec_I_v1.1,-1.0886371455853805e-05,0.001032640808261931
MIGHTEE_Continuum_DR1_XMMLSS_8p9arcsec_I_v1.1_crop_1455.npy,MIGHTEE_Continuum_DR1_XMMLSS_8p9arcsec_I_v1.1,-1.0886371455853805e-05,0.001032640808261931
MIGHTEE_Continuum_DR1_XMMLSS_8p9arcsec_I_v1.1_crop_1456.npy,MIGHTEE_Continuum_DR1_XMMLSS_8p9arcsec_I_v1.1,-1.0886371455853805e-05,0.001032640808261931
MIGHTEE_Continuum_DR1_XMMLSS_8p9arcsec_I_v1.1_crop_1457.npy,MIGHTEE_Continuum_DR1_XMMLSS_8p9arcsec_I_v1.1,-1.0886371455853805e-05,0.001032640808261931
MIGHTEE_Continuum_DR1_XMMLSS_8p9arcsec_I_v1.1_crop_1458.npy,MIGHTEE_Continuum_DR1_XMMLSS_8p9arcsec_I_v1.1,-1.0886371455853805e-05,0.001032640808261931
MIGHTEE_Continuum_DR1_XMMLSS_8p9arcsec_I_v1.1_crop_1459.npy,MIGHTEE_Continuum_DR1_XMMLSS_8p9arcsec_I_v1.1,-1.0886371455853805e-05,0.001032640808261931
MIGHTEE_Continuum_DR1_XMMLSS_8p9arcsec_I_v1.1_crop_1460.npy,MIGHTEE_Continuum_DR1_XMMLSS_8p9arcsec_I_v1.1,-1.0886371455853805e-05,0.001032640808261931
MIGHTEE_Continuum_DR1_XMMLSS_8p9arcsec_I_v1.1_crop_1461.npy,MIGHTEE_Continuum_DR1_XMMLSS_8p9arcsec_I_v1.1,-1.0886371455853805e-05,0.001032640808261931
MIGHTEE_Continuum_DR1_XMMLSS_8p9arcsec_I_v1.1_crop_1462.npy,MIGHTEE_Continuum_DR1_XMMLSS_8p9arcsec_I_v1.1,-1.0886371455853805e-05,0.001032640808261931
MIGHTEE_Continuum_DR1_XMMLSS_8p9arcsec_I_v1.1_crop_1463.npy,MIGHTEE_Continuum_DR1_XMMLSS_8p9arcsec_I_v1.1,-1.0886371455853805e-05,0.001032640808261931
MIGHTEE_Continuum_DR1_XMMLSS_8p9arcsec_I_v1.1_crop_1464.npy,MIGHTEE_Continuum_DR1_XMMLSS_8p9arcsec_I_v1.1,-1.0886371455853805e-05,0.001032640808261931
MIGHTEE_Continuum_DR1_XMMLSS_8p9arcsec_I_v1.1_crop_1465.npy,MIGHTEE_Continuum_DR1_XMMLSS_8p9arcsec_I_v1.1,-1.0886371455853805e-05,0.001032640808261931
MIGHTEE_Continuum_DR1_XMMLSS_8p9arcsec_I_v1.1_crop_1466.npy,MIGHTEE_Continuum_DR1_XMMLSS_8p9arcsec_I_v1.1,-1.0886371455853805e-05,0.001032640808261931
MIGHTEE_Continuum_DR1_XMMLSS_8p9arcsec_I_v1.1_crop_1467.npy,MIGHTEE_Continuum_DR1_XMMLSS_8p9arcsec_I_v1.1,-1.0886371455853805e-05,0.001032640808261931
MIGHTEE_Continuum_DR1_XMMLSS_8p9arcsec_I_v1.1_crop_1468.npy,MIGHTEE_Continuum_DR1_XMMLSS_8p9arcsec_I_v1.1,-1.0886371455853805e-05,0.001032640808261931
MIGHTEE_Continuum_DR1_XMMLSS_8p9arcsec_I_v1.1_crop_1469.npy,MIGHTEE_Continuum_DR1_XMMLSS_8p9arcsec_I_v1.1,-1.0886371455853805e-05,0.001032640808261931
MIGHTEE_Continuum_DR1_XMMLSS_8p9arcsec_I_v1.1_crop_1470.npy,MIGHTEE_Continuum_DR1_XMMLSS_8p9arcsec_I_v1.1,-1.0886371455853805e-05,0.001032640808261931
MIGHTEE_Continuum_DR1_XMMLSS_8p9arcsec_I_v1.1_crop_1471.npy,MIGHTEE_Continuum_DR1_XMMLSS_8p9arcsec_I_v1.1,-1.0886371455853805e-05,0.001032640808261931
MIGHTEE_Continuum_DR1_XMMLSS_8p9arcsec_I_v1.1_crop_1472.npy,MIGHTEE_Continuum_DR1_XMMLSS_8p9arcsec_I_v1.1,-1.0886371455853805e-05,0.001032640808261931
MIGHTEE_Continuum_DR1_XMMLSS_8p9arcsec_I_v1.1_crop_1473.npy,MIGHTEE_Continuum_DR1_XMMLSS_8p9arcsec_I_v1.1,-1.0886371455853805e-05,0.001032640808261931
MIGHTEE_Continuum_DR1_XMMLSS_8p9arcsec_I_v1.1_crop_1474.npy,MIGHTEE_Continuum_DR1_XMMLSS_8p9arcsec_I_v1.1,-1.0886371455853805e-05,0.001032640808261931
MIGHTEE_Continuum_DR1_XMMLSS_8p9arcsec_I_v1.1_crop_1475.npy,MIGHTEE_Continuum_DR1_XMMLSS_8p9arcsec_I_v1.1,-1.0886371455853805e-05,0.001032640808261931
MIGHTEE_Continuum_DR1_XMMLSS_8p9arcsec_I_v1.1_crop_1476.npy,MIGHTEE_Continuum_DR1_XMMLSS_8p9arcsec_I_v1.1,-1.0886371455853805e-05,0.001032640808261931
MIGHTEE_Continuum_DR1_XMMLSS_8p9arcsec_I_v1.1_crop_1477.npy,MIGHTEE_Continuum_DR1_XMMLSS_8p9arcsec_I_v1.1,-1.0886371455853805e-05,0.001032640808261931
MIGHTEE_Continuum_DR1_XMMLSS_8p9arcsec_I_v1.1_crop_1478.npy,MIGHTEE_Continuum_DR1_XMMLSS_8p9arcsec_I_v1.1,-1.0886371455853805e-05,0.001032640808261931
MIGHTEE_Continuum_DR1_XMMLSS_8p9arcsec_I_v1.1_crop_1479.npy,MIGHTEE_Continuum_DR1_XMMLSS_8p9arcsec_I_v1.1,-1.0886371455853805e-05,0.001032640808261931
MIGHTEE_Continuum_DR1_XMMLSS_8p9arcsec_I_v1.1_crop_1480.npy,MIGHTEE_Continuum_DR1_XMMLSS_8p9arcsec_I_v1.1,-1.0886371455853805e-05,0.001032640808261931
MIGHTEE_Continuum_DR1_XMMLSS_8p9arcsec_I_v1.1_crop_1481.npy,MIGHTEE_Continuum_DR1_XMMLSS_8p9arcsec_I_v1.1,-1.0886371455853805e-05,0.001032640808261931
MIGHTEE_Continuum_DR1_XMMLSS_8p9arcsec_I_v1.1_crop_1482.npy,MIGHTEE_Continuum_DR1_XMMLSS_8p9arcsec_I_v1.1,-1.0886371455853805e-05,0.001032640808261931
MIGHTEE_Continuum_DR1_XMMLSS_8p9arcsec_I_v1.1_crop_1483.npy,MIGHTEE_Continuum_DR1_XMMLSS_8p9arcsec_I_v1.1,-1.0886371455853805e-05,0.001032640808261931
MIGHTEE_Continuum_DR1_XMMLSS_8p9arcsec_I_v1.1_crop_1484.npy,MIGHTEE_Continuum_DR1_XMMLSS_8p9arcsec_I_v1.1,-1.0886371455853805e-05,0.001032640808261931
MIGHTEE_Continuum_DR1_XMMLSS_8p9arcsec_I_v1.1_crop_1485.npy,MIGHTEE_Continuum_DR1_XMMLSS_8p9arcsec_I_v1.1,-1.0886371455853805e-05,0.001032640808261931
MIGHTEE_Continuum_DR1_XMMLSS_8p9arcsec_I_v1.1_crop_1486.npy,MIGHTEE_Continuum_DR1_XMMLSS_8p9arcsec_I_v1.1,-1.0886371455853805e-05,0.001032640808261931
MIGHTEE_Continuum_DR1_XMMLSS_8p9arcsec_I_v1.1_crop_1487.npy,MIGHTEE_Continuum_DR1_XMMLSS_8p9arcsec_I_v1.1,-1.0886371455853805e-05,0.001032640808261931
MIGHTEE_Continuum_DR1_XMMLSS_8p9arcsec_I_v1.1_crop_1488.npy,MIGHTEE_Continuum_DR1_XMMLSS_8p9arcsec_I_v1.1,-1.0886371455853805e-05,0.001032640808261931
MIGHTEE_Continuum_DR1_XMMLSS_8p9arcsec_I_v1.1_crop_1489.npy,MIGHTEE_Continuum_DR1_XMMLSS_8p9arcsec_I_v1.1,-1.0886371455853805e-05,0.001032640808261931
MIGHTEE_Continuum_DR1_XMMLSS_8p9arcsec_I_v1.1_crop_1490.npy,MIGHTEE_Continuum_DR1_XMMLSS_8p9arcsec_I_v1.1,-1.0886371455853805e-05,0.001032640808261931
MIGHTEE_Continuum_DR1_XMMLSS_8p9arcsec_I_v1.1_crop_1491.npy,MIGHTEE_Continuum_DR1_XMMLSS_8p9arcsec_I_v1.1,-1.0886371455853805e-05,0.001032640808261931
MIGHTEE_Continuum_DR1_XMMLSS_8p9arcsec_I_v1.1_crop_1492.npy,MIGHTEE_Continuum_DR1_XMMLSS_8p9arcsec_I_v1.1,-1.0886371455853805e-05,0.001032640808261931
MIGHTEE_Continuum_DR1_XMMLSS_8p9arcsec_I_v1.1_crop_1493.npy,MIGHTEE_Continuum_DR1_XMMLSS_8p9arcsec_I_v1.1,-1.0886371455853805e-05,0.001032640808261931
MIGHTEE_Continuum_DR1_XMMLSS_8p9arcsec_I_v1.1_crop_1494.npy,MIGHTEE_Continuum_DR1_XMMLSS_8p9arcsec_I_v1.1,-1.0886371455853805e-05,0.001032640808261931
MIGHTEE_Continuum_DR1_XMMLSS_8p9arcsec_I_v1.1_crop_1495.npy,MIGHTEE_Continuum_DR1_XMMLSS_8p9arcsec_I_v1.1,-1.0886371455853805e-05,0.001032640808261931
MIGHTEE_Continuum_DR1_XMMLSS_8p9arcsec_I_v1.1_crop_1496.npy,MIGHTEE_Continuum_DR1_XMMLSS_8p9arcsec_I_v1.1,-1.0886371455853805e-05,0.001032640808261931
MIGHTEE_Continuum_DR1_XMMLSS_8p9arcsec_I_v1.1_crop_1497.npy,MIGHTEE_Continuum_DR1_XMMLSS_8p9arcsec_I_v1.1,-1.0886371455853805e-05,0.001032640808261931
MIGHTEE_Continuum_DR1_XMMLSS_8p9arcsec_I_v1.1_crop_1498.npy,MIGHTEE_Continuum_DR1_XMMLSS_8p9arcsec_I_v1.1,-1.0886371455853805e-05,0.001032640808261931
MIGHTEE_Continuum_DR1_XMMLSS_8p9arcsec_I_v1.1_crop_1499.npy,MIGHTEE_Continuum_DR1_XMMLSS_8p9arcsec_I_v1.1,-1.0886371455853805e-05,0.001032640808261931
MIGHTEE_Continuum_DR1_XMMLSS_8p9arcsec_I_v1.1_crop_1500.npy,MIGHTEE_Continuum_DR1_XMMLSS_8p9arcsec_I_v1.1,-1.0886371455853805e-05,0.001032640808261931
MIGHTEE_Continuum_DR1_XMMLSS_8p9arcsec_I_v1.1_crop_1501.npy,MIGHTEE_Continuum_DR1_XMMLSS_8p9arcsec_I_v1.1,-1.0886371455853805e-05,0.001032640808261931
MIGHTEE_Continuum_DR1_XMMLSS_8p9arcsec_I_v1.1_crop_1502.npy,MIGHTEE_Continuum_DR1_XMMLSS_8p9arcsec_I_v1.1,-1.0886371455853805e-05,0.001032640808261931
MIGHTEE_Continuum_DR1_XMMLSS_8p9arcsec_I_v1.1_crop_1503.npy,MIGHTEE_Continuum_DR1_XMMLSS_8p9arcsec_I_v1.1,-1.0886371455853805e-05,0.001032640808261931
MIGHTEE_Continuum_DR1_XMMLSS_8p9arcsec_I_v1.1_crop_1504.npy,MIGHTEE_Continuum_DR1_XMMLSS_8p9arcsec_I_v1.1,-1.0886371455853805e-05,0.001032640808261931
MIGHTEE_Continuum_DR1_XMMLSS_8p9arcsec_I_v1.1_crop_1505.npy,MIGHTEE_Continuum_DR1_XMMLSS_8p9arcsec_I_v1.1,-1.0886371455853805e-05,0.001032640808261931
MIGHTEE_Continuum_DR1_XMMLSS_8p9arcsec_I_v1.1_crop_1506.npy,MIGHTEE_Continuum_DR1_XMMLSS_8p9arcsec_I_v1.1,-1.0886371455853805e-05,0.001032640808261931
MIGHTEE_Continuum_DR1_XMMLSS_8p9arcsec_I_v1.1_crop_1507.npy,MIGHTEE_Continuum_DR1_XMMLSS_8p9arcsec_I_v1.1,-1.0886371455853805e-05,0.001032640808261931
MIGHTEE_Continuum_DR1_XMMLSS_8p9arcsec_I_v1.1_crop_1508.npy,MIGHTEE_Continuum_DR1_XMMLSS_8p9arcsec_I_v1.1,-1.0886371455853805e-05,0.001032640808261931
MIGHTEE_Continuum_DR1_XMMLSS_8p9arcsec_I_v1.1_crop_1509.npy,MIGHTEE_Continuum_DR1_XMMLSS_8p9arcsec_I_v1.1,-1.0886371455853805e-05,0.001032640808261931
MIGHTEE_Continuum_DR1_XMMLSS_8p9arcsec_I_v1.1_crop_1510.npy,MIGHTEE_Continuum_DR1_XMMLSS_8p9arcsec_I_v1.1,-1.0886371455853805e-05,0.001032640808261931
MIGHTEE_Continuum_DR1_XMMLSS_8p9arcsec_I_v1.1_crop_1511.npy,MIGHTEE_Continuum_DR1_XMMLSS_8p9arcsec_I_v1.1,-1.0886371455853805e-05,0.001032640808261931
MIGHTEE_Continuum_DR1_XMMLSS_8p9arcsec_I_v1.1_crop_1512.npy,MIGHTEE_Continuum_DR1_XMMLSS_8p9arcsec_I_v1.1,-1.0886371455853805e-05,0.001032640808261931
MIGHTEE_Continuum_DR1_XMMLSS_8p9arcsec_I_v1.1_crop_1513.npy,MIGHTEE_Continuum_DR1_XMMLSS_8p9arcsec_I_v1.1,-1.0886371455853805e-05,0.001032640808261931
MIGHTEE_Continuum_DR1_XMMLSS_8p9arcsec_I_v1.1_crop_1514.npy,MIGHTEE_Continuum_DR1_XMMLSS_8p9arcsec_I_v1.1,-1.0886371455853805e-05,0.001032640808261931
MIGHTEE_Continuum_DR1_XMMLSS_8p9arcsec_I_v1.1_crop_1515.npy,MIGHTEE_Continuum_DR1_XMMLSS_8p9arcsec_I_v1.1,-1.0886371455853805e-05,0.001032640808261931
MIGHTEE_Continuum_DR1_XMMLSS_8p9arcsec_I_v1.1_crop_1516.npy,MIGHTEE_Continuum_DR1_XMMLSS_8p9arcsec_I_v1.1,-1.0886371455853805e-05,0.001032640808261931
MIGHTEE_Continuum_DR1_XMMLSS_8p9arcsec_I_v1.1_crop_1517.npy,MIGHTEE_Continuum_DR1_XMMLSS_8p9arcsec_I_v1.1,-1.0886371455853805e-05,0.001032640808261931
MIGHTEE_Continuum_DR1_XMMLSS_8p9arcsec_I_v1.1_crop_1518.npy,MIGHTEE_Continuum_DR1_XMMLSS_8p9arcsec_I_v1.1,-1.0886371455853805e-05,0.001032640808261931
MIGHTEE_Continuum_DR1_XMMLSS_8p9arcsec_I_v1.1_crop_1519.npy,MIGHTEE_Continuum_DR1_XMMLSS_8p9arcsec_I_v1.1,-1.0886371455853805e-05,0.001032640808261931
MIGHTEE_Continuum_DR1_XMMLSS_8p9arcsec_I_v1.1_crop_1520.npy,MIGHTEE_Continuum_DR1_XMMLSS_8p9arcsec_I_v1.1,-1.0886371455853805e-05,0.001032640808261931
MIGHTEE_Continuum_DR1_XMMLSS_8p9arcsec_I_v1.1_crop_1521.npy,MIGHTEE_Continuum_DR1_XMMLSS_8p9arcsec_I_v1.1,-1.0886371455853805e-05,0.001032640808261931
MIGHTEE_Continuum_DR1_XMMLSS_8p9arcsec_I_v1.1_crop_1522.npy,MIGHTEE_Continuum_DR1_XMMLSS_8p9arcsec_I_v1.1,-1.0886371455853805e-05,0.001032640808261931
MIGHTEE_Continuum_DR1_XMMLSS_8p9arcsec_I_v1.1_crop_1523.npy,MIGHTEE_Continuum_DR1_XMMLSS_8p9arcsec_I_v1.1,-1.0886371455853805e-05,0.001032640808261931
MIGHTEE_Continuum_DR1_XMMLSS_8p9arcsec_I_v1.1_crop_1524.npy,MIGHTEE_Continuum_DR1_XMMLSS_8p9arcsec_I_v1.1,-1.0886371455853805e-05,0.001032640808261931
MIGHTEE_Continuum_DR1_XMMLSS_8p9arcsec_I_v1.1_crop_1525.npy,MIGHTEE_Continuum_DR1_XMMLSS_8p9arcsec_I_v1.1,-1.0886371455853805e-05,0.001032640808261931
MIGHTEE_Continuum_DR1_XMMLSS_8p9arcsec_I_v1.1_crop_1526.npy,MIGHTEE_Continuum_DR1_XMMLSS_8p9arcsec_I_v1.1,-1.0886371455853805e-05,0.001032640808261931
MIGHTEE_Continuum_DR1_XMMLSS_8p9arcsec_I_v1.1_crop_1527.npy,MIGHTEE_Continuum_DR1_XMMLSS_8p9arcsec_I_v1.1,-1.0886371455853805e-05,0.001032640808261931
MIGHTEE_Continuum_DR1_XMMLSS_8p9arcsec_I_v1.1_crop_1528.npy,MIGHTEE_Continuum_DR1_XMMLSS_8p9arcsec_I_v1.1,-1.0886371455853805e-05,0.001032640808261931
MIGHTEE_Continuum_DR1_XMMLSS_8p9arcsec_I_v1.1_crop_1529.npy,MIGHTEE_Continuum_DR1_XMMLSS_8p9arcsec_I_v1.1,-1.0886371455853805e-05,0.001032640808261931
MIGHTEE_Continuum_DR1_XMMLSS_8p9arcsec_I_v1.1_crop_1530.npy,MIGHTEE_Continuum_DR1_XMMLSS_8p9arcsec_I_v1.1,-1.0886371455853805e-05,0.001032640808261931
MIGHTEE_Continuum_DR1_XMMLSS_8p9arcsec_I_v1.1_crop_1531.npy,MIGHTEE_Continuum_DR1_XMMLSS_8p9arcsec_I_v1.1,-1.0886371455853805e-05,0.001032640808261931
MIGHTEE_Continuum_DR1_XMMLSS_8p9arcsec_I_v1.1_crop_1532.npy,MIGHTEE_Continuum_DR1_XMMLSS_8p9arcsec_I_v1.1,-1.0886371455853805e-05,0.001032640808261931
MIGHTEE_Continuum_DR1_XMMLSS_8p9arcsec_I_v1.1_crop_1533.npy,MIGHTEE_Continuum_DR1_XMMLSS_8p9arcsec_I_v1.1,-1.0886371455853805e-05,0.001032640808261931
MIGHTEE_Continuum_DR1_XMMLSS_8p9arcsec_I_v1.1_crop_1534.npy,MIGHTEE_Continuum_DR1_XMMLSS_8p9arcsec_I_v1.1,-1.0886371455853805e-05,0.001032640808261931
MIGHTEE_Continuum_DR1_XMMLSS_8p9arcsec_I_v1.1_crop_1535.npy,MIGHTEE_Continuum_DR1_XMMLSS_8p9arcsec_I_v1.1,-1.0886371455853805e-05,0.001032640808261931
MIGHTEE_Continuum_DR1_XMMLSS_8p9arcsec_I_v1.1_crop_1536.npy,MIGHTEE_Continuum_DR1_XMMLSS_8p9arcsec_I_v1.1,-1.0886371455853805e-05,0.001032640808261931
MIGHTEE_Continuum_DR1_XMMLSS_8p9arcsec_I_v1.1_crop_1537.npy,MIGHTEE_Continuum_DR1_XMMLSS_8p9arcsec_I_v1.1,-1.0886371455853805e-05,0.001032640808261931
MIGHTEE_Continuum_DR1_XMMLSS_8p9arcsec_I_v1.1_crop_1538.npy,MIGHTEE_Continuum_DR1_XMMLSS_8p9arcsec_I_v1.1,-1.0886371455853805e-05,0.001032640808261931
MIGHTEE_Continuum_DR1_XMMLSS_8p9arcsec_I_v1.1_crop_1539.npy,MIGHTEE_Continuum_DR1_XMMLSS_8p9arcsec_I_v1.1,-1.0886371455853805e-05,0.001032640808261931
MIGHTEE_Continuum_DR1_XMMLSS_8p9arcsec_I_v1.1_crop_1540.npy,MIGHTEE_Continuum_DR1_XMMLSS_8p9arcsec_I_v1.1,-1.0886371455853805e-05,0.001032640808261931
MIGHTEE_Continuum_DR1_XMMLSS_8p9arcsec_I_v1.1_crop_1541.npy,MIGHTEE_Continuum_DR1_XMMLSS_8p9arcsec_I_v1.1,-1.0886371455853805e-05,0.001032640808261931
MIGHTEE_Continuum_DR1_XMMLSS_8p9arcsec_I_v1.1_crop_1542.npy,MIGHTEE_Continuum_DR1_XMMLSS_8p9arcsec_I_v1.1,-1.0886371455853805e-05,0.001032640808261931
MIGHTEE_Continuum_DR1_XMMLSS_8p9arcsec_I_v1.1_crop_1543.npy,MIGHTEE_Continuum_DR1_XMMLSS_8p9arcsec_I_v1.1,-1.0886371455853805e-05,0.001032640808261931
MIGHTEE_Continuum_DR1_XMMLSS_8p9arcsec_I_v1.1_crop_1544.npy,MIGHTEE_Continuum_DR1_XMMLSS_8p9arcsec_I_v1.1,-1.0886371455853805e-05,0.001032640808261931
MIGHTEE_Continuum_DR1_XMMLSS_8p9arcsec_I_v1.1_crop_1545.npy,MIGHTEE_Continuum_DR1_XMMLSS_8p9arcsec_I_v1.1,-1.0886371455853805e-05,0.001032640808261931
MIGHTEE_Continuum_DR1_XMMLSS_8p9arcsec_I_v1.1_crop_1546.npy,MIGHTEE_Continuum_DR1_XMMLSS_8p9arcsec_I_v1.1,-1.0886371455853805e-05,0.001032640808261931
MIGHTEE_Continuum_DR1_XMMLSS_8p9arcsec_I_v1.1_crop_1547.npy,MIGHTEE_Continuum_DR1_XMMLSS_8p9arcsec_I_v1.1,-1.0886371455853805e-05,0.001032640808261931
MIGHTEE_Continuum_DR1_XMMLSS_8p9arcsec_I_v1.1_crop_1548.npy,MIGHTEE_Continuum_DR1_XMMLSS_8p9arcsec_I_v1.1,-1.0886371455853805e-05,0.001032640808261931
MIGHTEE_Continuum_DR1_XMMLSS_8p9arcsec_I_v1.1_crop_1549.npy,MIGHTEE_Continuum_DR1_XMMLSS_8p9arcsec_I_v1.1,-1.0886371455853805e-05,0.001032640808261931
MIGHTEE_Continuum_DR1_XMMLSS_8p9arcsec_I_v1.1_crop_1550.npy,MIGHTEE_Continuum_DR1_XMMLSS_8p9arcsec_I_v1.1,-1.0886371455853805e-05,0.001032640808261931
MIGHTEE_Continuum_DR1_XMMLSS_8p9arcsec_I_v1.1_crop_1551.npy,MIGHTEE_Continuum_DR1_XMMLSS_8p9arcsec_I_v1.1,-1.0886371455853805e-05,0.001032640808261931
MIGHTEE_Continuum_DR1_XMMLSS_8p9arcsec_I_v1.1_crop_1552.npy,MIGHTEE_Continuum_DR1_XMMLSS_8p9arcsec_I_v1.1,-1.0886371455853805e-05,0.001032640808261931
MIGHTEE_Continuum_DR1_XMMLSS_8p9arcsec_I_v1.1_crop_1553.npy,MIGHTEE_Continuum_DR1_XMMLSS_8p9arcsec_I_v1.1,-1.0886371455853805e-05,0.001032640808261931
MIGHTEE_Continuum_DR1_XMMLSS_8p9arcsec_I_v1.1_crop_1554.npy,MIGHTEE_Continuum_DR1_XMMLSS_8p9arcsec_I_v1.1,-1.0886371455853805e-05,0.001032640808261931
MIGHTEE_Continuum_DR1_XMMLSS_8p9arcsec_I_v1.1_crop_1555.npy,MIGHTEE_Continuum_DR1_XMMLSS_8p9arcsec_I_v1.1,-1.0886371455853805e-05,0.001032640808261931
MIGHTEE_Continuum_DR1_XMMLSS_8p9arcsec_I_v1.1_crop_1556.npy,MIGHTEE_Continuum_DR1_XMMLSS_8p9arcsec_I_v1.1,-1.0886371455853805e-05,0.001032640808261931
MIGHTEE_Continuum_DR1_XMMLSS_8p9arcsec_I_v1.1_crop_1557.npy,MIGHTEE_Continuum_DR1_XMMLSS_8p9arcsec_I_v1.1,-1.0886371455853805e-05,0.001032640808261931
MIGHTEE_Continuum_DR1_XMMLSS_8p9arcsec_I_v1.1_crop_1558.npy,MIGHTEE_Continuum_DR1_XMMLSS_8p9arcsec_I_v1.1,-1.0886371455853805e-05,0.001032640808261931
MIGHTEE_Continuum_DR1_XMMLSS_8p9arcsec_I_v1.1_crop_1559.npy,MIGHTEE_Continuum_DR1_XMMLSS_8p9arcsec_I_v1.1,-1.0886371455853805e-05,0.001032640808261931
MIGHTEE_Continuum_DR1_XMMLSS_8p9arcsec_I_v1.1_crop_1560.npy,MIGHTEE_Continuum_DR1_XMMLSS_8p9arcsec_I_v1.1,-1.0886371455853805e-05,0.001032640808261931
MIGHTEE_Continuum_DR1_XMMLSS_8p9arcsec_I_v1.1_crop_1561.npy,MIGHTEE_Continuum_DR1_XMMLSS_8p9arcsec_I_v1.1,-1.0886371455853805e-05,0.001032640808261931
MIGHTEE_Continuum_DR1_XMMLSS_8p9arcsec_I_v1.1_crop_1562.npy,MIGHTEE_Continuum_DR1_XMMLSS_8p9arcsec_I_v1.1,-1.0886371455853805e-05,0.001032640808261931
MIGHTEE_Continuum_DR1_XMMLSS_8p9arcsec_I_v1.1_crop_1563.npy,MIGHTEE_Continuum_DR1_XMMLSS_8p9arcsec_I_v1.1,-1.0886371455853805e-05,0.001032640808261931
MIGHTEE_Continuum_DR1_XMMLSS_8p9arcsec_I_v1.1_crop_1564.npy,MIGHTEE_Continuum_DR1_XMMLSS_8p9arcsec_I_v1.1,-1.0886371455853805e-05,0.001032640808261931
MIGHTEE_Continuum_DR1_XMMLSS_8p9arcsec_I_v1.1_crop_1565.npy,MIGHTEE_Continuum_DR1_XMMLSS_8p9arcsec_I_v1.1,-1.0886371455853805e-05,0.001032640808261931
MIGHTEE_Continuum_DR1_XMMLSS_8p9arcsec_I_v1.1_crop_1566.npy,MIGHTEE_Continuum_DR1_XMMLSS_8p9arcsec_I_v1.1,-1.0886371455853805e-05,0.001032640808261931
MIGHTEE_Continuum_DR1_XMMLSS_8p9arcsec_I_v1.1_crop_1567.npy,MIGHTEE_Continuum_DR1_XMMLSS_8p9arcsec_I_v1.1,-1.0886371455853805e-05,0.001032640808261931
MIGHTEE_Continuum_DR1_XMMLSS_8p9arcsec_I_v1.1_crop_1568.npy,MIGHTEE_Continuum_DR1_XMMLSS_8p9arcsec_I_v1.1,-1.0886371455853805e-05,0.001032640808261931
MIGHTEE_Continuum_DR1_XMMLSS_8p9arcsec_I_v1.1_crop_1569.npy,MIGHTEE_Continuum_DR1_XMMLSS_8p9arcsec_I_v1.1,-1.0886371455853805e-05,0.001032640808261931
MIGHTEE_Continuum_DR1_XMMLSS_8p9arcsec_I_v1.1_crop_1570.npy,MIGHTEE_Continuum_DR1_XMMLSS_8p9arcsec_I_v1.1,-1.0886371455853805e-05,0.001032640808261931
MIGHTEE_Continuum_DR1_XMMLSS_8p9arcsec_I_v1.1_crop_1571.npy,MIGHTEE_Continuum_DR1_XMMLSS_8p9arcsec_I_v1.1,-1.0886371455853805e-05,0.001032640808261931
MIGHTEE_Continuum_DR1_XMMLSS_8p9arcsec_I_v1.1_crop_1572.npy,MIGHTEE_Continuum_DR1_XMMLSS_8p9arcsec_I_v1.1,-1.0886371455853805e-05,0.001032640808261931
MIGHTEE_Continuum_DR1_XMMLSS_8p9arcsec_I_v1.1_crop_1573.npy,MIGHTEE_Continuum_DR1_XMMLSS_8p9arcsec_I_v1.1,-1.0886371455853805e-05,0.001032640808261931
MIGHTEE_Continuum_DR1_XMMLSS_8p9arcsec_I_v1.1_crop_1574.npy,MIGHTEE_Continuum_DR1_XMMLSS_8p9arcsec_I_v1.1,-1.0886371455853805e-05,0.001032640808261931
MIGHTEE_Continuum_DR1_XMMLSS_8p9arcsec_I_v1.1_crop_1575.npy,MIGHTEE_Continuum_DR1_XMMLSS_8p9arcsec_I_v1.1,-1.0886371455853805e-05,0.001032640808261931
MIGHTEE_Continuum_DR1_XMMLSS_8p9arcsec_I_v1.1_crop_1576.npy,MIGHTEE_Continuum_DR1_XMMLSS_8p9arcsec_I_v1.1,-1.0886371455853805e-05,0.001032640808261931
MIGHTEE_Continuum_DR1_XMMLSS_8p9arcsec_I_v1.1_crop_1577.npy,MIGHTEE_Continuum_DR1_XMMLSS_8p9arcsec_I_v1.1,-1.0886371455853805e-05,0.001032640808261931
MIGHTEE_Continuum_DR1_XMMLSS_8p9arcsec_I_v1.1_crop_1578.npy,MIGHTEE_Continuum_DR1_XMMLSS_8p9arcsec_I_v1.1,-1.0886371455853805e-05,0.001032640808261931
MIGHTEE_Continuum_DR1_XMMLSS_8p9arcsec_I_v1.1_crop_1579.npy,MIGHTEE_Continuum_DR1_XMMLSS_8p9arcsec_I_v1.1,-1.0886371455853805e-05,0.001032640808261931
MIGHTEE_Continuum_DR1_XMMLSS_8p9arcsec_I_v1.1_crop_1580.npy,MIGHTEE_Continuum_DR1_XMMLSS_8p9arcsec_I_v1.1,-1.0886371455853805e-05,0.001032640808261931
MIGHTEE_Continuum_DR1_XMMLSS_8p9arcsec_I_v1.1_crop_1581.npy,MIGHTEE_Continuum_DR1_XMMLSS_8p9arcsec_I_v1.1,-1.0886371455853805e-05,0.001032640808261931
MIGHTEE_Continuum_DR1_XMMLSS_8p9arcsec_I_v1.1_crop_1582.npy,MIGHTEE_Continuum_DR1_XMMLSS_8p9arcsec_I_v1.1,-1.0886371455853805e-05,0.001032640808261931
MIGHTEE_Continuum_DR1_XMMLSS_8p9arcsec_I_v1.1_crop_1583.npy,MIGHTEE_Continuum_DR1_XMMLSS_8p9arcsec_I_v1.1,-1.0886371455853805e-05,0.001032640808261931
MIGHTEE_Continuum_DR1_XMMLSS_8p9arcsec_I_v1.1_crop_1584.npy,MIGHTEE_Continuum_DR1_XMMLSS_8p9arcsec_I_v1.1,-1.0886371455853805e-05,0.001032640808261931
MIGHTEE_Continuum_DR1_XMMLSS_8p9arcsec_I_v1.1_crop_1585.npy,MIGHTEE_Continuum_DR1_XMMLSS_8p9arcsec_I_v1.1,-1.0886371455853805e-05,0.001032640808261931
MIGHTEE_Continuum_DR1_XMMLSS_8p9arcsec_I_v1.1_crop_1586.npy,MIGHTEE_Continuum_DR1_XMMLSS_8p9arcsec_I_v1.1,-1.0886371455853805e-05,0.001032640808261931
MIGHTEE_Continuum_DR1_XMMLSS_8p9arcsec_I_v1.1_crop_1587.npy,MIGHTEE_Continuum_DR1_XMMLSS_8p9arcsec_I_v1.1,-1.0886371455853805e-05,0.001032640808261931
MIGHTEE_Continuum_DR1_XMMLSS_8p9arcsec_I_v1.1_crop_1588.npy,MIGHTEE_Continuum_DR1_XMMLSS_8p9arcsec_I_v1.1,-1.0886371455853805e-05,0.001032640808261931
MIGHTEE_Continuum_DR1_XMMLSS_8p9arcsec_I_v1.1_crop_1589.npy,MIGHTEE_Continuum_DR1_XMMLSS_8p9arcsec_I_v1.1,-1.0886371455853805e-05,0.001032640808261931
MIGHTEE_Continuum_DR1_XMMLSS_8p9arcsec_I_v1.1_crop_1590.npy,MIGHTEE_Continuum_DR1_XMMLSS_8p9arcsec_I_v1.1,-1.0886371455853805e-05,0.001032640808261931
MIGHTEE_Continuum_DR1_XMMLSS_8p9arcsec_I_v1.1_crop_1591.npy,MIGHTEE_Continuum_DR1_XMMLSS_8p9arcsec_I_v1.1,-1.0886371455853805e-05,0.001032640808261931
MIGHTEE_Continuum_DR1_XMMLSS_8p9arcsec_I_v1.1_crop_1592.npy,MIGHTEE_Continuum_DR1_XMMLSS_8p9arcsec_I_v1.1,-1.0886371455853805e-05,0.001032640808261931
MIGHTEE_Continuum_DR1_XMMLSS_8p9arcsec_I_v1.1_crop_1593.npy,MIGHTEE_Continuum_DR1_XMMLSS_8p9arcsec_I_v1.1,-1.0886371455853805e-05,0.001032640808261931
MIGHTEE_Continuum_DR1_XMMLSS_8p9arcsec_I_v1.1_crop_1594.npy,MIGHTEE_Continuum_DR1_XMMLSS_8p9arcsec_I_v1.1,-1.0886371455853805e-05,0.001032640808261931
MIGHTEE_Continuum_DR1_XMMLSS_8p9arcsec_I_v1.1_crop_1595.npy,MIGHTEE_Continuum_DR1_XMMLSS_8p9arcsec_I_v1.1,-1.0886371455853805e-05,0.001032640808261931
MIGHTEE_Continuum_DR1_XMMLSS_8p9arcsec_I_v1.1_crop_1596.npy,MIGHTEE_Continuum_DR1_XMMLSS_8p9arcsec_I_v1.1,-1.0886371455853805e-05,0.001032640808261931
MIGHTEE_Continuum_DR1_XMMLSS_8p9arcsec_I_v1.1_crop_1597.npy,MIGHTEE_Continuum_DR1_XMMLSS_8p9arcsec_I_v1.1,-1.0886371455853805e-05,0.001032640808261931
MIGHTEE_Continuum_DR1_XMMLSS_8p9arcsec_I_v1.1_crop_1598.npy,MIGHTEE_Continuum_DR1_XMMLSS_8p9arcsec_I_v1.1,-1.0886371455853805e-05,0.001032640808261931
MIGHTEE_Continuum_DR1_XMMLSS_8p9arcsec_I_v1.1_crop_1599.npy,MIGHTEE_Continuum_DR1_XMMLSS_8p9arcsec_I_v1.1,-1.0886371455853805e-05,0.001032640808261931
MIGHTEE_Continuum_DR1_XMMLSS_8p9arcsec_I_v1.1_crop_1600.npy,MIGHTEE_Continuum_DR1_XMMLSS_8p9arcsec_I_v1.1,-1.0886371455853805e-05,0.001032640808261931
MIGHTEE_Continuum_DR1_XMMLSS_8p9arcsec_I_v1.1_crop_1601.npy,MIGHTEE_Continuum_DR1_XMMLSS_8p9arcsec_I_v1.1,-1.0886371455853805e-05,0.001032640808261931
MIGHTEE_Continuum_DR1_XMMLSS_8p9arcsec_I_v1.1_crop_1602.npy,MIGHTEE_Continuum_DR1_XMMLSS_8p9arcsec_I_v1.1,-1.0886371455853805e-05,0.001032640808261931
MIGHTEE_Continuum_DR1_XMMLSS_8p9arcsec_I_v1.1_crop_1603.npy,MIGHTEE_Continuum_DR1_XMMLSS_8p9arcsec_I_v1.1,-1.0886371455853805e-05,0.001032640808261931
MIGHTEE_Continuum_DR1_XMMLSS_8p9arcsec_I_v1.1_crop_1604.npy,MIGHTEE_Continuum_DR1_XMMLSS_8p9arcsec_I_v1.1,-1.0886371455853805e-05,0.001032640808261931
MIGHTEE_Continuum_DR1_XMMLSS_8p9arcsec_I_v1.1_crop_1605.npy,MIGHTEE_Continuum_DR1_XMMLSS_8p9arcsec_I_v1.1,-1.0886371455853805e-05,0.001032640808261931
MIGHTEE_Continuum_DR1_XMMLSS_8p9arcsec_I_v1.1_crop_1606.npy,MIGHTEE_Continuum_DR1_XMMLSS_8p9arcsec_I_v1.1,-1.0886371455853805e-05,0.001032640808261931
MIGHTEE_Continuum_DR1_XMMLSS_8p9arcsec_I_v1.1_crop_1607.npy,MIGHTEE_Continuum_DR1_XMMLSS_8p9arcsec_I_v1.1,-1.0886371455853805e-05,0.001032640808261931
MIGHTEE_Continuum_DR1_XMMLSS_8p9arcsec_I_v1.1_crop_1608.npy,MIGHTEE_Continuum_DR1_XMMLSS_8p9arcsec_I_v1.1,-1.0886371455853805e-05,0.001032640808261931
MIGHTEE_Continuum_DR1_XMMLSS_8p9arcsec_I_v1.1_crop_1609.npy,MIGHTEE_Continuum_DR1_XMMLSS_8p9arcsec_I_v1.1,-1.0886371455853805e-05,0.001032640808261931
MIGHTEE_Continuum_DR1_XMMLSS_8p9arcsec_I_v1.1_crop_1610.npy,MIGHTEE_Continuum_DR1_XMMLSS_8p9arcsec_I_v1.1,-1.0886371455853805e-05,0.001032640808261931
MIGHTEE_Continuum_DR1_XMMLSS_8p9arcsec_I_v1.1_crop_1611.npy,MIGHTEE_Continuum_DR1_XMMLSS_8p9arcsec_I_v1.1,-1.0886371455853805e-05,0.001032640808261931
MIGHTEE_Continuum_DR1_XMMLSS_8p9arcsec_I_v1.1_crop_1612.npy,MIGHTEE_Continuum_DR1_XMMLSS_8p9arcsec_I_v1.1,-1.0886371455853805e-05,0.001032640808261931
MIGHTEE_Continuum_DR1_XMMLSS_8p9arcsec_I_v1.1_crop_1613.npy,MIGHTEE_Continuum_DR1_XMMLSS_8p9arcsec_I_v1.1,-1.0886371455853805e-05,0.001032640808261931
MIGHTEE_Continuum_DR1_XMMLSS_8p9arcsec_I_v1.1_crop_1614.npy,MIGHTEE_Continuum_DR1_XMMLSS_8p9arcsec_I_v1.1,-1.0886371455853805e-05,0.001032640808261931
MIGHTEE_Continuum_DR1_XMMLSS_8p9arcsec_I_v1.1_crop_1615.npy,MIGHTEE_Continuum_DR1_XMMLSS_8p9arcsec_I_v1.1,-1.0886371455853805e-05,0.001032640808261931
MIGHTEE_Continuum_DR1_XMMLSS_8p9arcsec_I_v1.1_crop_1616.npy,MIGHTEE_Continuum_DR1_XMMLSS_8p9arcsec_I_v1.1,-1.0886371455853805e-05,0.001032640808261931
MIGHTEE_Continuum_DR1_XMMLSS_8p9arcsec_I_v1.1_crop_1617.npy,MIGHTEE_Continuum_DR1_XMMLSS_8p9arcsec_I_v1.1,-1.0886371455853805e-05,0.001032640808261931
MIGHTEE_Continuum_DR1_XMMLSS_8p9arcsec_I_v1.1_crop_1618.npy,MIGHTEE_Continuum_DR1_XMMLSS_8p9arcsec_I_v1.1,-1.0886371455853805e-05,0.001032640808261931
MIGHTEE_Continuum_DR1_XMMLSS_8p9arcsec_I_v1.1_crop_1619.npy,MIGHTEE_Continuum_DR1_XMMLSS_8p9arcsec_I_v1.1,-1.0886371455853805e-05,0.001032640808261931
MIGHTEE_Continuum_DR1_XMMLSS_8p9arcsec_I_v1.1_crop_1620.npy,MIGHTEE_Continuum_DR1_XMMLSS_8p9arcsec_I_v1.1,-1.0886371455853805e-05,0.001032640808261931
MIGHTEE_Continuum_DR1_XMMLSS_8p9arcsec_I_v1.1_crop_1621.npy,MIGHTEE_Continuum_DR1_XMMLSS_8p9arcsec_I_v1.1,-1.0886371455853805e-05,0.001032640808261931
MIGHTEE_Continuum_DR1_XMMLSS_8p9arcsec_I_v1.1_crop_1622.npy,MIGHTEE_Continuum_DR1_XMMLSS_8p9arcsec_I_v1.1,-1.0886371455853805e-05,0.001032640808261931
MIGHTEE_Continuum_DR1_XMMLSS_8p9arcsec_I_v1.1_crop_1623.npy,MIGHTEE_Continuum_DR1_XMMLSS_8p9arcsec_I_v1.1,-1.0886371455853805e-05,0.001032640808261931
MIGHTEE_Continuum_DR1_XMMLSS_8p9arcsec_I_v1.1_crop_1624.npy,MIGHTEE_Continuum_DR1_XMMLSS_8p9arcsec_I_v1.1,-1.0886371455853805e-05,0.001032640808261931
MIGHTEE_Continuum_DR1_XMMLSS_8p9arcsec_I_v1.1_crop_1625.npy,MIGHTEE_Continuum_DR1_XMMLSS_8p9arcsec_I_v1.1,-1.0886371455853805e-05,0.001032640808261931
MIGHTEE_Continuum_DR1_XMMLSS_8p9arcsec_I_v1.1_crop_1626.npy,MIGHTEE_Continuum_DR1_XMMLSS_8p9arcsec_I_v1.1,-1.0886371455853805e-05,0.001032640808261931
MIGHTEE_Continuum_DR1_XMMLSS_8p9arcsec_I_v1.1_crop_1627.npy,MIGHTEE_Continuum_DR1_XMMLSS_8p9arcsec_I_v1.1,-1.0886371455853805e-05,0.001032640808261931
MIGHTEE_Continuum_DR1_XMMLSS_8p9arcsec_I_v1.1_crop_1628.npy,MIGHTEE_Continuum_DR1_XMMLSS_8p9arcsec_I_v1.1,-1.0886371455853805e-05,0.001032640808261931
MIGHTEE_Continuum_DR1_XMMLSS_8p9arcsec_I_v1.1_crop_1629.npy,MIGHTEE_Continuum_DR1_XMMLSS_8p9arcsec_I_v1.1,-1.0886371455853805e-05,0.001032640808261931
MIGHTEE_Continuum_DR1_XMMLSS_8p9arcsec_I_v1.1_crop_1630.npy,MIGHTEE_Continuum_DR1_XMMLSS_8p9arcsec_I_v1.1,-1.0886371455853805e-05,0.001032640808261931
MIGHTEE_Continuum_DR1_XMMLSS_8p9arcsec_I_v1.1_crop_1631.npy,MIGHTEE_Continuum_DR1_XMMLSS_8p9arcsec_I_v1.1,-1.0886371455853805e-05,0.001032640808261931
MIGHTEE_Continuum_DR1_XMMLSS_8p9arcsec_I_v1.1_crop_1632.npy,MIGHTEE_Continuum_DR1_XMMLSS_8p9arcsec_I_v1.1,-1.0886371455853805e-05,0.001032640808261931
MIGHTEE_Continuum_DR1_XMMLSS_8p9arcsec_I_v1.1_crop_1633.npy,MIGHTEE_Continuum_DR1_XMMLSS_8p9arcsec_I_v1.1,-1.0886371455853805e-05,0.001032640808261931
MIGHTEE_Continuum_DR1_XMMLSS_8p9arcsec_I_v1.1_crop_1634.npy,MIGHTEE_Continuum_DR1_XMMLSS_8p9arcsec_I_v1.1,-1.0886371455853805e-05,0.001032640808261931
MIGHTEE_Continuum_DR1_XMMLSS_8p9arcsec_I_v1.1_crop_1635.npy,MIGHTEE_Continuum_DR1_XMMLSS_8p9arcsec_I_v1.1,-1.0886371455853805e-05,0.001032640808261931
MIGHTEE_Continuum_DR1_XMMLSS_8p9arcsec_I_v1.1_crop_1636.npy,MIGHTEE_Continuum_DR1_XMMLSS_8p9arcsec_I_v1.1,-1.0886371455853805e-05,0.001032640808261931
MIGHTEE_Continuum_DR1_XMMLSS_8p9arcsec_I_v1.1_crop_1637.npy,MIGHTEE_Continuum_DR1_XMMLSS_8p9arcsec_I_v1.1,-1.0886371455853805e-05,0.001032640808261931
MIGHTEE_Continuum_DR1_XMMLSS_8p9arcsec_I_v1.1_crop_1638.npy,MIGHTEE_Continuum_DR1_XMMLSS_8p9arcsec_I_v1.1,-1.0886371455853805e-05,0.001032640808261931
MIGHTEE_Continuum_DR1_XMMLSS_8p9arcsec_I_v1.1_crop_1639.npy,MIGHTEE_Continuum_DR1_XMMLSS_8p9arcsec_I_v1.1,-1.0886371455853805e-05,0.001032640808261931
MIGHTEE_Continuum_DR1_XMMLSS_8p9arcsec_I_v1.1_crop_1640.npy,MIGHTEE_Continuum_DR1_XMMLSS_8p9arcsec_I_v1.1,-1.0886371455853805e-05,0.001032640808261931
MIGHTEE_Continuum_DR1_XMMLSS_8p9arcsec_I_v1.1_crop_1641.npy,MIGHTEE_Continuum_DR1_XMMLSS_8p9arcsec_I_v1.1,-1.0886371455853805e-05,0.001032640808261931
MIGHTEE_Continuum_DR1_XMMLSS_8p9arcsec_I_v1.1_crop_1642.npy,MIGHTEE_Continuum_DR1_XMMLSS_8p9arcsec_I_v1.1,-1.0886371455853805e-05,0.001032640808261931
MIGHTEE_Continuum_DR1_XMMLSS_8p9arcsec_I_v1.1_crop_1643.npy,MIGHTEE_Continuum_DR1_XMMLSS_8p9arcsec_I_v1.1,-1.0886371455853805e-05,0.001032640808261931
MIGHTEE_Continuum_DR1_XMMLSS_8p9arcsec_I_v1.1_crop_1644.npy,MIGHTEE_Continuum_DR1_XMMLSS_8p9arcsec_I_v1.1,-1.0886371455853805e-05,0.001032640808261931
MIGHTEE_Continuum_DR1_XMMLSS_8p9arcsec_I_v1.1_crop_1645.npy,MIGHTEE_Continuum_DR1_XMMLSS_8p9arcsec_I_v1.1,-1.0886371455853805e-05,0.001032640808261931
MIGHTEE_Continuum_DR1_XMMLSS_8p9arcsec_I_v1.1_crop_1646.npy,MIGHTEE_Continuum_DR1_XMMLSS_8p9arcsec_I_v1.1,-1.0886371455853805e-05,0.001032640808261931
MIGHTEE_Continuum_DR1_XMMLSS_8p9arcsec_I_v1.1_crop_1647.npy,MIGHTEE_Continuum_DR1_XMMLSS_8p9arcsec_I_v1.1,-1.0886371455853805e-05,0.001032640808261931
MIGHTEE_Continuum_DR1_XMMLSS_8p9arcsec_I_v1.1_crop_1648.npy,MIGHTEE_Continuum_DR1_XMMLSS_8p9arcsec_I_v1.1,-1.0886371455853805e-05,0.001032640808261931
MIGHTEE_Continuum_DR1_XMMLSS_8p9arcsec_I_v1.1_crop_1649.npy,MIGHTEE_Continuum_DR1_XMMLSS_8p9arcsec_I_v1.1,-1.0886371455853805e-05,0.001032640808261931
MIGHTEE_Continuum_DR1_XMMLSS_8p9arcsec_I_v1.1_crop_1650.npy,MIGHTEE_Continuum_DR1_XMMLSS_8p9arcsec_I_v1.1,-1.0886371455853805e-05,0.001032640808261931
MIGHTEE_Continuum_DR1_XMMLSS_8p9arcsec_I_v1.1_crop_1651.npy,MIGHTEE_Continuum_DR1_XMMLSS_8p9arcsec_I_v1.1,-1.0886371455853805e-05,0.001032640808261931
MIGHTEE_Continuum_DR1_XMMLSS_8p9arcsec_I_v1.1_crop_1652.npy,MIGHTEE_Continuum_DR1_XMMLSS_8p9arcsec_I_v1.1,-1.0886371455853805e-05,0.001032640808261931
MIGHTEE_Continuum_DR1_XMMLSS_8p9arcsec_I_v1.1_crop_1653.npy,MIGHTEE_Continuum_DR1_XMMLSS_8p9arcsec_I_v1.1,-1.0886371455853805e-05,0.001032640808261931
MIGHTEE_Continuum_DR1_XMMLSS_8p9arcsec_I_v1.1_crop_1654.npy,MIGHTEE_Continuum_DR1_XMMLSS_8p9arcsec_I_v1.1,-1.0886371455853805e-05,0.001032640808261931
MIGHTEE_Continuum_DR1_XMMLSS_8p9arcsec_I_v1.1_crop_1655.npy,MIGHTEE_Continuum_DR1_XMMLSS_8p9arcsec_I_v1.1,-1.0886371455853805e-05,0.001032640808261931
MIGHTEE_Continuum_DR1_XMMLSS_8p9arcsec_I_v1.1_crop_1656.npy,MIGHTEE_Continuum_DR1_XMMLSS_8p9arcsec_I_v1.1,-1.0886371455853805e-05,0.001032640808261931
MIGHTEE_Continuum_DR1_XMMLSS_8p9arcsec_I_v1.1_crop_1657.npy,MIGHTEE_Continuum_DR1_XMMLSS_8p9arcsec_I_v1.1,-1.0886371455853805e-05,0.001032640808261931
MIGHTEE_Continuum_DR1_XMMLSS_8p9arcsec_I_v1.1_crop_1658.npy,MIGHTEE_Continuum_DR1_XMMLSS_8p9arcsec_I_v1.1,-1.0886371455853805e-05,0.001032640808261931
MIGHTEE_Continuum_DR1_XMMLSS_8p9arcsec_I_v1.1_crop_1659.npy,MIGHTEE_Continuum_DR1_XMMLSS_8p9arcsec_I_v1.1,-1.0886371455853805e-05,0.001032640808261931
MIGHTEE_Continuum_DR1_XMMLSS_8p9arcsec_I_v1.1_crop_1660.npy,MIGHTEE_Continuum_DR1_XMMLSS_8p9arcsec_I_v1.1,-1.0886371455853805e-05,0.001032640808261931
MIGHTEE_Continuum_DR1_XMMLSS_8p9arcsec_I_v1.1_crop_1661.npy,MIGHTEE_Continuum_DR1_XMMLSS_8p9arcsec_I_v1.1,-1.0886371455853805e-05,0.001032640808261931
MIGHTEE_Continuum_DR1_XMMLSS_8p9arcsec_I_v1.1_crop_1662.npy,MIGHTEE_Continuum_DR1_XMMLSS_8p9arcsec_I_v1.1,-1.0886371455853805e-05,0.001032640808261931
MIGHTEE_Continuum_DR1_XMMLSS_8p9arcsec_I_v1.1_crop_1663.npy,MIGHTEE_Continuum_DR1_XMMLSS_8p9arcsec_I_v1.1,-1.0886371455853805e-05,0.001032640808261931
MIGHTEE_Continuum_DR1_XMMLSS_8p9arcsec_I_v1.1_crop_1664.npy,MIGHTEE_Continuum_DR1_XMMLSS_8p9arcsec_I_v1.1,-1.0886371455853805e-05,0.001032640808261931
MIGHTEE_Continuum_DR1_XMMLSS_8p9arcsec_I_v1.1_crop_1665.npy,MIGHTEE_Continuum_DR1_XMMLSS_8p9arcsec_I_v1.1,-1.0886371455853805e-05,0.001032640808261931
MIGHTEE_Continuum_DR1_XMMLSS_8p9arcsec_I_v1.1_crop_1666.npy,MIGHTEE_Continuum_DR1_XMMLSS_8p9arcsec_I_v1.1,-1.0886371455853805e-05,0.001032640808261931
MIGHTEE_Continuum_DR1_XMMLSS_8p9arcsec_I_v1.1_crop_1667.npy,MIGHTEE_Continuum_DR1_XMMLSS_8p9arcsec_I_v1.1,-1.0886371455853805e-05,0.001032640808261931
MIGHTEE_Continuum_DR1_XMMLSS_8p9arcsec_I_v1.1_crop_1668.npy,MIGHTEE_Continuum_DR1_XMMLSS_8p9arcsec_I_v1.1,-1.0886371455853805e-05,0.001032640808261931
MIGHTEE_Continuum_DR1_XMMLSS_8p9arcsec_I_v1.1_crop_1669.npy,MIGHTEE_Continuum_DR1_XMMLSS_8p9arcsec_I_v1.1,-1.0886371455853805e-05,0.001032640808261931
MIGHTEE_Continuum_DR1_XMMLSS_8p9arcsec_I_v1.1_crop_1670.npy,MIGHTEE_Continuum_DR1_XMMLSS_8p9arcsec_I_v1.1,-1.0886371455853805e-05,0.001032640808261931
MIGHTEE_Continuum_DR1_XMMLSS_8p9arcsec_I_v1.1_crop_1671.npy,MIGHTEE_Continuum_DR1_XMMLSS_8p9arcsec_I_v1.1,-1.0886371455853805e-05,0.001032640808261931
MIGHTEE_Continuum_DR1_XMMLSS_8p9arcsec_I_v1.1_crop_1672.npy,MIGHTEE_Continuum_DR1_XMMLSS_8p9arcsec_I_v1.1,-1.0886371455853805e-05,0.001032640808261931
MIGHTEE_Continuum_DR1_XMMLSS_8p9arcsec_I_v1.1_crop_1673.npy,MIGHTEE_Continuum_DR1_XMMLSS_8p9arcsec_I_v1.1,-1.0886371455853805e-05,0.001032640808261931
MIGHTEE_Continuum_DR1_XMMLSS_8p9arcsec_I_v1.1_crop_1674.npy,MIGHTEE_Continuum_DR1_XMMLSS_8p9arcsec_I_v1.1,-1.0886371455853805e-05,0.001032640808261931
MIGHTEE_Continuum_DR1_XMMLSS_8p9arcsec_I_v1.1_crop_1675.npy,MIGHTEE_Continuum_DR1_XMMLSS_8p9arcsec_I_v1.1,-1.0886371455853805e-05,0.001032640808261931
MIGHTEE_Continuum_DR1_XMMLSS_8p9arcsec_I_v1.1_crop_1676.npy,MIGHTEE_Continuum_DR1_XMMLSS_8p9arcsec_I_v1.1,-1.0886371455853805e-05,0.001032640808261931
MIGHTEE_Continuum_DR1_XMMLSS_8p9arcsec_I_v1.1_crop_1677.npy,MIGHTEE_Continuum_DR1_XMMLSS_8p9arcsec_I_v1.1,-1.0886371455853805e-05,0.001032640808261931
MIGHTEE_Continuum_DR1_XMMLSS_8p9arcsec_I_v1.1_crop_1678.npy,MIGHTEE_Continuum_DR1_XMMLSS_8p9arcsec_I_v1.1,-1.0886371455853805e-05,0.001032640808261931
MIGHTEE_Continuum_DR1_XMMLSS_8p9arcsec_I_v1.1_crop_1679.npy,MIGHTEE_Continuum_DR1_XMMLSS_8p9arcsec_I_v1.1,-1.0886371455853805e-05,0.001032640808261931
MIGHTEE_Continuum_DR1_XMMLSS_8p9arcsec_I_v1.1_crop_1680.npy,MIGHTEE_Continuum_DR1_XMMLSS_8p9arcsec_I_v1.1,-1.0886371455853805e-05,0.001032640808261931
MIGHTEE_Continuum_DR1_XMMLSS_8p9arcsec_I_v1.1_crop_1681.npy,MIGHTEE_Continuum_DR1_XMMLSS_8p9arcsec_I_v1.1,-1.0886371455853805e-05,0.001032640808261931
MIGHTEE_Continuum_DR1_XMMLSS_8p9arcsec_I_v1.1_crop_1682.npy,MIGHTEE_Continuum_DR1_XMMLSS_8p9arcsec_I_v1.1,-1.0886371455853805e-05,0.001032640808261931
MIGHTEE_Continuum_DR1_XMMLSS_8p9arcsec_I_v1.1_crop_1683.npy,MIGHTEE_Continuum_DR1_XMMLSS_8p9arcsec_I_v1.1,-1.0886371455853805e-05,0.001032640808261931
MIGHTEE_Continuum_DR1_XMMLSS_8p9arcsec_I_v1.1_crop_1684.npy,MIGHTEE_Continuum_DR1_XMMLSS_8p9arcsec_I_v1.1,-1.0886371455853805e-05,0.001032640808261931
MIGHTEE_Continuum_DR1_XMMLSS_8p9arcsec_I_v1.1_crop_1685.npy,MIGHTEE_Continuum_DR1_XMMLSS_8p9arcsec_I_v1.1,-1.0886371455853805e-05,0.001032640808261931
MIGHTEE_Continuum_DR1_XMMLSS_8p9arcsec_I_v1.1_crop_1686.npy,MIGHTEE_Continuum_DR1_XMMLSS_8p9arcsec_I_v1.1,-1.0886371455853805e-05,0.001032640808261931
MIGHTEE_Continuum_DR1_XMMLSS_8p9arcsec_I_v1.1_crop_1687.npy,MIGHTEE_Continuum_DR1_XMMLSS_8p9arcsec_I_v1.1,-1.0886371455853805e-05,0.001032640808261931
MIGHTEE_Continuum_DR1_XMMLSS_8p9arcsec_I_v1.1_crop_1688.npy,MIGHTEE_Continuum_DR1_XMMLSS_8p9arcsec_I_v1.1,-1.0886371455853805e-05,0.001032640808261931
MIGHTEE_Continuum_DR1_XMMLSS_8p9arcsec_I_v1.1_crop_1689.npy,MIGHTEE_Continuum_DR1_XMMLSS_8p9arcsec_I_v1.1,-1.0886371455853805e-05,0.001032640808261931
MIGHTEE_Continuum_DR1_XMMLSS_8p9arcsec_I_v1.1_crop_1690.npy,MIGHTEE_Continuum_DR1_XMMLSS_8p9arcsec_I_v1.1,-1.0886371455853805e-05,0.001032640808261931
MIGHTEE_Continuum_DR1_XMMLSS_8p9arcsec_I_v1.1_crop_1691.npy,MIGHTEE_Continuum_DR1_XMMLSS_8p9arcsec_I_v1.1,-1.0886371455853805e-05,0.001032640808261931
MIGHTEE_Continuum_DR1_XMMLSS_8p9arcsec_I_v1.1_crop_1692.npy,MIGHTEE_Continuum_DR1_XMMLSS_8p9arcsec_I_v1.1,-1.0886371455853805e-05,0.001032640808261931
MIGHTEE_Continuum_DR1_XMMLSS_8p9arcsec_I_v1.1_crop_1693.npy,MIGHTEE_Continuum_DR1_XMMLSS_8p9arcsec_I_v1.1,-1.0886371455853805e-05,0.001032640808261931
MIGHTEE_Continuum_DR1_XMMLSS_8p9arcsec_I_v1.1_crop_1694.npy,MIGHTEE_Continuum_DR1_XMMLSS_8p9arcsec_I_v1.1,-1.0886371455853805e-05,0.001032640808261931
MIGHTEE_Continuum_DR1_XMMLSS_8p9arcsec_I_v1.1_crop_1695.npy,MIGHTEE_Continuum_DR1_XMMLSS_8p9arcsec_I_v1.1,-1.0886371455853805e-05,0.001032640808261931
MIGHTEE_Continuum_DR1_XMMLSS_8p9arcsec_I_v1.1_crop_1696.npy,MIGHTEE_Continuum_DR1_XMMLSS_8p9arcsec_I_v1.1,-1.0886371455853805e-05,0.001032640808261931
MIGHTEE_Continuum_DR1_XMMLSS_8p9arcsec_I_v1.1_crop_1697.npy,MIGHTEE_Continuum_DR1_XMMLSS_8p9arcsec_I_v1.1,-1.0886371455853805e-05,0.001032640808261931
MIGHTEE_Continuum_DR1_XMMLSS_8p9arcsec_I_v1.1_crop_1698.npy,MIGHTEE_Continuum_DR1_XMMLSS_8p9arcsec_I_v1.1,-1.0886371455853805e-05,0.001032640808261931
MIGHTEE_Continuum_DR1_XMMLSS_8p9arcsec_I_v1.1_crop_1699.npy,MIGHTEE_Continuum_DR1_XMMLSS_8p9arcsec_I_v1.1,-1.0886371455853805e-05,0.001032640808261931
MIGHTEE_Continuum_DR1_XMMLSS_8p9arcsec_I_v1.1_crop_1700.npy,MIGHTEE_Continuum_DR1_XMMLSS_8p9arcsec_I_v1.1,-1.0886371455853805e-05,0.001032640808261931
MIGHTEE_Continuum_DR1_XMMLSS_8p9arcsec_I_v1.1_crop_1701.npy,MIGHTEE_Continuum_DR1_XMMLSS_8p9arcsec_I_v1.1,-1.0886371455853805e-05,0.001032640808261931
MIGHTEE_Continuum_DR1_XMMLSS_8p9arcsec_I_v1.1_crop_1702.npy,MIGHTEE_Continuum_DR1_XMMLSS_8p9arcsec_I_v1.1,-1.0886371455853805e-05,0.001032640808261931
MIGHTEE_Continuum_DR1_XMMLSS_8p9arcsec_I_v1.1_crop_1703.npy,MIGHTEE_Continuum_DR1_XMMLSS_8p9arcsec_I_v1.1,-1.0886371455853805e-05,0.001032640808261931
MIGHTEE_Continuum_DR1_XMMLSS_8p9arcsec_I_v1.1_crop_1704.npy,MIGHTEE_Continuum_DR1_XMMLSS_8p9arcsec_I_v1.1,-1.0886371455853805e-05,0.001032640808261931
MIGHTEE_Continuum_DR1_XMMLSS_8p9arcsec_I_v1.1_crop_1705.npy,MIGHTEE_Continuum_DR1_XMMLSS_8p9arcsec_I_v1.1,-1.0886371455853805e-05,0.001032640808261931
MIGHTEE_Continuum_DR1_XMMLSS_8p9arcsec_I_v1.1_crop_1706.npy,MIGHTEE_Continuum_DR1_XMMLSS_8p9arcsec_I_v1.1,-1.0886371455853805e-05,0.001032640808261931
MIGHTEE_Continuum_DR1_XMMLSS_8p9arcsec_I_v1.1_crop_1707.npy,MIGHTEE_Continuum_DR1_XMMLSS_8p9arcsec_I_v1.1,-1.0886371455853805e-05,0.001032640808261931
MIGHTEE_Continuum_DR1_XMMLSS_8p9arcsec_I_v1.1_crop_1708.npy,MIGHTEE_Continuum_DR1_XMMLSS_8p9arcsec_I_v1.1,-1.0886371455853805e-05,0.001032640808261931
MIGHTEE_Continuum_DR1_XMMLSS_8p9arcsec_I_v1.1_crop_1709.npy,MIGHTEE_Continuum_DR1_XMMLSS_8p9arcsec_I_v1.1,-1.0886371455853805e-05,0.001032640808261931
MIGHTEE_Continuum_DR1_XMMLSS_8p9arcsec_I_v1.1_crop_1710.npy,MIGHTEE_Continuum_DR1_XMMLSS_8p9arcsec_I_v1.1,-1.0886371455853805e-05,0.001032640808261931
MIGHTEE_Continuum_DR1_XMMLSS_8p9arcsec_I_v1.1_crop_1711.npy,MIGHTEE_Continuum_DR1_XMMLSS_8p9arcsec_I_v1.1,-1.0886371455853805e-05,0.001032640808261931
MIGHTEE_Continuum_DR1_XMMLSS_8p9arcsec_I_v1.1_crop_1712.npy,MIGHTEE_Continuum_DR1_XMMLSS_8p9arcsec_I_v1.1,-1.0886371455853805e-05,0.001032640808261931
MIGHTEE_Continuum_DR1_XMMLSS_8p9arcsec_I_v1.1_crop_1713.npy,MIGHTEE_Continuum_DR1_XMMLSS_8p9arcsec_I_v1.1,-1.0886371455853805e-05,0.001032640808261931
MIGHTEE_Continuum_DR1_XMMLSS_8p9arcsec_I_v1.1_crop_1714.npy,MIGHTEE_Continuum_DR1_XMMLSS_8p9arcsec_I_v1.1,-1.0886371455853805e-05,0.001032640808261931
MIGHTEE_Continuum_DR1_XMMLSS_8p9arcsec_I_v1.1_crop_1715.npy,MIGHTEE_Continuum_DR1_XMMLSS_8p9arcsec_I_v1.1,-1.0886371455853805e-05,0.001032640808261931
MIGHTEE_Continuum_DR1_XMMLSS_8p9arcsec_I_v1.1_crop_1716.npy,MIGHTEE_Continuum_DR1_XMMLSS_8p9arcsec_I_v1.1,-1.0886371455853805e-05,0.001032640808261931
MIGHTEE_Continuum_DR1_XMMLSS_8p9arcsec_I_v1.1_crop_1717.npy,MIGHTEE_Continuum_DR1_XMMLSS_8p9arcsec_I_v1.1,-1.0886371455853805e-05,0.001032640808261931
MIGHTEE_Continuum_DR1_XMMLSS_8p9arcsec_I_v1.1_crop_1718.npy,MIGHTEE_Continuum_DR1_XMMLSS_8p9arcsec_I_v1.1,-1.0886371455853805e-05,0.001032640808261931
MIGHTEE_Continuum_DR1_XMMLSS_8p9arcsec_I_v1.1_crop_1719.npy,MIGHTEE_Continuum_DR1_XMMLSS_8p9arcsec_I_v1.1,-1.0886371455853805e-05,0.001032640808261931
MIGHTEE_Continuum_DR1_XMMLSS_8p9arcsec_I_v1.1_crop_1720.npy,MIGHTEE_Continuum_DR1_XMMLSS_8p9arcsec_I_v1.1,-1.0886371455853805e-05,0.001032640808261931
MIGHTEE_Continuum_DR1_XMMLSS_8p9arcsec_I_v1.1_crop_1721.npy,MIGHTEE_Continuum_DR1_XMMLSS_8p9arcsec_I_v1.1,-1.0886371455853805e-05,0.001032640808261931
MIGHTEE_Continuum_DR1_XMMLSS_8p9arcsec_I_v1.1_crop_1722.npy,MIGHTEE_Continuum_DR1_XMMLSS_8p9arcsec_I_v1.1,-1.0886371455853805e-05,0.001032640808261931
MIGHTEE_Continuum_DR1_XMMLSS_8p9arcsec_I_v1.1_crop_1723.npy,MIGHTEE_Continuum_DR1_XMMLSS_8p9arcsec_I_v1.1,-1.0886371455853805e-05,0.001032640808261931
MIGHTEE_Continuum_DR1_XMMLSS_8p9arcsec_I_v1.1_crop_1724.npy,MIGHTEE_Continuum_DR1_XMMLSS_8p9arcsec_I_v1.1,-1.0886371455853805e-05,0.001032640808261931
MIGHTEE_Continuum_DR1_XMMLSS_8p9arcsec_I_v1.1_crop_1725.npy,MIGHTEE_Continuum_DR1_XMMLSS_8p9arcsec_I_v1.1,-1.0886371455853805e-05,0.001032640808261931
MIGHTEE_Continuum_DR1_XMMLSS_8p9arcsec_I_v1.1_crop_1726.npy,MIGHTEE_Continuum_DR1_XMMLSS_8p9arcsec_I_v1.1,-1.0886371455853805e-05,0.001032640808261931
MIGHTEE_Continuum_DR1_XMMLSS_8p9arcsec_I_v1.1_crop_1727.npy,MIGHTEE_Continuum_DR1_XMMLSS_8p9arcsec_I_v1.1,-1.0886371455853805e-05,0.001032640808261931
MIGHTEE_Continuum_DR1_XMMLSS_8p9arcsec_I_v1.1_crop_1728.npy,MIGHTEE_Continuum_DR1_XMMLSS_8p9arcsec_I_v1.1,-1.0886371455853805e-05,0.001032640808261931
MIGHTEE_Continuum_DR1_XMMLSS_8p9arcsec_I_v1.1_crop_1729.npy,MIGHTEE_Continuum_DR1_XMMLSS_8p9arcsec_I_v1.1,-1.0886371455853805e-05,0.001032640808261931
MIGHTEE_Continuum_DR1_XMMLSS_8p9arcsec_I_v1.1_crop_1730.npy,MIGHTEE_Continuum_DR1_XMMLSS_8p9arcsec_I_v1.1,-1.0886371455853805e-05,0.001032640808261931
MIGHTEE_Continuum_DR1_XMMLSS_8p9arcsec_I_v1.1_crop_1731.npy,MIGHTEE_Continuum_DR1_XMMLSS_8p9arcsec_I_v1.1,-1.0886371455853805e-05,0.001032640808261931
MIGHTEE_Continuum_DR1_XMMLSS_8p9arcsec_I_v1.1_crop_1732.npy,MIGHTEE_Continuum_DR1_XMMLSS_8p9arcsec_I_v1.1,-1.0886371455853805e-05,0.001032640808261931
MIGHTEE_Continuum_DR1_XMMLSS_8p9arcsec_I_v1.1_crop_1733.npy,MIGHTEE_Continuum_DR1_XMMLSS_8p9arcsec_I_v1.1,-1.0886371455853805e-05,0.001032640808261931
MIGHTEE_Continuum_DR1_XMMLSS_8p9arcsec_I_v1.1_crop_1734.npy,MIGHTEE_Continuum_DR1_XMMLSS_8p9arcsec_I_v1.1,-1.0886371455853805e-05,0.001032640808261931
MIGHTEE_Continuum_DR1_XMMLSS_8p9arcsec_I_v1.1_crop_1735.npy,MIGHTEE_Continuum_DR1_XMMLSS_8p9arcsec_I_v1.1,-1.0886371455853805e-05,0.001032640808261931
MIGHTEE_Continuum_DR1_XMMLSS_8p9arcsec_I_v1.1_crop_1736.npy,MIGHTEE_Continuum_DR1_XMMLSS_8p9arcsec_I_v1.1,-1.0886371455853805e-05,0.001032640808261931
MIGHTEE_Continuum_DR1_XMMLSS_8p9arcsec_I_v1.1_crop_1737.npy,MIGHTEE_Continuum_DR1_XMMLSS_8p9arcsec_I_v1.1,-1.0886371455853805e-05,0.001032640808261931
MIGHTEE_Continuum_DR1_XMMLSS_8p9arcsec_I_v1.1_crop_1738.npy,MIGHTEE_Continuum_DR1_XMMLSS_8p9arcsec_I_v1.1,-1.0886371455853805e-05,0.001032640808261931
MIGHTEE_Continuum_DR1_XMMLSS_8p9arcsec_I_v1.1_crop_1739.npy,MIGHTEE_Continuum_DR1_XMMLSS_8p9arcsec_I_v1.1,-1.0886371455853805e-05,0.001032640808261931
MIGHTEE_Continuum_DR1_XMMLSS_8p9arcsec_I_v1.1_crop_1740.npy,MIGHTEE_Continuum_DR1_XMMLSS_8p9arcsec_I_v1.1,-1.0886371455853805e-05,0.001032640808261931
MIGHTEE_Continuum_DR1_XMMLSS_8p9arcsec_I_v1.1_crop_1741.npy,MIGHTEE_Continuum_DR1_XMMLSS_8p9arcsec_I_v1.1,-1.0886371455853805e-05,0.001032640808261931
MIGHTEE_Continuum_DR1_XMMLSS_8p9arcsec_I_v1.1_crop_1742.npy,MIGHTEE_Continuum_DR1_XMMLSS_8p9arcsec_I_v1.1,-1.0886371455853805e-05,0.001032640808261931
MIGHTEE_Continuum_DR1_XMMLSS_8p9arcsec_I_v1.1_crop_1743.npy,MIGHTEE_Continuum_DR1_XMMLSS_8p9arcsec_I_v1.1,-1.0886371455853805e-05,0.001032640808261931
MIGHTEE_Continuum_DR1_XMMLSS_8p9arcsec_I_v1.1_crop_1744.npy,MIGHTEE_Continuum_DR1_XMMLSS_8p9arcsec_I_v1.1,-1.0886371455853805e-05,0.001032640808261931
MIGHTEE_Continuum_DR1_XMMLSS_8p9arcsec_I_v1.1_crop_1745.npy,MIGHTEE_Continuum_DR1_XMMLSS_8p9arcsec_I_v1.1,-1.0886371455853805e-05,0.001032640808261931
MIGHTEE_Continuum_DR1_XMMLSS_8p9arcsec_I_v1.1_crop_1746.npy,MIGHTEE_Continuum_DR1_XMMLSS_8p9arcsec_I_v1.1,-1.0886371455853805e-05,0.001032640808261931
MIGHTEE_Continuum_DR1_XMMLSS_8p9arcsec_I_v1.1_crop_1747.npy,MIGHTEE_Continuum_DR1_XMMLSS_8p9arcsec_I_v1.1,-1.0886371455853805e-05,0.001032640808261931
MIGHTEE_Continuum_DR1_XMMLSS_8p9arcsec_I_v1.1_crop_1748.npy,MIGHTEE_Continuum_DR1_XMMLSS_8p9arcsec_I_v1.1,-1.0886371455853805e-05,0.001032640808261931
MIGHTEE_Continuum_DR1_XMMLSS_8p9arcsec_I_v1.1_crop_1749.npy,MIGHTEE_Continuum_DR1_XMMLSS_8p9arcsec_I_v1.1,-1.0886371455853805e-05,0.001032640808261931
MIGHTEE_Continuum_DR1_XMMLSS_8p9arcsec_I_v1.1_crop_1750.npy,MIGHTEE_Continuum_DR1_XMMLSS_8p9arcsec_I_v1.1,-1.0886371455853805e-05,0.001032640808261931
MIGHTEE_Continuum_DR1_XMMLSS_8p9arcsec_I_v1.1_crop_1751.npy,MIGHTEE_Continuum_DR1_XMMLSS_8p9arcsec_I_v1.1,-1.0886371455853805e-05,0.001032640808261931
MIGHTEE_Continuum_DR1_XMMLSS_8p9arcsec_I_v1.1_crop_1752.npy,MIGHTEE_Continuum_DR1_XMMLSS_8p9arcsec_I_v1.1,-1.0886371455853805e-05,0.001032640808261931
MIGHTEE_Continuum_DR1_XMMLSS_8p9arcsec_I_v1.1_crop_1753.npy,MIGHTEE_Continuum_DR1_XMMLSS_8p9arcsec_I_v1.1,-1.0886371455853805e-05,0.001032640808261931
MIGHTEE_Continuum_DR1_XMMLSS_8p9arcsec_I_v1.1_crop_1754.npy,MIGHTEE_Continuum_DR1_XMMLSS_8p9arcsec_I_v1.1,-1.0886371455853805e-05,0.001032640808261931
MIGHTEE_Continuum_DR1_XMMLSS_8p9arcsec_I_v1.1_crop_1755.npy,MIGHTEE_Continuum_DR1_XMMLSS_8p9arcsec_I_v1.1,-1.0886371455853805e-05,0.001032640808261931
MIGHTEE_Continuum_DR1_XMMLSS_8p9arcsec_I_v1.1_crop_1756.npy,MIGHTEE_Continuum_DR1_XMMLSS_8p9arcsec_I_v1.1,-1.0886371455853805e-05,0.001032640808261931
MIGHTEE_Continuum_DR1_XMMLSS_8p9arcsec_I_v1.1_crop_1757.npy,MIGHTEE_Continuum_DR1_XMMLSS_8p9arcsec_I_v1.1,-1.0886371455853805e-05,0.001032640808261931
MIGHTEE_Continuum_DR1_XMMLSS_8p9arcsec_I_v1.1_crop_1758.npy,MIGHTEE_Continuum_DR1_XMMLSS_8p9arcsec_I_v1.1,-1.0886371455853805e-05,0.001032640808261931
MIGHTEE_Continuum_DR1_XMMLSS_8p9arcsec_I_v1.1_crop_1759.npy,MIGHTEE_Continuum_DR1_XMMLSS_8p9arcsec_I_v1.1,-1.0886371455853805e-05,0.001032640808261931
MIGHTEE_Continuum_DR1_XMMLSS_8p9arcsec_I_v1.1_crop_1760.npy,MIGHTEE_Continuum_DR1_XMMLSS_8p9arcsec_I_v1.1,-1.0886371455853805e-05,0.001032640808261931
MIGHTEE_Continuum_DR1_XMMLSS_8p9arcsec_I_v1.1_crop_1761.npy,MIGHTEE_Continuum_DR1_XMMLSS_8p9arcsec_I_v1.1,-1.0886371455853805e-05,0.001032640808261931
MIGHTEE_Continuum_DR1_XMMLSS_8p9arcsec_I_v1.1_crop_1762.npy,MIGHTEE_Continuum_DR1_XMMLSS_8p9arcsec_I_v1.1,-1.0886371455853805e-05,0.001032640808261931
MIGHTEE_Continuum_DR1_XMMLSS_8p9arcsec_I_v1.1_crop_1763.npy,MIGHTEE_Continuum_DR1_XMMLSS_8p9arcsec_I_v1.1,-1.0886371455853805e-05,0.001032640808261931
MIGHTEE_Continuum_DR1_XMMLSS_8p9arcsec_I_v1.1_crop_1764.npy,MIGHTEE_Continuum_DR1_XMMLSS_8p9arcsec_I_v1.1,-1.0886371455853805e-05,0.001032640808261931
MIGHTEE_Continuum_DR1_XMMLSS_8p9arcsec_I_v1.1_crop_1765.npy,MIGHTEE_Continuum_DR1_XMMLSS_8p9arcsec_I_v1.1,-1.0886371455853805e-05,0.001032640808261931
MIGHTEE_Continuum_DR1_XMMLSS_8p9arcsec_I_v1.1_crop_1766.npy,MIGHTEE_Continuum_DR1_XMMLSS_8p9arcsec_I_v1.1,-1.0886371455853805e-05,0.001032640808261931
MIGHTEE_Continuum_DR1_XMMLSS_8p9arcsec_I_v1.1_crop_1767.npy,MIGHTEE_Continuum_DR1_XMMLSS_8p9arcsec_I_v1.1,-1.0886371455853805e-05,0.001032640808261931
MIGHTEE_Continuum_DR1_XMMLSS_8p9arcsec_I_v1.1_crop_1768.npy,MIGHTEE_Continuum_DR1_XMMLSS_8p9arcsec_I_v1.1,-1.0886371455853805e-05,0.001032640808261931
MIGHTEE_Continuum_DR1_XMMLSS_8p9arcsec_I_v1.1_crop_1769.npy,MIGHTEE_Continuum_DR1_XMMLSS_8p9arcsec_I_v1.1,-1.0886371455853805e-05,0.001032640808261931
MIGHTEE_Continuum_DR1_XMMLSS_8p9arcsec_I_v1.1_crop_1770.npy,MIGHTEE_Continuum_DR1_XMMLSS_8p9arcsec_I_v1.1,-1.0886371455853805e-05,0.001032640808261931
MIGHTEE_Continuum_DR1_XMMLSS_8p9arcsec_I_v1.1_crop_1771.npy,MIGHTEE_Continuum_DR1_XMMLSS_8p9arcsec_I_v1.1,-1.0886371455853805e-05,0.001032640808261931
MIGHTEE_Continuum_DR1_XMMLSS_8p9arcsec_I_v1.1_crop_1772.npy,MIGHTEE_Continuum_DR1_XMMLSS_8p9arcsec_I_v1.1,-1.0886371455853805e-05,0.001032640808261931
MIGHTEE_Continuum_DR1_XMMLSS_8p9arcsec_I_v1.1_crop_1773.npy,MIGHTEE_Continuum_DR1_XMMLSS_8p9arcsec_I_v1.1,-1.0886371455853805e-05,0.001032640808261931
MIGHTEE_Continuum_DR1_XMMLSS_8p9arcsec_I_v1.1_crop_1774.npy,MIGHTEE_Continuum_DR1_XMMLSS_8p9arcsec_I_v1.1,-1.0886371455853805e-05,0.001032640808261931
MIGHTEE_Continuum_DR1_XMMLSS_8p9arcsec_I_v1.1_crop_1775.npy,MIGHTEE_Continuum_DR1_XMMLSS_8p9arcsec_I_v1.1,-1.0886371455853805e-05,0.001032640808261931
MIGHTEE_Continuum_DR1_XMMLSS_8p9arcsec_I_v1.1_crop_1776.npy,MIGHTEE_Continuum_DR1_XMMLSS_8p9arcsec_I_v1.1,-1.0886371455853805e-05,0.001032640808261931
MIGHTEE_Continuum_DR1_XMMLSS_8p9arcsec_I_v1.1_crop_1777.npy,MIGHTEE_Continuum_DR1_XMMLSS_8p9arcsec_I_v1.1,-1.0886371455853805e-05,0.001032640808261931
MIGHTEE_Continuum_DR1_XMMLSS_8p9arcsec_I_v1.1_crop_1778.npy,MIGHTEE_Continuum_DR1_XMMLSS_8p9arcsec_I_v1.1,-1.0886371455853805e-05,0.001032640808261931
MIGHTEE_Continuum_DR1_XMMLSS_8p9arcsec_I_v1.1_crop_1779.npy,MIGHTEE_Continuum_DR1_XMMLSS_8p9arcsec_I_v1.1,-1.0886371455853805e-05,0.001032640808261931
MIGHTEE_Continuum_DR1_XMMLSS_8p9arcsec_I_v1.1_crop_1780.npy,MIGHTEE_Continuum_DR1_XMMLSS_8p9arcsec_I_v1.1,-1.0886371455853805e-05,0.001032640808261931
MIGHTEE_Continuum_DR1_XMMLSS_8p9arcsec_I_v1.1_crop_1781.npy,MIGHTEE_Continuum_DR1_XMMLSS_8p9arcsec_I_v1.1,-1.0886371455853805e-05,0.001032640808261931
MIGHTEE_Continuum_DR1_XMMLSS_8p9arcsec_I_v1.1_crop_1782.npy,MIGHTEE_Continuum_DR1_XMMLSS_8p9arcsec_I_v1.1,-1.0886371455853805e-05,0.001032640808261931
MIGHTEE_Continuum_DR1_XMMLSS_8p9arcsec_I_v1.1_crop_1783.npy,MIGHTEE_Continuum_DR1_XMMLSS_8p9arcsec_I_v1.1,-1.0886371455853805e-05,0.001032640808261931
MIGHTEE_Continuum_DR1_XMMLSS_8p9arcsec_I_v1.1_crop_1784.npy,MIGHTEE_Continuum_DR1_XMMLSS_8p9arcsec_I_v1.1,-1.0886371455853805e-05,0.001032640808261931
MIGHTEE_Continuum_DR1_XMMLSS_8p9arcsec_I_v1.1_crop_1785.npy,MIGHTEE_Continuum_DR1_XMMLSS_8p9arcsec_I_v1.1,-1.0886371455853805e-05,0.001032640808261931
MIGHTEE_Continuum_DR1_XMMLSS_8p9arcsec_I_v1.1_crop_1786.npy,MIGHTEE_Continuum_DR1_XMMLSS_8p9arcsec_I_v1.1,-1.0886371455853805e-05,0.001032640808261931
MIGHTEE_Continuum_DR1_XMMLSS_8p9arcsec_I_v1.1_crop_1787.npy,MIGHTEE_Continuum_DR1_XMMLSS_8p9arcsec_I_v1.1,-1.0886371455853805e-05,0.001032640808261931
MIGHTEE_Continuum_DR1_XMMLSS_8p9arcsec_I_v1.1_crop_1788.npy,MIGHTEE_Continuum_DR1_XMMLSS_8p9arcsec_I_v1.1,-1.0886371455853805e-05,0.001032640808261931
MIGHTEE_Continuum_DR1_XMMLSS_8p9arcsec_I_v1.1_crop_1789.npy,MIGHTEE_Continuum_DR1_XMMLSS_8p9arcsec_I_v1.1,-1.0886371455853805e-05,0.001032640808261931
MIGHTEE_Continuum_DR1_XMMLSS_8p9arcsec_I_v1.1_crop_1790.npy,MIGHTEE_Continuum_DR1_XMMLSS_8p9arcsec_I_v1.1,-1.0886371455853805e-05,0.001032640808261931
MIGHTEE_Continuum_DR1_XMMLSS_8p9arcsec_I_v1.1_crop_1791.npy,MIGHTEE_Continuum_DR1_XMMLSS_8p9arcsec_I_v1.1,-1.0886371455853805e-05,0.001032640808261931
MIGHTEE_Continuum_DR1_XMMLSS_8p9arcsec_I_v1.1_crop_1792.npy,MIGHTEE_Continuum_DR1_XMMLSS_8p9arcsec_I_v1.1,-1.0886371455853805e-05,0.001032640808261931
MIGHTEE_Continuum_DR1_XMMLSS_8p9arcsec_I_v1.1_crop_1793.npy,MIGHTEE_Continuum_DR1_XMMLSS_8p9arcsec_I_v1.1,-1.0886371455853805e-05,0.001032640808261931
MIGHTEE_Continuum_DR1_XMMLSS_8p9arcsec_I_v1.1_crop_1794.npy,MIGHTEE_Continuum_DR1_XMMLSS_8p9arcsec_I_v1.1,-1.0886371455853805e-05,0.001032640808261931
MIGHTEE_Continuum_DR1_XMMLSS_8p9arcsec_I_v1.1_crop_1795.npy,MIGHTEE_Continuum_DR1_XMMLSS_8p9arcsec_I_v1.1,-1.0886371455853805e-05,0.001032640808261931
MIGHTEE_Continuum_DR1_XMMLSS_8p9arcsec_I_v1.1_crop_1796.npy,MIGHTEE_Continuum_DR1_XMMLSS_8p9arcsec_I_v1.1,-1.0886371455853805e-05,0.001032640808261931
MIGHTEE_Continuum_DR1_XMMLSS_8p9arcsec_I_v1.1_crop_1797.npy,MIGHTEE_Continuum_DR1_XMMLSS_8p9arcsec_I_v1.1,-1.0886371455853805e-05,0.001032640808261931
MIGHTEE_Continuum_DR1_XMMLSS_8p9arcsec_I_v1.1_crop_1798.npy,MIGHTEE_Continuum_DR1_XMMLSS_8p9arcsec_I_v1.1,-1.0886371455853805e-05,0.001032640808261931
MIGHTEE_Continuum_DR1_XMMLSS_8p9arcsec_I_v1.1_crop_1799.npy,MIGHTEE_Continuum_DR1_XMMLSS_8p9arcsec_I_v1.1,-1.0886371455853805e-05,0.001032640808261931
MIGHTEE_Continuum_DR1_XMMLSS_8p9arcsec_I_v1.1_crop_1800.npy,MIGHTEE_Continuum_DR1_XMMLSS_8p9arcsec_I_v1.1,-1.0886371455853805e-05,0.001032640808261931
MIGHTEE_Continuum_DR1_XMMLSS_8p9arcsec_I_v1.1_crop_1801.npy,MIGHTEE_Continuum_DR1_XMMLSS_8p9arcsec_I_v1.1,-1.0886371455853805e-05,0.001032640808261931
MIGHTEE_Continuum_DR1_XMMLSS_8p9arcsec_I_v1.1_crop_1802.npy,MIGHTEE_Continuum_DR1_XMMLSS_8p9arcsec_I_v1.1,-1.0886371455853805e-05,0.001032640808261931
MIGHTEE_Continuum_DR1_XMMLSS_8p9arcsec_I_v1.1_crop_1803.npy,MIGHTEE_Continuum_DR1_XMMLSS_8p9arcsec_I_v1.1,-1.0886371455853805e-05,0.001032640808261931
MIGHTEE_Continuum_DR1_XMMLSS_8p9arcsec_I_v1.1_crop_1804.npy,MIGHTEE_Continuum_DR1_XMMLSS_8p9arcsec_I_v1.1,-1.0886371455853805e-05,0.001032640808261931
MIGHTEE_Continuum_DR1_XMMLSS_8p9arcsec_I_v1.1_crop_1805.npy,MIGHTEE_Continuum_DR1_XMMLSS_8p9arcsec_I_v1.1,-1.0886371455853805e-05,0.001032640808261931
MIGHTEE_Continuum_DR1_XMMLSS_8p9arcsec_I_v1.1_crop_1806.npy,MIGHTEE_Continuum_DR1_XMMLSS_8p9arcsec_I_v1.1,-1.0886371455853805e-05,0.001032640808261931
MIGHTEE_Continuum_DR1_XMMLSS_8p9arcsec_I_v1.1_crop_1807.npy,MIGHTEE_Continuum_DR1_XMMLSS_8p9arcsec_I_v1.1,-1.0886371455853805e-05,0.001032640808261931
MIGHTEE_Continuum_DR1_XMMLSS_8p9arcsec_I_v1.1_crop_1808.npy,MIGHTEE_Continuum_DR1_XMMLSS_8p9arcsec_I_v1.1,-1.0886371455853805e-05,0.001032640808261931
MIGHTEE_Continuum_DR1_XMMLSS_8p9arcsec_I_v1.1_crop_1809.npy,MIGHTEE_Continuum_DR1_XMMLSS_8p9arcsec_I_v1.1,-1.0886371455853805e-05,0.001032640808261931
MIGHTEE_Continuum_DR1_XMMLSS_8p9arcsec_I_v1.1_crop_1810.npy,MIGHTEE_Continuum_DR1_XMMLSS_8p9arcsec_I_v1.1,-1.0886371455853805e-05,0.001032640808261931
MIGHTEE_Continuum_DR1_XMMLSS_8p9arcsec_I_v1.1_crop_1811.npy,MIGHTEE_Continuum_DR1_XMMLSS_8p9arcsec_I_v1.1,-1.0886371455853805e-05,0.001032640808261931
MIGHTEE_Continuum_DR1_XMMLSS_8p9arcsec_I_v1.1_crop_1812.npy,MIGHTEE_Continuum_DR1_XMMLSS_8p9arcsec_I_v1.1,-1.0886371455853805e-05,0.001032640808261931
MIGHTEE_Continuum_DR1_XMMLSS_8p9arcsec_I_v1.1_crop_1813.npy,MIGHTEE_Continuum_DR1_XMMLSS_8p9arcsec_I_v1.1,-1.0886371455853805e-05,0.001032640808261931
MIGHTEE_Continuum_DR1_XMMLSS_8p9arcsec_I_v1.1_crop_1814.npy,MIGHTEE_Continuum_DR1_XMMLSS_8p9arcsec_I_v1.1,-1.0886371455853805e-05,0.001032640808261931
MIGHTEE_Continuum_DR1_XMMLSS_8p9arcsec_I_v1.1_crop_1815.npy,MIGHTEE_Continuum_DR1_XMMLSS_8p9arcsec_I_v1.1,-1.0886371455853805e-05,0.001032640808261931
MIGHTEE_Continuum_DR1_XMMLSS_8p9arcsec_I_v1.1_crop_1816.npy,MIGHTEE_Continuum_DR1_XMMLSS_8p9arcsec_I_v1.1,-1.0886371455853805e-05,0.001032640808261931
MIGHTEE_Continuum_DR1_XMMLSS_8p9arcsec_I_v1.1_crop_1817.npy,MIGHTEE_Continuum_DR1_XMMLSS_8p9arcsec_I_v1.1,-1.0886371455853805e-05,0.001032640808261931
MIGHTEE_Continuum_DR1_XMMLSS_8p9arcsec_I_v1.1_crop_1818.npy,MIGHTEE_Continuum_DR1_XMMLSS_8p9arcsec_I_v1.1,-1.0886371455853805e-05,0.001032640808261931
MIGHTEE_Continuum_DR1_XMMLSS_8p9arcsec_I_v1.1_crop_1819.npy,MIGHTEE_Continuum_DR1_XMMLSS_8p9arcsec_I_v1.1,-1.0886371455853805e-05,0.001032640808261931
MIGHTEE_Continuum_DR1_XMMLSS_8p9arcsec_I_v1.1_crop_1820.npy,MIGHTEE_Continuum_DR1_XMMLSS_8p9arcsec_I_v1.1,-1.0886371455853805e-05,0.001032640808261931
MIGHTEE_Continuum_DR1_XMMLSS_8p9arcsec_I_v1.1_crop_1821.npy,MIGHTEE_Continuum_DR1_XMMLSS_8p9arcsec_I_v1.1,-1.0886371455853805e-05,0.001032640808261931
MIGHTEE_Continuum_DR1_XMMLSS_8p9arcsec_I_v1.1_crop_1822.npy,MIGHTEE_Continuum_DR1_XMMLSS_8p9arcsec_I_v1.1,-1.0886371455853805e-05,0.001032640808261931
MIGHTEE_Continuum_DR1_XMMLSS_8p9arcsec_I_v1.1_crop_1823.npy,MIGHTEE_Continuum_DR1_XMMLSS_8p9arcsec_I_v1.1,-1.0886371455853805e-05,0.001032640808261931
MIGHTEE_Continuum_DR1_XMMLSS_8p9arcsec_I_v1.1_crop_1824.npy,MIGHTEE_Continuum_DR1_XMMLSS_8p9arcsec_I_v1.1,-1.0886371455853805e-05,0.001032640808261931
MIGHTEE_Continuum_DR1_XMMLSS_8p9arcsec_I_v1.1_crop_1825.npy,MIGHTEE_Continuum_DR1_XMMLSS_8p9arcsec_I_v1.1,-1.0886371455853805e-05,0.001032640808261931
MIGHTEE_Continuum_DR1_XMMLSS_8p9arcsec_I_v1.1_crop_1826.npy,MIGHTEE_Continuum_DR1_XMMLSS_8p9arcsec_I_v1.1,-1.0886371455853805e-05,0.001032640808261931
MIGHTEE_Continuum_DR1_XMMLSS_8p9arcsec_I_v1.1_crop_1827.npy,MIGHTEE_Continuum_DR1_XMMLSS_8p9arcsec_I_v1.1,-1.0886371455853805e-05,0.001032640808261931
MIGHTEE_Continuum_DR1_XMMLSS_8p9arcsec_I_v1.1_crop_1828.npy,MIGHTEE_Continuum_DR1_XMMLSS_8p9arcsec_I_v1.1,-1.0886371455853805e-05,0.001032640808261931
MIGHTEE_Continuum_DR1_XMMLSS_8p9arcsec_I_v1.1_crop_1829.npy,MIGHTEE_Continuum_DR1_XMMLSS_8p9arcsec_I_v1.1,-1.0886371455853805e-05,0.001032640808261931
MIGHTEE_Continuum_DR1_XMMLSS_8p9arcsec_I_v1.1_crop_1830.npy,MIGHTEE_Continuum_DR1_XMMLSS_8p9arcsec_I_v1.1,-1.0886371455853805e-05,0.001032640808261931
MIGHTEE_Continuum_DR1_XMMLSS_8p9arcsec_I_v1.1_crop_1831.npy,MIGHTEE_Continuum_DR1_XMMLSS_8p9arcsec_I_v1.1,-1.0886371455853805e-05,0.001032640808261931
MIGHTEE_Continuum_DR1_XMMLSS_8p9arcsec_I_v1.1_crop_1832.npy,MIGHTEE_Continuum_DR1_XMMLSS_8p9arcsec_I_v1.1,-1.0886371455853805e-05,0.001032640808261931
MIGHTEE_Continuum_DR1_XMMLSS_8p9arcsec_I_v1.1_crop_1833.npy,MIGHTEE_Continuum_DR1_XMMLSS_8p9arcsec_I_v1.1,-1.0886371455853805e-05,0.001032640808261931
MIGHTEE_Continuum_DR1_XMMLSS_8p9arcsec_I_v1.1_crop_1834.npy,MIGHTEE_Continuum_DR1_XMMLSS_8p9arcsec_I_v1.1,-1.0886371455853805e-05,0.001032640808261931
MIGHTEE_Continuum_DR1_XMMLSS_8p9arcsec_I_v1.1_crop_1835.npy,MIGHTEE_Continuum_DR1_XMMLSS_8p9arcsec_I_v1.1,-1.0886371455853805e-05,0.001032640808261931
MIGHTEE_Continuum_DR1_XMMLSS_8p9arcsec_I_v1.1_crop_1836.npy,MIGHTEE_Continuum_DR1_XMMLSS_8p9arcsec_I_v1.1,-1.0886371455853805e-05,0.001032640808261931
MIGHTEE_Continuum_DR1_XMMLSS_8p9arcsec_I_v1.1_crop_1837.npy,MIGHTEE_Continuum_DR1_XMMLSS_8p9arcsec_I_v1.1,-1.0886371455853805e-05,0.001032640808261931
MIGHTEE_Continuum_DR1_XMMLSS_8p9arcsec_I_v1.1_crop_1838.npy,MIGHTEE_Continuum_DR1_XMMLSS_8p9arcsec_I_v1.1,-1.0886371455853805e-05,0.001032640808261931
MIGHTEE_Continuum_DR1_XMMLSS_8p9arcsec_I_v1.1_crop_1839.npy,MIGHTEE_Continuum_DR1_XMMLSS_8p9arcsec_I_v1.1,-1.0886371455853805e-05,0.001032640808261931
MIGHTEE_Continuum_DR1_XMMLSS_8p9arcsec_I_v1.1_crop_1840.npy,MIGHTEE_Continuum_DR1_XMMLSS_8p9arcsec_I_v1.1,-1.0886371455853805e-05,0.001032640808261931
MIGHTEE_Continuum_DR1_XMMLSS_8p9arcsec_I_v1.1_crop_1841.npy,MIGHTEE_Continuum_DR1_XMMLSS_8p9arcsec_I_v1.1,-1.0886371455853805e-05,0.001032640808261931
MIGHTEE_Continuum_DR1_XMMLSS_8p9arcsec_I_v1.1_crop_1842.npy,MIGHTEE_Continuum_DR1_XMMLSS_8p9arcsec_I_v1.1,-1.0886371455853805e-05,0.001032640808261931
MIGHTEE_Continuum_DR1_XMMLSS_8p9arcsec_I_v1.1_crop_1843.npy,MIGHTEE_Continuum_DR1_XMMLSS_8p9arcsec_I_v1.1,-1.0886371455853805e-05,0.001032640808261931
MIGHTEE_Continuum_DR1_XMMLSS_8p9arcsec_I_v1.1_crop_1844.npy,MIGHTEE_Continuum_DR1_XMMLSS_8p9arcsec_I_v1.1,-1.0886371455853805e-05,0.001032640808261931
MIGHTEE_Continuum_DR1_XMMLSS_8p9arcsec_I_v1.1_crop_1845.npy,MIGHTEE_Continuum_DR1_XMMLSS_8p9arcsec_I_v1.1,-1.0886371455853805e-05,0.001032640808261931
MIGHTEE_Continuum_DR1_XMMLSS_8p9arcsec_I_v1.1_crop_1846.npy,MIGHTEE_Continuum_DR1_XMMLSS_8p9arcsec_I_v1.1,-1.0886371455853805e-05,0.001032640808261931
MIGHTEE_Continuum_DR1_XMMLSS_8p9arcsec_I_v1.1_crop_1847.npy,MIGHTEE_Continuum_DR1_XMMLSS_8p9arcsec_I_v1.1,-1.0886371455853805e-05,0.001032640808261931
MIGHTEE_Continuum_DR1_XMMLSS_8p9arcsec_I_v1.1_crop_1848.npy,MIGHTEE_Continuum_DR1_XMMLSS_8p9arcsec_I_v1.1,-1.0886371455853805e-05,0.001032640808261931
MIGHTEE_Continuum_DR1_XMMLSS_8p9arcsec_I_v1.1_crop_1849.npy,MIGHTEE_Continuum_DR1_XMMLSS_8p9arcsec_I_v1.1,-1.0886371455853805e-05,0.001032640808261931
MIGHTEE_Continuum_DR1_XMMLSS_8p9arcsec_I_v1.1_crop_1850.npy,MIGHTEE_Continuum_DR1_XMMLSS_8p9arcsec_I_v1.1,-1.0886371455853805e-05,0.001032640808261931
MIGHTEE_Continuum_DR1_XMMLSS_8p9arcsec_I_v1.1_crop_1851.npy,MIGHTEE_Continuum_DR1_XMMLSS_8p9arcsec_I_v1.1,-1.0886371455853805e-05,0.001032640808261931
MIGHTEE_Continuum_DR1_XMMLSS_8p9arcsec_I_v1.1_crop_1852.npy,MIGHTEE_Continuum_DR1_XMMLSS_8p9arcsec_I_v1.1,-1.0886371455853805e-05,0.001032640808261931
MIGHTEE_Continuum_DR1_XMMLSS_8p9arcsec_I_v1.1_crop_1853.npy,MIGHTEE_Continuum_DR1_XMMLSS_8p9arcsec_I_v1.1,-1.0886371455853805e-05,0.001032640808261931
MIGHTEE_Continuum_DR1_XMMLSS_8p9arcsec_I_v1.1_crop_1854.npy,MIGHTEE_Continuum_DR1_XMMLSS_8p9arcsec_I_v1.1,-1.0886371455853805e-05,0.001032640808261931
MIGHTEE_Continuum_DR1_XMMLSS_8p9arcsec_I_v1.1_crop_1855.npy,MIGHTEE_Continuum_DR1_XMMLSS_8p9arcsec_I_v1.1,-1.0886371455853805e-05,0.001032640808261931
MIGHTEE_Continuum_DR1_XMMLSS_8p9arcsec_I_v1.1_crop_1856.npy,MIGHTEE_Continuum_DR1_XMMLSS_8p9arcsec_I_v1.1,-1.0886371455853805e-05,0.001032640808261931
MIGHTEE_Continuum_DR1_XMMLSS_8p9arcsec_I_v1.1_crop_1857.npy,MIGHTEE_Continuum_DR1_XMMLSS_8p9arcsec_I_v1.1,-1.0886371455853805e-05,0.001032640808261931
MIGHTEE_Continuum_DR1_XMMLSS_8p9arcsec_I_v1.1_crop_1858.npy,MIGHTEE_Continuum_DR1_XMMLSS_8p9arcsec_I_v1.1,-1.0886371455853805e-05,0.001032640808261931
MIGHTEE_Continuum_DR1_XMMLSS_8p9arcsec_I_v1.1_crop_1859.npy,MIGHTEE_Continuum_DR1_XMMLSS_8p9arcsec_I_v1.1,-1.0886371455853805e-05,0.001032640808261931
MIGHTEE_Continuum_DR1_XMMLSS_8p9arcsec_I_v1.1_crop_1860.npy,MIGHTEE_Continuum_DR1_XMMLSS_8p9arcsec_I_v1.1,-1.0886371455853805e-05,0.001032640808261931
MIGHTEE_Continuum_DR1_XMMLSS_8p9arcsec_I_v1.1_crop_1861.npy,MIGHTEE_Continuum_DR1_XMMLSS_8p9arcsec_I_v1.1,-1.0886371455853805e-05,0.001032640808261931
MIGHTEE_Continuum_DR1_XMMLSS_8p9arcsec_I_v1.1_crop_1862.npy,MIGHTEE_Continuum_DR1_XMMLSS_8p9arcsec_I_v1.1,-1.0886371455853805e-05,0.001032640808261931
MIGHTEE_Continuum_DR1_XMMLSS_8p9arcsec_I_v1.1_crop_1863.npy,MIGHTEE_Continuum_DR1_XMMLSS_8p9arcsec_I_v1.1,-1.0886371455853805e-05,0.001032640808261931
MIGHTEE_Continuum_DR1_XMMLSS_8p9arcsec_I_v1.1_crop_1864.npy,MIGHTEE_Continuum_DR1_XMMLSS_8p9arcsec_I_v1.1,-1.0886371455853805e-05,0.001032640808261931
MIGHTEE_Continuum_DR1_XMMLSS_8p9arcsec_I_v1.1_crop_1865.npy,MIGHTEE_Continuum_DR1_XMMLSS_8p9arcsec_I_v1.1,-1.0886371455853805e-05,0.001032640808261931
MIGHTEE_Continuum_DR1_XMMLSS_8p9arcsec_I_v1.1_crop_1866.npy,MIGHTEE_Continuum_DR1_XMMLSS_8p9arcsec_I_v1.1,-1.0886371455853805e-05,0.001032640808261931
MIGHTEE_Continuum_DR1_XMMLSS_8p9arcsec_I_v1.1_crop_1867.npy,MIGHTEE_Continuum_DR1_XMMLSS_8p9arcsec_I_v1.1,-1.0886371455853805e-05,0.001032640808261931
MIGHTEE_Continuum_DR1_XMMLSS_8p9arcsec_I_v1.1_crop_1868.npy,MIGHTEE_Continuum_DR1_XMMLSS_8p9arcsec_I_v1.1,-1.0886371455853805e-05,0.001032640808261931
MIGHTEE_Continuum_DR1_XMMLSS_8p9arcsec_I_v1.1_crop_1869.npy,MIGHTEE_Continuum_DR1_XMMLSS_8p9arcsec_I_v1.1,-1.0886371455853805e-05,0.001032640808261931
MIGHTEE_Continuum_DR1_XMMLSS_8p9arcsec_I_v1.1_crop_1870.npy,MIGHTEE_Continuum_DR1_XMMLSS_8p9arcsec_I_v1.1,-1.0886371455853805e-05,0.001032640808261931
MIGHTEE_Continuum_DR1_XMMLSS_8p9arcsec_I_v1.1_crop_1871.npy,MIGHTEE_Continuum_DR1_XMMLSS_8p9arcsec_I_v1.1,-1.0886371455853805e-05,0.001032640808261931
MIGHTEE_Continuum_DR1_XMMLSS_8p9arcsec_I_v1.1_crop_1872.npy,MIGHTEE_Continuum_DR1_XMMLSS_8p9arcsec_I_v1.1,-1.0886371455853805e-05,0.001032640808261931
MIGHTEE_Continuum_DR1_XMMLSS_8p9arcsec_I_v1.1_crop_1873.npy,MIGHTEE_Continuum_DR1_XMMLSS_8p9arcsec_I_v1.1,-1.0886371455853805e-05,0.001032640808261931
MIGHTEE_Continuum_DR1_XMMLSS_8p9arcsec_I_v1.1_crop_1874.npy,MIGHTEE_Continuum_DR1_XMMLSS_8p9arcsec_I_v1.1,-1.0886371455853805e-05,0.001032640808261931
MIGHTEE_Continuum_DR1_XMMLSS_8p9arcsec_I_v1.1_crop_1875.npy,MIGHTEE_Continuum_DR1_XMMLSS_8p9arcsec_I_v1.1,-1.0886371455853805e-05,0.001032640808261931
MIGHTEE_Continuum_DR1_XMMLSS_8p9arcsec_I_v1.1_crop_1876.npy,MIGHTEE_Continuum_DR1_XMMLSS_8p9arcsec_I_v1.1,-1.0886371455853805e-05,0.001032640808261931
MIGHTEE_Continuum_DR1_XMMLSS_8p9arcsec_I_v1.1_crop_1877.npy,MIGHTEE_Continuum_DR1_XMMLSS_8p9arcsec_I_v1.1,-1.0886371455853805e-05,0.001032640808261931
MIGHTEE_Continuum_DR1_XMMLSS_8p9arcsec_I_v1.1_crop_1878.npy,MIGHTEE_Continuum_DR1_XMMLSS_8p9arcsec_I_v1.1,-1.0886371455853805e-05,0.001032640808261931
MIGHTEE_Continuum_DR1_XMMLSS_8p9arcsec_I_v1.1_crop_1879.npy,MIGHTEE_Continuum_DR1_XMMLSS_8p9arcsec_I_v1.1,-1.0886371455853805e-05,0.001032640808261931
MIGHTEE_Continuum_DR1_XMMLSS_8p9arcsec_I_v1.1_crop_1880.npy,MIGHTEE_Continuum_DR1_XMMLSS_8p9arcsec_I_v1.1,-1.0886371455853805e-05,0.001032640808261931
MIGHTEE_Continuum_DR1_XMMLSS_8p9arcsec_I_v1.1_crop_1881.npy,MIGHTEE_Continuum_DR1_XMMLSS_8p9arcsec_I_v1.1,-1.0886371455853805e-05,0.001032640808261931
MIGHTEE_Continuum_DR1_XMMLSS_8p9arcsec_I_v1.1_crop_1882.npy,MIGHTEE_Continuum_DR1_XMMLSS_8p9arcsec_I_v1.1,-1.0886371455853805e-05,0.001032640808261931
MIGHTEE_Continuum_DR1_XMMLSS_8p9arcsec_I_v1.1_crop_1883.npy,MIGHTEE_Continuum_DR1_XMMLSS_8p9arcsec_I_v1.1,-1.0886371455853805e-05,0.001032640808261931
MIGHTEE_Continuum_DR1_XMMLSS_8p9arcsec_I_v1.1_crop_1884.npy,MIGHTEE_Continuum_DR1_XMMLSS_8p9arcsec_I_v1.1,-1.0886371455853805e-05,0.001032640808261931
MIGHTEE_Continuum_DR1_XMMLSS_8p9arcsec_I_v1.1_crop_1885.npy,MIGHTEE_Continuum_DR1_XMMLSS_8p9arcsec_I_v1.1,-1.0886371455853805e-05,0.001032640808261931
MIGHTEE_Continuum_DR1_XMMLSS_8p9arcsec_I_v1.1_crop_1886.npy,MIGHTEE_Continuum_DR1_XMMLSS_8p9arcsec_I_v1.1,-1.0886371455853805e-05,0.001032640808261931
MIGHTEE_Continuum_DR1_XMMLSS_8p9arcsec_I_v1.1_crop_1887.npy,MIGHTEE_Continuum_DR1_XMMLSS_8p9arcsec_I_v1.1,-1.0886371455853805e-05,0.001032640808261931
MIGHTEE_Continuum_DR1_XMMLSS_8p9arcsec_I_v1.1_crop_1888.npy,MIGHTEE_Continuum_DR1_XMMLSS_8p9arcsec_I_v1.1,-1.0886371455853805e-05,0.001032640808261931
MIGHTEE_Continuum_DR1_XMMLSS_8p9arcsec_I_v1.1_crop_1889.npy,MIGHTEE_Continuum_DR1_XMMLSS_8p9arcsec_I_v1.1,-1.0886371455853805e-05,0.001032640808261931
MIGHTEE_Continuum_DR1_XMMLSS_8p9arcsec_I_v1.1_crop_1890.npy,MIGHTEE_Continuum_DR1_XMMLSS_8p9arcsec_I_v1.1,-1.0886371455853805e-05,0.001032640808261931
MIGHTEE_Continuum_DR1_XMMLSS_8p9arcsec_I_v1.1_crop_1891.npy,MIGHTEE_Continuum_DR1_XMMLSS_8p9arcsec_I_v1.1,-1.0886371455853805e-05,0.001032640808261931
MIGHTEE_Continuum_DR1_XMMLSS_8p9arcsec_I_v1.1_crop_1892.npy,MIGHTEE_Continuum_DR1_XMMLSS_8p9arcsec_I_v1.1,-1.0886371455853805e-05,0.001032640808261931
MIGHTEE_Continuum_DR1_XMMLSS_8p9arcsec_I_v1.1_crop_1893.npy,MIGHTEE_Continuum_DR1_XMMLSS_8p9arcsec_I_v1.1,-1.0886371455853805e-05,0.001032640808261931
MIGHTEE_Continuum_DR1_XMMLSS_8p9arcsec_I_v1.1_crop_1894.npy,MIGHTEE_Continuum_DR1_XMMLSS_8p9arcsec_I_v1.1,-1.0886371455853805e-05,0.001032640808261931
MIGHTEE_Continuum_DR1_XMMLSS_8p9arcsec_I_v1.1_crop_1895.npy,MIGHTEE_Continuum_DR1_XMMLSS_8p9arcsec_I_v1.1,-1.0886371455853805e-05,0.001032640808261931
MIGHTEE_Continuum_DR1_XMMLSS_8p9arcsec_I_v1.1_crop_1896.npy,MIGHTEE_Continuum_DR1_XMMLSS_8p9arcsec_I_v1.1,-1.0886371455853805e-05,0.001032640808261931
MIGHTEE_Continuum_DR1_XMMLSS_8p9arcsec_I_v1.1_crop_1897.npy,MIGHTEE_Continuum_DR1_XMMLSS_8p9arcsec_I_v1.1,-1.0886371455853805e-05,0.001032640808261931
MIGHTEE_Continuum_DR1_XMMLSS_8p9arcsec_I_v1.1_crop_1898.npy,MIGHTEE_Continuum_DR1_XMMLSS_8p9arcsec_I_v1.1,-1.0886371455853805e-05,0.001032640808261931
MIGHTEE_Continuum_DR1_XMMLSS_8p9arcsec_I_v1.1_crop_1899.npy,MIGHTEE_Continuum_DR1_XMMLSS_8p9arcsec_I_v1.1,-1.0886371455853805e-05,0.001032640808261931
MIGHTEE_Continuum_DR1_XMMLSS_8p9arcsec_I_v1.1_crop_1900.npy,MIGHTEE_Continuum_DR1_XMMLSS_8p9arcsec_I_v1.1,-1.0886371455853805e-05,0.001032640808261931
MIGHTEE_Continuum_DR1_XMMLSS_8p9arcsec_I_v1.1_crop_1901.npy,MIGHTEE_Continuum_DR1_XMMLSS_8p9arcsec_I_v1.1,-1.0886371455853805e-05,0.001032640808261931
MIGHTEE_Continuum_DR1_XMMLSS_8p9arcsec_I_v1.1_crop_1902.npy,MIGHTEE_Continuum_DR1_XMMLSS_8p9arcsec_I_v1.1,-1.0886371455853805e-05,0.001032640808261931
MIGHTEE_Continuum_DR1_XMMLSS_8p9arcsec_I_v1.1_crop_1903.npy,MIGHTEE_Continuum_DR1_XMMLSS_8p9arcsec_I_v1.1,-1.0886371455853805e-05,0.001032640808261931
MIGHTEE_Continuum_DR1_XMMLSS_8p9arcsec_I_v1.1_crop_1904.npy,MIGHTEE_Continuum_DR1_XMMLSS_8p9arcsec_I_v1.1,-1.0886371455853805e-05,0.001032640808261931
MIGHTEE_Continuum_DR1_XMMLSS_8p9arcsec_I_v1.1_crop_1905.npy,MIGHTEE_Continuum_DR1_XMMLSS_8p9arcsec_I_v1.1,-1.0886371455853805e-05,0.001032640808261931
MIGHTEE_Continuum_DR1_XMMLSS_8p9arcsec_I_v1.1_crop_1906.npy,MIGHTEE_Continuum_DR1_XMMLSS_8p9arcsec_I_v1.1,-1.0886371455853805e-05,0.001032640808261931
MIGHTEE_Continuum_DR1_XMMLSS_8p9arcsec_I_v1.1_crop_1907.npy,MIGHTEE_Continuum_DR1_XMMLSS_8p9arcsec_I_v1.1,-1.0886371455853805e-05,0.001032640808261931
MIGHTEE_Continuum_DR1_XMMLSS_8p9arcsec_I_v1.1_crop_1908.npy,MIGHTEE_Continuum_DR1_XMMLSS_8p9arcsec_I_v1.1,-1.0886371455853805e-05,0.001032640808261931
MIGHTEE_Continuum_DR1_XMMLSS_8p9arcsec_I_v1.1_crop_1909.npy,MIGHTEE_Continuum_DR1_XMMLSS_8p9arcsec_I_v1.1,-1.0886371455853805e-05,0.001032640808261931
MIGHTEE_Continuum_DR1_XMMLSS_8p9arcsec_I_v1.1_crop_1910.npy,MIGHTEE_Continuum_DR1_XMMLSS_8p9arcsec_I_v1.1,-1.0886371455853805e-05,0.001032640808261931
MIGHTEE_Continuum_DR1_XMMLSS_8p9arcsec_I_v1.1_crop_1911.npy,MIGHTEE_Continuum_DR1_XMMLSS_8p9arcsec_I_v1.1,-1.0886371455853805e-05,0.001032640808261931
MIGHTEE_Continuum_DR1_XMMLSS_8p9arcsec_I_v1.1_crop_1912.npy,MIGHTEE_Continuum_DR1_XMMLSS_8p9arcsec_I_v1.1,-1.0886371455853805e-05,0.001032640808261931
MIGHTEE_Continuum_DR1_XMMLSS_8p9arcsec_I_v1.1_crop_1913.npy,MIGHTEE_Continuum_DR1_XMMLSS_8p9arcsec_I_v1.1,-1.0886371455853805e-05,0.001032640808261931
MIGHTEE_Continuum_DR1_XMMLSS_8p9arcsec_I_v1.1_crop_1914.npy,MIGHTEE_Continuum_DR1_XMMLSS_8p9arcsec_I_v1.1,-1.0886371455853805e-05,0.001032640808261931
MIGHTEE_Continuum_DR1_XMMLSS_8p9arcsec_I_v1.1_crop_1915.npy,MIGHTEE_Continuum_DR1_XMMLSS_8p9arcsec_I_v1.1,-1.0886371455853805e-05,0.001032640808261931
MIGHTEE_Continuum_DR1_XMMLSS_8p9arcsec_I_v1.1_crop_1916.npy,MIGHTEE_Continuum_DR1_XMMLSS_8p9arcsec_I_v1.1,-1.0886371455853805e-05,0.001032640808261931
MIGHTEE_Continuum_DR1_XMMLSS_8p9arcsec_I_v1.1_crop_1917.npy,MIGHTEE_Continuum_DR1_XMMLSS_8p9arcsec_I_v1.1,-1.0886371455853805e-05,0.001032640808261931
MIGHTEE_Continuum_DR1_XMMLSS_8p9arcsec_I_v1.1_crop_1918.npy,MIGHTEE_Continuum_DR1_XMMLSS_8p9arcsec_I_v1.1,-1.0886371455853805e-05,0.001032640808261931
MIGHTEE_Continuum_DR1_XMMLSS_8p9arcsec_I_v1.1_crop_1919.npy,MIGHTEE_Continuum_DR1_XMMLSS_8p9arcsec_I_v1.1,-1.0886371455853805e-05,0.001032640808261931
MIGHTEE_Continuum_DR1_XMMLSS_8p9arcsec_I_v1.1_crop_1920.npy,MIGHTEE_Continuum_DR1_XMMLSS_8p9arcsec_I_v1.1,-1.0886371455853805e-05,0.001032640808261931
MIGHTEE_Continuum_DR1_XMMLSS_8p9arcsec_I_v1.1_crop_1921.npy,MIGHTEE_Continuum_DR1_XMMLSS_8p9arcsec_I_v1.1,-1.0886371455853805e-05,0.001032640808261931
MIGHTEE_Continuum_DR1_XMMLSS_8p9arcsec_I_v1.1_crop_1922.npy,MIGHTEE_Continuum_DR1_XMMLSS_8p9arcsec_I_v1.1,-1.0886371455853805e-05,0.001032640808261931
MIGHTEE_Continuum_DR1_XMMLSS_8p9arcsec_I_v1.1_crop_1923.npy,MIGHTEE_Continuum_DR1_XMMLSS_8p9arcsec_I_v1.1,-1.0886371455853805e-05,0.001032640808261931
MIGHTEE_Continuum_DR1_XMMLSS_8p9arcsec_I_v1.1_crop_1924.npy,MIGHTEE_Continuum_DR1_XMMLSS_8p9arcsec_I_v1.1,-1.0886371455853805e-05,0.001032640808261931
MIGHTEE_Continuum_DR1_XMMLSS_8p9arcsec_I_v1.1_crop_1925.npy,MIGHTEE_Continuum_DR1_XMMLSS_8p9arcsec_I_v1.1,-1.0886371455853805e-05,0.001032640808261931
MIGHTEE_Continuum_DR1_XMMLSS_8p9arcsec_I_v1.1_crop_1926.npy,MIGHTEE_Continuum_DR1_XMMLSS_8p9arcsec_I_v1.1,-1.0886371455853805e-05,0.001032640808261931
MIGHTEE_Continuum_DR1_XMMLSS_8p9arcsec_I_v1.1_crop_1927.npy,MIGHTEE_Continuum_DR1_XMMLSS_8p9arcsec_I_v1.1,-1.0886371455853805e-05,0.001032640808261931
MIGHTEE_Continuum_DR1_XMMLSS_8p9arcsec_I_v1.1_crop_1928.npy,MIGHTEE_Continuum_DR1_XMMLSS_8p9arcsec_I_v1.1,-1.0886371455853805e-05,0.001032640808261931
MIGHTEE_Continuum_DR1_XMMLSS_8p9arcsec_I_v1.1_crop_1929.npy,MIGHTEE_Continuum_DR1_XMMLSS_8p9arcsec_I_v1.1,-1.0886371455853805e-05,0.001032640808261931
MIGHTEE_Continuum_DR1_XMMLSS_8p9arcsec_I_v1.1_crop_1930.npy,MIGHTEE_Continuum_DR1_XMMLSS_8p9arcsec_I_v1.1,-1.0886371455853805e-05,0.001032640808261931
MIGHTEE_Continuum_DR1_XMMLSS_8p9arcsec_I_v1.1_crop_1931.npy,MIGHTEE_Continuum_DR1_XMMLSS_8p9arcsec_I_v1.1,-1.0886371455853805e-05,0.001032640808261931
MIGHTEE_Continuum_DR1_XMMLSS_8p9arcsec_I_v1.1_crop_1932.npy,MIGHTEE_Continuum_DR1_XMMLSS_8p9arcsec_I_v1.1,-1.0886371455853805e-05,0.001032640808261931
MIGHTEE_Continuum_DR1_XMMLSS_8p9arcsec_I_v1.1_crop_1933.npy,MIGHTEE_Continuum_DR1_XMMLSS_8p9arcsec_I_v1.1,-1.0886371455853805e-05,0.001032640808261931
MIGHTEE_Continuum_DR1_XMMLSS_8p9arcsec_I_v1.1_crop_1934.npy,MIGHTEE_Continuum_DR1_XMMLSS_8p9arcsec_I_v1.1,-1.0886371455853805e-05,0.001032640808261931
MIGHTEE_Continuum_DR1_XMMLSS_8p9arcsec_I_v1.1_crop_1935.npy,MIGHTEE_Continuum_DR1_XMMLSS_8p9arcsec_I_v1.1,-1.0886371455853805e-05,0.001032640808261931
MIGHTEE_Continuum_DR1_XMMLSS_8p9arcsec_I_v1.1_crop_1936.npy,MIGHTEE_Continuum_DR1_XMMLSS_8p9arcsec_I_v1.1,-1.0886371455853805e-05,0.001032640808261931
MIGHTEE_Continuum_DR1_XMMLSS_8p9arcsec_I_v1.1_crop_1937.npy,MIGHTEE_Continuum_DR1_XMMLSS_8p9arcsec_I_v1.1,-1.0886371455853805e-05,0.001032640808261931
MIGHTEE_Continuum_DR1_XMMLSS_8p9arcsec_I_v1.1_crop_1938.npy,MIGHTEE_Continuum_DR1_XMMLSS_8p9arcsec_I_v1.1,-1.0886371455853805e-05,0.001032640808261931
MIGHTEE_Continuum_DR1_XMMLSS_8p9arcsec_I_v1.1_crop_1939.npy,MIGHTEE_Continuum_DR1_XMMLSS_8p9arcsec_I_v1.1,-1.0886371455853805e-05,0.001032640808261931
MIGHTEE_Continuum_DR1_XMMLSS_8p9arcsec_I_v1.1_crop_1940.npy,MIGHTEE_Continuum_DR1_XMMLSS_8p9arcsec_I_v1.1,-1.0886371455853805e-05,0.001032640808261931
MIGHTEE_Continuum_DR1_XMMLSS_8p9arcsec_I_v1.1_crop_1941.npy,MIGHTEE_Continuum_DR1_XMMLSS_8p9arcsec_I_v1.1,-1.0886371455853805e-05,0.001032640808261931
MIGHTEE_Continuum_DR1_XMMLSS_8p9arcsec_I_v1.1_crop_1942.npy,MIGHTEE_Continuum_DR1_XMMLSS_8p9arcsec_I_v1.1,-1.0886371455853805e-05,0.001032640808261931
MIGHTEE_Continuum_DR1_XMMLSS_8p9arcsec_I_v1.1_crop_1943.npy,MIGHTEE_Continuum_DR1_XMMLSS_8p9arcsec_I_v1.1,-1.0886371455853805e-05,0.001032640808261931
MIGHTEE_Continuum_DR1_XMMLSS_8p9arcsec_I_v1.1_crop_1944.npy,MIGHTEE_Continuum_DR1_XMMLSS_8p9arcsec_I_v1.1,-1.0886371455853805e-05,0.001032640808261931
MIGHTEE_Continuum_DR1_XMMLSS_8p9arcsec_I_v1.1_crop_1945.npy,MIGHTEE_Continuum_DR1_XMMLSS_8p9arcsec_I_v1.1,-1.0886371455853805e-05,0.001032640808261931
MIGHTEE_Continuum_DR1_XMMLSS_8p9arcsec_I_v1.1_crop_1946.npy,MIGHTEE_Continuum_DR1_XMMLSS_8p9arcsec_I_v1.1,-1.0886371455853805e-05,0.001032640808261931
MIGHTEE_Continuum_DR1_XMMLSS_8p9arcsec_I_v1.1_crop_1947.npy,MIGHTEE_Continuum_DR1_XMMLSS_8p9arcsec_I_v1.1,-1.0886371455853805e-05,0.001032640808261931
MIGHTEE_Continuum_DR1_XMMLSS_8p9arcsec_I_v1.1_crop_1948.npy,MIGHTEE_Continuum_DR1_XMMLSS_8p9arcsec_I_v1.1,-1.0886371455853805e-05,0.001032640808261931
MIGHTEE_Continuum_DR1_XMMLSS_8p9arcsec_I_v1.1_crop_1949.npy,MIGHTEE_Continuum_DR1_XMMLSS_8p9arcsec_I_v1.1,-1.0886371455853805e-05,0.001032640808261931
MIGHTEE_Continuum_DR1_XMMLSS_8p9arcsec_I_v1.1_crop_1950.npy,MIGHTEE_Continuum_DR1_XMMLSS_8p9arcsec_I_v1.1,-1.0886371455853805e-05,0.001032640808261931
MIGHTEE_Continuum_DR1_XMMLSS_8p9arcsec_I_v1.1_crop_1951.npy,MIGHTEE_Continuum_DR1_XMMLSS_8p9arcsec_I_v1.1,-1.0886371455853805e-05,0.001032640808261931
MIGHTEE_Continuum_DR1_XMMLSS_8p9arcsec_I_v1.1_crop_1952.npy,MIGHTEE_Continuum_DR1_XMMLSS_8p9arcsec_I_v1.1,-1.0886371455853805e-05,0.001032640808261931
MIGHTEE_Continuum_DR1_XMMLSS_8p9arcsec_I_v1.1_crop_1953.npy,MIGHTEE_Continuum_DR1_XMMLSS_8p9arcsec_I_v1.1,-1.0886371455853805e-05,0.001032640808261931
MIGHTEE_Continuum_DR1_XMMLSS_8p9arcsec_I_v1.1_crop_1954.npy,MIGHTEE_Continuum_DR1_XMMLSS_8p9arcsec_I_v1.1,-1.0886371455853805e-05,0.001032640808261931
MIGHTEE_Continuum_DR1_XMMLSS_8p9arcsec_I_v1.1_crop_1955.npy,MIGHTEE_Continuum_DR1_XMMLSS_8p9arcsec_I_v1.1,-1.0886371455853805e-05,0.001032640808261931
MIGHTEE_Continuum_DR1_XMMLSS_8p9arcsec_I_v1.1_crop_1956.npy,MIGHTEE_Continuum_DR1_XMMLSS_8p9arcsec_I_v1.1,-1.0886371455853805e-05,0.001032640808261931
MIGHTEE_Continuum_DR1_XMMLSS_8p9arcsec_I_v1.1_crop_1957.npy,MIGHTEE_Continuum_DR1_XMMLSS_8p9arcsec_I_v1.1,-1.0886371455853805e-05,0.001032640808261931
MIGHTEE_Continuum_DR1_XMMLSS_8p9arcsec_I_v1.1_crop_1958.npy,MIGHTEE_Continuum_DR1_XMMLSS_8p9arcsec_I_v1.1,-1.0886371455853805e-05,0.001032640808261931
MIGHTEE_Continuum_DR1_XMMLSS_8p9arcsec_I_v1.1_crop_1959.npy,MIGHTEE_Continuum_DR1_XMMLSS_8p9arcsec_I_v1.1,-1.0886371455853805e-05,0.001032640808261931
MIGHTEE_Continuum_DR1_XMMLSS_8p9arcsec_I_v1.1_crop_1960.npy,MIGHTEE_Continuum_DR1_XMMLSS_8p9arcsec_I_v1.1,-1.0886371455853805e-05,0.001032640808261931
MIGHTEE_Continuum_DR1_XMMLSS_8p9arcsec_I_v1.1_crop_1961.npy,MIGHTEE_Continuum_DR1_XMMLSS_8p9arcsec_I_v1.1,-1.0886371455853805e-05,0.001032640808261931
MIGHTEE_Continuum_DR1_XMMLSS_8p9arcsec_I_v1.1_crop_1962.npy,MIGHTEE_Continuum_DR1_XMMLSS_8p9arcsec_I_v1.1,-1.0886371455853805e-05,0.001032640808261931
MIGHTEE_Continuum_DR1_XMMLSS_8p9arcsec_I_v1.1_crop_1963.npy,MIGHTEE_Continuum_DR1_XMMLSS_8p9arcsec_I_v1.1,-1.0886371455853805e-05,0.001032640808261931
MIGHTEE_Continuum_DR1_XMMLSS_8p9arcsec_I_v1.1_crop_1964.npy,MIGHTEE_Continuum_DR1_XMMLSS_8p9arcsec_I_v1.1,-1.0886371455853805e-05,0.001032640808261931
MIGHTEE_Continuum_DR1_XMMLSS_8p9arcsec_I_v1.1_crop_1965.npy,MIGHTEE_Continuum_DR1_XMMLSS_8p9arcsec_I_v1.1,-1.0886371455853805e-05,0.001032640808261931
MIGHTEE_Continuum_DR1_XMMLSS_8p9arcsec_I_v1.1_crop_1966.npy,MIGHTEE_Continuum_DR1_XMMLSS_8p9arcsec_I_v1.1,-1.0886371455853805e-05,0.001032640808261931
MIGHTEE_Continuum_DR1_XMMLSS_8p9arcsec_I_v1.1_crop_1967.npy,MIGHTEE_Continuum_DR1_XMMLSS_8p9arcsec_I_v1.1,-1.0886371455853805e-05,0.001032640808261931
MIGHTEE_Continuum_DR1_XMMLSS_8p9arcsec_I_v1.1_crop_1968.npy,MIGHTEE_Continuum_DR1_XMMLSS_8p9arcsec_I_v1.1,-1.0886371455853805e-05,0.001032640808261931
MIGHTEE_Continuum_DR1_XMMLSS_8p9arcsec_I_v1.1_crop_1969.npy,MIGHTEE_Continuum_DR1_XMMLSS_8p9arcsec_I_v1.1,-1.0886371455853805e-05,0.001032640808261931
MIGHTEE_Continuum_DR1_XMMLSS_8p9arcsec_I_v1.1_crop_1970.npy,MIGHTEE_Continuum_DR1_XMMLSS_8p9arcsec_I_v1.1,-1.0886371455853805e-05,0.001032640808261931
MIGHTEE_Continuum_DR1_XMMLSS_8p9arcsec_I_v1.1_crop_1971.npy,MIGHTEE_Continuum_DR1_XMMLSS_8p9arcsec_I_v1.1,-1.0886371455853805e-05,0.001032640808261931
MIGHTEE_Continuum_DR1_XMMLSS_8p9arcsec_I_v1.1_crop_1972.npy,MIGHTEE_Continuum_DR1_XMMLSS_8p9arcsec_I_v1.1,-1.0886371455853805e-05,0.001032640808261931
MIGHTEE_Continuum_DR1_XMMLSS_8p9arcsec_I_v1.1_crop_1973.npy,MIGHTEE_Continuum_DR1_XMMLSS_8p9arcsec_I_v1.1,-1.0886371455853805e-05,0.001032640808261931
MIGHTEE_Continuum_DR1_XMMLSS_8p9arcsec_I_v1.1_crop_1974.npy,MIGHTEE_Continuum_DR1_XMMLSS_8p9arcsec_I_v1.1,-1.0886371455853805e-05,0.001032640808261931
MIGHTEE_Continuum_DR1_XMMLSS_8p9arcsec_I_v1.1_crop_1975.npy,MIGHTEE_Continuum_DR1_XMMLSS_8p9arcsec_I_v1.1,-1.0886371455853805e-05,0.001032640808261931
MIGHTEE_Continuum_DR1_XMMLSS_8p9arcsec_I_v1.1_crop_1976.npy,MIGHTEE_Continuum_DR1_XMMLSS_8p9arcsec_I_v1.1,-1.0886371455853805e-05,0.001032640808261931
MIGHTEE_Continuum_DR1_XMMLSS_8p9arcsec_I_v1.1_crop_1977.npy,MIGHTEE_Continuum_DR1_XMMLSS_8p9arcsec_I_v1.1,-1.0886371455853805e-05,0.001032640808261931
MIGHTEE_Continuum_DR1_XMMLSS_8p9arcsec_I_v1.1_crop_1978.npy,MIGHTEE_Continuum_DR1_XMMLSS_8p9arcsec_I_v1.1,-1.0886371455853805e-05,0.001032640808261931
MIGHTEE_Continuum_DR1_XMMLSS_8p9arcsec_I_v1.1_crop_1979.npy,MIGHTEE_Continuum_DR1_XMMLSS_8p9arcsec_I_v1.1,-1.0886371455853805e-05,0.001032640808261931
MIGHTEE_Continuum_DR1_XMMLSS_8p9arcsec_I_v1.1_crop_1980.npy,MIGHTEE_Continuum_DR1_XMMLSS_8p9arcsec_I_v1.1,-1.0886371455853805e-05,0.001032640808261931
MIGHTEE_Continuum_DR1_XMMLSS_8p9arcsec_I_v1.1_crop_1981.npy,MIGHTEE_Continuum_DR1_XMMLSS_8p9arcsec_I_v1.1,-1.0886371455853805e-05,0.001032640808261931
MIGHTEE_Continuum_DR1_XMMLSS_8p9arcsec_I_v1.1_crop_1982.npy,MIGHTEE_Continuum_DR1_XMMLSS_8p9arcsec_I_v1.1,-1.0886371455853805e-05,0.001032640808261931
MIGHTEE_Continuum_DR1_XMMLSS_8p9arcsec_I_v1.1_crop_1983.npy,MIGHTEE_Continuum_DR1_XMMLSS_8p9arcsec_I_v1.1,-1.0886371455853805e-05,0.001032640808261931
MIGHTEE_Continuum_DR1_XMMLSS_8p9arcsec_I_v1.1_crop_1984.npy,MIGHTEE_Continuum_DR1_XMMLSS_8p9arcsec_I_v1.1,-1.0886371455853805e-05,0.001032640808261931
MIGHTEE_Continuum_DR1_XMMLSS_8p9arcsec_I_v1.1_crop_1985.npy,MIGHTEE_Continuum_DR1_XMMLSS_8p9arcsec_I_v1.1,-1.0886371455853805e-05,0.001032640808261931
MIGHTEE_Continuum_DR1_XMMLSS_8p9arcsec_I_v1.1_crop_1986.npy,MIGHTEE_Continuum_DR1_XMMLSS_8p9arcsec_I_v1.1,-1.0886371455853805e-05,0.001032640808261931
MIGHTEE_Continuum_DR1_XMMLSS_8p9arcsec_I_v1.1_crop_1987.npy,MIGHTEE_Continuum_DR1_XMMLSS_8p9arcsec_I_v1.1,-1.0886371455853805e-05,0.001032640808261931
MIGHTEE_Continuum_DR1_XMMLSS_8p9arcsec_I_v1.1_crop_1988.npy,MIGHTEE_Continuum_DR1_XMMLSS_8p9arcsec_I_v1.1,-1.0886371455853805e-05,0.001032640808261931
MIGHTEE_Continuum_DR1_XMMLSS_8p9arcsec_I_v1.1_crop_1989.npy,MIGHTEE_Continuum_DR1_XMMLSS_8p9arcsec_I_v1.1,-1.0886371455853805e-05,0.001032640808261931
MIGHTEE_Continuum_DR1_XMMLSS_8p9arcsec_I_v1.1_crop_1990.npy,MIGHTEE_Continuum_DR1_XMMLSS_8p9arcsec_I_v1.1,-1.0886371455853805e-05,0.001032640808261931
MIGHTEE_Continuum_DR1_XMMLSS_8p9arcsec_I_v1.1_crop_1991.npy,MIGHTEE_Continuum_DR1_XMMLSS_8p9arcsec_I_v1.1,-1.0886371455853805e-05,0.001032640808261931
MIGHTEE_Continuum_DR1_XMMLSS_8p9arcsec_I_v1.1_crop_1992.npy,MIGHTEE_Continuum_DR1_XMMLSS_8p9arcsec_I_v1.1,-1.0886371455853805e-05,0.001032640808261931
MIGHTEE_Continuum_DR1_XMMLSS_8p9arcsec_I_v1.1_crop_1993.npy,MIGHTEE_Continuum_DR1_XMMLSS_8p9arcsec_I_v1.1,-1.0886371455853805e-05,0.001032640808261931
MIGHTEE_Continuum_DR1_XMMLSS_8p9arcsec_I_v1.1_crop_1994.npy,MIGHTEE_Continuum_DR1_XMMLSS_8p9arcsec_I_v1.1,-1.0886371455853805e-05,0.001032640808261931
MIGHTEE_Continuum_DR1_XMMLSS_8p9arcsec_I_v1.1_crop_1995.npy,MIGHTEE_Continuum_DR1_XMMLSS_8p9arcsec_I_v1.1,-1.0886371455853805e-05,0.001032640808261931
MIGHTEE_Continuum_DR1_XMMLSS_8p9arcsec_I_v1.1_crop_1996.npy,MIGHTEE_Continuum_DR1_XMMLSS_8p9arcsec_I_v1.1,-1.0886371455853805e-05,0.001032640808261931
MIGHTEE_Continuum_DR1_XMMLSS_8p9arcsec_I_v1.1_crop_1997.npy,MIGHTEE_Continuum_DR1_XMMLSS_8p9arcsec_I_v1.1,-1.0886371455853805e-05,0.001032640808261931
MIGHTEE_Continuum_DR1_XMMLSS_8p9arcsec_I_v1.1_crop_1998.npy,MIGHTEE_Continuum_DR1_XMMLSS_8p9arcsec_I_v1.1,-1.0886371455853805e-05,0.001032640808261931
MIGHTEE_Continuum_DR1_XMMLSS_8p9arcsec_I_v1.1_crop_1999.npy,MIGHTEE_Continuum_DR1_XMMLSS_8p9arcsec_I_v1.1,-1.0886371455853805e-05,0.001032640808261931
MIGHTEE_Continuum_DR1_XMMLSS_8p9arcsec_I_v1.1_crop_2000.npy,MIGHTEE_Continuum_DR1_XMMLSS_8p9arcsec_I_v1.1,-1.0886371455853805e-05,0.001032640808261931
MIGHTEE_Continuum_DR1_XMMLSS_8p9arcsec_I_v1.1_crop_2001.npy,MIGHTEE_Continuum_DR1_XMMLSS_8p9arcsec_I_v1.1,-1.0886371455853805e-05,0.001032640808261931
MIGHTEE_Continuum_DR1_XMMLSS_8p9arcsec_I_v1.1_crop_2002.npy,MIGHTEE_Continuum_DR1_XMMLSS_8p9arcsec_I_v1.1,-1.0886371455853805e-05,0.001032640808261931
MIGHTEE_Continuum_DR1_XMMLSS_8p9arcsec_I_v1.1_crop_2003.npy,MIGHTEE_Continuum_DR1_XMMLSS_8p9arcsec_I_v1.1,-1.0886371455853805e-05,0.001032640808261931
MIGHTEE_Continuum_DR1_XMMLSS_8p9arcsec_I_v1.1_crop_2004.npy,MIGHTEE_Continuum_DR1_XMMLSS_8p9arcsec_I_v1.1,-1.0886371455853805e-05,0.001032640808261931
MIGHTEE_Continuum_DR1_XMMLSS_8p9arcsec_I_v1.1_crop_2005.npy,MIGHTEE_Continuum_DR1_XMMLSS_8p9arcsec_I_v1.1,-1.0886371455853805e-05,0.001032640808261931
MIGHTEE_Continuum_DR1_XMMLSS_8p9arcsec_I_v1.1_crop_2006.npy,MIGHTEE_Continuum_DR1_XMMLSS_8p9arcsec_I_v1.1,-1.0886371455853805e-05,0.001032640808261931
MIGHTEE_Continuum_DR1_XMMLSS_8p9arcsec_I_v1.1_crop_2007.npy,MIGHTEE_Continuum_DR1_XMMLSS_8p9arcsec_I_v1.1,-1.0886371455853805e-05,0.001032640808261931
MIGHTEE_Continuum_DR1_XMMLSS_8p9arcsec_I_v1.1_crop_2008.npy,MIGHTEE_Continuum_DR1_XMMLSS_8p9arcsec_I_v1.1,-1.0886371455853805e-05,0.001032640808261931
MIGHTEE_Continuum_DR1_XMMLSS_8p9arcsec_I_v1.1_crop_2009.npy,MIGHTEE_Continuum_DR1_XMMLSS_8p9arcsec_I_v1.1,-1.0886371455853805e-05,0.001032640808261931
MIGHTEE_Continuum_DR1_XMMLSS_8p9arcsec_I_v1.1_crop_2010.npy,MIGHTEE_Continuum_DR1_XMMLSS_8p9arcsec_I_v1.1,-1.0886371455853805e-05,0.001032640808261931
MIGHTEE_Continuum_DR1_XMMLSS_8p9arcsec_I_v1.1_crop_2011.npy,MIGHTEE_Continuum_DR1_XMMLSS_8p9arcsec_I_v1.1,-1.0886371455853805e-05,0.001032640808261931
MIGHTEE_Continuum_DR1_XMMLSS_8p9arcsec_I_v1.1_crop_2012.npy,MIGHTEE_Continuum_DR1_XMMLSS_8p9arcsec_I_v1.1,-1.0886371455853805e-05,0.001032640808261931
MIGHTEE_Continuum_DR1_XMMLSS_8p9arcsec_I_v1.1_crop_2013.npy,MIGHTEE_Continuum_DR1_XMMLSS_8p9arcsec_I_v1.1,-1.0886371455853805e-05,0.001032640808261931
MIGHTEE_Continuum_DR1_XMMLSS_8p9arcsec_I_v1.1_crop_2014.npy,MIGHTEE_Continuum_DR1_XMMLSS_8p9arcsec_I_v1.1,-1.0886371455853805e-05,0.001032640808261931
MIGHTEE_Continuum_DR1_XMMLSS_8p9arcsec_I_v1.1_crop_2015.npy,MIGHTEE_Continuum_DR1_XMMLSS_8p9arcsec_I_v1.1,-1.0886371455853805e-05,0.001032640808261931
MIGHTEE_Continuum_DR1_XMMLSS_8p9arcsec_I_v1.1_crop_2016.npy,MIGHTEE_Continuum_DR1_XMMLSS_8p9arcsec_I_v1.1,-1.0886371455853805e-05,0.001032640808261931
MIGHTEE_Continuum_DR1_XMMLSS_8p9arcsec_I_v1.1_crop_2017.npy,MIGHTEE_Continuum_DR1_XMMLSS_8p9arcsec_I_v1.1,-1.0886371455853805e-05,0.001032640808261931
MIGHTEE_Continuum_DR1_XMMLSS_8p9arcsec_I_v1.1_crop_2018.npy,MIGHTEE_Continuum_DR1_XMMLSS_8p9arcsec_I_v1.1,-1.0886371455853805e-05,0.001032640808261931
MIGHTEE_Continuum_DR1_XMMLSS_8p9arcsec_I_v1.1_crop_2019.npy,MIGHTEE_Continuum_DR1_XMMLSS_8p9arcsec_I_v1.1,-1.0886371455853805e-05,0.001032640808261931
MIGHTEE_Continuum_DR1_XMMLSS_8p9arcsec_I_v1.1_crop_2020.npy,MIGHTEE_Continuum_DR1_XMMLSS_8p9arcsec_I_v1.1,-1.0886371455853805e-05,0.001032640808261931
MIGHTEE_Continuum_DR1_XMMLSS_8p9arcsec_I_v1.1_crop_2021.npy,MIGHTEE_Continuum_DR1_XMMLSS_8p9arcsec_I_v1.1,-1.0886371455853805e-05,0.001032640808261931
MIGHTEE_Continuum_DR1_XMMLSS_8p9arcsec_I_v1.1_crop_2022.npy,MIGHTEE_Continuum_DR1_XMMLSS_8p9arcsec_I_v1.1,-1.0886371455853805e-05,0.001032640808261931
MIGHTEE_Continuum_DR1_XMMLSS_8p9arcsec_I_v1.1_crop_2023.npy,MIGHTEE_Continuum_DR1_XMMLSS_8p9arcsec_I_v1.1,-1.0886371455853805e-05,0.001032640808261931
MIGHTEE_Continuum_DR1_XMMLSS_8p9arcsec_I_v1.1_crop_2024.npy,MIGHTEE_Continuum_DR1_XMMLSS_8p9arcsec_I_v1.1,-1.0886371455853805e-05,0.001032640808261931
MIGHTEE_Continuum_DR1_XMMLSS_8p9arcsec_I_v1.1_crop_2025.npy,MIGHTEE_Continuum_DR1_XMMLSS_8p9arcsec_I_v1.1,-1.0886371455853805e-05,0.001032640808261931
MIGHTEE_Continuum_DR1_XMMLSS_8p9arcsec_I_v1.1_crop_2026.npy,MIGHTEE_Continuum_DR1_XMMLSS_8p9arcsec_I_v1.1,-1.0886371455853805e-05,0.001032640808261931
MIGHTEE_Continuum_DR1_XMMLSS_8p9arcsec_I_v1.1_crop_2027.npy,MIGHTEE_Continuum_DR1_XMMLSS_8p9arcsec_I_v1.1,-1.0886371455853805e-05,0.001032640808261931
MIGHTEE_Continuum_DR1_XMMLSS_8p9arcsec_I_v1.1_crop_2028.npy,MIGHTEE_Continuum_DR1_XMMLSS_8p9arcsec_I_v1.1,-1.0886371455853805e-05,0.001032640808261931
MIGHTEE_Continuum_DR1_XMMLSS_8p9arcsec_I_v1.1_crop_2029.npy,MIGHTEE_Continuum_DR1_XMMLSS_8p9arcsec_I_v1.1,-1.0886371455853805e-05,0.001032640808261931
MIGHTEE_Continuum_DR1_XMMLSS_8p9arcsec_I_v1.1_crop_2030.npy,MIGHTEE_Continuum_DR1_XMMLSS_8p9arcsec_I_v1.1,-1.0886371455853805e-05,0.001032640808261931
MIGHTEE_Continuum_DR1_XMMLSS_8p9arcsec_I_v1.1_crop_2031.npy,MIGHTEE_Continuum_DR1_XMMLSS_8p9arcsec_I_v1.1,-1.0886371455853805e-05,0.001032640808261931
MIGHTEE_Continuum_DR1_XMMLSS_8p9arcsec_I_v1.1_crop_2032.npy,MIGHTEE_Continuum_DR1_XMMLSS_8p9arcsec_I_v1.1,-1.0886371455853805e-05,0.001032640808261931
MIGHTEE_Continuum_DR1_XMMLSS_8p9arcsec_I_v1.1_crop_2033.npy,MIGHTEE_Continuum_DR1_XMMLSS_8p9arcsec_I_v1.1,-1.0886371455853805e-05,0.001032640808261931
MIGHTEE_Continuum_DR1_XMMLSS_8p9arcsec_I_v1.1_crop_2034.npy,MIGHTEE_Continuum_DR1_XMMLSS_8p9arcsec_I_v1.1,-1.0886371455853805e-05,0.001032640808261931
MIGHTEE_Continuum_DR1_XMMLSS_8p9arcsec_I_v1.1_crop_2035.npy,MIGHTEE_Continuum_DR1_XMMLSS_8p9arcsec_I_v1.1,-1.0886371455853805e-05,0.001032640808261931
MIGHTEE_Continuum_DR1_XMMLSS_8p9arcsec_I_v1.1_crop_2036.npy,MIGHTEE_Continuum_DR1_XMMLSS_8p9arcsec_I_v1.1,-1.0886371455853805e-05,0.001032640808261931
MIGHTEE_Continuum_DR1_XMMLSS_8p9arcsec_I_v1.1_crop_2037.npy,MIGHTEE_Continuum_DR1_XMMLSS_8p9arcsec_I_v1.1,-1.0886371455853805e-05,0.001032640808261931
MIGHTEE_Continuum_DR1_XMMLSS_8p9arcsec_I_v1.1_crop_2038.npy,MIGHTEE_Continuum_DR1_XMMLSS_8p9arcsec_I_v1.1,-1.0886371455853805e-05,0.001032640808261931
MIGHTEE_Continuum_DR1_XMMLSS_8p9arcsec_I_v1.1_crop_2039.npy,MIGHTEE_Continuum_DR1_XMMLSS_8p9arcsec_I_v1.1,-1.0886371455853805e-05,0.001032640808261931
MIGHTEE_Continuum_DR1_XMMLSS_8p9arcsec_I_v1.1_crop_2040.npy,MIGHTEE_Continuum_DR1_XMMLSS_8p9arcsec_I_v1.1,-1.0886371455853805e-05,0.001032640808261931
MIGHTEE_Continuum_DR1_XMMLSS_8p9arcsec_I_v1.1_crop_2041.npy,MIGHTEE_Continuum_DR1_XMMLSS_8p9arcsec_I_v1.1,-1.0886371455853805e-05,0.001032640808261931
MIGHTEE_Continuum_DR1_XMMLSS_8p9arcsec_I_v1.1_crop_2042.npy,MIGHTEE_Continuum_DR1_XMMLSS_8p9arcsec_I_v1.1,-1.0886371455853805e-05,0.001032640808261931
MIGHTEE_Continuum_DR1_XMMLSS_8p9arcsec_I_v1.1_crop_2043.npy,MIGHTEE_Continuum_DR1_XMMLSS_8p9arcsec_I_v1.1,-1.0886371455853805e-05,0.001032640808261931
MIGHTEE_Continuum_DR1_XMMLSS_8p9arcsec_I_v1.1_crop_2044.npy,MIGHTEE_Continuum_DR1_XMMLSS_8p9arcsec_I_v1.1,-1.0886371455853805e-05,0.001032640808261931
MIGHTEE_Continuum_DR1_XMMLSS_8p9arcsec_I_v1.1_crop_2045.npy,MIGHTEE_Continuum_DR1_XMMLSS_8p9arcsec_I_v1.1,-1.0886371455853805e-05,0.001032640808261931
MIGHTEE_Continuum_DR1_XMMLSS_8p9arcsec_I_v1.1_crop_2046.npy,MIGHTEE_Continuum_DR1_XMMLSS_8p9arcsec_I_v1.1,-1.0886371455853805e-05,0.001032640808261931
MIGHTEE_Continuum_DR1_XMMLSS_8p9arcsec_I_v1.1_crop_2047.npy,MIGHTEE_Continuum_DR1_XMMLSS_8p9arcsec_I_v1.1,-1.0886371455853805e-05,0.001032640808261931
MIGHTEE_Continuum_DR1_XMMLSS_8p9arcsec_I_v1.1_crop_2048.npy,MIGHTEE_Continuum_DR1_XMMLSS_8p9arcsec_I_v1.1,-1.0886371455853805e-05,0.001032640808261931
MIGHTEE_Continuum_DR1_XMMLSS_8p9arcsec_I_v1.1_crop_2049.npy,MIGHTEE_Continuum_DR1_XMMLSS_8p9arcsec_I_v1.1,-1.0886371455853805e-05,0.001032640808261931
MIGHTEE_Continuum_DR1_XMMLSS_8p9arcsec_I_v1.1_crop_2050.npy,MIGHTEE_Continuum_DR1_XMMLSS_8p9arcsec_I_v1.1,-1.0886371455853805e-05,0.001032640808261931
MIGHTEE_Continuum_DR1_XMMLSS_8p9arcsec_I_v1.1_crop_2051.npy,MIGHTEE_Continuum_DR1_XMMLSS_8p9arcsec_I_v1.1,-1.0886371455853805e-05,0.001032640808261931
MIGHTEE_Continuum_DR1_XMMLSS_8p9arcsec_I_v1.1_crop_2052.npy,MIGHTEE_Continuum_DR1_XMMLSS_8p9arcsec_I_v1.1,-1.0886371455853805e-05,0.001032640808261931
MIGHTEE_Continuum_DR1_XMMLSS_8p9arcsec_I_v1.1_crop_2053.npy,MIGHTEE_Continuum_DR1_XMMLSS_8p9arcsec_I_v1.1,-1.0886371455853805e-05,0.001032640808261931
MIGHTEE_Continuum_DR1_XMMLSS_8p9arcsec_I_v1.1_crop_2054.npy,MIGHTEE_Continuum_DR1_XMMLSS_8p9arcsec_I_v1.1,-1.0886371455853805e-05,0.001032640808261931
MIGHTEE_Continuum_DR1_XMMLSS_8p9arcsec_I_v1.1_crop_2055.npy,MIGHTEE_Continuum_DR1_XMMLSS_8p9arcsec_I_v1.1,-1.0886371455853805e-05,0.001032640808261931
MIGHTEE_Continuum_DR1_XMMLSS_8p9arcsec_I_v1.1_crop_2056.npy,MIGHTEE_Continuum_DR1_XMMLSS_8p9arcsec_I_v1.1,-1.0886371455853805e-05,0.001032640808261931
MIGHTEE_Continuum_DR1_XMMLSS_8p9arcsec_I_v1.1_crop_2057.npy,MIGHTEE_Continuum_DR1_XMMLSS_8p9arcsec_I_v1.1,-1.0886371455853805e-05,0.001032640808261931
MIGHTEE_Continuum_DR1_XMMLSS_8p9arcsec_I_v1.1_crop_2058.npy,MIGHTEE_Continuum_DR1_XMMLSS_8p9arcsec_I_v1.1,-1.0886371455853805e-05,0.001032640808261931
MIGHTEE_Continuum_DR1_XMMLSS_8p9arcsec_I_v1.1_crop_2059.npy,MIGHTEE_Continuum_DR1_XMMLSS_8p9arcsec_I_v1.1,-1.0886371455853805e-05,0.001032640808261931
MIGHTEE_Continuum_DR1_XMMLSS_8p9arcsec_I_v1.1_crop_2060.npy,MIGHTEE_Continuum_DR1_XMMLSS_8p9arcsec_I_v1.1,-1.0886371455853805e-05,0.001032640808261931
MIGHTEE_Continuum_DR1_XMMLSS_8p9arcsec_I_v1.1_crop_2061.npy,MIGHTEE_Continuum_DR1_XMMLSS_8p9arcsec_I_v1.1,-1.0886371455853805e-05,0.001032640808261931
MIGHTEE_Continuum_DR1_XMMLSS_8p9arcsec_I_v1.1_crop_2062.npy,MIGHTEE_Continuum_DR1_XMMLSS_8p9arcsec_I_v1.1,-1.0886371455853805e-05,0.001032640808261931
MIGHTEE_Continuum_DR1_XMMLSS_8p9arcsec_I_v1.1_crop_2063.npy,MIGHTEE_Continuum_DR1_XMMLSS_8p9arcsec_I_v1.1,-1.0886371455853805e-05,0.001032640808261931
MIGHTEE_Continuum_DR1_XMMLSS_8p9arcsec_I_v1.1_crop_2064.npy,MIGHTEE_Continuum_DR1_XMMLSS_8p9arcsec_I_v1.1,-1.0886371455853805e-05,0.001032640808261931
MIGHTEE_Continuum_DR1_XMMLSS_8p9arcsec_I_v1.1_crop_2065.npy,MIGHTEE_Continuum_DR1_XMMLSS_8p9arcsec_I_v1.1,-1.0886371455853805e-05,0.001032640808261931
MIGHTEE_Continuum_DR1_XMMLSS_8p9arcsec_I_v1.1_crop_2066.npy,MIGHTEE_Continuum_DR1_XMMLSS_8p9arcsec_I_v1.1,-1.0886371455853805e-05,0.001032640808261931
MIGHTEE_Continuum_DR1_XMMLSS_8p9arcsec_I_v1.1_crop_2067.npy,MIGHTEE_Continuum_DR1_XMMLSS_8p9arcsec_I_v1.1,-1.0886371455853805e-05,0.001032640808261931
MIGHTEE_Continuum_DR1_XMMLSS_8p9arcsec_I_v1.1_crop_2068.npy,MIGHTEE_Continuum_DR1_XMMLSS_8p9arcsec_I_v1.1,-1.0886371455853805e-05,0.001032640808261931
MIGHTEE_Continuum_DR1_XMMLSS_8p9arcsec_I_v1.1_crop_2069.npy,MIGHTEE_Continuum_DR1_XMMLSS_8p9arcsec_I_v1.1,-1.0886371455853805e-05,0.001032640808261931
MIGHTEE_Continuum_DR1_XMMLSS_8p9arcsec_I_v1.1_crop_2070.npy,MIGHTEE_Continuum_DR1_XMMLSS_8p9arcsec_I_v1.1,-1.0886371455853805e-05,0.001032640808261931
MIGHTEE_Continuum_DR1_XMMLSS_8p9arcsec_I_v1.1_crop_2071.npy,MIGHTEE_Continuum_DR1_XMMLSS_8p9arcsec_I_v1.1,-1.0886371455853805e-05,0.001032640808261931
MIGHTEE_Continuum_DR1_XMMLSS_8p9arcsec_I_v1.1_crop_2072.npy,MIGHTEE_Continuum_DR1_XMMLSS_8p9arcsec_I_v1.1,-1.0886371455853805e-05,0.001032640808261931
MIGHTEE_Continuum_DR1_XMMLSS_8p9arcsec_I_v1.1_crop_2073.npy,MIGHTEE_Continuum_DR1_XMMLSS_8p9arcsec_I_v1.1,-1.0886371455853805e-05,0.001032640808261931
MIGHTEE_Continuum_DR1_XMMLSS_8p9arcsec_I_v1.1_crop_2074.npy,MIGHTEE_Continuum_DR1_XMMLSS_8p9arcsec_I_v1.1,-1.0886371455853805e-05,0.001032640808261931
MIGHTEE_Continuum_DR1_XMMLSS_8p9arcsec_I_v1.1_crop_2075.npy,MIGHTEE_Continuum_DR1_XMMLSS_8p9arcsec_I_v1.1,-1.0886371455853805e-05,0.001032640808261931
MIGHTEE_Continuum_DR1_XMMLSS_8p9arcsec_I_v1.1_crop_2076.npy,MIGHTEE_Continuum_DR1_XMMLSS_8p9arcsec_I_v1.1,-1.0886371455853805e-05,0.001032640808261931
MIGHTEE_Continuum_DR1_XMMLSS_8p9arcsec_I_v1.1_crop_2077.npy,MIGHTEE_Continuum_DR1_XMMLSS_8p9arcsec_I_v1.1,-1.0886371455853805e-05,0.001032640808261931
MIGHTEE_Continuum_DR1_XMMLSS_8p9arcsec_I_v1.1_crop_2078.npy,MIGHTEE_Continuum_DR1_XMMLSS_8p9arcsec_I_v1.1,-1.0886371455853805e-05,0.001032640808261931
MIGHTEE_Continuum_DR1_XMMLSS_8p9arcsec_I_v1.1_crop_2079.npy,MIGHTEE_Continuum_DR1_XMMLSS_8p9arcsec_I_v1.1,-1.0886371455853805e-05,0.001032640808261931
MIGHTEE_Continuum_DR1_XMMLSS_8p9arcsec_I_v1.1_crop_2080.npy,MIGHTEE_Continuum_DR1_XMMLSS_8p9arcsec_I_v1.1,-1.0886371455853805e-05,0.001032640808261931
MIGHTEE_Continuum_DR1_XMMLSS_8p9arcsec_I_v1.1_crop_2081.npy,MIGHTEE_Continuum_DR1_XMMLSS_8p9arcsec_I_v1.1,-1.0886371455853805e-05,0.001032640808261931
MIGHTEE_Continuum_DR1_XMMLSS_8p9arcsec_I_v1.1_crop_2082.npy,MIGHTEE_Continuum_DR1_XMMLSS_8p9arcsec_I_v1.1,-1.0886371455853805e-05,0.001032640808261931
MIGHTEE_Continuum_DR1_XMMLSS_8p9arcsec_I_v1.1_crop_2083.npy,MIGHTEE_Continuum_DR1_XMMLSS_8p9arcsec_I_v1.1,-1.0886371455853805e-05,0.001032640808261931
MIGHTEE_Continuum_DR1_XMMLSS_8p9arcsec_I_v1.1_crop_2084.npy,MIGHTEE_Continuum_DR1_XMMLSS_8p9arcsec_I_v1.1,-1.0886371455853805e-05,0.001032640808261931
MIGHTEE_Continuum_DR1_XMMLSS_8p9arcsec_I_v1.1_crop_2085.npy,MIGHTEE_Continuum_DR1_XMMLSS_8p9arcsec_I_v1.1,-1.0886371455853805e-05,0.001032640808261931
MIGHTEE_Continuum_DR1_XMMLSS_8p9arcsec_I_v1.1_crop_2086.npy,MIGHTEE_Continuum_DR1_XMMLSS_8p9arcsec_I_v1.1,-1.0886371455853805e-05,0.001032640808261931
MIGHTEE_Continuum_DR1_XMMLSS_8p9arcsec_I_v1.1_crop_2087.npy,MIGHTEE_Continuum_DR1_XMMLSS_8p9arcsec_I_v1.1,-1.0886371455853805e-05,0.001032640808261931
MIGHTEE_Continuum_DR1_XMMLSS_8p9arcsec_I_v1.1_crop_2088.npy,MIGHTEE_Continuum_DR1_XMMLSS_8p9arcsec_I_v1.1,-1.0886371455853805e-05,0.001032640808261931
MIGHTEE_Continuum_DR1_XMMLSS_8p9arcsec_I_v1.1_crop_2089.npy,MIGHTEE_Continuum_DR1_XMMLSS_8p9arcsec_I_v1.1,-1.0886371455853805e-05,0.001032640808261931
MIGHTEE_Continuum_DR1_XMMLSS_8p9arcsec_I_v1.1_crop_2090.npy,MIGHTEE_Continuum_DR1_XMMLSS_8p9arcsec_I_v1.1,-1.0886371455853805e-05,0.001032640808261931
MIGHTEE_Continuum_DR1_XMMLSS_8p9arcsec_I_v1.1_crop_2091.npy,MIGHTEE_Continuum_DR1_XMMLSS_8p9arcsec_I_v1.1,-1.0886371455853805e-05,0.001032640808261931
MIGHTEE_Continuum_DR1_XMMLSS_8p9arcsec_I_v1.1_crop_2092.npy,MIGHTEE_Continuum_DR1_XMMLSS_8p9arcsec_I_v1.1,-1.0886371455853805e-05,0.001032640808261931
MIGHTEE_Continuum_DR1_XMMLSS_8p9arcsec_I_v1.1_crop_2093.npy,MIGHTEE_Continuum_DR1_XMMLSS_8p9arcsec_I_v1.1,-1.0886371455853805e-05,0.001032640808261931
MIGHTEE_Continuum_DR1_XMMLSS_8p9arcsec_I_v1.1_crop_2094.npy,MIGHTEE_Continuum_DR1_XMMLSS_8p9arcsec_I_v1.1,-1.0886371455853805e-05,0.001032640808261931
MIGHTEE_Continuum_DR1_XMMLSS_8p9arcsec_I_v1.1_crop_2095.npy,MIGHTEE_Continuum_DR1_XMMLSS_8p9arcsec_I_v1.1,-1.0886371455853805e-05,0.001032640808261931
MIGHTEE_Continuum_DR1_XMMLSS_8p9arcsec_I_v1.1_crop_2096.npy,MIGHTEE_Continuum_DR1_XMMLSS_8p9arcsec_I_v1.1,-1.0886371455853805e-05,0.001032640808261931
MIGHTEE_Continuum_DR1_XMMLSS_8p9arcsec_I_v1.1_crop_2097.npy,MIGHTEE_Continuum_DR1_XMMLSS_8p9arcsec_I_v1.1,-1.0886371455853805e-05,0.001032640808261931
MIGHTEE_Continuum_DR1_XMMLSS_8p9arcsec_I_v1.1_crop_2098.npy,MIGHTEE_Continuum_DR1_XMMLSS_8p9arcsec_I_v1.1,-1.0886371455853805e-05,0.001032640808261931
MIGHTEE_Continuum_DR1_XMMLSS_8p9arcsec_I_v1.1_crop_2099.npy,MIGHTEE_Continuum_DR1_XMMLSS_8p9arcsec_I_v1.1,-1.0886371455853805e-05,0.001032640808261931
MIGHTEE_Continuum_DR1_XMMLSS_8p9arcsec_I_v1.1_crop_2100.npy,MIGHTEE_Continuum_DR1_XMMLSS_8p9arcsec_I_v1.1,-1.0886371455853805e-05,0.001032640808261931
MIGHTEE_Continuum_DR1_XMMLSS_8p9arcsec_I_v1.1_crop_2101.npy,MIGHTEE_Continuum_DR1_XMMLSS_8p9arcsec_I_v1.1,-1.0886371455853805e-05,0.001032640808261931
MIGHTEE_Continuum_DR1_XMMLSS_8p9arcsec_I_v1.1_crop_2102.npy,MIGHTEE_Continuum_DR1_XMMLSS_8p9arcsec_I_v1.1,-1.0886371455853805e-05,0.001032640808261931
MIGHTEE_Continuum_DR1_XMMLSS_8p9arcsec_I_v1.1_crop_2103.npy,MIGHTEE_Continuum_DR1_XMMLSS_8p9arcsec_I_v1.1,-1.0886371455853805e-05,0.001032640808261931
MIGHTEE_Continuum_DR1_XMMLSS_8p9arcsec_I_v1.1_crop_2104.npy,MIGHTEE_Continuum_DR1_XMMLSS_8p9arcsec_I_v1.1,-1.0886371455853805e-05,0.001032640808261931
MIGHTEE_Continuum_DR1_XMMLSS_8p9arcsec_I_v1.1_crop_2105.npy,MIGHTEE_Continuum_DR1_XMMLSS_8p9arcsec_I_v1.1,-1.0886371455853805e-05,0.001032640808261931
MIGHTEE_Continuum_DR1_XMMLSS_8p9arcsec_I_v1.1_crop_2106.npy,MIGHTEE_Continuum_DR1_XMMLSS_8p9arcsec_I_v1.1,-1.0886371455853805e-05,0.001032640808261931
MIGHTEE_Continuum_DR1_XMMLSS_8p9arcsec_I_v1.1_crop_2107.npy,MIGHTEE_Continuum_DR1_XMMLSS_8p9arcsec_I_v1.1,-1.0886371455853805e-05,0.001032640808261931
MIGHTEE_Continuum_DR1_XMMLSS_8p9arcsec_I_v1.1_crop_2108.npy,MIGHTEE_Continuum_DR1_XMMLSS_8p9arcsec_I_v1.1,-1.0886371455853805e-05,0.001032640808261931
MIGHTEE_Continuum_DR1_XMMLSS_8p9arcsec_I_v1.1_crop_2109.npy,MIGHTEE_Continuum_DR1_XMMLSS_8p9arcsec_I_v1.1,-1.0886371455853805e-05,0.001032640808261931
MIGHTEE_Continuum_DR1_XMMLSS_8p9arcsec_I_v1.1_crop_2110.npy,MIGHTEE_Continuum_DR1_XMMLSS_8p9arcsec_I_v1.1,-1.0886371455853805e-05,0.001032640808261931
MIGHTEE_Continuum_DR1_XMMLSS_8p9arcsec_I_v1.1_crop_2111.npy,MIGHTEE_Continuum_DR1_XMMLSS_8p9arcsec_I_v1.1,-1.0886371455853805e-05,0.001032640808261931
MIGHTEE_Continuum_DR1_XMMLSS_8p9arcsec_I_v1.1_crop_2112.npy,MIGHTEE_Continuum_DR1_XMMLSS_8p9arcsec_I_v1.1,-1.0886371455853805e-05,0.001032640808261931
MIGHTEE_Continuum_DR1_XMMLSS_8p9arcsec_I_v1.1_crop_2113.npy,MIGHTEE_Continuum_DR1_XMMLSS_8p9arcsec_I_v1.1,-1.0886371455853805e-05,0.001032640808261931
MIGHTEE_Continuum_DR1_XMMLSS_8p9arcsec_I_v1.1_crop_2114.npy,MIGHTEE_Continuum_DR1_XMMLSS_8p9arcsec_I_v1.1,-1.0886371455853805e-05,0.001032640808261931
MIGHTEE_Continuum_DR1_XMMLSS_8p9arcsec_I_v1.1_crop_2115.npy,MIGHTEE_Continuum_DR1_XMMLSS_8p9arcsec_I_v1.1,-1.0886371455853805e-05,0.001032640808261931
MIGHTEE_Continuum_DR1_XMMLSS_8p9arcsec_I_v1.1_crop_2116.npy,MIGHTEE_Continuum_DR1_XMMLSS_8p9arcsec_I_v1.1,-1.0886371455853805e-05,0.001032640808261931
MIGHTEE_Continuum_DR1_XMMLSS_8p9arcsec_I_v1.1_crop_2117.npy,MIGHTEE_Continuum_DR1_XMMLSS_8p9arcsec_I_v1.1,-1.0886371455853805e-05,0.001032640808261931
MIGHTEE_Continuum_DR1_XMMLSS_8p9arcsec_I_v1.1_crop_2118.npy,MIGHTEE_Continuum_DR1_XMMLSS_8p9arcsec_I_v1.1,-1.0886371455853805e-05,0.001032640808261931
MIGHTEE_Continuum_DR1_XMMLSS_8p9arcsec_I_v1.1_crop_2119.npy,MIGHTEE_Continuum_DR1_XMMLSS_8p9arcsec_I_v1.1,-1.0886371455853805e-05,0.001032640808261931
MIGHTEE_Continuum_DR1_XMMLSS_8p9arcsec_I_v1.1_crop_2120.npy,MIGHTEE_Continuum_DR1_XMMLSS_8p9arcsec_I_v1.1,-1.0886371455853805e-05,0.001032640808261931
MIGHTEE_Continuum_DR1_XMMLSS_8p9arcsec_I_v1.1_crop_2121.npy,MIGHTEE_Continuum_DR1_XMMLSS_8p9arcsec_I_v1.1,-1.0886371455853805e-05,0.001032640808261931
MIGHTEE_Continuum_DR1_XMMLSS_8p9arcsec_I_v1.1_crop_2122.npy,MIGHTEE_Continuum_DR1_XMMLSS_8p9arcsec_I_v1.1,-1.0886371455853805e-05,0.001032640808261931
MIGHTEE_Continuum_DR1_XMMLSS_8p9arcsec_I_v1.1_crop_2123.npy,MIGHTEE_Continuum_DR1_XMMLSS_8p9arcsec_I_v1.1,-1.0886371455853805e-05,0.001032640808261931
MIGHTEE_Continuum_DR1_XMMLSS_8p9arcsec_I_v1.1_crop_2124.npy,MIGHTEE_Continuum_DR1_XMMLSS_8p9arcsec_I_v1.1,-1.0886371455853805e-05,0.001032640808261931
MIGHTEE_Continuum_DR1_XMMLSS_8p9arcsec_I_v1.1_crop_2125.npy,MIGHTEE_Continuum_DR1_XMMLSS_8p9arcsec_I_v1.1,-1.0886371455853805e-05,0.001032640808261931
MIGHTEE_Continuum_DR1_XMMLSS_8p9arcsec_I_v1.1_crop_2126.npy,MIGHTEE_Continuum_DR1_XMMLSS_8p9arcsec_I_v1.1,-1.0886371455853805e-05,0.001032640808261931
MIGHTEE_Continuum_DR1_XMMLSS_8p9arcsec_I_v1.1_crop_2127.npy,MIGHTEE_Continuum_DR1_XMMLSS_8p9arcsec_I_v1.1,-1.0886371455853805e-05,0.001032640808261931
MIGHTEE_Continuum_DR1_XMMLSS_8p9arcsec_I_v1.1_crop_2128.npy,MIGHTEE_Continuum_DR1_XMMLSS_8p9arcsec_I_v1.1,-1.0886371455853805e-05,0.001032640808261931
MIGHTEE_Continuum_DR1_XMMLSS_8p9arcsec_I_v1.1_crop_2129.npy,MIGHTEE_Continuum_DR1_XMMLSS_8p9arcsec_I_v1.1,-1.0886371455853805e-05,0.001032640808261931
MIGHTEE_Continuum_DR1_XMMLSS_8p9arcsec_I_v1.1_crop_2130.npy,MIGHTEE_Continuum_DR1_XMMLSS_8p9arcsec_I_v1.1,-1.0886371455853805e-05,0.001032640808261931
MIGHTEE_Continuum_DR1_XMMLSS_8p9arcsec_I_v1.1_crop_2131.npy,MIGHTEE_Continuum_DR1_XMMLSS_8p9arcsec_I_v1.1,-1.0886371455853805e-05,0.001032640808261931
MIGHTEE_Continuum_DR1_XMMLSS_8p9arcsec_I_v1.1_crop_2132.npy,MIGHTEE_Continuum_DR1_XMMLSS_8p9arcsec_I_v1.1,-1.0886371455853805e-05,0.001032640808261931
MIGHTEE_Continuum_DR1_XMMLSS_8p9arcsec_I_v1.1_crop_2133.npy,MIGHTEE_Continuum_DR1_XMMLSS_8p9arcsec_I_v1.1,-1.0886371455853805e-05,0.001032640808261931
MIGHTEE_Continuum_DR1_XMMLSS_8p9arcsec_I_v1.1_crop_2134.npy,MIGHTEE_Continuum_DR1_XMMLSS_8p9arcsec_I_v1.1,-1.0886371455853805e-05,0.001032640808261931
MIGHTEE_Continuum_DR1_XMMLSS_8p9arcsec_I_v1.1_crop_2135.npy,MIGHTEE_Continuum_DR1_XMMLSS_8p9arcsec_I_v1.1,-1.0886371455853805e-05,0.001032640808261931
MIGHTEE_Continuum_DR1_XMMLSS_8p9arcsec_I_v1.1_crop_2136.npy,MIGHTEE_Continuum_DR1_XMMLSS_8p9arcsec_I_v1.1,-1.0886371455853805e-05,0.001032640808261931
MIGHTEE_Continuum_DR1_XMMLSS_8p9arcsec_I_v1.1_crop_2137.npy,MIGHTEE_Continuum_DR1_XMMLSS_8p9arcsec_I_v1.1,-1.0886371455853805e-05,0.001032640808261931
MIGHTEE_Continuum_DR1_XMMLSS_8p9arcsec_I_v1.1_crop_2138.npy,MIGHTEE_Continuum_DR1_XMMLSS_8p9arcsec_I_v1.1,-1.0886371455853805e-05,0.001032640808261931
MIGHTEE_Continuum_DR1_XMMLSS_8p9arcsec_I_v1.1_crop_2139.npy,MIGHTEE_Continuum_DR1_XMMLSS_8p9arcsec_I_v1.1,-1.0886371455853805e-05,0.001032640808261931
MIGHTEE_Continuum_DR1_XMMLSS_8p9arcsec_I_v1.1_crop_2140.npy,MIGHTEE_Continuum_DR1_XMMLSS_8p9arcsec_I_v1.1,-1.0886371455853805e-05,0.001032640808261931
MIGHTEE_Continuum_DR1_XMMLSS_8p9arcsec_I_v1.1_crop_2141.npy,MIGHTEE_Continuum_DR1_XMMLSS_8p9arcsec_I_v1.1,-1.0886371455853805e-05,0.001032640808261931
MIGHTEE_Continuum_DR1_XMMLSS_8p9arcsec_I_v1.1_crop_2142.npy,MIGHTEE_Continuum_DR1_XMMLSS_8p9arcsec_I_v1.1,-1.0886371455853805e-05,0.001032640808261931
MIGHTEE_Continuum_DR1_XMMLSS_8p9arcsec_I_v1.1_crop_2143.npy,MIGHTEE_Continuum_DR1_XMMLSS_8p9arcsec_I_v1.1,-1.0886371455853805e-05,0.001032640808261931
MIGHTEE_Continuum_DR1_XMMLSS_8p9arcsec_I_v1.1_crop_2144.npy,MIGHTEE_Continuum_DR1_XMMLSS_8p9arcsec_I_v1.1,-1.0886371455853805e-05,0.001032640808261931
MIGHTEE_Continuum_DR1_XMMLSS_8p9arcsec_I_v1.1_crop_2145.npy,MIGHTEE_Continuum_DR1_XMMLSS_8p9arcsec_I_v1.1,-1.0886371455853805e-05,0.001032640808261931
MIGHTEE_Continuum_DR1_XMMLSS_8p9arcsec_I_v1.1_crop_2146.npy,MIGHTEE_Continuum_DR1_XMMLSS_8p9arcsec_I_v1.1,-1.0886371455853805e-05,0.001032640808261931
MIGHTEE_Continuum_DR1_XMMLSS_8p9arcsec_I_v1.1_crop_2147.npy,MIGHTEE_Continuum_DR1_XMMLSS_8p9arcsec_I_v1.1,-1.0886371455853805e-05,0.001032640808261931
MIGHTEE_Continuum_DR1_XMMLSS_8p9arcsec_I_v1.1_crop_2148.npy,MIGHTEE_Continuum_DR1_XMMLSS_8p9arcsec_I_v1.1,-1.0886371455853805e-05,0.001032640808261931
MIGHTEE_Continuum_DR1_XMMLSS_8p9arcsec_I_v1.1_crop_2149.npy,MIGHTEE_Continuum_DR1_XMMLSS_8p9arcsec_I_v1.1,-1.0886371455853805e-05,0.001032640808261931
MIGHTEE_Continuum_DR1_XMMLSS_8p9arcsec_I_v1.1_crop_2150.npy,MIGHTEE_Continuum_DR1_XMMLSS_8p9arcsec_I_v1.1,-1.0886371455853805e-05,0.001032640808261931
MIGHTEE_Continuum_DR1_XMMLSS_8p9arcsec_I_v1.1_crop_2151.npy,MIGHTEE_Continuum_DR1_XMMLSS_8p9arcsec_I_v1.1,-1.0886371455853805e-05,0.001032640808261931
MIGHTEE_Continuum_DR1_XMMLSS_8p9arcsec_I_v1.1_crop_2152.npy,MIGHTEE_Continuum_DR1_XMMLSS_8p9arcsec_I_v1.1,-1.0886371455853805e-05,0.001032640808261931
MIGHTEE_Continuum_DR1_XMMLSS_8p9arcsec_I_v1.1_crop_2153.npy,MIGHTEE_Continuum_DR1_XMMLSS_8p9arcsec_I_v1.1,-1.0886371455853805e-05,0.001032640808261931
MIGHTEE_Continuum_DR1_XMMLSS_8p9arcsec_I_v1.1_crop_2154.npy,MIGHTEE_Continuum_DR1_XMMLSS_8p9arcsec_I_v1.1,-1.0886371455853805e-05,0.001032640808261931
MIGHTEE_Continuum_DR1_XMMLSS_8p9arcsec_I_v1.1_crop_2155.npy,MIGHTEE_Continuum_DR1_XMMLSS_8p9arcsec_I_v1.1,-1.0886371455853805e-05,0.001032640808261931
MIGHTEE_Continuum_DR1_XMMLSS_8p9arcsec_I_v1.1_crop_2156.npy,MIGHTEE_Continuum_DR1_XMMLSS_8p9arcsec_I_v1.1,-1.0886371455853805e-05,0.001032640808261931
MIGHTEE_Continuum_DR1_XMMLSS_8p9arcsec_I_v1.1_crop_2157.npy,MIGHTEE_Continuum_DR1_XMMLSS_8p9arcsec_I_v1.1,-1.0886371455853805e-05,0.001032640808261931
MIGHTEE_Continuum_DR1_XMMLSS_8p9arcsec_I_v1.1_crop_2158.npy,MIGHTEE_Continuum_DR1_XMMLSS_8p9arcsec_I_v1.1,-1.0886371455853805e-05,0.001032640808261931
MIGHTEE_Continuum_DR1_XMMLSS_8p9arcsec_I_v1.1_crop_2159.npy,MIGHTEE_Continuum_DR1_XMMLSS_8p9arcsec_I_v1.1,-1.0886371455853805e-05,0.001032640808261931
MIGHTEE_Continuum_DR1_XMMLSS_8p9arcsec_I_v1.1_crop_2160.npy,MIGHTEE_Continuum_DR1_XMMLSS_8p9arcsec_I_v1.1,-1.0886371455853805e-05,0.001032640808261931
MIGHTEE_Continuum_DR1_XMMLSS_8p9arcsec_I_v1.1_crop_2161.npy,MIGHTEE_Continuum_DR1_XMMLSS_8p9arcsec_I_v1.1,-1.0886371455853805e-05,0.001032640808261931
MIGHTEE_Continuum_DR1_XMMLSS_8p9arcsec_I_v1.1_crop_2162.npy,MIGHTEE_Continuum_DR1_XMMLSS_8p9arcsec_I_v1.1,-1.0886371455853805e-05,0.001032640808261931
MIGHTEE_Continuum_DR1_XMMLSS_8p9arcsec_I_v1.1_crop_2163.npy,MIGHTEE_Continuum_DR1_XMMLSS_8p9arcsec_I_v1.1,-1.0886371455853805e-05,0.001032640808261931
MIGHTEE_Continuum_DR1_XMMLSS_8p9arcsec_I_v1.1_crop_2164.npy,MIGHTEE_Continuum_DR1_XMMLSS_8p9arcsec_I_v1.1,-1.0886371455853805e-05,0.001032640808261931
MIGHTEE_Continuum_DR1_XMMLSS_8p9arcsec_I_v1.1_crop_2165.npy,MIGHTEE_Continuum_DR1_XMMLSS_8p9arcsec_I_v1.1,-1.0886371455853805e-05,0.001032640808261931
MIGHTEE_Continuum_DR1_XMMLSS_8p9arcsec_I_v1.1_crop_2166.npy,MIGHTEE_Continuum_DR1_XMMLSS_8p9arcsec_I_v1.1,-1.0886371455853805e-05,0.001032640808261931
MIGHTEE_Continuum_DR1_XMMLSS_8p9arcsec_I_v1.1_crop_2167.npy,MIGHTEE_Continuum_DR1_XMMLSS_8p9arcsec_I_v1.1,-1.0886371455853805e-05,0.001032640808261931
MIGHTEE_Continuum_DR1_XMMLSS_8p9arcsec_I_v1.1_crop_2168.npy,MIGHTEE_Continuum_DR1_XMMLSS_8p9arcsec_I_v1.1,-1.0886371455853805e-05,0.001032640808261931
MIGHTEE_Continuum_DR1_XMMLSS_8p9arcsec_I_v1.1_crop_2169.npy,MIGHTEE_Continuum_DR1_XMMLSS_8p9arcsec_I_v1.1,-1.0886371455853805e-05,0.001032640808261931
MIGHTEE_Continuum_DR1_XMMLSS_8p9arcsec_I_v1.1_crop_2170.npy,MIGHTEE_Continuum_DR1_XMMLSS_8p9arcsec_I_v1.1,-1.0886371455853805e-05,0.001032640808261931
MIGHTEE_Continuum_DR1_XMMLSS_8p9arcsec_I_v1.1_crop_2171.npy,MIGHTEE_Continuum_DR1_XMMLSS_8p9arcsec_I_v1.1,-1.0886371455853805e-05,0.001032640808261931
MIGHTEE_Continuum_DR1_XMMLSS_8p9arcsec_I_v1.1_crop_2172.npy,MIGHTEE_Continuum_DR1_XMMLSS_8p9arcsec_I_v1.1,-1.0886371455853805e-05,0.001032640808261931
MIGHTEE_Continuum_DR1_XMMLSS_8p9arcsec_I_v1.1_crop_2173.npy,MIGHTEE_Continuum_DR1_XMMLSS_8p9arcsec_I_v1.1,-1.0886371455853805e-05,0.001032640808261931
MIGHTEE_Continuum_DR1_XMMLSS_8p9arcsec_I_v1.1_crop_2174.npy,MIGHTEE_Continuum_DR1_XMMLSS_8p9arcsec_I_v1.1,-1.0886371455853805e-05,0.001032640808261931
MIGHTEE_Continuum_DR1_XMMLSS_8p9arcsec_I_v1.1_crop_2175.npy,MIGHTEE_Continuum_DR1_XMMLSS_8p9arcsec_I_v1.1,-1.0886371455853805e-05,0.001032640808261931
MIGHTEE_Continuum_DR1_XMMLSS_8p9arcsec_I_v1.1_crop_2176.npy,MIGHTEE_Continuum_DR1_XMMLSS_8p9arcsec_I_v1.1,-1.0886371455853805e-05,0.001032640808261931
MIGHTEE_Continuum_DR1_XMMLSS_8p9arcsec_I_v1.1_crop_2177.npy,MIGHTEE_Continuum_DR1_XMMLSS_8p9arcsec_I_v1.1,-1.0886371455853805e-05,0.001032640808261931
MIGHTEE_Continuum_DR1_XMMLSS_8p9arcsec_I_v1.1_crop_2178.npy,MIGHTEE_Continuum_DR1_XMMLSS_8p9arcsec_I_v1.1,-1.0886371455853805e-05,0.001032640808261931
MIGHTEE_Continuum_DR1_XMMLSS_8p9arcsec_I_v1.1_crop_2179.npy,MIGHTEE_Continuum_DR1_XMMLSS_8p9arcsec_I_v1.1,-1.0886371455853805e-05,0.001032640808261931
MIGHTEE_Continuum_DR1_XMMLSS_8p9arcsec_I_v1.1_crop_2180.npy,MIGHTEE_Continuum_DR1_XMMLSS_8p9arcsec_I_v1.1,-1.0886371455853805e-05,0.001032640808261931
MIGHTEE_Continuum_DR1_XMMLSS_8p9arcsec_I_v1.1_crop_2181.npy,MIGHTEE_Continuum_DR1_XMMLSS_8p9arcsec_I_v1.1,-1.0886371455853805e-05,0.001032640808261931
MIGHTEE_Continuum_DR1_XMMLSS_8p9arcsec_I_v1.1_crop_2182.npy,MIGHTEE_Continuum_DR1_XMMLSS_8p9arcsec_I_v1.1,-1.0886371455853805e-05,0.001032640808261931
MIGHTEE_Continuum_DR1_XMMLSS_8p9arcsec_I_v1.1_crop_2183.npy,MIGHTEE_Continuum_DR1_XMMLSS_8p9arcsec_I_v1.1,-1.0886371455853805e-05,0.001032640808261931
MIGHTEE_Continuum_DR1_XMMLSS_8p9arcsec_I_v1.1_crop_2184.npy,MIGHTEE_Continuum_DR1_XMMLSS_8p9arcsec_I_v1.1,-1.0886371455853805e-05,0.001032640808261931
MIGHTEE_Continuum_DR1_XMMLSS_8p9arcsec_I_v1.1_crop_2185.npy,MIGHTEE_Continuum_DR1_XMMLSS_8p9arcsec_I_v1.1,-1.0886371455853805e-05,0.001032640808261931
MIGHTEE_Continuum_DR1_XMMLSS_8p9arcsec_I_v1.1_crop_2186.npy,MIGHTEE_Continuum_DR1_XMMLSS_8p9arcsec_I_v1.1,-1.0886371455853805e-05,0.001032640808261931
MIGHTEE_Continuum_DR1_XMMLSS_8p9arcsec_I_v1.1_crop_2187.npy,MIGHTEE_Continuum_DR1_XMMLSS_8p9arcsec_I_v1.1,-1.0886371455853805e-05,0.001032640808261931
MIGHTEE_Continuum_DR1_XMMLSS_8p9arcsec_I_v1.1_crop_2188.npy,MIGHTEE_Continuum_DR1_XMMLSS_8p9arcsec_I_v1.1,-1.0886371455853805e-05,0.001032640808261931
MIGHTEE_Continuum_DR1_XMMLSS_8p9arcsec_I_v1.1_crop_2189.npy,MIGHTEE_Continuum_DR1_XMMLSS_8p9arcsec_I_v1.1,-1.0886371455853805e-05,0.001032640808261931
MIGHTEE_Continuum_DR1_XMMLSS_8p9arcsec_I_v1.1_crop_2190.npy,MIGHTEE_Continuum_DR1_XMMLSS_8p9arcsec_I_v1.1,-1.0886371455853805e-05,0.001032640808261931
MIGHTEE_Continuum_DR1_XMMLSS_8p9arcsec_I_v1.1_crop_2191.npy,MIGHTEE_Continuum_DR1_XMMLSS_8p9arcsec_I_v1.1,-1.0886371455853805e-05,0.001032640808261931
MIGHTEE_Continuum_DR1_XMMLSS_8p9arcsec_I_v1.1_crop_2192.npy,MIGHTEE_Continuum_DR1_XMMLSS_8p9arcsec_I_v1.1,-1.0886371455853805e-05,0.001032640808261931
MIGHTEE_Continuum_DR1_XMMLSS_8p9arcsec_I_v1.1_crop_2193.npy,MIGHTEE_Continuum_DR1_XMMLSS_8p9arcsec_I_v1.1,-1.0886371455853805e-05,0.001032640808261931
MIGHTEE_Continuum_DR1_XMMLSS_8p9arcsec_I_v1.1_crop_2194.npy,MIGHTEE_Continuum_DR1_XMMLSS_8p9arcsec_I_v1.1,-1.0886371455853805e-05,0.001032640808261931
MIGHTEE_Continuum_DR1_XMMLSS_8p9arcsec_I_v1.1_crop_2195.npy,MIGHTEE_Continuum_DR1_XMMLSS_8p9arcsec_I_v1.1,-1.0886371455853805e-05,0.001032640808261931
MIGHTEE_Continuum_DR1_XMMLSS_8p9arcsec_I_v1.1_crop_2196.npy,MIGHTEE_Continuum_DR1_XMMLSS_8p9arcsec_I_v1.1,-1.0886371455853805e-05,0.001032640808261931
MIGHTEE_Continuum_DR1_XMMLSS_8p9arcsec_I_v1.1_crop_2197.npy,MIGHTEE_Continuum_DR1_XMMLSS_8p9arcsec_I_v1.1,-1.0886371455853805e-05,0.001032640808261931
MIGHTEE_Continuum_DR1_XMMLSS_8p9arcsec_I_v1.1_crop_2198.npy,MIGHTEE_Continuum_DR1_XMMLSS_8p9arcsec_I_v1.1,-1.0886371455853805e-05,0.001032640808261931
MIGHTEE_Continuum_DR1_XMMLSS_8p9arcsec_I_v1.1_crop_2199.npy,MIGHTEE_Continuum_DR1_XMMLSS_8p9arcsec_I_v1.1,-1.0886371455853805e-05,0.001032640808261931
MIGHTEE_Continuum_DR1_XMMLSS_8p9arcsec_I_v1.1_crop_2200.npy,MIGHTEE_Continuum_DR1_XMMLSS_8p9arcsec_I_v1.1,-1.0886371455853805e-05,0.001032640808261931
MIGHTEE_Continuum_DR1_XMMLSS_8p9arcsec_I_v1.1_crop_2201.npy,MIGHTEE_Continuum_DR1_XMMLSS_8p9arcsec_I_v1.1,-1.0886371455853805e-05,0.001032640808261931
MIGHTEE_Continuum_DR1_XMMLSS_8p9arcsec_I_v1.1_crop_2202.npy,MIGHTEE_Continuum_DR1_XMMLSS_8p9arcsec_I_v1.1,-1.0886371455853805e-05,0.001032640808261931
MIGHTEE_Continuum_DR1_XMMLSS_8p9arcsec_I_v1.1_crop_2203.npy,MIGHTEE_Continuum_DR1_XMMLSS_8p9arcsec_I_v1.1,-1.0886371455853805e-05,0.001032640808261931
MIGHTEE_Continuum_DR1_XMMLSS_8p9arcsec_I_v1.1_crop_2204.npy,MIGHTEE_Continuum_DR1_XMMLSS_8p9arcsec_I_v1.1,-1.0886371455853805e-05,0.001032640808261931
MIGHTEE_Continuum_DR1_XMMLSS_8p9arcsec_I_v1.1_crop_2205.npy,MIGHTEE_Continuum_DR1_XMMLSS_8p9arcsec_I_v1.1,-1.0886371455853805e-05,0.001032640808261931
MIGHTEE_Continuum_DR1_XMMLSS_8p9arcsec_I_v1.1_crop_2206.npy,MIGHTEE_Continuum_DR1_XMMLSS_8p9arcsec_I_v1.1,-1.0886371455853805e-05,0.001032640808261931
MIGHTEE_Continuum_DR1_XMMLSS_8p9arcsec_I_v1.1_crop_2207.npy,MIGHTEE_Continuum_DR1_XMMLSS_8p9arcsec_I_v1.1,-1.0886371455853805e-05,0.001032640808261931
MIGHTEE_Continuum_DR1_XMMLSS_8p9arcsec_I_v1.1_crop_2208.npy,MIGHTEE_Continuum_DR1_XMMLSS_8p9arcsec_I_v1.1,-1.0886371455853805e-05,0.001032640808261931
MIGHTEE_Continuum_DR1_XMMLSS_8p9arcsec_I_v1.1_crop_2209.npy,MIGHTEE_Continuum_DR1_XMMLSS_8p9arcsec_I_v1.1,-1.0886371455853805e-05,0.001032640808261931
MIGHTEE_Continuum_DR1_XMMLSS_8p9arcsec_I_v1.1_crop_2210.npy,MIGHTEE_Continuum_DR1_XMMLSS_8p9arcsec_I_v1.1,-1.0886371455853805e-05,0.001032640808261931
MIGHTEE_Continuum_DR1_XMMLSS_8p9arcsec_I_v1.1_crop_2211.npy,MIGHTEE_Continuum_DR1_XMMLSS_8p9arcsec_I_v1.1,-1.0886371455853805e-05,0.001032640808261931
MIGHTEE_Continuum_DR1_XMMLSS_8p9arcsec_I_v1.1_crop_2212.npy,MIGHTEE_Continuum_DR1_XMMLSS_8p9arcsec_I_v1.1,-1.0886371455853805e-05,0.001032640808261931
MIGHTEE_Continuum_DR1_XMMLSS_8p9arcsec_I_v1.1_crop_2213.npy,MIGHTEE_Continuum_DR1_XMMLSS_8p9arcsec_I_v1.1,-1.0886371455853805e-05,0.001032640808261931
MIGHTEE_Continuum_DR1_XMMLSS_8p9arcsec_I_v1.1_crop_2214.npy,MIGHTEE_Continuum_DR1_XMMLSS_8p9arcsec_I_v1.1,-1.0886371455853805e-05,0.001032640808261931
MIGHTEE_Continuum_DR1_XMMLSS_8p9arcsec_I_v1.1_crop_2215.npy,MIGHTEE_Continuum_DR1_XMMLSS_8p9arcsec_I_v1.1,-1.0886371455853805e-05,0.001032640808261931
MIGHTEE_Continuum_DR1_XMMLSS_8p9arcsec_I_v1.1_crop_2216.npy,MIGHTEE_Continuum_DR1_XMMLSS_8p9arcsec_I_v1.1,-1.0886371455853805e-05,0.001032640808261931
MIGHTEE_Continuum_DR1_XMMLSS_8p9arcsec_I_v1.1_crop_2217.npy,MIGHTEE_Continuum_DR1_XMMLSS_8p9arcsec_I_v1.1,-1.0886371455853805e-05,0.001032640808261931
MIGHTEE_Continuum_DR1_XMMLSS_8p9arcsec_I_v1.1_crop_2218.npy,MIGHTEE_Continuum_DR1_XMMLSS_8p9arcsec_I_v1.1,-1.0886371455853805e-05,0.001032640808261931
MIGHTEE_Continuum_DR1_XMMLSS_8p9arcsec_I_v1.1_crop_2219.npy,MIGHTEE_Continuum_DR1_XMMLSS_8p9arcsec_I_v1.1,-1.0886371455853805e-05,0.001032640808261931
MIGHTEE_Continuum_DR1_XMMLSS_8p9arcsec_I_v1.1_crop_2220.npy,MIGHTEE_Continuum_DR1_XMMLSS_8p9arcsec_I_v1.1,-1.0886371455853805e-05,0.001032640808261931
MIGHTEE_Continuum_DR1_XMMLSS_8p9arcsec_I_v1.1_crop_2221.npy,MIGHTEE_Continuum_DR1_XMMLSS_8p9arcsec_I_v1.1,-1.0886371455853805e-05,0.001032640808261931
MIGHTEE_Continuum_DR1_XMMLSS_8p9arcsec_I_v1.1_crop_2222.npy,MIGHTEE_Continuum_DR1_XMMLSS_8p9arcsec_I_v1.1,-1.0886371455853805e-05,0.001032640808261931
MIGHTEE_Continuum_DR1_XMMLSS_8p9arcsec_I_v1.1_crop_2223.npy,MIGHTEE_Continuum_DR1_XMMLSS_8p9arcsec_I_v1.1,-1.0886371455853805e-05,0.001032640808261931
MIGHTEE_Continuum_DR1_XMMLSS_8p9arcsec_I_v1.1_crop_2224.npy,MIGHTEE_Continuum_DR1_XMMLSS_8p9arcsec_I_v1.1,-1.0886371455853805e-05,0.001032640808261931
MIGHTEE_Continuum_DR1_XMMLSS_8p9arcsec_I_v1.1_crop_2225.npy,MIGHTEE_Continuum_DR1_XMMLSS_8p9arcsec_I_v1.1,-1.0886371455853805e-05,0.001032640808261931
MIGHTEE_Continuum_DR1_XMMLSS_8p9arcsec_I_v1.1_crop_2226.npy,MIGHTEE_Continuum_DR1_XMMLSS_8p9arcsec_I_v1.1,-1.0886371455853805e-05,0.001032640808261931
MIGHTEE_Continuum_DR1_XMMLSS_8p9arcsec_I_v1.1_crop_2227.npy,MIGHTEE_Continuum_DR1_XMMLSS_8p9arcsec_I_v1.1,-1.0886371455853805e-05,0.001032640808261931
MIGHTEE_Continuum_DR1_XMMLSS_8p9arcsec_I_v1.1_crop_2228.npy,MIGHTEE_Continuum_DR1_XMMLSS_8p9arcsec_I_v1.1,-1.0886371455853805e-05,0.001032640808261931
MIGHTEE_Continuum_DR1_XMMLSS_8p9arcsec_I_v1.1_crop_2229.npy,MIGHTEE_Continuum_DR1_XMMLSS_8p9arcsec_I_v1.1,-1.0886371455853805e-05,0.001032640808261931
MIGHTEE_Continuum_DR1_XMMLSS_8p9arcsec_I_v1.1_crop_2230.npy,MIGHTEE_Continuum_DR1_XMMLSS_8p9arcsec_I_v1.1,-1.0886371455853805e-05,0.001032640808261931
MIGHTEE_Continuum_DR1_XMMLSS_8p9arcsec_I_v1.1_crop_2231.npy,MIGHTEE_Continuum_DR1_XMMLSS_8p9arcsec_I_v1.1,-1.0886371455853805e-05,0.001032640808261931
MIGHTEE_Continuum_DR1_XMMLSS_8p9arcsec_I_v1.1_crop_2232.npy,MIGHTEE_Continuum_DR1_XMMLSS_8p9arcsec_I_v1.1,-1.0886371455853805e-05,0.001032640808261931
MIGHTEE_Continuum_DR1_XMMLSS_8p9arcsec_I_v1.1_crop_2233.npy,MIGHTEE_Continuum_DR1_XMMLSS_8p9arcsec_I_v1.1,-1.0886371455853805e-05,0.001032640808261931
MIGHTEE_Continuum_DR1_XMMLSS_8p9arcsec_I_v1.1_crop_2234.npy,MIGHTEE_Continuum_DR1_XMMLSS_8p9arcsec_I_v1.1,-1.0886371455853805e-05,0.001032640808261931
MIGHTEE_Continuum_DR1_XMMLSS_8p9arcsec_I_v1.1_crop_2235.npy,MIGHTEE_Continuum_DR1_XMMLSS_8p9arcsec_I_v1.1,-1.0886371455853805e-05,0.001032640808261931
MIGHTEE_Continuum_DR1_XMMLSS_8p9arcsec_I_v1.1_crop_2236.npy,MIGHTEE_Continuum_DR1_XMMLSS_8p9arcsec_I_v1.1,-1.0886371455853805e-05,0.001032640808261931
MIGHTEE_Continuum_DR1_XMMLSS_8p9arcsec_I_v1.1_crop_2237.npy,MIGHTEE_Continuum_DR1_XMMLSS_8p9arcsec_I_v1.1,-1.0886371455853805e-05,0.001032640808261931
MIGHTEE_Continuum_DR1_XMMLSS_8p9arcsec_I_v1.1_crop_2238.npy,MIGHTEE_Continuum_DR1_XMMLSS_8p9arcsec_I_v1.1,-1.0886371455853805e-05,0.001032640808261931
MIGHTEE_Continuum_DR1_XMMLSS_8p9arcsec_I_v1.1_crop_2239.npy,MIGHTEE_Continuum_DR1_XMMLSS_8p9arcsec_I_v1.1,-1.0886371455853805e-05,0.001032640808261931
MIGHTEE_Continuum_DR1_XMMLSS_8p9arcsec_I_v1.1_crop_2240.npy,MIGHTEE_Continuum_DR1_XMMLSS_8p9arcsec_I_v1.1,-1.0886371455853805e-05,0.001032640808261931
MIGHTEE_Continuum_DR1_XMMLSS_8p9arcsec_I_v1.1_crop_2241.npy,MIGHTEE_Continuum_DR1_XMMLSS_8p9arcsec_I_v1.1,-1.0886371455853805e-05,0.001032640808261931
MIGHTEE_Continuum_DR1_XMMLSS_8p9arcsec_I_v1.1_crop_2242.npy,MIGHTEE_Continuum_DR1_XMMLSS_8p9arcsec_I_v1.1,-1.0886371455853805e-05,0.001032640808261931
MIGHTEE_Continuum_DR1_XMMLSS_8p9arcsec_I_v1.1_crop_2243.npy,MIGHTEE_Continuum_DR1_XMMLSS_8p9arcsec_I_v1.1,-1.0886371455853805e-05,0.001032640808261931
MIGHTEE_Continuum_DR1_XMMLSS_8p9arcsec_I_v1.1_crop_2244.npy,MIGHTEE_Continuum_DR1_XMMLSS_8p9arcsec_I_v1.1,-1.0886371455853805e-05,0.001032640808261931
MIGHTEE_Continuum_DR1_XMMLSS_8p9arcsec_I_v1.1_crop_2245.npy,MIGHTEE_Continuum_DR1_XMMLSS_8p9arcsec_I_v1.1,-1.0886371455853805e-05,0.001032640808261931
MIGHTEE_Continuum_DR1_XMMLSS_8p9arcsec_I_v1.1_crop_2246.npy,MIGHTEE_Continuum_DR1_XMMLSS_8p9arcsec_I_v1.1,-1.0886371455853805e-05,0.001032640808261931
MIGHTEE_Continuum_DR1_XMMLSS_8p9arcsec_I_v1.1_crop_2247.npy,MIGHTEE_Continuum_DR1_XMMLSS_8p9arcsec_I_v1.1,-1.0886371455853805e-05,0.001032640808261931
MIGHTEE_Continuum_DR1_XMMLSS_8p9arcsec_I_v1.1_crop_2248.npy,MIGHTEE_Continuum_DR1_XMMLSS_8p9arcsec_I_v1.1,-1.0886371455853805e-05,0.001032640808261931
MIGHTEE_Continuum_DR1_XMMLSS_8p9arcsec_I_v1.1_crop_2249.npy,MIGHTEE_Continuum_DR1_XMMLSS_8p9arcsec_I_v1.1,-1.0886371455853805e-05,0.001032640808261931
MIGHTEE_Continuum_DR1_XMMLSS_8p9arcsec_I_v1.1_crop_2250.npy,MIGHTEE_Continuum_DR1_XMMLSS_8p9arcsec_I_v1.1,-1.0886371455853805e-05,0.001032640808261931
MIGHTEE_Continuum_DR1_XMMLSS_8p9arcsec_I_v1.1_crop_2251.npy,MIGHTEE_Continuum_DR1_XMMLSS_8p9arcsec_I_v1.1,-1.0886371455853805e-05,0.001032640808261931
MIGHTEE_Continuum_DR1_XMMLSS_8p9arcsec_I_v1.1_crop_2252.npy,MIGHTEE_Continuum_DR1_XMMLSS_8p9arcsec_I_v1.1,-1.0886371455853805e-05,0.001032640808261931
MIGHTEE_Continuum_DR1_XMMLSS_8p9arcsec_I_v1.1_crop_2253.npy,MIGHTEE_Continuum_DR1_XMMLSS_8p9arcsec_I_v1.1,-1.0886371455853805e-05,0.001032640808261931
MIGHTEE_Continuum_DR1_XMMLSS_8p9arcsec_I_v1.1_crop_2254.npy,MIGHTEE_Continuum_DR1_XMMLSS_8p9arcsec_I_v1.1,-1.0886371455853805e-05,0.001032640808261931
MIGHTEE_Continuum_DR1_XMMLSS_8p9arcsec_I_v1.1_crop_2255.npy,MIGHTEE_Continuum_DR1_XMMLSS_8p9arcsec_I_v1.1,-1.0886371455853805e-05,0.001032640808261931
MIGHTEE_Continuum_DR1_XMMLSS_8p9arcsec_I_v1.1_crop_2256.npy,MIGHTEE_Continuum_DR1_XMMLSS_8p9arcsec_I_v1.1,-1.0886371455853805e-05,0.001032640808261931
MIGHTEE_Continuum_DR1_XMMLSS_8p9arcsec_I_v1.1_crop_2257.npy,MIGHTEE_Continuum_DR1_XMMLSS_8p9arcsec_I_v1.1,-1.0886371455853805e-05,0.001032640808261931
MIGHTEE_Continuum_DR1_XMMLSS_8p9arcsec_I_v1.1_crop_2258.npy,MIGHTEE_Continuum_DR1_XMMLSS_8p9arcsec_I_v1.1,-1.0886371455853805e-05,0.001032640808261931
MIGHTEE_Continuum_DR1_XMMLSS_8p9arcsec_I_v1.1_crop_2259.npy,MIGHTEE_Continuum_DR1_XMMLSS_8p9arcsec_I_v1.1,-1.0886371455853805e-05,0.001032640808261931
MIGHTEE_Continuum_DR1_XMMLSS_8p9arcsec_I_v1.1_crop_2260.npy,MIGHTEE_Continuum_DR1_XMMLSS_8p9arcsec_I_v1.1,-1.0886371455853805e-05,0.001032640808261931
MIGHTEE_Continuum_DR1_XMMLSS_8p9arcsec_I_v1.1_crop_2261.npy,MIGHTEE_Continuum_DR1_XMMLSS_8p9arcsec_I_v1.1,-1.0886371455853805e-05,0.001032640808261931
MIGHTEE_Continuum_DR1_XMMLSS_8p9arcsec_I_v1.1_crop_2262.npy,MIGHTEE_Continuum_DR1_XMMLSS_8p9arcsec_I_v1.1,-1.0886371455853805e-05,0.001032640808261931
MIGHTEE_Continuum_DR1_XMMLSS_8p9arcsec_I_v1.1_crop_2263.npy,MIGHTEE_Continuum_DR1_XMMLSS_8p9arcsec_I_v1.1,-1.0886371455853805e-05,0.001032640808261931
MIGHTEE_Continuum_DR1_XMMLSS_8p9arcsec_I_v1.1_crop_2264.npy,MIGHTEE_Continuum_DR1_XMMLSS_8p9arcsec_I_v1.1,-1.0886371455853805e-05,0.001032640808261931
MIGHTEE_Continuum_DR1_XMMLSS_8p9arcsec_I_v1.1_crop_2265.npy,MIGHTEE_Continuum_DR1_XMMLSS_8p9arcsec_I_v1.1,-1.0886371455853805e-05,0.001032640808261931
MIGHTEE_Continuum_DR1_XMMLSS_8p9arcsec_I_v1.1_crop_2266.npy,MIGHTEE_Continuum_DR1_XMMLSS_8p9arcsec_I_v1.1,-1.0886371455853805e-05,0.001032640808261931
MIGHTEE_Continuum_DR1_XMMLSS_8p9arcsec_I_v1.1_crop_2267.npy,MIGHTEE_Continuum_DR1_XMMLSS_8p9arcsec_I_v1.1,-1.0886371455853805e-05,0.001032640808261931
MIGHTEE_Continuum_DR1_XMMLSS_8p9arcsec_I_v1.1_crop_2268.npy,MIGHTEE_Continuum_DR1_XMMLSS_8p9arcsec_I_v1.1,-1.0886371455853805e-05,0.001032640808261931
MIGHTEE_Continuum_DR1_XMMLSS_8p9arcsec_I_v1.1_crop_2269.npy,MIGHTEE_Continuum_DR1_XMMLSS_8p9arcsec_I_v1.1,-1.0886371455853805e-05,0.001032640808261931
MIGHTEE_Continuum_DR1_XMMLSS_8p9arcsec_I_v1.1_crop_2270.npy,MIGHTEE_Continuum_DR1_XMMLSS_8p9arcsec_I_v1.1,-1.0886371455853805e-05,0.001032640808261931
MIGHTEE_Continuum_DR1_XMMLSS_8p9arcsec_I_v1.1_crop_2271.npy,MIGHTEE_Continuum_DR1_XMMLSS_8p9arcsec_I_v1.1,-1.0886371455853805e-05,0.001032640808261931
MIGHTEE_Continuum_DR1_XMMLSS_8p9arcsec_I_v1.1_crop_2272.npy,MIGHTEE_Continuum_DR1_XMMLSS_8p9arcsec_I_v1.1,-1.0886371455853805e-05,0.001032640808261931
MIGHTEE_Continuum_DR1_XMMLSS_8p9arcsec_I_v1.1_crop_2273.npy,MIGHTEE_Continuum_DR1_XMMLSS_8p9arcsec_I_v1.1,-1.0886371455853805e-05,0.001032640808261931
MIGHTEE_Continuum_DR1_XMMLSS_8p9arcsec_I_v1.1_crop_2274.npy,MIGHTEE_Continuum_DR1_XMMLSS_8p9arcsec_I_v1.1,-1.0886371455853805e-05,0.001032640808261931
MIGHTEE_Continuum_DR1_XMMLSS_8p9arcsec_I_v1.1_crop_2275.npy,MIGHTEE_Continuum_DR1_XMMLSS_8p9arcsec_I_v1.1,-1.0886371455853805e-05,0.001032640808261931
MIGHTEE_Continuum_DR1_XMMLSS_8p9arcsec_I_v1.1_crop_2276.npy,MIGHTEE_Continuum_DR1_XMMLSS_8p9arcsec_I_v1.1,-1.0886371455853805e-05,0.001032640808261931
MIGHTEE_Continuum_DR1_XMMLSS_8p9arcsec_I_v1.1_crop_2277.npy,MIGHTEE_Continuum_DR1_XMMLSS_8p9arcsec_I_v1.1,-1.0886371455853805e-05,0.001032640808261931
MIGHTEE_Continuum_DR1_XMMLSS_8p9arcsec_I_v1.1_crop_2278.npy,MIGHTEE_Continuum_DR1_XMMLSS_8p9arcsec_I_v1.1,-1.0886371455853805e-05,0.001032640808261931
MIGHTEE_Continuum_DR1_XMMLSS_8p9arcsec_I_v1.1_crop_2279.npy,MIGHTEE_Continuum_DR1_XMMLSS_8p9arcsec_I_v1.1,-1.0886371455853805e-05,0.001032640808261931
MIGHTEE_Continuum_DR1_XMMLSS_8p9arcsec_I_v1.1_crop_2280.npy,MIGHTEE_Continuum_DR1_XMMLSS_8p9arcsec_I_v1.1,-1.0886371455853805e-05,0.001032640808261931
MIGHTEE_Continuum_DR1_XMMLSS_8p9arcsec_I_v1.1_crop_2281.npy,MIGHTEE_Continuum_DR1_XMMLSS_8p9arcsec_I_v1.1,-1.0886371455853805e-05,0.001032640808261931
MIGHTEE_Continuum_DR1_XMMLSS_8p9arcsec_I_v1.1_crop_2282.npy,MIGHTEE_Continuum_DR1_XMMLSS_8p9arcsec_I_v1.1,-1.0886371455853805e-05,0.001032640808261931
MIGHTEE_Continuum_DR1_XMMLSS_8p9arcsec_I_v1.1_crop_2283.npy,MIGHTEE_Continuum_DR1_XMMLSS_8p9arcsec_I_v1.1,-1.0886371455853805e-05,0.001032640808261931
MIGHTEE_Continuum_DR1_XMMLSS_8p9arcsec_I_v1.1_crop_2284.npy,MIGHTEE_Continuum_DR1_XMMLSS_8p9arcsec_I_v1.1,-1.0886371455853805e-05,0.001032640808261931
MIGHTEE_Continuum_DR1_XMMLSS_8p9arcsec_I_v1.1_crop_2285.npy,MIGHTEE_Continuum_DR1_XMMLSS_8p9arcsec_I_v1.1,-1.0886371455853805e-05,0.001032640808261931
MIGHTEE_Continuum_DR1_XMMLSS_8p9arcsec_I_v1.1_crop_2286.npy,MIGHTEE_Continuum_DR1_XMMLSS_8p9arcsec_I_v1.1,-1.0886371455853805e-05,0.001032640808261931
MIGHTEE_Continuum_DR1_XMMLSS_8p9arcsec_I_v1.1_crop_2287.npy,MIGHTEE_Continuum_DR1_XMMLSS_8p9arcsec_I_v1.1,-1.0886371455853805e-05,0.001032640808261931
MIGHTEE_Continuum_DR1_XMMLSS_8p9arcsec_I_v1.1_crop_2288.npy,MIGHTEE_Continuum_DR1_XMMLSS_8p9arcsec_I_v1.1,-1.0886371455853805e-05,0.001032640808261931
MIGHTEE_Continuum_DR1_XMMLSS_8p9arcsec_I_v1.1_crop_2289.npy,MIGHTEE_Continuum_DR1_XMMLSS_8p9arcsec_I_v1.1,-1.0886371455853805e-05,0.001032640808261931
MIGHTEE_Continuum_DR1_XMMLSS_8p9arcsec_I_v1.1_crop_2290.npy,MIGHTEE_Continuum_DR1_XMMLSS_8p9arcsec_I_v1.1,-1.0886371455853805e-05,0.001032640808261931
MIGHTEE_Continuum_DR1_XMMLSS_8p9arcsec_I_v1.1_crop_2291.npy,MIGHTEE_Continuum_DR1_XMMLSS_8p9arcsec_I_v1.1,-1.0886371455853805e-05,0.001032640808261931
MIGHTEE_Continuum_DR1_XMMLSS_8p9arcsec_I_v1.1_crop_2292.npy,MIGHTEE_Continuum_DR1_XMMLSS_8p9arcsec_I_v1.1,-1.0886371455853805e-05,0.001032640808261931
MIGHTEE_Continuum_DR1_XMMLSS_8p9arcsec_I_v1.1_crop_2293.npy,MIGHTEE_Continuum_DR1_XMMLSS_8p9arcsec_I_v1.1,-1.0886371455853805e-05,0.001032640808261931
MIGHTEE_Continuum_DR1_XMMLSS_8p9arcsec_I_v1.1_crop_2294.npy,MIGHTEE_Continuum_DR1_XMMLSS_8p9arcsec_I_v1.1,-1.0886371455853805e-05,0.001032640808261931
MIGHTEE_Continuum_DR1_XMMLSS_8p9arcsec_I_v1.1_crop_2295.npy,MIGHTEE_Continuum_DR1_XMMLSS_8p9arcsec_I_v1.1,-1.0886371455853805e-05,0.001032640808261931
MIGHTEE_Continuum_DR1_XMMLSS_8p9arcsec_I_v1.1_crop_2296.npy,MIGHTEE_Continuum_DR1_XMMLSS_8p9arcsec_I_v1.1,-1.0886371455853805e-05,0.001032640808261931
MIGHTEE_Continuum_DR1_XMMLSS_8p9arcsec_I_v1.1_crop_2297.npy,MIGHTEE_Continuum_DR1_XMMLSS_8p9arcsec_I_v1.1,-1.0886371455853805e-05,0.001032640808261931
MIGHTEE_Continuum_DR1_XMMLSS_8p9arcsec_I_v1.1_crop_2298.npy,MIGHTEE_Continuum_DR1_XMMLSS_8p9arcsec_I_v1.1,-1.0886371455853805e-05,0.001032640808261931
MIGHTEE_Continuum_DR1_XMMLSS_8p9arcsec_I_v1.1_crop_2299.npy,MIGHTEE_Continuum_DR1_XMMLSS_8p9arcsec_I_v1.1,-1.0886371455853805e-05,0.001032640808261931
MIGHTEE_Continuum_DR1_XMMLSS_8p9arcsec_I_v1.1_crop_2300.npy,MIGHTEE_Continuum_DR1_XMMLSS_8p9arcsec_I_v1.1,-1.0886371455853805e-05,0.001032640808261931
MIGHTEE_Continuum_DR1_XMMLSS_8p9arcsec_I_v1.1_crop_2301.npy,MIGHTEE_Continuum_DR1_XMMLSS_8p9arcsec_I_v1.1,-1.0886371455853805e-05,0.001032640808261931
MIGHTEE_Continuum_DR1_XMMLSS_8p9arcsec_I_v1.1_crop_2302.npy,MIGHTEE_Continuum_DR1_XMMLSS_8p9arcsec_I_v1.1,-1.0886371455853805e-05,0.001032640808261931
MIGHTEE_Continuum_DR1_XMMLSS_8p9arcsec_I_v1.1_crop_2303.npy,MIGHTEE_Continuum_DR1_XMMLSS_8p9arcsec_I_v1.1,-1.0886371455853805e-05,0.001032640808261931
MIGHTEE_Continuum_DR1_XMMLSS_8p9arcsec_I_v1.1_crop_2304.npy,MIGHTEE_Continuum_DR1_XMMLSS_8p9arcsec_I_v1.1,-1.0886371455853805e-05,0.001032640808261931
MIGHTEE_Continuum_DR1_XMMLSS_8p9arcsec_I_v1.1_crop_2305.npy,MIGHTEE_Continuum_DR1_XMMLSS_8p9arcsec_I_v1.1,-1.0886371455853805e-05,0.001032640808261931
MIGHTEE_Continuum_DR1_XMMLSS_8p9arcsec_I_v1.1_crop_2306.npy,MIGHTEE_Continuum_DR1_XMMLSS_8p9arcsec_I_v1.1,-1.0886371455853805e-05,0.001032640808261931
MIGHTEE_Continuum_DR1_XMMLSS_8p9arcsec_I_v1.1_crop_2307.npy,MIGHTEE_Continuum_DR1_XMMLSS_8p9arcsec_I_v1.1,-1.0886371455853805e-05,0.001032640808261931
MIGHTEE_Continuum_DR1_XMMLSS_8p9arcsec_I_v1.1_crop_2308.npy,MIGHTEE_Continuum_DR1_XMMLSS_8p9arcsec_I_v1.1,-1.0886371455853805e-05,0.001032640808261931
MIGHTEE_Continuum_DR1_XMMLSS_8p9arcsec_I_v1.1_crop_2309.npy,MIGHTEE_Continuum_DR1_XMMLSS_8p9arcsec_I_v1.1,-1.0886371455853805e-05,0.001032640808261931
MIGHTEE_Continuum_DR1_XMMLSS_8p9arcsec_I_v1.1_crop_2310.npy,MIGHTEE_Continuum_DR1_XMMLSS_8p9arcsec_I_v1.1,-1.0886371455853805e-05,0.001032640808261931
MIGHTEE_Continuum_DR1_XMMLSS_8p9arcsec_I_v1.1_crop_2311.npy,MIGHTEE_Continuum_DR1_XMMLSS_8p9arcsec_I_v1.1,-1.0886371455853805e-05,0.001032640808261931
MIGHTEE_Continuum_DR1_XMMLSS_8p9arcsec_I_v1.1_crop_2312.npy,MIGHTEE_Continuum_DR1_XMMLSS_8p9arcsec_I_v1.1,-1.0886371455853805e-05,0.001032640808261931
MIGHTEE_Continuum_DR1_XMMLSS_8p9arcsec_I_v1.1_crop_2313.npy,MIGHTEE_Continuum_DR1_XMMLSS_8p9arcsec_I_v1.1,-1.0886371455853805e-05,0.001032640808261931
MIGHTEE_Continuum_DR1_XMMLSS_8p9arcsec_I_v1.1_crop_2314.npy,MIGHTEE_Continuum_DR1_XMMLSS_8p9arcsec_I_v1.1,-1.0886371455853805e-05,0.001032640808261931
MIGHTEE_Continuum_DR1_XMMLSS_8p9arcsec_I_v1.1_crop_2315.npy,MIGHTEE_Continuum_DR1_XMMLSS_8p9arcsec_I_v1.1,-1.0886371455853805e-05,0.001032640808261931
MIGHTEE_Continuum_DR1_XMMLSS_8p9arcsec_I_v1.1_crop_2316.npy,MIGHTEE_Continuum_DR1_XMMLSS_8p9arcsec_I_v1.1,-1.0886371455853805e-05,0.001032640808261931
MIGHTEE_Continuum_DR1_XMMLSS_8p9arcsec_I_v1.1_crop_2317.npy,MIGHTEE_Continuum_DR1_XMMLSS_8p9arcsec_I_v1.1,-1.0886371455853805e-05,0.001032640808261931
MIGHTEE_Continuum_DR1_XMMLSS_8p9arcsec_I_v1.1_crop_2318.npy,MIGHTEE_Continuum_DR1_XMMLSS_8p9arcsec_I_v1.1,-1.0886371455853805e-05,0.001032640808261931
MIGHTEE_Continuum_DR1_XMMLSS_8p9arcsec_I_v1.1_crop_2319.npy,MIGHTEE_Continuum_DR1_XMMLSS_8p9arcsec_I_v1.1,-1.0886371455853805e-05,0.001032640808261931
MIGHTEE_Continuum_DR1_XMMLSS_8p9arcsec_I_v1.1_crop_2320.npy,MIGHTEE_Continuum_DR1_XMMLSS_8p9arcsec_I_v1.1,-1.0886371455853805e-05,0.001032640808261931
MIGHTEE_Continuum_DR1_XMMLSS_8p9arcsec_I_v1.1_crop_2321.npy,MIGHTEE_Continuum_DR1_XMMLSS_8p9arcsec_I_v1.1,-1.0886371455853805e-05,0.001032640808261931
MIGHTEE_Continuum_DR1_XMMLSS_8p9arcsec_I_v1.1_crop_2322.npy,MIGHTEE_Continuum_DR1_XMMLSS_8p9arcsec_I_v1.1,-1.0886371455853805e-05,0.001032640808261931
MIGHTEE_Continuum_DR1_XMMLSS_8p9arcsec_I_v1.1_crop_2323.npy,MIGHTEE_Continuum_DR1_XMMLSS_8p9arcsec_I_v1.1,-1.0886371455853805e-05,0.001032640808261931
MIGHTEE_Continuum_DR1_XMMLSS_8p9arcsec_I_v1.1_crop_2324.npy,MIGHTEE_Continuum_DR1_XMMLSS_8p9arcsec_I_v1.1,-1.0886371455853805e-05,0.001032640808261931
MIGHTEE_Continuum_DR1_XMMLSS_8p9arcsec_I_v1.1_crop_2325.npy,MIGHTEE_Continuum_DR1_XMMLSS_8p9arcsec_I_v1.1,-1.0886371455853805e-05,0.001032640808261931
MIGHTEE_Continuum_DR1_XMMLSS_8p9arcsec_I_v1.1_crop_2326.npy,MIGHTEE_Continuum_DR1_XMMLSS_8p9arcsec_I_v1.1,-1.0886371455853805e-05,0.001032640808261931
MIGHTEE_Continuum_DR1_XMMLSS_8p9arcsec_I_v1.1_crop_2327.npy,MIGHTEE_Continuum_DR1_XMMLSS_8p9arcsec_I_v1.1,-1.0886371455853805e-05,0.001032640808261931
MIGHTEE_Continuum_DR1_XMMLSS_8p9arcsec_I_v1.1_crop_2328.npy,MIGHTEE_Continuum_DR1_XMMLSS_8p9arcsec_I_v1.1,-1.0886371455853805e-05,0.001032640808261931
MIGHTEE_Continuum_DR1_XMMLSS_8p9arcsec_I_v1.1_crop_2329.npy,MIGHTEE_Continuum_DR1_XMMLSS_8p9arcsec_I_v1.1,-1.0886371455853805e-05,0.001032640808261931
MIGHTEE_Continuum_DR1_XMMLSS_8p9arcsec_I_v1.1_crop_2330.npy,MIGHTEE_Continuum_DR1_XMMLSS_8p9arcsec_I_v1.1,-1.0886371455853805e-05,0.001032640808261931
MIGHTEE_Continuum_DR1_XMMLSS_8p9arcsec_I_v1.1_crop_2331.npy,MIGHTEE_Continuum_DR1_XMMLSS_8p9arcsec_I_v1.1,-1.0886371455853805e-05,0.001032640808261931
MIGHTEE_Continuum_DR1_XMMLSS_8p9arcsec_I_v1.1_crop_2332.npy,MIGHTEE_Continuum_DR1_XMMLSS_8p9arcsec_I_v1.1,-1.0886371455853805e-05,0.001032640808261931
